ISO-10303-21;
HEADER;
FILE_DESCRIPTION( ( 'Unknown' ), '1' );
FILE_NAME( 'I:/User_Groups_Only/17_EMC_Product_&_Development/Article_Master/U_Automotive/IndMAIA/Master_Data/01_CAD_drawing/1_Drawing/IndMAIA_3020/02_Released_Data/WE-IndMAIA_3020-S.stp', 'Unknown', ( 'Unknown' ), ( 'Unknown' ), 'PSStep 17.0.49', 'Unknown', '  ' );
FILE_SCHEMA( ( 'AUTOMOTIVE_DESIGN { 1 0 10303 214 1 1 1 1 }' ) );
ENDSEC;
DATA;
#1 = PRODUCT_DEFINITION_CONTEXT( '', #19, 'design' );
#2 = APPLICATION_PROTOCOL_DEFINITION( 'international standard', 'automotive_design', 2001, #19 );
#3 = PRODUCT_CATEGORY_RELATIONSHIP( 'NONE', 'NONE', #20, #21 );
#4 = SHAPE_DEFINITION_REPRESENTATION( #22, #23 );
#5 = PRODUCT_CATEGORY_RELATIONSHIP( 'NONE', 'NONE', #20, #24 );
#6 = CONTEXT_DEPENDENT_SHAPE_REPRESENTATION( #25, #26 );
#7 = SHAPE_DEFINITION_REPRESENTATION( #27, #28 );
#8 = SHAPE_REPRESENTATION_RELATIONSHIP( 'NONE', 'NONE', #28, #29 );
#9 = PRODUCT_CATEGORY_RELATIONSHIP( 'NONE', 'NONE', #20, #30 );
#10 = CONTEXT_DEPENDENT_SHAPE_REPRESENTATION( #31, #32 );
#11 = SHAPE_DEFINITION_REPRESENTATION( #33, #34 );
#12 = SHAPE_REPRESENTATION_RELATIONSHIP( 'NONE', 'NONE', #34, #35 );
#13 = CONTEXT_DEPENDENT_SHAPE_REPRESENTATION( #36, #37 );
#14 = MECHANICAL_DESIGN_GEOMETRIC_PRESENTATION_REPRESENTATION( ' ', ( #38, #39, #40, #41, #42, #43, #44, #45, #46, #47, #48, #49, #50, #51, #52, #53, #54, #55, #56, #57, #58, #59, #60, #61, #62, #63, #64, #65, #66, #67, #68, #69, #70, #71, #72, #73, #74, #75, #76, #77, #78, #79, #80, #81, #82, #83, #84, #85, #86, #87, #88, #89, #90, #91, #92, #93, #94, #95, #96, #97, #98, #99, #100, #101, #102, #103, #104, #105, #106, #107, #108, #109, #110, #111, #112, #113, #114, #115, #116, #117, #118, #119, #120, #121, #122, #123, #124, #125, #126, #127, #128, #129, #130, #131, #132, #133, #134 ), #15 );
#15 =  ( GEOMETRIC_REPRESENTATION_CONTEXT( 3 )GLOBAL_UNCERTAINTY_ASSIGNED_CONTEXT( ( #137 ) )GLOBAL_UNIT_ASSIGNED_CONTEXT( ( #139, #140, #141 ) )REPRESENTATION_CONTEXT( 'NONE', 'WORKSPACE' ) );
#19 = APPLICATION_CONTEXT( 'core data for automotive mechanical design processes' );
#20 = PRODUCT_CATEGORY( 'part', 'NONE' );
#21 = PRODUCT_RELATED_PRODUCT_CATEGORY( 'detail', ' ', ( #143 ) );
#22 = PRODUCT_DEFINITION_SHAPE( 'NONE', 'NONE', #144 );
#23 = SHAPE_REPRESENTATION( 'Assem1', ( #145, #146, #147, #148 ), #149 );
#24 = PRODUCT_RELATED_PRODUCT_CATEGORY( 'detail', ' ', ( #150 ) );
#25 = ( REPRESENTATION_RELATIONSHIP( '', '', #28, #23 )REPRESENTATION_RELATIONSHIP_WITH_TRANSFORMATION( #153 )SHAPE_REPRESENTATION_RELATIONSHIP(  ) );
#26 = PRODUCT_DEFINITION_SHAPE( 'NAUO-PROD-DEF', 'NAUO-PROD-DEF', #155 );
#27 = PRODUCT_DEFINITION_SHAPE( 'NONE', 'NONE', #156 );
#28 = SHAPE_REPRESENTATION( 'body_SSMC_303020', ( #145 ), #149 );
#29 = ADVANCED_BREP_SHAPE_REPRESENTATION( 'body_SSMC_303020', ( #157 ), #15 );
#30 = PRODUCT_RELATED_PRODUCT_CATEGORY( 'detail', ' ', ( #158 ) );
#31 = ( REPRESENTATION_RELATIONSHIP( '', '', #34, #23 )REPRESENTATION_RELATIONSHIP_WITH_TRANSFORMATION( #161 )SHAPE_REPRESENTATION_RELATIONSHIP(  ) );
#32 = PRODUCT_DEFINITION_SHAPE( 'NAUO-PROD-DEF', 'NAUO-PROD-DEF', #163 );
#33 = PRODUCT_DEFINITION_SHAPE( 'NONE', 'NONE', #164 );
#34 = SHAPE_REPRESENTATION( 'land_pattern_SSMC_303020', ( #145 ), #149 );
#35 = ADVANCED_BREP_SHAPE_REPRESENTATION( 'land_pattern_SSMC_303020', ( #165 ), #15 );
#36 = ( REPRESENTATION_RELATIONSHIP( '', '', #34, #23 )REPRESENTATION_RELATIONSHIP_WITH_TRANSFORMATION( #168 )SHAPE_REPRESENTATION_RELATIONSHIP(  ) );
#37 = PRODUCT_DEFINITION_SHAPE( 'NAUO-PROD-DEF', 'NAUO-PROD-DEF', #170 );
#38 = STYLED_ITEM( '', ( #171 ), #172 );
#39 = STYLED_ITEM( '', ( #173 ), #174 );
#40 = STYLED_ITEM( '', ( #175 ), #176 );
#41 = STYLED_ITEM( '', ( #177 ), #178 );
#42 = STYLED_ITEM( '', ( #179 ), #180 );
#43 = STYLED_ITEM( '', ( #181 ), #182 );
#44 = STYLED_ITEM( '', ( #183 ), #184 );
#45 = STYLED_ITEM( '', ( #185 ), #186 );
#46 = STYLED_ITEM( '', ( #187 ), #188 );
#47 = STYLED_ITEM( '', ( #189 ), #190 );
#48 = STYLED_ITEM( '', ( #191 ), #192 );
#49 = STYLED_ITEM( '', ( #193 ), #194 );
#50 = STYLED_ITEM( '', ( #195 ), #196 );
#51 = STYLED_ITEM( '', ( #197 ), #198 );
#52 = STYLED_ITEM( '', ( #199 ), #200 );
#53 = STYLED_ITEM( '', ( #201 ), #202 );
#54 = STYLED_ITEM( '', ( #203 ), #204 );
#55 = STYLED_ITEM( '', ( #205 ), #206 );
#56 = STYLED_ITEM( '', ( #207 ), #208 );
#57 = STYLED_ITEM( '', ( #209 ), #210 );
#58 = STYLED_ITEM( '', ( #211 ), #212 );
#59 = STYLED_ITEM( '', ( #213 ), #214 );
#60 = STYLED_ITEM( '', ( #215 ), #216 );
#61 = STYLED_ITEM( '', ( #217 ), #218 );
#62 = STYLED_ITEM( '', ( #219 ), #220 );
#63 = STYLED_ITEM( '', ( #221 ), #222 );
#64 = STYLED_ITEM( '', ( #223 ), #224 );
#65 = STYLED_ITEM( '', ( #225 ), #226 );
#66 = STYLED_ITEM( '', ( #227 ), #228 );
#67 = STYLED_ITEM( '', ( #229 ), #230 );
#68 = STYLED_ITEM( '', ( #231 ), #232 );
#69 = STYLED_ITEM( '', ( #233 ), #234 );
#70 = STYLED_ITEM( '', ( #235 ), #236 );
#71 = STYLED_ITEM( '', ( #237 ), #238 );
#72 = STYLED_ITEM( '', ( #239 ), #240 );
#73 = STYLED_ITEM( '', ( #241 ), #242 );
#74 = STYLED_ITEM( '', ( #243 ), #244 );
#75 = STYLED_ITEM( '', ( #245 ), #246 );
#76 = STYLED_ITEM( '', ( #247 ), #248 );
#77 = STYLED_ITEM( '', ( #249 ), #250 );
#78 = STYLED_ITEM( '', ( #251 ), #252 );
#79 = STYLED_ITEM( '', ( #253 ), #254 );
#80 = STYLED_ITEM( '', ( #255 ), #256 );
#81 = STYLED_ITEM( '', ( #257 ), #258 );
#82 = STYLED_ITEM( '', ( #259 ), #260 );
#83 = STYLED_ITEM( '', ( #261 ), #262 );
#84 = STYLED_ITEM( '', ( #263 ), #264 );
#85 = STYLED_ITEM( '', ( #265 ), #266 );
#86 = STYLED_ITEM( '', ( #267 ), #268 );
#87 = STYLED_ITEM( '', ( #269 ), #270 );
#88 = STYLED_ITEM( '', ( #271 ), #272 );
#89 = STYLED_ITEM( '', ( #273 ), #274 );
#90 = STYLED_ITEM( '', ( #275 ), #276 );
#91 = STYLED_ITEM( '', ( #277 ), #278 );
#92 = STYLED_ITEM( '', ( #279 ), #280 );
#93 = STYLED_ITEM( '', ( #281 ), #282 );
#94 = STYLED_ITEM( '', ( #283 ), #284 );
#95 = STYLED_ITEM( '', ( #285 ), #286 );
#96 = STYLED_ITEM( '', ( #287 ), #288 );
#97 = STYLED_ITEM( '', ( #289 ), #290 );
#98 = STYLED_ITEM( '', ( #291 ), #292 );
#99 = STYLED_ITEM( '', ( #293 ), #294 );
#100 = STYLED_ITEM( '', ( #295 ), #296 );
#101 = STYLED_ITEM( '', ( #297 ), #298 );
#102 = STYLED_ITEM( '', ( #299 ), #300 );
#103 = STYLED_ITEM( '', ( #301 ), #302 );
#104 = STYLED_ITEM( '', ( #303 ), #304 );
#105 = STYLED_ITEM( '', ( #305 ), #306 );
#106 = STYLED_ITEM( '', ( #307 ), #308 );
#107 = STYLED_ITEM( '', ( #309 ), #310 );
#108 = STYLED_ITEM( '', ( #311 ), #312 );
#109 = STYLED_ITEM( '', ( #313 ), #314 );
#110 = STYLED_ITEM( '', ( #315 ), #316 );
#111 = STYLED_ITEM( '', ( #317 ), #318 );
#112 = STYLED_ITEM( '', ( #319 ), #320 );
#113 = STYLED_ITEM( '', ( #321 ), #322 );
#114 = STYLED_ITEM( '', ( #323 ), #324 );
#115 = STYLED_ITEM( '', ( #325 ), #326 );
#116 = STYLED_ITEM( '', ( #327 ), #328 );
#117 = STYLED_ITEM( '', ( #329 ), #330 );
#118 = STYLED_ITEM( '', ( #331 ), #332 );
#119 = STYLED_ITEM( '', ( #333 ), #334 );
#120 = STYLED_ITEM( '', ( #335 ), #336 );
#121 = STYLED_ITEM( '', ( #337 ), #338 );
#122 = STYLED_ITEM( '', ( #339 ), #340 );
#123 = STYLED_ITEM( '', ( #341 ), #342 );
#124 = STYLED_ITEM( '', ( #343 ), #344 );
#125 = STYLED_ITEM( '', ( #345 ), #346 );
#126 = STYLED_ITEM( '', ( #347 ), #348 );
#127 = STYLED_ITEM( '', ( #349 ), #350 );
#128 = STYLED_ITEM( '', ( #351 ), #352 );
#129 = STYLED_ITEM( '', ( #353 ), #354 );
#130 = STYLED_ITEM( '', ( #355 ), #356 );
#131 = STYLED_ITEM( '', ( #357 ), #358 );
#132 = STYLED_ITEM( '', ( #359 ), #360 );
#133 = STYLED_ITEM( '', ( #361 ), #362 );
#134 = STYLED_ITEM( '', ( #363 ), #364 );
#137 = UNCERTAINTY_MEASURE_WITH_UNIT( LENGTH_MEASURE( 0.00100000000000000 ), #139, '', '' );
#139 =  ( CONVERSION_BASED_UNIT( 'MILLIMETRE', #367 )LENGTH_UNIT(  )NAMED_UNIT( #370 ) );
#140 =  ( NAMED_UNIT( #372 )PLANE_ANGLE_UNIT(  )SI_UNIT( $, .RADIAN. ) );
#141 =  ( NAMED_UNIT( #372 )SI_UNIT( $, .STERADIAN. )SOLID_ANGLE_UNIT(  ) );
#143 = PRODUCT( 'Assem1', 'Assem1', 'PART-Assem1-DESC', ( #378 ) );
#144 = PRODUCT_DEFINITION( 'NONE', 'NONE', #379, #1 );
#145 = AXIS2_PLACEMENT_3D( '', #380, #381, #382 );
#146 = AXIS2_PLACEMENT_3D( '', #383, #384, #385 );
#147 = AXIS2_PLACEMENT_3D( '', #386, #387, #388 );
#148 = AXIS2_PLACEMENT_3D( '', #389, #390, #391 );
#149 =  ( GEOMETRIC_REPRESENTATION_CONTEXT( 3 )GLOBAL_UNCERTAINTY_ASSIGNED_CONTEXT( ( #394 ) )GLOBAL_UNIT_ASSIGNED_CONTEXT( ( #396, #397, #398 ) )REPRESENTATION_CONTEXT( 'NONE', 'WORKSPACE' ) );
#150 = PRODUCT( 'body_SSMC_303020', 'body_SSMC_303020', 'PART-body_SSMC_303020-DESC', ( #378 ) );
#153 = ITEM_DEFINED_TRANSFORMATION( '', '', #145, #146 );
#155 = NEXT_ASSEMBLY_USAGE_OCCURRENCE( 'NAUO1', 'body_SSMC_303020', 'body_SSMC_303020', #144, #156, $ );
#156 = PRODUCT_DEFINITION( 'body_SSMC_303020', 'body_SSMC_303020', #400, #1 );
#157 = MANIFOLD_SOLID_BREP( 'body_SSMC_303020', #401 );
#158 = PRODUCT( 'land_pattern_SSMC_303020', 'land_pattern_SSMC_303020', 'PART-land_pattern_SSMC_303020-DESC', ( #378 ) );
#161 = ITEM_DEFINED_TRANSFORMATION( '', '', #145, #147 );
#163 = NEXT_ASSEMBLY_USAGE_OCCURRENCE( 'NAUO2', 'land_pattern_SSMC_303020', 'land_pattern_SSMC_303020', #144, #164, $ );
#164 = PRODUCT_DEFINITION( 'land_pattern_SSMC_303020', 'land_pattern_SSMC_303020', #402, #1 );
#165 = MANIFOLD_SOLID_BREP( 'land_pattern_SSMC_303020', #403 );
#168 = ITEM_DEFINED_TRANSFORMATION( '', '', #145, #148 );
#170 = NEXT_ASSEMBLY_USAGE_OCCURRENCE( 'NAUO3', 'land_pattern_SSMC_303020', 'land_pattern_SSMC_303020', #144, #164, $ );
#171 = PRESENTATION_STYLE_ASSIGNMENT( ( #404 ) );
#172 = ADVANCED_FACE( '', ( #405 ), #406, .T. );
#173 = PRESENTATION_STYLE_ASSIGNMENT( ( #407 ) );
#174 = ADVANCED_FACE( '', ( #408 ), #409, .T. );
#175 = PRESENTATION_STYLE_ASSIGNMENT( ( #410 ) );
#176 = ADVANCED_FACE( '', ( #411 ), #412, .T. );
#177 = PRESENTATION_STYLE_ASSIGNMENT( ( #413 ) );
#178 = ADVANCED_FACE( '', ( #414 ), #415, .T. );
#179 = PRESENTATION_STYLE_ASSIGNMENT( ( #416 ) );
#180 = ADVANCED_FACE( '', ( #417 ), #418, .T. );
#181 = PRESENTATION_STYLE_ASSIGNMENT( ( #419 ) );
#182 = ADVANCED_FACE( '', ( #420 ), #421, .T. );
#183 = PRESENTATION_STYLE_ASSIGNMENT( ( #422 ) );
#184 = ADVANCED_FACE( '', ( #423 ), #424, .T. );
#185 = PRESENTATION_STYLE_ASSIGNMENT( ( #425 ) );
#186 = ADVANCED_FACE( '', ( #426 ), #427, .T. );
#187 = PRESENTATION_STYLE_ASSIGNMENT( ( #428 ) );
#188 = ADVANCED_FACE( '', ( #429 ), #430, .T. );
#189 = PRESENTATION_STYLE_ASSIGNMENT( ( #431 ) );
#190 = ADVANCED_FACE( '', ( #432 ), #433, .T. );
#191 = PRESENTATION_STYLE_ASSIGNMENT( ( #434 ) );
#192 = ADVANCED_FACE( '', ( #435 ), #436, .T. );
#193 = PRESENTATION_STYLE_ASSIGNMENT( ( #437 ) );
#194 = ADVANCED_FACE( '', ( #438 ), #439, .T. );
#195 = PRESENTATION_STYLE_ASSIGNMENT( ( #440 ) );
#196 = ADVANCED_FACE( '', ( #441 ), #442, .T. );
#197 = PRESENTATION_STYLE_ASSIGNMENT( ( #443 ) );
#198 = ADVANCED_FACE( '', ( #444 ), #445, .T. );
#199 = PRESENTATION_STYLE_ASSIGNMENT( ( #446 ) );
#200 = ADVANCED_FACE( '', ( #447 ), #448, .T. );
#201 = PRESENTATION_STYLE_ASSIGNMENT( ( #449 ) );
#202 = ADVANCED_FACE( '', ( #450 ), #451, .T. );
#203 = PRESENTATION_STYLE_ASSIGNMENT( ( #452 ) );
#204 = ADVANCED_FACE( '', ( #453 ), #454, .T. );
#205 = PRESENTATION_STYLE_ASSIGNMENT( ( #455 ) );
#206 = ADVANCED_FACE( '', ( #456 ), #457, .T. );
#207 = PRESENTATION_STYLE_ASSIGNMENT( ( #458 ) );
#208 = ADVANCED_FACE( '', ( #459 ), #460, .T. );
#209 = PRESENTATION_STYLE_ASSIGNMENT( ( #461 ) );
#210 = ADVANCED_FACE( '', ( #462 ), #463, .T. );
#211 = PRESENTATION_STYLE_ASSIGNMENT( ( #464 ) );
#212 = ADVANCED_FACE( '', ( #465 ), #466, .F. );
#213 = PRESENTATION_STYLE_ASSIGNMENT( ( #467 ) );
#214 = ADVANCED_FACE( '', ( #468 ), #469, .F. );
#215 = PRESENTATION_STYLE_ASSIGNMENT( ( #470 ) );
#216 = ADVANCED_FACE( '', ( #471 ), #472, .T. );
#217 = PRESENTATION_STYLE_ASSIGNMENT( ( #473 ) );
#218 = ADVANCED_FACE( '', ( #474 ), #475, .F. );
#219 = PRESENTATION_STYLE_ASSIGNMENT( ( #476 ) );
#220 = ADVANCED_FACE( '', ( #477 ), #478, .T. );
#221 = PRESENTATION_STYLE_ASSIGNMENT( ( #479 ) );
#222 = ADVANCED_FACE( '', ( #480 ), #481, .T. );
#223 = PRESENTATION_STYLE_ASSIGNMENT( ( #482 ) );
#224 = ADVANCED_FACE( '', ( #483 ), #484, .T. );
#225 = PRESENTATION_STYLE_ASSIGNMENT( ( #485 ) );
#226 = ADVANCED_FACE( '', ( #486 ), #487, .T. );
#227 = PRESENTATION_STYLE_ASSIGNMENT( ( #488 ) );
#228 = ADVANCED_FACE( '', ( #489 ), #490, .T. );
#229 = PRESENTATION_STYLE_ASSIGNMENT( ( #491 ) );
#230 = ADVANCED_FACE( '', ( #492 ), #493, .T. );
#231 = PRESENTATION_STYLE_ASSIGNMENT( ( #494 ) );
#232 = ADVANCED_FACE( '', ( #495 ), #496, .T. );
#233 = PRESENTATION_STYLE_ASSIGNMENT( ( #497 ) );
#234 = ADVANCED_FACE( '', ( #498 ), #499, .T. );
#235 = PRESENTATION_STYLE_ASSIGNMENT( ( #500 ) );
#236 = ADVANCED_FACE( '', ( #501 ), #502, .T. );
#237 = PRESENTATION_STYLE_ASSIGNMENT( ( #503 ) );
#238 = ADVANCED_FACE( '', ( #504 ), #505, .T. );
#239 = PRESENTATION_STYLE_ASSIGNMENT( ( #506 ) );
#240 = ADVANCED_FACE( '', ( #507 ), #508, .T. );
#241 = PRESENTATION_STYLE_ASSIGNMENT( ( #509 ) );
#242 = ADVANCED_FACE( '', ( #510 ), #511, .T. );
#243 = PRESENTATION_STYLE_ASSIGNMENT( ( #512 ) );
#244 = ADVANCED_FACE( '', ( #513 ), #514, .T. );
#245 = PRESENTATION_STYLE_ASSIGNMENT( ( #515 ) );
#246 = ADVANCED_FACE( '', ( #516 ), #517, .T. );
#247 = PRESENTATION_STYLE_ASSIGNMENT( ( #518 ) );
#248 = ADVANCED_FACE( '', ( #519 ), #520, .T. );
#249 = PRESENTATION_STYLE_ASSIGNMENT( ( #521 ) );
#250 = ADVANCED_FACE( '', ( #522, #523 ), #524, .T. );
#251 = PRESENTATION_STYLE_ASSIGNMENT( ( #525 ) );
#252 = ADVANCED_FACE( '', ( #526 ), #527, .T. );
#253 = PRESENTATION_STYLE_ASSIGNMENT( ( #528 ) );
#254 = ADVANCED_FACE( '', ( #529 ), #530, .T. );
#255 = PRESENTATION_STYLE_ASSIGNMENT( ( #531 ) );
#256 = ADVANCED_FACE( '', ( #532 ), #533, .T. );
#257 = PRESENTATION_STYLE_ASSIGNMENT( ( #534 ) );
#258 = ADVANCED_FACE( '', ( #535 ), #536, .T. );
#259 = PRESENTATION_STYLE_ASSIGNMENT( ( #537 ) );
#260 = ADVANCED_FACE( '', ( #538 ), #539, .T. );
#261 = PRESENTATION_STYLE_ASSIGNMENT( ( #540 ) );
#262 = ADVANCED_FACE( '', ( #541 ), #542, .T. );
#263 = PRESENTATION_STYLE_ASSIGNMENT( ( #543 ) );
#264 = ADVANCED_FACE( '', ( #544 ), #545, .T. );
#265 = PRESENTATION_STYLE_ASSIGNMENT( ( #546 ) );
#266 = ADVANCED_FACE( '', ( #547 ), #548, .T. );
#267 = PRESENTATION_STYLE_ASSIGNMENT( ( #549 ) );
#268 = ADVANCED_FACE( '', ( #550 ), #551, .T. );
#269 = PRESENTATION_STYLE_ASSIGNMENT( ( #552 ) );
#270 = ADVANCED_FACE( '', ( #553 ), #554, .T. );
#271 = PRESENTATION_STYLE_ASSIGNMENT( ( #555 ) );
#272 = ADVANCED_FACE( '', ( #556 ), #557, .T. );
#273 = PRESENTATION_STYLE_ASSIGNMENT( ( #558 ) );
#274 = ADVANCED_FACE( '', ( #559 ), #560, .T. );
#275 = PRESENTATION_STYLE_ASSIGNMENT( ( #561 ) );
#276 = ADVANCED_FACE( '', ( #562 ), #563, .T. );
#277 = PRESENTATION_STYLE_ASSIGNMENT( ( #564 ) );
#278 = ADVANCED_FACE( '', ( #565 ), #566, .T. );
#279 = PRESENTATION_STYLE_ASSIGNMENT( ( #567 ) );
#280 = ADVANCED_FACE( '', ( #568 ), #569, .T. );
#281 = PRESENTATION_STYLE_ASSIGNMENT( ( #570 ) );
#282 = ADVANCED_FACE( '', ( #571 ), #572, .T. );
#283 = PRESENTATION_STYLE_ASSIGNMENT( ( #573 ) );
#284 = ADVANCED_FACE( '', ( #574 ), #575, .T. );
#285 = PRESENTATION_STYLE_ASSIGNMENT( ( #576 ) );
#286 = ADVANCED_FACE( '', ( #577 ), #578, .T. );
#287 = PRESENTATION_STYLE_ASSIGNMENT( ( #579 ) );
#288 = ADVANCED_FACE( '', ( #580 ), #581, .T. );
#289 = PRESENTATION_STYLE_ASSIGNMENT( ( #582 ) );
#290 = ADVANCED_FACE( '', ( #583 ), #584, .F. );
#291 = PRESENTATION_STYLE_ASSIGNMENT( ( #585 ) );
#292 = ADVANCED_FACE( '', ( #586 ), #587, .T. );
#293 = PRESENTATION_STYLE_ASSIGNMENT( ( #588 ) );
#294 = ADVANCED_FACE( '', ( #589 ), #590, .F. );
#295 = PRESENTATION_STYLE_ASSIGNMENT( ( #591 ) );
#296 = ADVANCED_FACE( '', ( #592 ), #593, .F. );
#297 = PRESENTATION_STYLE_ASSIGNMENT( ( #594 ) );
#298 = ADVANCED_FACE( '', ( #595 ), #596, .T. );
#299 = PRESENTATION_STYLE_ASSIGNMENT( ( #597 ) );
#300 = ADVANCED_FACE( '', ( #598, #599, #600, #601, #602, #603, #604, #605, #606 ), #607, .F. );
#301 = PRESENTATION_STYLE_ASSIGNMENT( ( #608 ) );
#302 = ADVANCED_FACE( '', ( #609 ), #610, .T. );
#303 = PRESENTATION_STYLE_ASSIGNMENT( ( #611 ) );
#304 = ADVANCED_FACE( '', ( #612 ), #613, .T. );
#305 = PRESENTATION_STYLE_ASSIGNMENT( ( #614 ) );
#306 = ADVANCED_FACE( '', ( #615 ), #616, .T. );
#307 = PRESENTATION_STYLE_ASSIGNMENT( ( #617 ) );
#308 = ADVANCED_FACE( '', ( #618 ), #619, .T. );
#309 = PRESENTATION_STYLE_ASSIGNMENT( ( #620 ) );
#310 = ADVANCED_FACE( '', ( #621 ), #622, .F. );
#311 = PRESENTATION_STYLE_ASSIGNMENT( ( #623 ) );
#312 = ADVANCED_FACE( '', ( #624 ), #625, .T. );
#313 = PRESENTATION_STYLE_ASSIGNMENT( ( #626 ) );
#314 = ADVANCED_FACE( '', ( #627 ), #628, .T. );
#315 = PRESENTATION_STYLE_ASSIGNMENT( ( #629 ) );
#316 = ADVANCED_FACE( '', ( #630 ), #631, .T. );
#317 = PRESENTATION_STYLE_ASSIGNMENT( ( #632 ) );
#318 = ADVANCED_FACE( '', ( #633 ), #634, .T. );
#319 = PRESENTATION_STYLE_ASSIGNMENT( ( #635 ) );
#320 = ADVANCED_FACE( '', ( #636 ), #637, .T. );
#321 = PRESENTATION_STYLE_ASSIGNMENT( ( #638 ) );
#322 = ADVANCED_FACE( '', ( #639 ), #640, .F. );
#323 = PRESENTATION_STYLE_ASSIGNMENT( ( #641 ) );
#324 = ADVANCED_FACE( '', ( #642 ), #643, .T. );
#325 = PRESENTATION_STYLE_ASSIGNMENT( ( #644 ) );
#326 = ADVANCED_FACE( '', ( #645, #646 ), #647, .T. );
#327 = PRESENTATION_STYLE_ASSIGNMENT( ( #648 ) );
#328 = ADVANCED_FACE( '', ( #649, #650 ), #651, .T. );
#329 = PRESENTATION_STYLE_ASSIGNMENT( ( #652 ) );
#330 = ADVANCED_FACE( '', ( #653 ), #654, .T. );
#331 = PRESENTATION_STYLE_ASSIGNMENT( ( #655 ) );
#332 = ADVANCED_FACE( '', ( #656 ), #657, .T. );
#333 = PRESENTATION_STYLE_ASSIGNMENT( ( #658 ) );
#334 = ADVANCED_FACE( '', ( #659 ), #660, .T. );
#335 = PRESENTATION_STYLE_ASSIGNMENT( ( #661 ) );
#336 = ADVANCED_FACE( '', ( #662 ), #663, .T. );
#337 = PRESENTATION_STYLE_ASSIGNMENT( ( #664 ) );
#338 = ADVANCED_FACE( '', ( #665 ), #666, .T. );
#339 = PRESENTATION_STYLE_ASSIGNMENT( ( #667 ) );
#340 = ADVANCED_FACE( '', ( #668 ), #669, .T. );
#341 = PRESENTATION_STYLE_ASSIGNMENT( ( #670 ) );
#342 = ADVANCED_FACE( '', ( #671 ), #672, .T. );
#343 = PRESENTATION_STYLE_ASSIGNMENT( ( #673 ) );
#344 = ADVANCED_FACE( '', ( #674 ), #675, .T. );
#345 = PRESENTATION_STYLE_ASSIGNMENT( ( #676 ) );
#346 = ADVANCED_FACE( '', ( #677 ), #678, .T. );
#347 = PRESENTATION_STYLE_ASSIGNMENT( ( #679 ) );
#348 = ADVANCED_FACE( '', ( #680 ), #681, .T. );
#349 = PRESENTATION_STYLE_ASSIGNMENT( ( #682 ) );
#350 = ADVANCED_FACE( '', ( #683 ), #684, .T. );
#351 = PRESENTATION_STYLE_ASSIGNMENT( ( #685 ) );
#352 = ADVANCED_FACE( '', ( #686 ), #687, .T. );
#353 = PRESENTATION_STYLE_ASSIGNMENT( ( #688 ) );
#354 = ADVANCED_FACE( '', ( #689 ), #690, .T. );
#355 = PRESENTATION_STYLE_ASSIGNMENT( ( #691 ) );
#356 = ADVANCED_FACE( '', ( #692 ), #693, .F. );
#357 = PRESENTATION_STYLE_ASSIGNMENT( ( #694 ) );
#358 = ADVANCED_FACE( '', ( #695 ), #696, .T. );
#359 = PRESENTATION_STYLE_ASSIGNMENT( ( #697 ) );
#360 = ADVANCED_FACE( '', ( #698 ), #699, .T. );
#361 = PRESENTATION_STYLE_ASSIGNMENT( ( #700 ) );
#362 = ADVANCED_FACE( '', ( #701 ), #702, .T. );
#363 = PRESENTATION_STYLE_ASSIGNMENT( ( #703 ) );
#364 = ADVANCED_FACE( '', ( #704 ), #705, .T. );
#367 = LENGTH_MEASURE_WITH_UNIT( LENGTH_MEASURE( 1.00000000000000 ), #706 );
#370 = DIMENSIONAL_EXPONENTS( 1.00000000000000, 0.000000000000000, 0.000000000000000, 0.000000000000000, 0.000000000000000, 0.000000000000000, 0.000000000000000 );
#372 = DIMENSIONAL_EXPONENTS( 0.000000000000000, 0.000000000000000, 0.000000000000000, 0.000000000000000, 0.000000000000000, 0.000000000000000, 0.000000000000000 );
#378 = PRODUCT_CONTEXT( '', #19, 'mechanical' );
#379 = PRODUCT_DEFINITION_FORMATION_WITH_SPECIFIED_SOURCE( ' ', 'NONE', #143, .NOT_KNOWN. );
#380 = CARTESIAN_POINT( '', ( 0.000000000000000, 0.000000000000000, 0.000000000000000 ) );
#381 = DIRECTION( '', ( 0.000000000000000, 0.000000000000000, 1.00000000000000 ) );
#382 = DIRECTION( '', ( 1.00000000000000, 0.000000000000000, 0.000000000000000 ) );
#383 = CARTESIAN_POINT( '', ( 0.000000000000000, 0.000000000000000, 0.000000000000000 ) );
#384 = DIRECTION( '', ( 0.000000000000000, 0.000000000000000, 1.00000000000000 ) );
#385 = DIRECTION( '', ( 1.00000000000000, 0.000000000000000, 0.000000000000000 ) );
#386 = CARTESIAN_POINT( '', ( 0.900000000000000, 5.42101086242752E-016, 1.99980000000000 ) );
#387 = DIRECTION( '', ( 3.33066907387548E-016, -6.66133814775094E-016, 1.00000000000000 ) );
#388 = DIRECTION( '', ( 1.16573417585641E-015, -1.00000000000000, -6.66133814775094E-016 ) );
#389 = CARTESIAN_POINT( '', ( -0.900000000000000, 2.16840434497101E-016, 1.99980000000000 ) );
#390 = DIRECTION( '', ( 1.98740607023270E-017, 2.74304453404876E-016, 1.00000000000000 ) );
#391 = DIRECTION( '', ( -4.16333634234433E-017, -1.00000000000000, 2.74304453404876E-016 ) );
#394 = UNCERTAINTY_MEASURE_WITH_UNIT( LENGTH_MEASURE( 0.00100000000000000 ), #396, '', '' );
#396 =  ( CONVERSION_BASED_UNIT( 'MILLIMETRE', #709 )LENGTH_UNIT(  )NAMED_UNIT( #712 ) );
#397 =  ( NAMED_UNIT( #714 )PLANE_ANGLE_UNIT(  )SI_UNIT( $, .RADIAN. ) );
#398 =  ( NAMED_UNIT( #714 )SI_UNIT( $, .STERADIAN. )SOLID_ANGLE_UNIT(  ) );
#400 = PRODUCT_DEFINITION_FORMATION_WITH_SPECIFIED_SOURCE( ' ', 'NONE', #150, .NOT_KNOWN. );
#401 = CLOSED_SHELL( '', ( #206, #274, #262, #318, #180, #298, #332, #266, #308, #248, #184, #312, #208, #270, #346, #200, #352, #334, #182, #344, #354, #324, #286, #192, #316, #360, #338, #252, #302, #194, #348, #268, #242, #342, #196, #244, #272, #232, #198, #246, #296, #174, #288, #300, #218, #290, #294, #250, #364, #240, #186, #304, #254, #330, #224, #190, #280, #256, #210, #336, #284, #276, #340, #314, #178, #216, #326, #328, #220, #236, #188, #202, #292, #278, #204, #260, #222, #238, #306, #226, #282, #172, #362, #228, #264, #320, #176, #356, #310, #322, #212 ) );
#402 = PRODUCT_DEFINITION_FORMATION_WITH_SPECIFIED_SOURCE( ' ', 'NONE', #158, .NOT_KNOWN. );
#403 = CLOSED_SHELL( '', ( #230, #350, #234, #358, #258, #214 ) );
#404 = SURFACE_STYLE_USAGE( .BOTH., #720 );
#405 = FACE_OUTER_BOUND( '', #721, .T. );
#406 = PLANE( '', #722 );
#407 = SURFACE_STYLE_USAGE( .BOTH., #723 );
#408 = FACE_OUTER_BOUND( '', #724, .T. );
#409 = PLANE( '', #725 );
#410 = SURFACE_STYLE_USAGE( .BOTH., #726 );
#411 = FACE_OUTER_BOUND( '', #727, .T. );
#412 = PLANE( '', #728 );
#413 = SURFACE_STYLE_USAGE( .BOTH., #729 );
#414 = FACE_OUTER_BOUND( '', #730, .T. );
#415 = PLANE( '', #731 );
#416 = SURFACE_STYLE_USAGE( .BOTH., #732 );
#417 = FACE_OUTER_BOUND( '', #733, .T. );
#418 = PLANE( '', #734 );
#419 = SURFACE_STYLE_USAGE( .BOTH., #735 );
#420 = FACE_OUTER_BOUND( '', #736, .T. );
#421 = PLANE( '', #737 );
#422 = SURFACE_STYLE_USAGE( .BOTH., #738 );
#423 = FACE_OUTER_BOUND( '', #739, .T. );
#424 = PLANE( '', #740 );
#425 = SURFACE_STYLE_USAGE( .BOTH., #741 );
#426 = FACE_OUTER_BOUND( '', #742, .T. );
#427 = SURFACE_OF_LINEAR_EXTRUSION( '', #743, #744 );
#428 = SURFACE_STYLE_USAGE( .BOTH., #745 );
#429 = FACE_OUTER_BOUND( '', #746, .T. );
#430 = PLANE( '', #747 );
#431 = SURFACE_STYLE_USAGE( .BOTH., #748 );
#432 = FACE_OUTER_BOUND( '', #749, .T. );
#433 = PLANE( '', #750 );
#434 = SURFACE_STYLE_USAGE( .BOTH., #751 );
#435 = FACE_OUTER_BOUND( '', #752, .T. );
#436 = PLANE( '', #753 );
#437 = SURFACE_STYLE_USAGE( .BOTH., #754 );
#438 = FACE_OUTER_BOUND( '', #755, .T. );
#439 = PLANE( '', #756 );
#440 = SURFACE_STYLE_USAGE( .BOTH., #757 );
#441 = FACE_OUTER_BOUND( '', #758, .T. );
#442 = SURFACE_OF_LINEAR_EXTRUSION( '', #759, #760 );
#443 = SURFACE_STYLE_USAGE( .BOTH., #761 );
#444 = FACE_OUTER_BOUND( '', #762, .T. );
#445 = PLANE( '', #763 );
#446 = SURFACE_STYLE_USAGE( .BOTH., #764 );
#447 = FACE_OUTER_BOUND( '', #765, .T. );
#448 = PLANE( '', #766 );
#449 = SURFACE_STYLE_USAGE( .BOTH., #767 );
#450 = FACE_OUTER_BOUND( '', #768, .T. );
#451 = PLANE( '', #769 );
#452 = SURFACE_STYLE_USAGE( .BOTH., #770 );
#453 = FACE_OUTER_BOUND( '', #771, .T. );
#454 = PLANE( '', #772 );
#455 = SURFACE_STYLE_USAGE( .BOTH., #773 );
#456 = FACE_OUTER_BOUND( '', #774, .T. );
#457 = SURFACE_OF_LINEAR_EXTRUSION( '', #775, #776 );
#458 = SURFACE_STYLE_USAGE( .BOTH., #777 );
#459 = FACE_OUTER_BOUND( '', #778, .T. );
#460 = PLANE( '', #779 );
#461 = SURFACE_STYLE_USAGE( .BOTH., #780 );
#462 = FACE_OUTER_BOUND( '', #781, .T. );
#463 = PLANE( '', #782 );
#464 = SURFACE_STYLE_USAGE( .BOTH., #783 );
#465 = FACE_OUTER_BOUND( '', #784, .T. );
#466 = PLANE( '', #785 );
#467 = SURFACE_STYLE_USAGE( .BOTH., #786 );
#468 = FACE_OUTER_BOUND( '', #787, .T. );
#469 = PLANE( '', #788 );
#470 = SURFACE_STYLE_USAGE( .BOTH., #789 );
#471 = FACE_OUTER_BOUND( '', #790, .T. );
#472 = PLANE( '', #791 );
#473 = SURFACE_STYLE_USAGE( .BOTH., #792 );
#474 = FACE_OUTER_BOUND( '', #793, .T. );
#475 = PLANE( '', #794 );
#476 = SURFACE_STYLE_USAGE( .BOTH., #795 );
#477 = FACE_OUTER_BOUND( '', #796, .T. );
#478 = PLANE( '', #797 );
#479 = SURFACE_STYLE_USAGE( .BOTH., #798 );
#480 = FACE_OUTER_BOUND( '', #799, .T. );
#481 = PLANE( '', #800 );
#482 = SURFACE_STYLE_USAGE( .BOTH., #801 );
#483 = FACE_OUTER_BOUND( '', #802, .T. );
#484 = PLANE( '', #803 );
#485 = SURFACE_STYLE_USAGE( .BOTH., #804 );
#486 = FACE_OUTER_BOUND( '', #805, .T. );
#487 = PLANE( '', #806 );
#488 = SURFACE_STYLE_USAGE( .BOTH., #807 );
#489 = FACE_OUTER_BOUND( '', #808, .T. );
#490 = PLANE( '', #809 );
#491 = SURFACE_STYLE_USAGE( .BOTH., #810 );
#492 = FACE_OUTER_BOUND( '', #811, .T. );
#493 = PLANE( '', #812 );
#494 = SURFACE_STYLE_USAGE( .BOTH., #813 );
#495 = FACE_OUTER_BOUND( '', #814, .T. );
#496 = PLANE( '', #815 );
#497 = SURFACE_STYLE_USAGE( .BOTH., #816 );
#498 = FACE_OUTER_BOUND( '', #817, .T. );
#499 = PLANE( '', #818 );
#500 = SURFACE_STYLE_USAGE( .BOTH., #819 );
#501 = FACE_OUTER_BOUND( '', #820, .T. );
#502 = PLANE( '', #821 );
#503 = SURFACE_STYLE_USAGE( .BOTH., #822 );
#504 = FACE_OUTER_BOUND( '', #823, .T. );
#505 = PLANE( '', #824 );
#506 = SURFACE_STYLE_USAGE( .BOTH., #825 );
#507 = FACE_OUTER_BOUND( '', #826, .T. );
#508 = PLANE( '', #827 );
#509 = SURFACE_STYLE_USAGE( .BOTH., #828 );
#510 = FACE_OUTER_BOUND( '', #829, .T. );
#511 = SURFACE_OF_LINEAR_EXTRUSION( '', #830, #831 );
#512 = SURFACE_STYLE_USAGE( .BOTH., #832 );
#513 = FACE_OUTER_BOUND( '', #833, .T. );
#514 = SURFACE_OF_LINEAR_EXTRUSION( '', #834, #835 );
#515 = SURFACE_STYLE_USAGE( .BOTH., #836 );
#516 = FACE_OUTER_BOUND( '', #837, .T. );
#517 = SURFACE_OF_LINEAR_EXTRUSION( '', #838, #839 );
#518 = SURFACE_STYLE_USAGE( .BOTH., #840 );
#519 = FACE_OUTER_BOUND( '', #841, .T. );
#520 = PLANE( '', #842 );
#521 = SURFACE_STYLE_USAGE( .BOTH., #843 );
#522 = FACE_BOUND( '', #844, .T. );
#523 = FACE_OUTER_BOUND( '', #845, .T. );
#524 = PLANE( '', #846 );
#525 = SURFACE_STYLE_USAGE( .BOTH., #847 );
#526 = FACE_OUTER_BOUND( '', #848, .T. );
#527 = PLANE( '', #849 );
#528 = SURFACE_STYLE_USAGE( .BOTH., #850 );
#529 = FACE_OUTER_BOUND( '', #851, .T. );
#530 = PLANE( '', #852 );
#531 = SURFACE_STYLE_USAGE( .BOTH., #853 );
#532 = FACE_OUTER_BOUND( '', #854, .T. );
#533 = SURFACE_OF_LINEAR_EXTRUSION( '', #855, #856 );
#534 = SURFACE_STYLE_USAGE( .BOTH., #857 );
#535 = FACE_OUTER_BOUND( '', #858, .T. );
#536 = PLANE( '', #859 );
#537 = SURFACE_STYLE_USAGE( .BOTH., #860 );
#538 = FACE_OUTER_BOUND( '', #861, .T. );
#539 = PLANE( '', #862 );
#540 = SURFACE_STYLE_USAGE( .BOTH., #863 );
#541 = FACE_OUTER_BOUND( '', #864, .T. );
#542 = PLANE( '', #865 );
#543 = SURFACE_STYLE_USAGE( .BOTH., #866 );
#544 = FACE_OUTER_BOUND( '', #867, .T. );
#545 = PLANE( '', #868 );
#546 = SURFACE_STYLE_USAGE( .BOTH., #869 );
#547 = FACE_OUTER_BOUND( '', #870, .T. );
#548 = PLANE( '', #871 );
#549 = SURFACE_STYLE_USAGE( .BOTH., #872 );
#550 = FACE_OUTER_BOUND( '', #873, .T. );
#551 = SURFACE_OF_LINEAR_EXTRUSION( '', #874, #875 );
#552 = SURFACE_STYLE_USAGE( .BOTH., #876 );
#553 = FACE_OUTER_BOUND( '', #877, .T. );
#554 = PLANE( '', #878 );
#555 = SURFACE_STYLE_USAGE( .BOTH., #879 );
#556 = FACE_OUTER_BOUND( '', #880, .T. );
#557 = PLANE( '', #881 );
#558 = SURFACE_STYLE_USAGE( .BOTH., #882 );
#559 = FACE_OUTER_BOUND( '', #883, .T. );
#560 = PLANE( '', #884 );
#561 = SURFACE_STYLE_USAGE( .BOTH., #885 );
#562 = FACE_OUTER_BOUND( '', #886, .T. );
#563 = PLANE( '', #887 );
#564 = SURFACE_STYLE_USAGE( .BOTH., #888 );
#565 = FACE_OUTER_BOUND( '', #889, .T. );
#566 = PLANE( '', #890 );
#567 = SURFACE_STYLE_USAGE( .BOTH., #891 );
#568 = FACE_OUTER_BOUND( '', #892, .T. );
#569 = SURFACE_OF_LINEAR_EXTRUSION( '', #893, #894 );
#570 = SURFACE_STYLE_USAGE( .BOTH., #895 );
#571 = FACE_OUTER_BOUND( '', #896, .T. );
#572 = PLANE( '', #897 );
#573 = SURFACE_STYLE_USAGE( .BOTH., #898 );
#574 = FACE_OUTER_BOUND( '', #899, .T. );
#575 = PLANE( '', #900 );
#576 = SURFACE_STYLE_USAGE( .BOTH., #901 );
#577 = FACE_OUTER_BOUND( '', #902, .T. );
#578 = PLANE( '', #903 );
#579 = SURFACE_STYLE_USAGE( .BOTH., #904 );
#580 = FACE_OUTER_BOUND( '', #905, .T. );
#581 = PLANE( '', #906 );
#582 = SURFACE_STYLE_USAGE( .BOTH., #907 );
#583 = FACE_OUTER_BOUND( '', #908, .T. );
#584 = PLANE( '', #909 );
#585 = SURFACE_STYLE_USAGE( .BOTH., #910 );
#586 = FACE_OUTER_BOUND( '', #911, .T. );
#587 = PLANE( '', #912 );
#588 = SURFACE_STYLE_USAGE( .BOTH., #913 );
#589 = FACE_OUTER_BOUND( '', #914, .T. );
#590 = PLANE( '', #915 );
#591 = SURFACE_STYLE_USAGE( .BOTH., #916 );
#592 = FACE_OUTER_BOUND( '', #917, .T. );
#593 = PLANE( '', #918 );
#594 = SURFACE_STYLE_USAGE( .BOTH., #919 );
#595 = FACE_OUTER_BOUND( '', #920, .T. );
#596 = PLANE( '', #921 );
#597 = SURFACE_STYLE_USAGE( .BOTH., #922 );
#598 = FACE_BOUND( '', #923, .T. );
#599 = FACE_BOUND( '', #924, .T. );
#600 = FACE_BOUND( '', #925, .T. );
#601 = FACE_BOUND( '', #926, .T. );
#602 = FACE_OUTER_BOUND( '', #927, .T. );
#603 = FACE_BOUND( '', #928, .T. );
#604 = FACE_BOUND( '', #929, .T. );
#605 = FACE_BOUND( '', #930, .T. );
#606 = FACE_BOUND( '', #931, .T. );
#607 = PLANE( '', #932 );
#608 = SURFACE_STYLE_USAGE( .BOTH., #933 );
#609 = FACE_OUTER_BOUND( '', #934, .T. );
#610 = PLANE( '', #935 );
#611 = SURFACE_STYLE_USAGE( .BOTH., #936 );
#612 = FACE_OUTER_BOUND( '', #937, .T. );
#613 = SURFACE_OF_LINEAR_EXTRUSION( '', #938, #939 );
#614 = SURFACE_STYLE_USAGE( .BOTH., #940 );
#615 = FACE_OUTER_BOUND( '', #941, .T. );
#616 = PLANE( '', #942 );
#617 = SURFACE_STYLE_USAGE( .BOTH., #943 );
#618 = FACE_OUTER_BOUND( '', #944, .T. );
#619 = PLANE( '', #945 );
#620 = SURFACE_STYLE_USAGE( .BOTH., #946 );
#621 = FACE_OUTER_BOUND( '', #947, .T. );
#622 = PLANE( '', #948 );
#623 = SURFACE_STYLE_USAGE( .BOTH., #949 );
#624 = FACE_OUTER_BOUND( '', #950, .T. );
#625 = PLANE( '', #951 );
#626 = SURFACE_STYLE_USAGE( .BOTH., #952 );
#627 = FACE_OUTER_BOUND( '', #953, .T. );
#628 = PLANE( '', #954 );
#629 = SURFACE_STYLE_USAGE( .BOTH., #955 );
#630 = FACE_OUTER_BOUND( '', #956, .T. );
#631 = PLANE( '', #957 );
#632 = SURFACE_STYLE_USAGE( .BOTH., #958 );
#633 = FACE_OUTER_BOUND( '', #959, .T. );
#634 = PLANE( '', #960 );
#635 = SURFACE_STYLE_USAGE( .BOTH., #961 );
#636 = FACE_OUTER_BOUND( '', #962, .T. );
#637 = PLANE( '', #963 );
#638 = SURFACE_STYLE_USAGE( .BOTH., #964 );
#639 = FACE_OUTER_BOUND( '', #965, .T. );
#640 = PLANE( '', #966 );
#641 = SURFACE_STYLE_USAGE( .BOTH., #967 );
#642 = FACE_OUTER_BOUND( '', #968, .T. );
#643 = PLANE( '', #969 );
#644 = SURFACE_STYLE_USAGE( .BOTH., #970 );
#645 = FACE_OUTER_BOUND( '', #971, .T. );
#646 = FACE_OUTER_BOUND( '', #972, .T. );
#647 = SURFACE_OF_LINEAR_EXTRUSION( '', #973, #974 );
#648 = SURFACE_STYLE_USAGE( .BOTH., #975 );
#649 = FACE_BOUND( '', #976, .T. );
#650 = FACE_OUTER_BOUND( '', #977, .T. );
#651 = PLANE( '', #978 );
#652 = SURFACE_STYLE_USAGE( .BOTH., #979 );
#653 = FACE_OUTER_BOUND( '', #980, .T. );
#654 = PLANE( '', #981 );
#655 = SURFACE_STYLE_USAGE( .BOTH., #982 );
#656 = FACE_OUTER_BOUND( '', #983, .T. );
#657 = PLANE( '', #984 );
#658 = SURFACE_STYLE_USAGE( .BOTH., #985 );
#659 = FACE_OUTER_BOUND( '', #986, .T. );
#660 = PLANE( '', #987 );
#661 = SURFACE_STYLE_USAGE( .BOTH., #988 );
#662 = FACE_OUTER_BOUND( '', #989, .T. );
#663 = PLANE( '', #990 );
#664 = SURFACE_STYLE_USAGE( .BOTH., #991 );
#665 = FACE_OUTER_BOUND( '', #992, .T. );
#666 = PLANE( '', #993 );
#667 = SURFACE_STYLE_USAGE( .BOTH., #994 );
#668 = FACE_OUTER_BOUND( '', #995, .T. );
#669 = PLANE( '', #996 );
#670 = SURFACE_STYLE_USAGE( .BOTH., #997 );
#671 = FACE_OUTER_BOUND( '', #998, .T. );
#672 = PLANE( '', #999 );
#673 = SURFACE_STYLE_USAGE( .BOTH., #1000 );
#674 = FACE_OUTER_BOUND( '', #1001, .T. );
#675 = PLANE( '', #1002 );
#676 = SURFACE_STYLE_USAGE( .BOTH., #1003 );
#677 = FACE_OUTER_BOUND( '', #1004, .T. );
#678 = PLANE( '', #1005 );
#679 = SURFACE_STYLE_USAGE( .BOTH., #1006 );
#680 = FACE_OUTER_BOUND( '', #1007, .T. );
#681 = PLANE( '', #1008 );
#682 = SURFACE_STYLE_USAGE( .BOTH., #1009 );
#683 = FACE_OUTER_BOUND( '', #1010, .T. );
#684 = PLANE( '', #1011 );
#685 = SURFACE_STYLE_USAGE( .BOTH., #1012 );
#686 = FACE_OUTER_BOUND( '', #1013, .T. );
#687 = PLANE( '', #1014 );
#688 = SURFACE_STYLE_USAGE( .BOTH., #1015 );
#689 = FACE_OUTER_BOUND( '', #1016, .T. );
#690 = PLANE( '', #1017 );
#691 = SURFACE_STYLE_USAGE( .BOTH., #1018 );
#692 = FACE_OUTER_BOUND( '', #1019, .T. );
#693 = PLANE( '', #1020 );
#694 = SURFACE_STYLE_USAGE( .BOTH., #1021 );
#695 = FACE_OUTER_BOUND( '', #1022, .T. );
#696 = PLANE( '', #1023 );
#697 = SURFACE_STYLE_USAGE( .BOTH., #1024 );
#698 = FACE_OUTER_BOUND( '', #1025, .T. );
#699 = PLANE( '', #1026 );
#700 = SURFACE_STYLE_USAGE( .BOTH., #1027 );
#701 = FACE_OUTER_BOUND( '', #1028, .T. );
#702 = PLANE( '', #1029 );
#703 = SURFACE_STYLE_USAGE( .BOTH., #1030 );
#704 = FACE_OUTER_BOUND( '', #1031, .T. );
#705 = SURFACE_OF_LINEAR_EXTRUSION( '', #1032, #1033 );
#706 =  ( LENGTH_UNIT(  )NAMED_UNIT( #370 )SI_UNIT( .MILLI., .METRE. ) );
#709 = LENGTH_MEASURE_WITH_UNIT( LENGTH_MEASURE( 1.00000000000000 ), #1035 );
#712 = DIMENSIONAL_EXPONENTS( 1.00000000000000, 0.000000000000000, 0.000000000000000, 0.000000000000000, 0.000000000000000, 0.000000000000000, 0.000000000000000 );
#714 = DIMENSIONAL_EXPONENTS( 0.000000000000000, 0.000000000000000, 0.000000000000000, 0.000000000000000, 0.000000000000000, 0.000000000000000, 0.000000000000000 );
#720 = SURFACE_SIDE_STYLE( '', ( #1036 ) );
#721 = EDGE_LOOP( '', ( #1037, #1038, #1039, #1040 ) );
#722 = AXIS2_PLACEMENT_3D( '', #1041, #1042, #1043 );
#723 = SURFACE_SIDE_STYLE( '', ( #1044 ) );
#724 = EDGE_LOOP( '', ( #1045, #1046, #1047, #1048 ) );
#725 = AXIS2_PLACEMENT_3D( '', #1049, #1050, #1051 );
#726 = SURFACE_SIDE_STYLE( '', ( #1052 ) );
#727 = EDGE_LOOP( '', ( #1053, #1054, #1055, #1056 ) );
#728 = AXIS2_PLACEMENT_3D( '', #1057, #1058, #1059 );
#729 = SURFACE_SIDE_STYLE( '', ( #1060 ) );
#730 = EDGE_LOOP( '', ( #1061, #1062, #1063, #1064 ) );
#731 = AXIS2_PLACEMENT_3D( '', #1065, #1066, #1067 );
#732 = SURFACE_SIDE_STYLE( '', ( #1068 ) );
#733 = EDGE_LOOP( '', ( #1069, #1070, #1071, #1072 ) );
#734 = AXIS2_PLACEMENT_3D( '', #1073, #1074, #1075 );
#735 = SURFACE_SIDE_STYLE( '', ( #1076 ) );
#736 = EDGE_LOOP( '', ( #1077, #1078, #1079, #1080 ) );
#737 = AXIS2_PLACEMENT_3D( '', #1081, #1082, #1083 );
#738 = SURFACE_SIDE_STYLE( '', ( #1084 ) );
#739 = EDGE_LOOP( '', ( #1085, #1086, #1087, #1088 ) );
#740 = AXIS2_PLACEMENT_3D( '', #1089, #1090, #1091 );
#741 = SURFACE_SIDE_STYLE( '', ( #1092 ) );
#742 = EDGE_LOOP( '', ( #1093, #1094, #1095, #1096 ) );
#743 = B_SPLINE_CURVE_WITH_KNOTS( '', 3, ( #1097, #1098, #1099, #1100, #1101, #1102, #1103, #1104, #1105, #1106, #1107, #1108 ), .UNSPECIFIED., .F., .F., ( 4, 3, 2, 3, 4 ), ( 0.453822850877080, 0.478591973587157, 0.506621391506644, 0.582494126219737, 0.613120944342866 ), .UNSPECIFIED. );
#744 = VECTOR( '', #1109, 1000.00000000000 );
#745 = SURFACE_SIDE_STYLE( '', ( #1110 ) );
#746 = EDGE_LOOP( '', ( #1111, #1112, #1113, #1114 ) );
#747 = AXIS2_PLACEMENT_3D( '', #1115, #1116, #1117 );
#748 = SURFACE_SIDE_STYLE( '', ( #1118 ) );
#749 = EDGE_LOOP( '', ( #1119, #1120, #1121, #1122, #1123, #1124, #1125, #1126 ) );
#750 = AXIS2_PLACEMENT_3D( '', #1127, #1128, #1129 );
#751 = SURFACE_SIDE_STYLE( '', ( #1130 ) );
#752 = EDGE_LOOP( '', ( #1131, #1132, #1133, #1134 ) );
#753 = AXIS2_PLACEMENT_3D( '', #1135, #1136, #1137 );
#754 = SURFACE_SIDE_STYLE( '', ( #1138 ) );
#755 = EDGE_LOOP( '', ( #1139, #1140, #1141, #1142 ) );
#756 = AXIS2_PLACEMENT_3D( '', #1143, #1144, #1145 );
#757 = SURFACE_SIDE_STYLE( '', ( #1146 ) );
#758 = EDGE_LOOP( '', ( #1147, #1148, #1149, #1150 ) );
#759 = B_SPLINE_CURVE_WITH_KNOTS( '', 3, ( #1151, #1152, #1153, #1154, #1155, #1156, #1157, #1158, #1159, #1160, #1161, #1162, #1163, #1164, #1165, #1166, #1167, #1168, #1169, #1170, #1171, #1172, #1173, #1174 ), .UNSPECIFIED., .F., .F., ( 4, 2, 3, 2, 3, 3, 3, 2, 2, 4 ), ( 0.501588227691744, 0.577395052246874, 0.625728262533701, 0.676735416006300, 0.761232114688182, 0.811519827815156, 0.832332658054920, 0.863864128331158, 0.928428567468219, 1.00000000000000 ), .UNSPECIFIED. );
#760 = VECTOR( '', #1175, 1000.00000000000 );
#761 = SURFACE_SIDE_STYLE( '', ( #1176 ) );
#762 = EDGE_LOOP( '', ( #1177, #1178, #1179, #1180 ) );
#763 = AXIS2_PLACEMENT_3D( '', #1181, #1182, #1183 );
#764 = SURFACE_SIDE_STYLE( '', ( #1184 ) );
#765 = EDGE_LOOP( '', ( #1185, #1186, #1187, #1188 ) );
#766 = AXIS2_PLACEMENT_3D( '', #1189, #1190, #1191 );
#767 = SURFACE_SIDE_STYLE( '', ( #1192 ) );
#768 = EDGE_LOOP( '', ( #1193, #1194, #1195, #1196 ) );
#769 = AXIS2_PLACEMENT_3D( '', #1197, #1198, #1199 );
#770 = SURFACE_SIDE_STYLE( '', ( #1200 ) );
#771 = EDGE_LOOP( '', ( #1201, #1202, #1203, #1204 ) );
#772 = AXIS2_PLACEMENT_3D( '', #1205, #1206, #1207 );
#773 = SURFACE_SIDE_STYLE( '', ( #1208 ) );
#774 = EDGE_LOOP( '', ( #1209, #1210, #1211, #1212 ) );
#775 = B_SPLINE_CURVE_WITH_KNOTS( '', 3, ( #1213, #1214, #1215, #1216, #1217, #1218, #1219, #1220, #1221, #1222, #1223, #1224 ), .UNSPECIFIED., .F., .F., ( 4, 2, 3, 3, 4 ), ( 0.246257789420755, 0.307855663481921, 0.350353421555127, 0.393644989871565, 0.543088955836057 ), .UNSPECIFIED. );
#776 = VECTOR( '', #1225, 1000.00000000000 );
#777 = SURFACE_SIDE_STYLE( '', ( #1226 ) );
#778 = EDGE_LOOP( '', ( #1227, #1228, #1229, #1230 ) );
#779 = AXIS2_PLACEMENT_3D( '', #1231, #1232, #1233 );
#780 = SURFACE_SIDE_STYLE( '', ( #1234 ) );
#781 = EDGE_LOOP( '', ( #1235, #1236, #1237, #1238 ) );
#782 = AXIS2_PLACEMENT_3D( '', #1239, #1240, #1241 );
#783 = SURFACE_SIDE_STYLE( '', ( #1242 ) );
#784 = EDGE_LOOP( '', ( #1243, #1244, #1245, #1246, #1247, #1248, #1249, #1250 ) );
#785 = AXIS2_PLACEMENT_3D( '', #1251, #1252, #1253 );
#786 = SURFACE_SIDE_STYLE( '', ( #1254 ) );
#787 = EDGE_LOOP( '', ( #1255, #1256, #1257, #1258 ) );
#788 = AXIS2_PLACEMENT_3D( '', #1259, #1260, #1261 );
#789 = SURFACE_SIDE_STYLE( '', ( #1262 ) );
#790 = EDGE_LOOP( '', ( #1263, #1264, #1265, #1266 ) );
#791 = AXIS2_PLACEMENT_3D( '', #1267, #1268, #1269 );
#792 = SURFACE_SIDE_STYLE( '', ( #1270 ) );
#793 = EDGE_LOOP( '', ( #1271, #1272, #1273, #1274 ) );
#794 = AXIS2_PLACEMENT_3D( '', #1275, #1276, #1277 );
#795 = SURFACE_SIDE_STYLE( '', ( #1278 ) );
#796 = EDGE_LOOP( '', ( #1279, #1280, #1281, #1282 ) );
#797 = AXIS2_PLACEMENT_3D( '', #1283, #1284, #1285 );
#798 = SURFACE_SIDE_STYLE( '', ( #1286 ) );
#799 = EDGE_LOOP( '', ( #1287, #1288, #1289, #1290 ) );
#800 = AXIS2_PLACEMENT_3D( '', #1291, #1292, #1293 );
#801 = SURFACE_SIDE_STYLE( '', ( #1294 ) );
#802 = EDGE_LOOP( '', ( #1295, #1296, #1297, #1298 ) );
#803 = AXIS2_PLACEMENT_3D( '', #1299, #1300, #1301 );
#804 = SURFACE_SIDE_STYLE( '', ( #1302 ) );
#805 = EDGE_LOOP( '', ( #1303, #1304, #1305, #1306 ) );
#806 = AXIS2_PLACEMENT_3D( '', #1307, #1308, #1309 );
#807 = SURFACE_SIDE_STYLE( '', ( #1310 ) );
#808 = EDGE_LOOP( '', ( #1311, #1312, #1313, #1314 ) );
#809 = AXIS2_PLACEMENT_3D( '', #1315, #1316, #1317 );
#810 = SURFACE_SIDE_STYLE( '', ( #1318 ) );
#811 = EDGE_LOOP( '', ( #1319, #1320, #1321, #1322 ) );
#812 = AXIS2_PLACEMENT_3D( '', #1323, #1324, #1325 );
#813 = SURFACE_SIDE_STYLE( '', ( #1326 ) );
#814 = EDGE_LOOP( '', ( #1327, #1328, #1329, #1330 ) );
#815 = AXIS2_PLACEMENT_3D( '', #1331, #1332, #1333 );
#816 = SURFACE_SIDE_STYLE( '', ( #1334 ) );
#817 = EDGE_LOOP( '', ( #1335, #1336, #1337, #1338 ) );
#818 = AXIS2_PLACEMENT_3D( '', #1339, #1340, #1341 );
#819 = SURFACE_SIDE_STYLE( '', ( #1342 ) );
#820 = EDGE_LOOP( '', ( #1343, #1344, #1345, #1346, #1347, #1348, #1349, #1350, #1351, #1352, #1353, #1354, #1355, #1356, #1357, #1358 ) );
#821 = AXIS2_PLACEMENT_3D( '', #1359, #1360, #1361 );
#822 = SURFACE_SIDE_STYLE( '', ( #1362 ) );
#823 = EDGE_LOOP( '', ( #1363, #1364, #1365, #1366 ) );
#824 = AXIS2_PLACEMENT_3D( '', #1367, #1368, #1369 );
#825 = SURFACE_SIDE_STYLE( '', ( #1370 ) );
#826 = EDGE_LOOP( '', ( #1371, #1372, #1373, #1374 ) );
#827 = AXIS2_PLACEMENT_3D( '', #1375, #1376, #1377 );
#828 = SURFACE_SIDE_STYLE( '', ( #1378 ) );
#829 = EDGE_LOOP( '', ( #1379, #1380, #1381, #1382 ) );
#830 = B_SPLINE_CURVE_WITH_KNOTS( '', 3, ( #1383, #1384, #1385, #1386, #1387, #1388, #1389, #1390, #1391, #1392, #1393, #1394, #1395, #1396, #1397 ), .UNSPECIFIED., .F., .F., ( 4, 2, 3, 3, 3, 4 ), ( 0.0257269443227276, 0.138975675017387, 0.242828222815983, 0.377588407363604, 0.403725362251138, 0.411075917771917 ), .UNSPECIFIED. );
#831 = VECTOR( '', #1398, 1000.00000000000 );
#832 = SURFACE_SIDE_STYLE( '', ( #1399 ) );
#833 = EDGE_LOOP( '', ( #1400, #1401, #1402, #1403 ) );
#834 = B_SPLINE_CURVE_WITH_KNOTS( '', 3, ( #1404, #1405, #1406, #1407, #1408, #1409, #1410, #1411, #1412, #1413, #1414, #1415, #1416, #1417, #1418, #1419, #1420, #1421, #1422, #1423, #1424, #1425 ), .UNSPECIFIED., .F., .F., ( 4, 3, 3, 3, 2, 3, 2, 2, 4 ), ( 0.148393534307995, 0.245942086050110, 0.312658626429203, 0.416676787619485, 0.517573302017042, 0.623126578617564, 0.721363726371279, 0.860681863185640, 1.00000000000000 ), .UNSPECIFIED. );
#835 = VECTOR( '', #1426, 1000.00000000000 );
#836 = SURFACE_SIDE_STYLE( '', ( #1427 ) );
#837 = EDGE_LOOP( '', ( #1428, #1429, #1430, #1431 ) );
#838 = B_SPLINE_CURVE_WITH_KNOTS( '', 3, ( #1432, #1433, #1434, #1435, #1436, #1437, #1438, #1439, #1440, #1441, #1442, #1443 ), .UNSPECIFIED., .F., .F., ( 4, 2, 3, 3, 4 ), ( 0.429860670769464, 0.438069951923568, 0.468170649488614, 0.493201440926721, 0.500771499300546 ), .UNSPECIFIED. );
#839 = VECTOR( '', #1444, 1000.00000000000 );
#840 = SURFACE_SIDE_STYLE( '', ( #1445 ) );
#841 = EDGE_LOOP( '', ( #1446, #1447, #1448, #1449 ) );
#842 = AXIS2_PLACEMENT_3D( '', #1450, #1451, #1452 );
#843 = SURFACE_SIDE_STYLE( '', ( #1453 ) );
#844 = EDGE_LOOP( '', ( #1454 ) );
#845 = EDGE_LOOP( '', ( #1455, #1456, #1457, #1458, #1459, #1460, #1461, #1462 ) );
#846 = AXIS2_PLACEMENT_3D( '', #1463, #1464, #1465 );
#847 = SURFACE_SIDE_STYLE( '', ( #1466 ) );
#848 = EDGE_LOOP( '', ( #1467, #1468, #1469, #1470 ) );
#849 = AXIS2_PLACEMENT_3D( '', #1471, #1472, #1473 );
#850 = SURFACE_SIDE_STYLE( '', ( #1474 ) );
#851 = EDGE_LOOP( '', ( #1475, #1476, #1477, #1478 ) );
#852 = AXIS2_PLACEMENT_3D( '', #1479, #1480, #1481 );
#853 = SURFACE_SIDE_STYLE( '', ( #1482 ) );
#854 = EDGE_LOOP( '', ( #1483, #1484, #1485, #1486 ) );
#855 = B_SPLINE_CURVE_WITH_KNOTS( '', 3, ( #1487, #1488, #1489, #1490, #1491, #1492, #1493, #1494 ), .UNSPECIFIED., .F., .F., ( 4, 2, 2, 4 ), ( 0.428448452701390, 0.484770873364049, 0.541093294026708, 0.553224276938666 ), .UNSPECIFIED. );
#856 = VECTOR( '', #1495, 1000.00000000000 );
#857 = SURFACE_SIDE_STYLE( '', ( #1496 ) );
#858 = EDGE_LOOP( '', ( #1497, #1498, #1499, #1500 ) );
#859 = AXIS2_PLACEMENT_3D( '', #1501, #1502, #1503 );
#860 = SURFACE_SIDE_STYLE( '', ( #1504 ) );
#861 = EDGE_LOOP( '', ( #1505, #1506, #1507, #1508 ) );
#862 = AXIS2_PLACEMENT_3D( '', #1509, #1510, #1511 );
#863 = SURFACE_SIDE_STYLE( '', ( #1512 ) );
#864 = EDGE_LOOP( '', ( #1513, #1514, #1515, #1516 ) );
#865 = AXIS2_PLACEMENT_3D( '', #1517, #1518, #1519 );
#866 = SURFACE_SIDE_STYLE( '', ( #1520 ) );
#867 = EDGE_LOOP( '', ( #1521, #1522, #1523, #1524 ) );
#868 = AXIS2_PLACEMENT_3D( '', #1525, #1526, #1527 );
#869 = SURFACE_SIDE_STYLE( '', ( #1528 ) );
#870 = EDGE_LOOP( '', ( #1529, #1530, #1531, #1532 ) );
#871 = AXIS2_PLACEMENT_3D( '', #1533, #1534, #1535 );
#872 = SURFACE_SIDE_STYLE( '', ( #1536 ) );
#873 = EDGE_LOOP( '', ( #1537, #1538, #1539, #1540 ) );
#874 = B_SPLINE_CURVE_WITH_KNOTS( '', 3, ( #1541, #1542, #1543, #1544, #1545, #1546, #1547, #1548, #1549, #1550, #1551, #1552, #1553 ), .UNSPECIFIED., .F., .F., ( 4, 3, 3, 3, 4 ), ( 0.591295154964319, 0.609562796619294, 0.674731454147155, 0.751271439800543, 0.961929121974348 ), .UNSPECIFIED. );
#875 = VECTOR( '', #1554, 1000.00000000000 );
#876 = SURFACE_SIDE_STYLE( '', ( #1555 ) );
#877 = EDGE_LOOP( '', ( #1556, #1557, #1558, #1559 ) );
#878 = AXIS2_PLACEMENT_3D( '', #1560, #1561, #1562 );
#879 = SURFACE_SIDE_STYLE( '', ( #1563 ) );
#880 = EDGE_LOOP( '', ( #1564, #1565, #1566, #1567 ) );
#881 = AXIS2_PLACEMENT_3D( '', #1568, #1569, #1570 );
#882 = SURFACE_SIDE_STYLE( '', ( #1571 ) );
#883 = EDGE_LOOP( '', ( #1572, #1573, #1574, #1575 ) );
#884 = AXIS2_PLACEMENT_3D( '', #1576, #1577, #1578 );
#885 = SURFACE_SIDE_STYLE( '', ( #1579 ) );
#886 = EDGE_LOOP( '', ( #1580, #1581, #1582, #1583 ) );
#887 = AXIS2_PLACEMENT_3D( '', #1584, #1585, #1586 );
#888 = SURFACE_SIDE_STYLE( '', ( #1587 ) );
#889 = EDGE_LOOP( '', ( #1588, #1589, #1590, #1591 ) );
#890 = AXIS2_PLACEMENT_3D( '', #1592, #1593, #1594 );
#891 = SURFACE_SIDE_STYLE( '', ( #1595 ) );
#892 = EDGE_LOOP( '', ( #1596, #1597, #1598, #1599 ) );
#893 = B_SPLINE_CURVE_WITH_KNOTS( '', 3, ( #1600, #1601, #1602, #1603, #1604, #1605, #1606, #1607, #1608, #1609, #1610, #1611, #1612, #1613, #1614 ), .UNSPECIFIED., .F., .F., ( 4, 3, 2, 3, 3, 4 ), ( 0.565476027601581, 0.708682216831832, 0.769601918792027, 0.804821121487765, 0.844517899856202, 0.977612928234477 ), .UNSPECIFIED. );
#894 = VECTOR( '', #1615, 1000.00000000000 );
#895 = SURFACE_SIDE_STYLE( '', ( #1616 ) );
#896 = EDGE_LOOP( '', ( #1617, #1618, #1619, #1620 ) );
#897 = AXIS2_PLACEMENT_3D( '', #1621, #1622, #1623 );
#898 = SURFACE_SIDE_STYLE( '', ( #1624 ) );
#899 = EDGE_LOOP( '', ( #1625, #1626, #1627, #1628 ) );
#900 = AXIS2_PLACEMENT_3D( '', #1629, #1630, #1631 );
#901 = SURFACE_SIDE_STYLE( '', ( #1632 ) );
#902 = EDGE_LOOP( '', ( #1633, #1634, #1635, #1636 ) );
#903 = AXIS2_PLACEMENT_3D( '', #1637, #1638, #1639 );
#904 = SURFACE_SIDE_STYLE( '', ( #1640 ) );
#905 = EDGE_LOOP( '', ( #1641, #1642, #1643, #1644 ) );
#906 = AXIS2_PLACEMENT_3D( '', #1645, #1646, #1647 );
#907 = SURFACE_SIDE_STYLE( '', ( #1648 ) );
#908 = EDGE_LOOP( '', ( #1649, #1650, #1651 ) );
#909 = AXIS2_PLACEMENT_3D( '', #1652, #1653, #1654 );
#910 = SURFACE_SIDE_STYLE( '', ( #1655 ) );
#911 = EDGE_LOOP( '', ( #1656, #1657, #1658, #1659 ) );
#912 = AXIS2_PLACEMENT_3D( '', #1660, #1661, #1662 );
#913 = SURFACE_SIDE_STYLE( '', ( #1663 ) );
#914 = EDGE_LOOP( '', ( #1664 ) );
#915 = AXIS2_PLACEMENT_3D( '', #1665, #1666, #1667 );
#916 = SURFACE_SIDE_STYLE( '', ( #1668 ) );
#917 = EDGE_LOOP( '', ( #1669, #1670, #1671, #1672 ) );
#918 = AXIS2_PLACEMENT_3D( '', #1673, #1674, #1675 );
#919 = SURFACE_SIDE_STYLE( '', ( #1676 ) );
#920 = EDGE_LOOP( '', ( #1677, #1678, #1679, #1680 ) );
#921 = AXIS2_PLACEMENT_3D( '', #1681, #1682, #1683 );
#922 = SURFACE_SIDE_STYLE( '', ( #1684 ) );
#923 = EDGE_LOOP( '', ( #1685, #1686, #1687, #1688, #1689, #1690, #1691, #1692 ) );
#924 = EDGE_LOOP( '', ( #1693, #1694, #1695, #1696 ) );
#925 = EDGE_LOOP( '', ( #1697, #1698, #1699, #1700, #1701, #1702, #1703, #1704 ) );
#926 = EDGE_LOOP( '', ( #1705, #1706, #1707, #1708, #1709, #1710, #1711, #1712, #1713, #1714, #1715, #1716, #1717, #1718, #1719, #1720 ) );
#927 = EDGE_LOOP( '', ( #1721, #1722, #1723, #1724 ) );
#928 = EDGE_LOOP( '', ( #1725, #1726, #1727, #1728, #1729, #1730 ) );
#929 = EDGE_LOOP( '', ( #1731, #1732, #1733, #1734, #1735, #1736, #1737, #1738, #1739, #1740, #1741, #1742, #1743 ) );
#930 = EDGE_LOOP( '', ( #1744, #1745, #1746, #1747 ) );
#931 = EDGE_LOOP( '', ( #1748, #1749, #1750, #1751, #1752, #1753, #1754, #1755 ) );
#932 = AXIS2_PLACEMENT_3D( '', #1756, #1757, #1758 );
#933 = SURFACE_SIDE_STYLE( '', ( #1759 ) );
#934 = EDGE_LOOP( '', ( #1760, #1761, #1762, #1763 ) );
#935 = AXIS2_PLACEMENT_3D( '', #1764, #1765, #1766 );
#936 = SURFACE_SIDE_STYLE( '', ( #1767 ) );
#937 = EDGE_LOOP( '', ( #1768, #1769, #1770, #1771 ) );
#938 = B_SPLINE_CURVE_WITH_KNOTS( '', 3, ( #1772, #1773, #1774, #1775, #1776, #1777, #1778, #1779, #1780, #1781, #1782, #1783, #1784, #1785, #1786 ), .UNSPECIFIED., .F., .F., ( 4, 3, 3, 2, 3, 4 ), ( 0.0495883888133501, 0.229672537661832, 0.293549440108412, 0.347607496870202, 0.393084909701548, 0.431899563191179 ), .UNSPECIFIED. );
#939 = VECTOR( '', #1787, 1000.00000000000 );
#940 = SURFACE_SIDE_STYLE( '', ( #1788 ) );
#941 = EDGE_LOOP( '', ( #1789, #1790, #1791, #1792 ) );
#942 = AXIS2_PLACEMENT_3D( '', #1793, #1794, #1795 );
#943 = SURFACE_SIDE_STYLE( '', ( #1796 ) );
#944 = EDGE_LOOP( '', ( #1797, #1798, #1799, #1800 ) );
#945 = AXIS2_PLACEMENT_3D( '', #1801, #1802, #1803 );
#946 = SURFACE_SIDE_STYLE( '', ( #1804 ) );
#947 = EDGE_LOOP( '', ( #1805, #1806, #1807, #1808 ) );
#948 = AXIS2_PLACEMENT_3D( '', #1809, #1810, #1811 );
#949 = SURFACE_SIDE_STYLE( '', ( #1812 ) );
#950 = EDGE_LOOP( '', ( #1813, #1814, #1815, #1816 ) );
#951 = AXIS2_PLACEMENT_3D( '', #1817, #1818, #1819 );
#952 = SURFACE_SIDE_STYLE( '', ( #1820 ) );
#953 = EDGE_LOOP( '', ( #1821, #1822, #1823, #1824 ) );
#954 = AXIS2_PLACEMENT_3D( '', #1825, #1826, #1827 );
#955 = SURFACE_SIDE_STYLE( '', ( #1828 ) );
#956 = EDGE_LOOP( '', ( #1829, #1830, #1831, #1832 ) );
#957 = AXIS2_PLACEMENT_3D( '', #1833, #1834, #1835 );
#958 = SURFACE_SIDE_STYLE( '', ( #1836 ) );
#959 = EDGE_LOOP( '', ( #1837, #1838, #1839, #1840 ) );
#960 = AXIS2_PLACEMENT_3D( '', #1841, #1842, #1843 );
#961 = SURFACE_SIDE_STYLE( '', ( #1844 ) );
#962 = EDGE_LOOP( '', ( #1845, #1846, #1847, #1848 ) );
#963 = AXIS2_PLACEMENT_3D( '', #1849, #1850, #1851 );
#964 = SURFACE_SIDE_STYLE( '', ( #1852 ) );
#965 = EDGE_LOOP( '', ( #1853, #1854, #1855, #1856, #1857, #1858, #1859, #1860 ) );
#966 = AXIS2_PLACEMENT_3D( '', #1861, #1862, #1863 );
#967 = SURFACE_SIDE_STYLE( '', ( #1864 ) );
#968 = EDGE_LOOP( '', ( #1865, #1866, #1867, #1868 ) );
#969 = AXIS2_PLACEMENT_3D( '', #1869, #1870, #1871 );
#970 = SURFACE_SIDE_STYLE( '', ( #1872 ) );
#971 = EDGE_LOOP( '', ( #1873 ) );
#972 = EDGE_LOOP( '', ( #1874 ) );
#973 = B_SPLINE_CURVE_WITH_KNOTS( '', 3, ( #1875, #1876, #1877, #1878, #1879, #1880, #1881, #1882, #1883, #1884, #1885, #1886, #1887, #1888, #1889, #1890, #1891, #1892 ), .UNSPECIFIED., .T., .F., ( 4, 2, 2, 2, 2, 2, 2, 2, 4 ), ( 0.000000000000000, 0.124944506104328, 0.249889012208656, 0.376415094339621, 0.502941176470585, 0.627987421383644, 0.753033666296703, 0.876516833148351, 1.00000000000000 ), .UNSPECIFIED. );
#974 = VECTOR( '', #1893, 1000.00000000000 );
#975 = SURFACE_SIDE_STYLE( '', ( #1894 ) );
#976 = EDGE_LOOP( '', ( #1895, #1896, #1897 ) );
#977 = EDGE_LOOP( '', ( #1898, #1899, #1900, #1901, #1902, #1903 ) );
#978 = AXIS2_PLACEMENT_3D( '', #1904, #1905, #1906 );
#979 = SURFACE_SIDE_STYLE( '', ( #1907 ) );
#980 = EDGE_LOOP( '', ( #1908, #1909, #1910, #1911 ) );
#981 = AXIS2_PLACEMENT_3D( '', #1912, #1913, #1914 );
#982 = SURFACE_SIDE_STYLE( '', ( #1915 ) );
#983 = EDGE_LOOP( '', ( #1916, #1917, #1918, #1919 ) );
#984 = AXIS2_PLACEMENT_3D( '', #1920, #1921, #1922 );
#985 = SURFACE_SIDE_STYLE( '', ( #1923 ) );
#986 = EDGE_LOOP( '', ( #1924, #1925, #1926, #1927 ) );
#987 = AXIS2_PLACEMENT_3D( '', #1928, #1929, #1930 );
#988 = SURFACE_SIDE_STYLE( '', ( #1931 ) );
#989 = EDGE_LOOP( '', ( #1932, #1933, #1934, #1935 ) );
#990 = AXIS2_PLACEMENT_3D( '', #1936, #1937, #1938 );
#991 = SURFACE_SIDE_STYLE( '', ( #1939 ) );
#992 = EDGE_LOOP( '', ( #1940, #1941, #1942, #1943 ) );
#993 = AXIS2_PLACEMENT_3D( '', #1944, #1945, #1946 );
#994 = SURFACE_SIDE_STYLE( '', ( #1947 ) );
#995 = EDGE_LOOP( '', ( #1948, #1949, #1950, #1951 ) );
#996 = AXIS2_PLACEMENT_3D( '', #1952, #1953, #1954 );
#997 = SURFACE_SIDE_STYLE( '', ( #1955 ) );
#998 = EDGE_LOOP( '', ( #1956, #1957, #1958, #1959 ) );
#999 = AXIS2_PLACEMENT_3D( '', #1960, #1961, #1962 );
#1000 = SURFACE_SIDE_STYLE( '', ( #1963 ) );
#1001 = EDGE_LOOP( '', ( #1964, #1965, #1966, #1967 ) );
#1002 = AXIS2_PLACEMENT_3D( '', #1968, #1969, #1970 );
#1003 = SURFACE_SIDE_STYLE( '', ( #1971 ) );
#1004 = EDGE_LOOP( '', ( #1972, #1973, #1974, #1975 ) );
#1005 = AXIS2_PLACEMENT_3D( '', #1976, #1977, #1978 );
#1006 = SURFACE_SIDE_STYLE( '', ( #1979 ) );
#1007 = EDGE_LOOP( '', ( #1980, #1981, #1982, #1983, #1984, #1985, #1986, #1987 ) );
#1008 = AXIS2_PLACEMENT_3D( '', #1988, #1989, #1990 );
#1009 = SURFACE_SIDE_STYLE( '', ( #1991 ) );
#1010 = EDGE_LOOP( '', ( #1992, #1993, #1994, #1995 ) );
#1011 = AXIS2_PLACEMENT_3D( '', #1996, #1997, #1998 );
#1012 = SURFACE_SIDE_STYLE( '', ( #1999 ) );
#1013 = EDGE_LOOP( '', ( #2000, #2001, #2002, #2003, #2004, #2005, #2006, #2007, #2008, #2009, #2010, #2011, #2012 ) );
#1014 = AXIS2_PLACEMENT_3D( '', #2013, #2014, #2015 );
#1015 = SURFACE_SIDE_STYLE( '', ( #2016 ) );
#1016 = EDGE_LOOP( '', ( #2017, #2018, #2019, #2020 ) );
#1017 = AXIS2_PLACEMENT_3D( '', #2021, #2022, #2023 );
#1018 = SURFACE_SIDE_STYLE( '', ( #2024 ) );
#1019 = EDGE_LOOP( '', ( #2025, #2026, #2027, #2028 ) );
#1020 = AXIS2_PLACEMENT_3D( '', #2029, #2030, #2031 );
#1021 = SURFACE_SIDE_STYLE( '', ( #2032 ) );
#1022 = EDGE_LOOP( '', ( #2033, #2034, #2035, #2036 ) );
#1023 = AXIS2_PLACEMENT_3D( '', #2037, #2038, #2039 );
#1024 = SURFACE_SIDE_STYLE( '', ( #2040 ) );
#1025 = EDGE_LOOP( '', ( #2041, #2042, #2043, #2044 ) );
#1026 = AXIS2_PLACEMENT_3D( '', #2045, #2046, #2047 );
#1027 = SURFACE_SIDE_STYLE( '', ( #2048 ) );
#1028 = EDGE_LOOP( '', ( #2049, #2050, #2051, #2052 ) );
#1029 = AXIS2_PLACEMENT_3D( '', #2053, #2054, #2055 );
#1030 = SURFACE_SIDE_STYLE( '', ( #2056 ) );
#1031 = EDGE_LOOP( '', ( #2057, #2058, #2059, #2060 ) );
#1032 = B_SPLINE_CURVE_WITH_KNOTS( '', 3, ( #2061, #2062, #2063, #2064, #2065, #2066, #2067, #2068, #2069, #2070, #2071, #2072, #2073, #2074, #2075 ), .UNSPECIFIED., .F., .F., ( 4, 2, 2, 2, 2, 3, 4 ), ( 0.613816921729720, 0.647489166132686, 0.681161410535653, 0.805531474540154, 0.934916460480321, 0.968078158557423, 0.999304022613146 ), .UNSPECIFIED. );
#1033 = VECTOR( '', #2076, 1000.00000000000 );
#1035 =  ( LENGTH_UNIT(  )NAMED_UNIT( #712 )SI_UNIT( .MILLI., .METRE. ) );
#1036 = SURFACE_STYLE_FILL_AREA( #2078 );
#1037 = ORIENTED_EDGE( '', *, *, #2079, .F. );
#1038 = ORIENTED_EDGE( '', *, *, #2080, .F. );
#1039 = ORIENTED_EDGE( '', *, *, #2081, .T. );
#1040 = ORIENTED_EDGE( '', *, *, #2082, .T. );
#1041 = CARTESIAN_POINT( '', ( -0.758708356943279, 0.0695876238300859, 0.00200000000000000 ) );
#1042 = DIRECTION( '', ( 0.000000000000000, 1.00000000000000, 0.000000000000000 ) );
#1043 = DIRECTION( '', ( 0.000000000000000, 0.000000000000000, 1.00000000000000 ) );
#1044 = SURFACE_STYLE_FILL_AREA( #2083 );
#1045 = ORIENTED_EDGE( '', *, *, #2084, .F. );
#1046 = ORIENTED_EDGE( '', *, *, #2085, .F. );
#1047 = ORIENTED_EDGE( '', *, *, #2086, .T. );
#1048 = ORIENTED_EDGE( '', *, *, #2087, .T. );
#1049 = CARTESIAN_POINT( '', ( -0.300000000000000, 1.50000000000000, 1.99980000000000 ) );
#1050 = DIRECTION( '', ( -1.00000000000000, -1.44560289664734E-016, 0.000000000000000 ) );
#1051 = DIRECTION( '', ( 1.44560289664734E-016, -1.00000000000000, 0.000000000000000 ) );
#1052 = SURFACE_STYLE_FILL_AREA( #2088 );
#1053 = ORIENTED_EDGE( '', *, *, #2089, .T. );
#1054 = ORIENTED_EDGE( '', *, *, #2090, .T. );
#1055 = ORIENTED_EDGE( '', *, *, #2091, .T. );
#1056 = ORIENTED_EDGE( '', *, *, #2092, .T. );
#1057 = CARTESIAN_POINT( '', ( 0.000000000000000, 0.000000000000000, 1.99980000000000 ) );
#1058 = DIRECTION( '', ( 0.000000000000000, 0.000000000000000, 1.00000000000000 ) );
#1059 = DIRECTION( '', ( 1.00000000000000, 0.000000000000000, 0.000000000000000 ) );
#1060 = SURFACE_STYLE_FILL_AREA( #2093 );
#1061 = ORIENTED_EDGE( '', *, *, #2094, .F. );
#1062 = ORIENTED_EDGE( '', *, *, #2095, .F. );
#1063 = ORIENTED_EDGE( '', *, *, #2096, .T. );
#1064 = ORIENTED_EDGE( '', *, *, #2097, .T. );
#1065 = CARTESIAN_POINT( '', ( 0.633094921745246, 0.124669591043201, 0.00200000000000000 ) );
#1066 = DIRECTION( '', ( 0.000000000000000, -1.00000000000000, 0.000000000000000 ) );
#1067 = DIRECTION( '', ( 0.000000000000000, 0.000000000000000, -1.00000000000000 ) );
#1068 = SURFACE_STYLE_FILL_AREA( #2098 );
#1069 = ORIENTED_EDGE( '', *, *, #2099, .F. );
#1070 = ORIENTED_EDGE( '', *, *, #2100, .F. );
#1071 = ORIENTED_EDGE( '', *, *, #2101, .T. );
#1072 = ORIENTED_EDGE( '', *, *, #2102, .T. );
#1073 = CARTESIAN_POINT( '', ( 0.407521151253442, 0.124669591043201, 0.00200000000000000 ) );
#1074 = DIRECTION( '', ( 1.00000000000000, 0.000000000000000, 0.000000000000000 ) );
#1075 = DIRECTION( '', ( 0.000000000000000, 0.000000000000000, -1.00000000000000 ) );
#1076 = SURFACE_STYLE_FILL_AREA( #2103 );
#1077 = ORIENTED_EDGE( '', *, *, #2104, .F. );
#1078 = ORIENTED_EDGE( '', *, *, #2105, .F. );
#1079 = ORIENTED_EDGE( '', *, *, #2106, .T. );
#1080 = ORIENTED_EDGE( '', *, *, #2107, .T. );
#1081 = CARTESIAN_POINT( '', ( 0.0917834463354096, -0.0677894253502420, 0.00200000000000000 ) );
#1082 = DIRECTION( '', ( -0.764709836888619, -0.644374786413763, 0.000000000000000 ) );
#1083 = DIRECTION( '', ( 0.644374786413763, -0.764709836888619, 0.000000000000000 ) );
#1084 = SURFACE_STYLE_FILL_AREA( #2108 );
#1085 = ORIENTED_EDGE( '', *, *, #2109, .F. );
#1086 = ORIENTED_EDGE( '', *, *, #2110, .F. );
#1087 = ORIENTED_EDGE( '', *, *, #2111, .T. );
#1088 = ORIENTED_EDGE( '', *, *, #2112, .T. );
#1089 = CARTESIAN_POINT( '', ( 0.324242462728852, 0.124669591043201, 0.00200000000000000 ) );
#1090 = DIRECTION( '', ( 0.000000000000000, -1.00000000000000, 0.000000000000000 ) );
#1091 = DIRECTION( '', ( 0.000000000000000, 0.000000000000000, -1.00000000000000 ) );
#1092 = SURFACE_STYLE_FILL_AREA( #2113 );
#1093 = ORIENTED_EDGE( '', *, *, #2114, .F. );
#1094 = ORIENTED_EDGE( '', *, *, #2115, .F. );
#1095 = ORIENTED_EDGE( '', *, *, #2116, .T. );
#1096 = ORIENTED_EDGE( '', *, *, #2117, .T. );
#1097 = CARTESIAN_POINT( '', ( 0.751455577482950, 0.162046640223528, 0.00200000000000000 ) );
#1098 = CARTESIAN_POINT( '', ( 0.751455577482950, 0.179095820551398, 0.00200000000000000 ) );
#1099 = CARTESIAN_POINT( '', ( 0.758012954532131, 0.192538443502217, 0.00200000000000000 ) );
#1100 = CARTESIAN_POINT( '', ( 0.771127708630492, 0.202374509075988, 0.00200000000000000 ) );
#1101 = CARTESIAN_POINT( '', ( 0.784452298794426, 0.212367951698938, 0.00200000000000000 ) );
#1102 = CARTESIAN_POINT( '', ( 0.800963774204262, 0.216800738584185, 0.00200000000000000 ) );
#1103 = CARTESIAN_POINT( '', ( 0.871455577482951, 0.216800738584185, 0.00200000000000000 ) );
#1104 = CARTESIAN_POINT( '', ( 0.897029347974754, 0.183685984485823, 0.00200000000000000 ) );
#1105 = CARTESIAN_POINT( '', ( 0.897029347974754, 0.117128607436643, 0.00200000000000000 ) );
#1106 = CARTESIAN_POINT( '', ( 0.897029347974754, 0.0978936347590477, 0.00200000000000000 ) );
#1107 = CARTESIAN_POINT( '', ( 0.897029347974754, 0.0786586620814520, 0.00200000000000000 ) );
#1108 = CARTESIAN_POINT( '', ( 0.897029347974754, 0.0594236894038564, 0.00200000000000000 ) );
#1109 = DIRECTION( '', ( 0.000000000000000, 0.000000000000000, -1.00000000000000 ) );
#1110 = SURFACE_STYLE_FILL_AREA( #2118 );
#1111 = ORIENTED_EDGE( '', *, *, #2119, .F. );
#1112 = ORIENTED_EDGE( '', *, *, #2120, .F. );
#1113 = ORIENTED_EDGE( '', *, *, #2121, .T. );
#1114 = ORIENTED_EDGE( '', *, *, #2122, .T. );
#1115 = CARTESIAN_POINT( '', ( -0.909528029074427, -0.325166474530570, 0.00200000000000000 ) );
#1116 = DIRECTION( '', ( -1.00000000000000, 0.000000000000000, 0.000000000000000 ) );
#1117 = DIRECTION( '', ( 0.000000000000000, 0.000000000000000, 1.00000000000000 ) );
#1118 = SURFACE_STYLE_FILL_AREA( #2123 );
#1119 = ORIENTED_EDGE( '', *, *, #2124, .F. );
#1120 = ORIENTED_EDGE( '', *, *, #2125, .F. );
#1121 = ORIENTED_EDGE( '', *, *, #2096, .F. );
#1122 = ORIENTED_EDGE( '', *, *, #2126, .F. );
#1123 = ORIENTED_EDGE( '', *, *, #2127, .F. );
#1124 = ORIENTED_EDGE( '', *, *, #2128, .F. );
#1125 = ORIENTED_EDGE( '', *, *, #2129, .F. );
#1126 = ORIENTED_EDGE( '', *, *, #2101, .F. );
#1127 = CARTESIAN_POINT( '', ( 0.633094921745246, -0.149170654186056, 0.00200000000000000 ) );
#1128 = DIRECTION( '', ( 0.000000000000000, 0.000000000000000, -1.00000000000000 ) );
#1129 = DIRECTION( '', ( -1.00000000000000, 0.000000000000000, 0.000000000000000 ) );
#1130 = SURFACE_STYLE_FILL_AREA( #2130 );
#1131 = ORIENTED_EDGE( '', *, *, #2131, .F. );
#1132 = ORIENTED_EDGE( '', *, *, #2132, .F. );
#1133 = ORIENTED_EDGE( '', *, *, #2133, .T. );
#1134 = ORIENTED_EDGE( '', *, *, #2134, .T. );
#1135 = CARTESIAN_POINT( '', ( 0.180635905351803, -0.240576310596144, 0.00200000000000000 ) );
#1136 = DIRECTION( '', ( 0.000000000000000, 1.00000000000000, 0.000000000000000 ) );
#1137 = DIRECTION( '', ( 0.000000000000000, 0.000000000000000, 1.00000000000000 ) );
#1138 = SURFACE_STYLE_FILL_AREA( #2135 );
#1139 = ORIENTED_EDGE( '', *, *, #2136, .F. );
#1140 = ORIENTED_EDGE( '', *, *, #2137, .F. );
#1141 = ORIENTED_EDGE( '', *, *, #2138, .T. );
#1142 = ORIENTED_EDGE( '', *, *, #2139, .T. );
#1143 = CARTESIAN_POINT( '', ( 0.0373572168272126, 0.124669591043201, 0.00200000000000000 ) );
#1144 = DIRECTION( '', ( 0.000000000000000, -1.00000000000000, 0.000000000000000 ) );
#1145 = DIRECTION( '', ( 0.000000000000000, 0.000000000000000, -1.00000000000000 ) );
#1146 = SURFACE_STYLE_FILL_AREA( #2140 );
#1147 = ORIENTED_EDGE( '', *, *, #2141, .F. );
#1148 = ORIENTED_EDGE( '', *, *, #2142, .F. );
#1149 = ORIENTED_EDGE( '', *, *, #2143, .T. );
#1150 = ORIENTED_EDGE( '', *, *, #2144, .T. );
#1151 = CARTESIAN_POINT( '', ( -0.316413274976066, 0.0712269680923810, 0.00200000000000000 ) );
#1152 = CARTESIAN_POINT( '', ( -0.330511635631803, 0.112538443502217, 0.00200000000000000 ) );
#1153 = CARTESIAN_POINT( '', ( -0.361987045467869, 0.133194181207135, 0.00200000000000000 ) );
#1154 = CARTESIAN_POINT( '', ( -0.441987045467869, 0.133194181207135, 0.00200000000000000 ) );
#1155 = CARTESIAN_POINT( '', ( -0.465265733992459, 0.124013853338283, 0.00200000000000000 ) );
#1156 = CARTESIAN_POINT( '', ( -0.480675570058033, 0.105981066453037, 0.00200000000000000 ) );
#1157 = CARTESIAN_POINT( '', ( -0.495947029682055, 0.0881102094462024, 0.00200000000000000 ) );
#1158 = CARTESIAN_POINT( '', ( -0.503626389730164, 0.0623745090759876, 0.00200000000000000 ) );
#1159 = CARTESIAN_POINT( '', ( -0.503626389730164, -0.0238549991207338, 0.00200000000000000 ) );
#1160 = CARTESIAN_POINT( '', ( -0.479036225795738, -0.0576254909240124, 0.00200000000000000 ) );
#1161 = CARTESIAN_POINT( '', ( -0.429855897926886, -0.0713959827272911, 0.00200000000000000 ) );
#1162 = CARTESIAN_POINT( '', ( -0.403936097696632, -0.0786535267917623, 0.00200000000000000 ) );
#1163 = CARTESIAN_POINT( '', ( -0.378052619238361, -0.0860407914704605, 0.00200000000000000 ) );
#1164 = CARTESIAN_POINT( '', ( -0.352150979894098, -0.0933631958420452, 0.00200000000000000 ) );
#1165 = CARTESIAN_POINT( '', ( -0.337544638184682, -0.0974924148063108, 0.00200000000000000 ) );
#1166 = CARTESIAN_POINT( '', ( -0.327888684812132, -0.102543523710898, 0.00200000000000000 ) );
#1167 = CARTESIAN_POINT( '', ( -0.323626389730164, -0.109428769612537, 0.00200000000000000 ) );
#1168 = CARTESIAN_POINT( '', ( -0.319217359899473, -0.116551048569807, 0.00200000000000000 ) );
#1169 = CARTESIAN_POINT( '', ( -0.317069012680984, -0.130412376169914, 0.00200000000000000 ) );
#1170 = CARTESIAN_POINT( '', ( -0.317069012680984, -0.193363195842045, 0.00200000000000000 ) );
#1171 = CARTESIAN_POINT( '', ( -0.338052619238361, -0.214346802399423, 0.00200000000000000 ) );
#1172 = CARTESIAN_POINT( '', ( -0.427232947107213, -0.214346802399423, 0.00200000000000000 ) );
#1173 = CARTESIAN_POINT( '', ( -0.450511635631804, -0.186805818792865, 0.00200000000000000 ) );
#1174 = CARTESIAN_POINT( '', ( -0.450511635631804, -0.132051720432209, 0.00200000000000000 ) );
#1175 = DIRECTION( '', ( 0.000000000000000, 0.000000000000000, -1.00000000000000 ) );
#1176 = SURFACE_STYLE_FILL_AREA( #2145 );
#1177 = ORIENTED_EDGE( '', *, *, #2146, .F. );
#1178 = ORIENTED_EDGE( '', *, *, #2147, .F. );
#1179 = ORIENTED_EDGE( '', *, *, #2148, .T. );
#1180 = ORIENTED_EDGE( '', *, *, #2142, .T. );
#1181 = CARTESIAN_POINT( '', ( -0.315101799566230, 0.0712269680923810, 0.00200000000000000 ) );
#1182 = DIRECTION( '', ( 0.000000000000000, -1.00000000000000, 0.000000000000000 ) );
#1183 = DIRECTION( '', ( 0.000000000000000, 0.000000000000000, -1.00000000000000 ) );
#1184 = SURFACE_STYLE_FILL_AREA( #2149 );
#1185 = ORIENTED_EDGE( '', *, *, #2150, .F. );
#1186 = ORIENTED_EDGE( '', *, *, #2151, .F. );
#1187 = ORIENTED_EDGE( '', *, *, #2152, .T. );
#1188 = ORIENTED_EDGE( '', *, *, #2153, .T. );
#1189 = CARTESIAN_POINT( '', ( 0.324242462728852, -0.296314015514176, 0.00200000000000000 ) );
#1190 = DIRECTION( '', ( 0.000000000000000, -1.00000000000000, 0.000000000000000 ) );
#1191 = DIRECTION( '', ( 0.000000000000000, 0.000000000000000, -1.00000000000000 ) );
#1192 = SURFACE_STYLE_FILL_AREA( #2154 );
#1193 = ORIENTED_EDGE( '', *, *, #2155, .F. );
#1194 = ORIENTED_EDGE( '', *, *, #2156, .F. );
#1195 = ORIENTED_EDGE( '', *, *, #2157, .T. );
#1196 = ORIENTED_EDGE( '', *, *, #2120, .T. );
#1197 = CARTESIAN_POINT( '', ( -0.907888684812132, -0.325166474530570, 0.00200000000000000 ) );
#1198 = DIRECTION( '', ( 0.000000000000000, -1.00000000000000, 0.000000000000000 ) );
#1199 = DIRECTION( '', ( 0.000000000000000, 0.000000000000000, -1.00000000000000 ) );
#1200 = SURFACE_STYLE_FILL_AREA( #2158 );
#1201 = ORIENTED_EDGE( '', *, *, #2159, .F. );
#1202 = ORIENTED_EDGE( '', *, *, #2160, .F. );
#1203 = ORIENTED_EDGE( '', *, *, #2161, .T. );
#1204 = ORIENTED_EDGE( '', *, *, #2162, .T. );
#1205 = CARTESIAN_POINT( '', ( -0.612150979894099, -0.325166474530570, 0.00200000000000000 ) );
#1206 = DIRECTION( '', ( -0.962261505627949, -0.272126431620732, 0.000000000000000 ) );
#1207 = DIRECTION( '', ( 0.272126431620732, -0.962261505627949, 0.000000000000000 ) );
#1208 = SURFACE_STYLE_FILL_AREA( #2163 );
#1209 = ORIENTED_EDGE( '', *, *, #2164, .F. );
#1210 = ORIENTED_EDGE( '', *, *, #2165, .F. );
#1211 = ORIENTED_EDGE( '', *, *, #2126, .T. );
#1212 = ORIENTED_EDGE( '', *, *, #2095, .T. );
#1213 = CARTESIAN_POINT( '', ( 0.445881806991147, -0.189756638464996, 0.00200000000000000 ) );
#1214 = CARTESIAN_POINT( '', ( 0.466209675843606, -0.229100900760078, 0.00200000000000000 ) );
#1215 = CARTESIAN_POINT( '', ( 0.497357216827213, -0.248773031907619, 0.00200000000000000 ) );
#1216 = CARTESIAN_POINT( '', ( 0.568832626663278, -0.248773031907619, 0.00200000000000000 ) );
#1217 = CARTESIAN_POINT( '', ( 0.591783446335410, -0.240904179448603, 0.00200000000000000 ) );
#1218 = CARTESIAN_POINT( '', ( 0.608504757810819, -0.224838605678111, 0.00200000000000000 ) );
#1219 = CARTESIAN_POINT( '', ( 0.625055580104852, -0.208936835238745, 0.00200000000000000 ) );
#1220 = CARTESIAN_POINT( '', ( 0.633094921745246, -0.184182867973193, 0.00200000000000000 ) );
#1221 = CARTESIAN_POINT( '', ( 0.633094921745246, -0.151068113874832, 0.00200000000000000 ) );
#1222 = CARTESIAN_POINT( '', ( 0.633094921745246, -0.0591555455688212, 0.00200000000000000 ) );
#1223 = CARTESIAN_POINT( '', ( 0.633094921745246, 0.0327570227371898, 0.00200000000000000 ) );
#1224 = CARTESIAN_POINT( '', ( 0.633094921745246, 0.124669591043201, 0.00200000000000000 ) );
#1225 = DIRECTION( '', ( 0.000000000000000, 0.000000000000000, -1.00000000000000 ) );
#1226 = SURFACE_STYLE_FILL_AREA( #2166 );
#1227 = ORIENTED_EDGE( '', *, *, #2167, .F. );
#1228 = ORIENTED_EDGE( '', *, *, #2168, .F. );
#1229 = ORIENTED_EDGE( '', *, *, #2169, .T. );
#1230 = ORIENTED_EDGE( '', *, *, #2151, .T. );
#1231 = CARTESIAN_POINT( '', ( 0.324242462728852, -0.366477949940406, 0.00200000000000000 ) );
#1232 = DIRECTION( '', ( -1.00000000000000, 0.000000000000000, 0.000000000000000 ) );
#1233 = DIRECTION( '', ( 0.000000000000000, 0.000000000000000, 1.00000000000000 ) );
#1234 = SURFACE_STYLE_FILL_AREA( #2170 );
#1235 = ORIENTED_EDGE( '', *, *, #2171, .F. );
#1236 = ORIENTED_EDGE( '', *, *, #2172, .F. );
#1237 = ORIENTED_EDGE( '', *, *, #2173, .T. );
#1238 = ORIENTED_EDGE( '', *, *, #2174, .T. );
#1239 = CARTESIAN_POINT( '', ( -0.149200160221967, -0.183527130268275, 0.00200000000000000 ) );
#1240 = DIRECTION( '', ( 0.000000000000000, 1.00000000000000, 0.000000000000000 ) );
#1241 = DIRECTION( '', ( 0.000000000000000, 0.000000000000000, 1.00000000000000 ) );
#1242 = SURFACE_STYLE_FILL_AREA( #2175 );
#1243 = ORIENTED_EDGE( '', *, *, #2089, .F. );
#1244 = ORIENTED_EDGE( '', *, *, #2176, .T. );
#1245 = ORIENTED_EDGE( '', *, *, #2177, .F. );
#1246 = ORIENTED_EDGE( '', *, *, #2087, .F. );
#1247 = ORIENTED_EDGE( '', *, *, #2178, .T. );
#1248 = ORIENTED_EDGE( '', *, *, #2179, .T. );
#1249 = ORIENTED_EDGE( '', *, *, #2180, .T. );
#1250 = ORIENTED_EDGE( '', *, *, #2181, .F. );
#1251 = CARTESIAN_POINT( '', ( -1.50000000000000, -1.50000000000000, 2.00000000000000 ) );
#1252 = DIRECTION( '', ( 0.000000000000000, 1.00000000000000, 0.000000000000000 ) );
#1253 = DIRECTION( '', ( 0.000000000000000, 0.000000000000000, 1.00000000000000 ) );
#1254 = SURFACE_STYLE_FILL_AREA( #2182 );
#1255 = ORIENTED_EDGE( '', *, *, #2183, .F. );
#1256 = ORIENTED_EDGE( '', *, *, #2184, .F. );
#1257 = ORIENTED_EDGE( '', *, *, #2185, .F. );
#1258 = ORIENTED_EDGE( '', *, *, #2186, .F. );
#1259 = CARTESIAN_POINT( '', ( 0.000000000000000, 0.000000000000000, 0.000200000000000000 ) );
#1260 = DIRECTION( '', ( 0.000000000000000, 0.000000000000000, -1.00000000000000 ) );
#1261 = DIRECTION( '', ( -1.00000000000000, 0.000000000000000, 0.000000000000000 ) );
#1262 = SURFACE_STYLE_FILL_AREA( #2187 );
#1263 = ORIENTED_EDGE( '', *, *, #2188, .F. );
#1264 = ORIENTED_EDGE( '', *, *, #2189, .F. );
#1265 = ORIENTED_EDGE( '', *, *, #2190, .T. );
#1266 = ORIENTED_EDGE( '', *, *, #2115, .T. );
#1267 = CARTESIAN_POINT( '', ( 0.710144102073115, 0.162046640223528, 0.00200000000000000 ) );
#1268 = DIRECTION( '', ( 0.000000000000000, 1.00000000000000, 0.000000000000000 ) );
#1269 = DIRECTION( '', ( 0.000000000000000, 0.000000000000000, 1.00000000000000 ) );
#1270 = SURFACE_STYLE_FILL_AREA( #2191 );
#1271 = ORIENTED_EDGE( '', *, *, #2090, .F. );
#1272 = ORIENTED_EDGE( '', *, *, #2181, .T. );
#1273 = ORIENTED_EDGE( '', *, *, #2192, .T. );
#1274 = ORIENTED_EDGE( '', *, *, #2193, .F. );
#1275 = CARTESIAN_POINT( '', ( 1.50000000000000, -1.50000000000000, 2.00000000000000 ) );
#1276 = DIRECTION( '', ( -1.00000000000000, 0.000000000000000, 0.000000000000000 ) );
#1277 = DIRECTION( '', ( 0.000000000000000, 0.000000000000000, 1.00000000000000 ) );
#1278 = SURFACE_STYLE_FILL_AREA( #2194 );
#1279 = ORIENTED_EDGE( '', *, *, #2195, .F. );
#1280 = ORIENTED_EDGE( '', *, *, #2196, .F. );
#1281 = ORIENTED_EDGE( '', *, *, #2197, .T. );
#1282 = ORIENTED_EDGE( '', *, *, #2198, .T. );
#1283 = CARTESIAN_POINT( '', ( -0.242642783172787, 0.0945056566169712, 0.00200000000000000 ) );
#1284 = DIRECTION( '', ( -1.00000000000000, 0.000000000000000, 0.000000000000000 ) );
#1285 = DIRECTION( '', ( 0.000000000000000, 0.000000000000000, 1.00000000000000 ) );
#1286 = SURFACE_STYLE_FILL_AREA( #2199 );
#1287 = ORIENTED_EDGE( '', *, *, #2200, .F. );
#1288 = ORIENTED_EDGE( '', *, *, #2201, .F. );
#1289 = ORIENTED_EDGE( '', *, *, #2202, .T. );
#1290 = ORIENTED_EDGE( '', *, *, #2203, .T. );
#1291 = CARTESIAN_POINT( '', ( -0.610839504484263, 0.124669591043201, 0.00200000000000000 ) );
#1292 = DIRECTION( '', ( 1.00000000000000, 0.000000000000000, 0.000000000000000 ) );
#1293 = DIRECTION( '', ( 0.000000000000000, 0.000000000000000, -1.00000000000000 ) );
#1294 = SURFACE_STYLE_FILL_AREA( #2204 );
#1295 = ORIENTED_EDGE( '', *, *, #2205, .F. );
#1296 = ORIENTED_EDGE( '', *, *, #2206, .F. );
#1297 = ORIENTED_EDGE( '', *, *, #2207, .T. );
#1298 = ORIENTED_EDGE( '', *, *, #2208, .T. );
#1299 = CARTESIAN_POINT( '', ( 0.899980167646885, -0.184182867973193, 0.00200000000000000 ) );
#1300 = DIRECTION( '', ( 0.000000000000000, 1.00000000000000, 0.000000000000000 ) );
#1301 = DIRECTION( '', ( 0.000000000000000, 0.000000000000000, 1.00000000000000 ) );
#1302 = SURFACE_STYLE_FILL_AREA( #2209 );
#1303 = ORIENTED_EDGE( '', *, *, #2210, .F. );
#1304 = ORIENTED_EDGE( '', *, *, #2211, .F. );
#1305 = ORIENTED_EDGE( '', *, *, #2212, .T. );
#1306 = ORIENTED_EDGE( '', *, *, #2213, .T. );
#1307 = CARTESIAN_POINT( '', ( -0.639036225795738, -0.366477949940406, 0.00200000000000000 ) );
#1308 = DIRECTION( '', ( 0.000000000000000, 1.00000000000000, 0.000000000000000 ) );
#1309 = DIRECTION( '', ( 0.000000000000000, 0.000000000000000, 1.00000000000000 ) );
#1310 = SURFACE_STYLE_FILL_AREA( #2214 );
#1311 = ORIENTED_EDGE( '', *, *, #2215, .F. );
#1312 = ORIENTED_EDGE( '', *, *, #2216, .F. );
#1313 = ORIENTED_EDGE( '', *, *, #2217, .T. );
#1314 = ORIENTED_EDGE( '', *, *, #2218, .T. );
#1315 = CARTESIAN_POINT( '', ( -0.953462455303935, -0.366477949940406, 0.00200000000000000 ) );
#1316 = DIRECTION( '', ( 0.000000000000000, 1.00000000000000, 0.000000000000000 ) );
#1317 = DIRECTION( '', ( 0.000000000000000, 0.000000000000000, 1.00000000000000 ) );
#1318 = SURFACE_STYLE_FILL_AREA( #2219 );
#1319 = ORIENTED_EDGE( '', *, *, #2220, .F. );
#1320 = ORIENTED_EDGE( '', *, *, #2221, .F. );
#1321 = ORIENTED_EDGE( '', *, *, #2183, .T. );
#1322 = ORIENTED_EDGE( '', *, *, #2222, .T. );
#1323 = CARTESIAN_POINT( '', ( 1.50000000000000, 0.600000000000000, 0.000200000000000000 ) );
#1324 = DIRECTION( '', ( 1.00000000000000, 0.000000000000000, 0.000000000000000 ) );
#1325 = DIRECTION( '', ( 0.000000000000000, 0.000000000000000, -1.00000000000000 ) );
#1326 = SURFACE_STYLE_FILL_AREA( #2223 );
#1327 = ORIENTED_EDGE( '', *, *, #2224, .F. );
#1328 = ORIENTED_EDGE( '', *, *, #2225, .F. );
#1329 = ORIENTED_EDGE( '', *, *, #2226, .T. );
#1330 = ORIENTED_EDGE( '', *, *, #2227, .T. );
#1331 = CARTESIAN_POINT( '', ( -0.317069012680984, -0.0815599171535207, 0.00200000000000000 ) );
#1332 = DIRECTION( '', ( 0.000000000000000, -1.00000000000000, 0.000000000000000 ) );
#1333 = DIRECTION( '', ( 0.000000000000000, 0.000000000000000, -1.00000000000000 ) );
#1334 = SURFACE_STYLE_FILL_AREA( #2228 );
#1335 = ORIENTED_EDGE( '', *, *, #2229, .F. );
#1336 = ORIENTED_EDGE( '', *, *, #2230, .F. );
#1337 = ORIENTED_EDGE( '', *, *, #2185, .T. );
#1338 = ORIENTED_EDGE( '', *, *, #2231, .T. );
#1339 = CARTESIAN_POINT( '', ( -1.50000000000000, -0.600000000000000, 0.000200000000000000 ) );
#1340 = DIRECTION( '', ( -1.00000000000000, 0.000000000000000, 0.000000000000000 ) );
#1341 = DIRECTION( '', ( 0.000000000000000, 0.000000000000000, 1.00000000000000 ) );
#1342 = SURFACE_STYLE_FILL_AREA( #2232 );
#1343 = ORIENTED_EDGE( '', *, *, #2233, .F. );
#1344 = ORIENTED_EDGE( '', *, *, #2121, .F. );
#1345 = ORIENTED_EDGE( '', *, *, #2157, .F. );
#1346 = ORIENTED_EDGE( '', *, *, #2234, .F. );
#1347 = ORIENTED_EDGE( '', *, *, #2235, .F. );
#1348 = ORIENTED_EDGE( '', *, *, #2161, .F. );
#1349 = ORIENTED_EDGE( '', *, *, #2236, .F. );
#1350 = ORIENTED_EDGE( '', *, *, #2202, .F. );
#1351 = ORIENTED_EDGE( '', *, *, #2237, .F. );
#1352 = ORIENTED_EDGE( '', *, *, #2238, .F. );
#1353 = ORIENTED_EDGE( '', *, *, #2212, .F. );
#1354 = ORIENTED_EDGE( '', *, *, #2239, .F. );
#1355 = ORIENTED_EDGE( '', *, *, #2081, .F. );
#1356 = ORIENTED_EDGE( '', *, *, #2240, .F. );
#1357 = ORIENTED_EDGE( '', *, *, #2217, .F. );
#1358 = ORIENTED_EDGE( '', *, *, #2241, .F. );
#1359 = CARTESIAN_POINT( '', ( -0.931495242189181, 0.124669591043201, 0.00200000000000000 ) );
#1360 = DIRECTION( '', ( 0.000000000000000, 0.000000000000000, -1.00000000000000 ) );
#1361 = DIRECTION( '', ( -1.00000000000000, 0.000000000000000, 0.000000000000000 ) );
#1362 = SURFACE_STYLE_FILL_AREA( #2242 );
#1363 = ORIENTED_EDGE( '', *, *, #2243, .F. );
#1364 = ORIENTED_EDGE( '', *, *, #2244, .F. );
#1365 = ORIENTED_EDGE( '', *, *, #2237, .T. );
#1366 = ORIENTED_EDGE( '', *, *, #2201, .T. );
#1367 = CARTESIAN_POINT( '', ( -0.566577209402295, 0.124669591043201, 0.00200000000000000 ) );
#1368 = DIRECTION( '', ( 0.000000000000000, -1.00000000000000, 0.000000000000000 ) );
#1369 = DIRECTION( '', ( 0.000000000000000, 0.000000000000000, -1.00000000000000 ) );
#1370 = SURFACE_STYLE_FILL_AREA( #2245 );
#1371 = ORIENTED_EDGE( '', *, *, #2246, .F. );
#1372 = ORIENTED_EDGE( '', *, *, #2117, .F. );
#1373 = ORIENTED_EDGE( '', *, *, #2247, .T. );
#1374 = ORIENTED_EDGE( '', *, *, #2248, .T. );
#1375 = CARTESIAN_POINT( '', ( 0.897029347974754, 0.0594236894038564, 0.00200000000000000 ) );
#1376 = DIRECTION( '', ( 0.000000000000000, -1.00000000000000, 0.000000000000000 ) );
#1377 = DIRECTION( '', ( 0.000000000000000, 0.000000000000000, -1.00000000000000 ) );
#1378 = SURFACE_STYLE_FILL_AREA( #2249 );
#1379 = ORIENTED_EDGE( '', *, *, #2250, .F. );
#1380 = ORIENTED_EDGE( '', *, *, #2251, .F. );
#1381 = ORIENTED_EDGE( '', *, *, #2252, .T. );
#1382 = ORIENTED_EDGE( '', *, *, #2196, .T. );
#1383 = CARTESIAN_POINT( '', ( -0.491823111041640, -0.132051720432209, 0.00200000000000000 ) );
#1384 = CARTESIAN_POINT( '', ( -0.491823111041640, -0.209756638464996, 0.00200000000000000 ) );
#1385 = CARTESIAN_POINT( '', ( -0.454118193008853, -0.248773031907619, 0.00200000000000000 ) );
#1386 = CARTESIAN_POINT( '', ( -0.310183766779345, -0.248773031907619, 0.00200000000000000 ) );
#1387 = CARTESIAN_POINT( '', ( -0.275757537271148, -0.216641884366635, 0.00200000000000000 ) );
#1388 = CARTESIAN_POINT( '', ( -0.275757537271148, -0.152051720432209, 0.00200000000000000 ) );
#1389 = CARTESIAN_POINT( '', ( -0.275757537271148, -0.0799205728912255, 0.00200000000000000 ) );
#1390 = CARTESIAN_POINT( '', ( -0.275757537271148, -0.00778942535024197, 0.00200000000000000 ) );
#1391 = CARTESIAN_POINT( '', ( -0.275757537271148, 0.0643417221907416, 0.00200000000000000 ) );
#1392 = CARTESIAN_POINT( '', ( -0.275757537271148, 0.0843417221907417, 0.00200000000000000 ) );
#1393 = CARTESIAN_POINT( '', ( -0.268544422517050, 0.0945056566169712, 0.00200000000000000 ) );
#1394 = CARTESIAN_POINT( '', ( -0.254446061861312, 0.0945056566169712, 0.00200000000000000 ) );
#1395 = CARTESIAN_POINT( '', ( -0.250511635631803, 0.0945056566169712, 0.00200000000000000 ) );
#1396 = CARTESIAN_POINT( '', ( -0.246577209402296, 0.0945056566169712, 0.00200000000000000 ) );
#1397 = CARTESIAN_POINT( '', ( -0.242642783172787, 0.0945056566169712, 0.00200000000000000 ) );
#1398 = DIRECTION( '', ( 0.000000000000000, 0.000000000000000, -1.00000000000000 ) );
#1399 = SURFACE_STYLE_FILL_AREA( #2253 );
#1400 = ORIENTED_EDGE( '', *, *, #2254, .F. );
#1401 = ORIENTED_EDGE( '', *, *, #2227, .F. );
#1402 = ORIENTED_EDGE( '', *, *, #2255, .T. );
#1403 = ORIENTED_EDGE( '', *, *, #2256, .T. );
#1404 = CARTESIAN_POINT( '', ( -0.318380488090820, -0.0815599171535207, 0.00200000000000000 ) );
#1405 = CARTESIAN_POINT( '', ( -0.321659176615410, -0.0733631958420452, 0.00200000000000000 ) );
#1406 = CARTESIAN_POINT( '', ( -0.336413274976066, -0.0651664745305698, 0.00200000000000000 ) );
#1407 = CARTESIAN_POINT( '', ( -0.362642783172787, -0.0576254909240124, 0.00200000000000000 ) );
#1408 = CARTESIAN_POINT( '', ( -0.373924739818137, -0.0543819283884744, 0.00200000000000000 ) );
#1409 = CARTESIAN_POINT( '', ( -0.385375023609946, -0.0517238515797502, 0.00200000000000000 ) );
#1410 = CARTESIAN_POINT( '', ( -0.396741143828525, -0.0487730319076190, 0.00200000000000000 ) );
#1411 = CARTESIAN_POINT( '', ( -0.418369753190324, -0.0431579121694596, 0.00200000000000000 ) );
#1412 = CARTESIAN_POINT( '', ( -0.434118193008853, -0.0343468023994223, 0.00200000000000000 ) );
#1413 = CARTESIAN_POINT( '', ( -0.444282127435083, -0.0228713925633567, 0.00200000000000000 ) );
#1414 = CARTESIAN_POINT( '', ( -0.454608796401531, -0.0112122501818829, 0.00200000000000000 ) );
#1415 = CARTESIAN_POINT( '', ( -0.459364094648197, 0.00565319760057777, 0.00200000000000000 ) );
#1416 = CARTESIAN_POINT( '', ( -0.459364094648197, 0.0492597549776269, 0.00200000000000000 ) );
#1417 = CARTESIAN_POINT( '', ( -0.454446061861312, 0.0666368041579548, 0.00200000000000000 ) );
#1418 = CARTESIAN_POINT( '', ( -0.443954258582624, 0.0794236894038565, 0.00200000000000000 ) );
#1419 = CARTESIAN_POINT( '', ( -0.433594375816673, 0.0920497965248588, 0.00200000000000000 ) );
#1420 = CARTESIAN_POINT( '', ( -0.419691963500656, 0.0987679516989384, 0.00200000000000000 ) );
#1421 = CARTESIAN_POINT( '', ( -0.376085406123607, 0.0987679516989384, 0.00200000000000000 ) );
#1422 = CARTESIAN_POINT( '', ( -0.355429668418689, 0.0895876238300860, 0.00200000000000000 ) );
#1423 = CARTESIAN_POINT( '', ( -0.324609996287541, 0.0535220500595941, 0.00200000000000000 ) );
#1424 = CARTESIAN_POINT( '', ( -0.317069012680984, 0.0279482795677908, 0.00200000000000000 ) );
#1425 = CARTESIAN_POINT( '', ( -0.317069012680984, -0.00451073682565176, 0.00200000000000000 ) );
#1426 = DIRECTION( '', ( 0.000000000000000, 0.000000000000000, -1.00000000000000 ) );
#1427 = SURFACE_STYLE_FILL_AREA( #2257 );
#1428 = ORIENTED_EDGE( '', *, *, #2258, .F. );
#1429 = ORIENTED_EDGE( '', *, *, #2198, .F. );
#1430 = ORIENTED_EDGE( '', *, *, #2259, .T. );
#1431 = ORIENTED_EDGE( '', *, *, #2147, .T. );
#1432 = CARTESIAN_POINT( '', ( -0.242642783172787, 0.124669591043201, 0.00200000000000000 ) );
#1433 = CARTESIAN_POINT( '', ( -0.250511635631803, 0.127620410715332, 0.00200000000000000 ) );
#1434 = CARTESIAN_POINT( '', ( -0.257069012680984, 0.128931886125168, 0.00200000000000000 ) );
#1435 = CARTESIAN_POINT( '', ( -0.280019832353115, 0.128931886125168, 0.00200000000000000 ) );
#1436 = CARTESIAN_POINT( '', ( -0.293134586451476, 0.125653197600578, 0.00200000000000000 ) );
#1437 = CARTESIAN_POINT( '', ( -0.301987045467869, 0.119751558256315, 0.00200000000000000 ) );
#1438 = CARTESIAN_POINT( '', ( -0.310763842441387, 0.113900360273970, 0.00200000000000000 ) );
#1439 = CARTESIAN_POINT( '', ( -0.315101799566230, 0.101390902518610, 0.00200000000000000 ) );
#1440 = CARTESIAN_POINT( '', ( -0.315101799566230, 0.0833581156333647, 0.00200000000000000 ) );
#1441 = CARTESIAN_POINT( '', ( -0.315101799566230, 0.0793143997863701, 0.00200000000000000 ) );
#1442 = CARTESIAN_POINT( '', ( -0.315101799566230, 0.0752706839393756, 0.00200000000000000 ) );
#1443 = CARTESIAN_POINT( '', ( -0.315101799566230, 0.0712269680923810, 0.00200000000000000 ) );
#1444 = DIRECTION( '', ( 0.000000000000000, 0.000000000000000, -1.00000000000000 ) );
#1445 = SURFACE_STYLE_FILL_AREA( #2260 );
#1446 = ORIENTED_EDGE( '', *, *, #2261, .F. );
#1447 = ORIENTED_EDGE( '', *, *, #2112, .F. );
#1448 = ORIENTED_EDGE( '', *, *, #2262, .T. );
#1449 = ORIENTED_EDGE( '', *, *, #2263, .T. );
#1450 = CARTESIAN_POINT( '', ( 0.282930987319016, 0.124669591043201, 0.00200000000000000 ) );
#1451 = DIRECTION( '', ( 1.00000000000000, 0.000000000000000, 0.000000000000000 ) );
#1452 = DIRECTION( '', ( 0.000000000000000, 0.000000000000000, -1.00000000000000 ) );
#1453 = SURFACE_STYLE_FILL_AREA( #2264 );
#1454 = ORIENTED_EDGE( '', *, *, #2265, .F. );
#1455 = ORIENTED_EDGE( '', *, *, #2207, .F. );
#1456 = ORIENTED_EDGE( '', *, *, #2266, .F. );
#1457 = ORIENTED_EDGE( '', *, *, #2247, .F. );
#1458 = ORIENTED_EDGE( '', *, *, #2116, .F. );
#1459 = ORIENTED_EDGE( '', *, *, #2190, .F. );
#1460 = ORIENTED_EDGE( '', *, *, #2267, .F. );
#1461 = ORIENTED_EDGE( '', *, *, #2268, .F. );
#1462 = ORIENTED_EDGE( '', *, *, #2269, .F. );
#1463 = CARTESIAN_POINT( '', ( 0.937482197126941, 0.124209216810671, 0.00200000000000000 ) );
#1464 = DIRECTION( '', ( 0.000000000000000, 0.000000000000000, -1.00000000000000 ) );
#1465 = DIRECTION( '', ( -1.00000000000000, 0.000000000000000, 0.000000000000000 ) );
#1466 = SURFACE_STYLE_FILL_AREA( #2270 );
#1467 = ORIENTED_EDGE( '', *, *, #2271, .F. );
#1468 = ORIENTED_EDGE( '', *, *, #2272, .F. );
#1469 = ORIENTED_EDGE( '', *, *, #2273, .T. );
#1470 = ORIENTED_EDGE( '', *, *, #2274, .T. );
#1471 = CARTESIAN_POINT( '', ( -0.00395425858262343, -0.366477949940406, 0.00200000000000000 ) );
#1472 = DIRECTION( '', ( 0.000000000000000, 1.00000000000000, 0.000000000000000 ) );
#1473 = DIRECTION( '', ( 0.000000000000000, 0.000000000000000, 1.00000000000000 ) );
#1474 = SURFACE_STYLE_FILL_AREA( #2275 );
#1475 = ORIENTED_EDGE( '', *, *, #2276, .F. );
#1476 = ORIENTED_EDGE( '', *, *, #2277, .F. );
#1477 = ORIENTED_EDGE( '', *, *, #2268, .T. );
#1478 = ORIENTED_EDGE( '', *, *, #2278, .T. );
#1479 = CARTESIAN_POINT( '', ( 0.901291643056721, -0.240576310596144, 0.00200000000000000 ) );
#1480 = DIRECTION( '', ( 0.000000000000000, 1.00000000000000, 0.000000000000000 ) );
#1481 = DIRECTION( '', ( 0.000000000000000, 0.000000000000000, 1.00000000000000 ) );
#1482 = SURFACE_STYLE_FILL_AREA( #2279 );
#1483 = ORIENTED_EDGE( '', *, *, #2280, .F. );
#1484 = ORIENTED_EDGE( '', *, *, #2174, .F. );
#1485 = ORIENTED_EDGE( '', *, *, #2281, .T. );
#1486 = ORIENTED_EDGE( '', *, *, #2282, .T. );
#1487 = CARTESIAN_POINT( '', ( -0.147888684812131, -0.183527130268275, 0.00200000000000000 ) );
#1488 = CARTESIAN_POINT( '', ( -0.140019832353115, -0.204182867973193, 0.00200000000000000 ) );
#1489 = CARTESIAN_POINT( '', ( -0.128216553664590, -0.220248441743684, 0.00200000000000000 ) );
#1490 = CARTESIAN_POINT( '', ( -0.0960854061236068, -0.243199261415816, 0.00200000000000000 ) );
#1491 = CARTESIAN_POINT( '', ( -0.0770690126809840, -0.248773031907619, 0.00200000000000000 ) );
#1492 = CARTESIAN_POINT( '', ( -0.0511673733367215, -0.248773031907619, 0.00200000000000000 ) );
#1493 = CARTESIAN_POINT( '', ( -0.0462493405498363, -0.248117294202701, 0.00200000000000000 ) );
#1494 = CARTESIAN_POINT( '', ( -0.0413313077629511, -0.246805818792865, 0.00200000000000000 ) );
#1495 = DIRECTION( '', ( 0.000000000000000, 0.000000000000000, -1.00000000000000 ) );
#1496 = SURFACE_STYLE_FILL_AREA( #2283 );
#1497 = ORIENTED_EDGE( '', *, *, #2220, .T. );
#1498 = ORIENTED_EDGE( '', *, *, #2284, .T. );
#1499 = ORIENTED_EDGE( '', *, *, #2229, .T. );
#1500 = ORIENTED_EDGE( '', *, *, #2285, .T. );
#1501 = CARTESIAN_POINT( '', ( 0.000000000000000, 0.000000000000000, 0.000000000000000 ) );
#1502 = DIRECTION( '', ( 0.000000000000000, 0.000000000000000, -1.00000000000000 ) );
#1503 = DIRECTION( '', ( -1.00000000000000, 0.000000000000000, 0.000000000000000 ) );
#1504 = SURFACE_STYLE_FILL_AREA( #2286 );
#1505 = ORIENTED_EDGE( '', *, *, #2287, .F. );
#1506 = ORIENTED_EDGE( '', *, *, #2203, .F. );
#1507 = ORIENTED_EDGE( '', *, *, #2236, .T. );
#1508 = ORIENTED_EDGE( '', *, *, #2160, .T. );
#1509 = CARTESIAN_POINT( '', ( -0.610839504484263, -0.325166474530570, 0.00200000000000000 ) );
#1510 = DIRECTION( '', ( 0.000000000000000, -1.00000000000000, 0.000000000000000 ) );
#1511 = DIRECTION( '', ( 0.000000000000000, 0.000000000000000, -1.00000000000000 ) );
#1512 = SURFACE_STYLE_FILL_AREA( #2288 );
#1513 = ORIENTED_EDGE( '', *, *, #2289, .F. );
#1514 = ORIENTED_EDGE( '', *, *, #2290, .F. );
#1515 = ORIENTED_EDGE( '', *, *, #2128, .T. );
#1516 = ORIENTED_EDGE( '', *, *, #2291, .T. );
#1517 = CARTESIAN_POINT( '', ( 0.444570331581311, -0.240576310596144, 0.00200000000000000 ) );
#1518 = DIRECTION( '', ( -1.00000000000000, 0.000000000000000, 0.000000000000000 ) );
#1519 = DIRECTION( '', ( 0.000000000000000, 0.000000000000000, 1.00000000000000 ) );
#1520 = SURFACE_STYLE_FILL_AREA( #2292 );
#1521 = ORIENTED_EDGE( '', *, *, #2293, .F. );
#1522 = ORIENTED_EDGE( '', *, *, #2294, .F. );
#1523 = ORIENTED_EDGE( '', *, *, #2241, .T. );
#1524 = ORIENTED_EDGE( '', *, *, #2216, .T. );
#1525 = CARTESIAN_POINT( '', ( -0.953462455303935, 0.124669591043201, 0.00200000000000000 ) );
#1526 = DIRECTION( '', ( 1.00000000000000, 0.000000000000000, 0.000000000000000 ) );
#1527 = DIRECTION( '', ( 0.000000000000000, 0.000000000000000, -1.00000000000000 ) );
#1528 = SURFACE_STYLE_FILL_AREA( #2295 );
#1529 = ORIENTED_EDGE( '', *, *, #2296, .F. );
#1530 = ORIENTED_EDGE( '', *, *, #2297, .F. );
#1531 = ORIENTED_EDGE( '', *, *, #2298, .T. );
#1532 = ORIENTED_EDGE( '', *, *, #2110, .T. );
#1533 = CARTESIAN_POINT( '', ( 0.324242462728852, -0.240576310596144, 0.00200000000000000 ) );
#1534 = DIRECTION( '', ( -1.00000000000000, 0.000000000000000, 0.000000000000000 ) );
#1535 = DIRECTION( '', ( 0.000000000000000, 0.000000000000000, 1.00000000000000 ) );
#1536 = SURFACE_STYLE_FILL_AREA( #2299 );
#1537 = ORIENTED_EDGE( '', *, *, #2300, .F. );
#1538 = ORIENTED_EDGE( '', *, *, #2301, .F. );
#1539 = ORIENTED_EDGE( '', *, *, #2302, .T. );
#1540 = ORIENTED_EDGE( '', *, *, #2303, .T. );
#1541 = CARTESIAN_POINT( '', ( -0.0413313077629511, -0.205494343383029, 0.00200000000000000 ) );
#1542 = CARTESIAN_POINT( '', ( -0.0478886848121315, -0.206805818792865, 0.00200000000000000 ) );
#1543 = CARTESIAN_POINT( '', ( -0.0547739307137707, -0.207461556497783, 0.00200000000000000 ) );
#1544 = CARTESIAN_POINT( '', ( -0.0610034389104920, -0.207789425350242, 0.00200000000000000 ) );
#1545 = CARTESIAN_POINT( '', ( -0.0858354287664833, -0.209096372184768, 0.00200000000000000 ) );
#1546 = CARTESIAN_POINT( '', ( -0.106905078254754, -0.198609097481390, 0.00200000000000000 ) );
#1547 = CARTESIAN_POINT( '', ( -0.123954258582623, -0.180904179448603, 0.00200000000000000 ) );
#1548 = CARTESIAN_POINT( '', ( -0.141009506234452, -0.163192960733242, 0.00200000000000000 ) );
#1549 = CARTESIAN_POINT( '', ( -0.149200160221967, -0.136969753219094, 0.00200000000000000 ) );
#1550 = CARTESIAN_POINT( '', ( -0.149200160221967, -0.103854999120734, 0.00200000000000000 ) );
#1551 = CARTESIAN_POINT( '', ( -0.149200160221967, -0.0276801357327556, 0.00200000000000000 ) );
#1552 = CARTESIAN_POINT( '', ( -0.149200160221967, 0.0484947276552225, 0.00200000000000000 ) );
#1553 = CARTESIAN_POINT( '', ( -0.149200160221967, 0.124669591043201, 0.00200000000000000 ) );
#1554 = DIRECTION( '', ( 0.000000000000000, 0.000000000000000, -1.00000000000000 ) );
#1555 = SURFACE_STYLE_FILL_AREA( #2304 );
#1556 = ORIENTED_EDGE( '', *, *, #2305, .F. );
#1557 = ORIENTED_EDGE( '', *, *, #2306, .F. );
#1558 = ORIENTED_EDGE( '', *, *, #2307, .T. );
#1559 = ORIENTED_EDGE( '', *, *, #2168, .T. );
#1560 = CARTESIAN_POINT( '', ( 0.282930987319016, -0.366477949940406, 0.00200000000000000 ) );
#1561 = DIRECTION( '', ( 0.000000000000000, 1.00000000000000, 0.000000000000000 ) );
#1562 = DIRECTION( '', ( 0.000000000000000, 0.000000000000000, 1.00000000000000 ) );
#1563 = SURFACE_STYLE_FILL_AREA( #2308 );
#1564 = ORIENTED_EDGE( '', *, *, #2309, .F. );
#1565 = ORIENTED_EDGE( '', *, *, #2256, .F. );
#1566 = ORIENTED_EDGE( '', *, *, #2310, .T. );
#1567 = ORIENTED_EDGE( '', *, *, #2225, .T. );
#1568 = CARTESIAN_POINT( '', ( -0.317069012680984, -0.00451073682565176, 0.00200000000000000 ) );
#1569 = DIRECTION( '', ( 1.00000000000000, 0.000000000000000, 0.000000000000000 ) );
#1570 = DIRECTION( '', ( 0.000000000000000, 0.000000000000000, -1.00000000000000 ) );
#1571 = SURFACE_STYLE_FILL_AREA( #2311 );
#1572 = ORIENTED_EDGE( '', *, *, #2312, .F. );
#1573 = ORIENTED_EDGE( '', *, *, #2291, .F. );
#1574 = ORIENTED_EDGE( '', *, *, #2127, .T. );
#1575 = ORIENTED_EDGE( '', *, *, #2165, .T. );
#1576 = CARTESIAN_POINT( '', ( 0.444570331581311, -0.189756638464996, 0.00200000000000000 ) );
#1577 = DIRECTION( '', ( 0.000000000000000, 1.00000000000000, 0.000000000000000 ) );
#1578 = DIRECTION( '', ( 0.000000000000000, 0.000000000000000, 1.00000000000000 ) );
#1579 = SURFACE_STYLE_FILL_AREA( #2313 );
#1580 = ORIENTED_EDGE( '', *, *, #2314, .F. );
#1581 = ORIENTED_EDGE( '', *, *, #2315, .F. );
#1582 = ORIENTED_EDGE( '', *, *, #2316, .T. );
#1583 = ORIENTED_EDGE( '', *, *, #2317, .T. );
#1584 = CARTESIAN_POINT( '', ( -0.190511635631803, 0.124669591043201, 0.00200000000000000 ) );
#1585 = DIRECTION( '', ( 1.00000000000000, 0.000000000000000, 0.000000000000000 ) );
#1586 = DIRECTION( '', ( 0.000000000000000, 0.000000000000000, -1.00000000000000 ) );
#1587 = SURFACE_STYLE_FILL_AREA( #2318 );
#1588 = ORIENTED_EDGE( '', *, *, #2319, .F. );
#1589 = ORIENTED_EDGE( '', *, *, #2162, .F. );
#1590 = ORIENTED_EDGE( '', *, *, #2235, .T. );
#1591 = ORIENTED_EDGE( '', *, *, #2320, .T. );
#1592 = CARTESIAN_POINT( '', ( -0.739364094648197, 0.124669591043201, 0.00200000000000000 ) );
#1593 = DIRECTION( '', ( 0.000000000000000, -1.00000000000000, 0.000000000000000 ) );
#1594 = DIRECTION( '', ( 0.000000000000000, 0.000000000000000, -1.00000000000000 ) );
#1595 = SURFACE_STYLE_FILL_AREA( #2321 );
#1596 = ORIENTED_EDGE( '', *, *, #2322, .F. );
#1597 = ORIENTED_EDGE( '', *, *, #2097, .F. );
#1598 = ORIENTED_EDGE( '', *, *, #2125, .T. );
#1599 = ORIENTED_EDGE( '', *, *, #2323, .T. );
#1600 = CARTESIAN_POINT( '', ( 0.591783446335410, 0.124669591043201, 0.00200000000000000 ) );
#1601 = CARTESIAN_POINT( '', ( 0.591783446335410, 0.0365821593492116, 0.00200000000000000 ) );
#1602 = CARTESIAN_POINT( '', ( 0.591783446335410, -0.0515052723447775, 0.00200000000000000 ) );
#1603 = CARTESIAN_POINT( '', ( 0.591783446335410, -0.139592704038766, 0.00200000000000000 ) );
#1604 = CARTESIAN_POINT( '', ( 0.591783446335410, -0.189428769612537, 0.00200000000000000 ) );
#1605 = CARTESIAN_POINT( '', ( 0.571127708630492, -0.214346802399423, 0.00200000000000000 ) );
#1606 = CARTESIAN_POINT( '', ( 0.504898200433770, -0.214346802399423, 0.00200000000000000 ) );
#1607 = CARTESIAN_POINT( '', ( 0.485553938138688, -0.205822212235488, 0.00200000000000000 ) );
#1608 = CARTESIAN_POINT( '', ( 0.470799839778033, -0.189100900760078, 0.00200000000000000 ) );
#1609 = CARTESIAN_POINT( '', ( 0.455883082745437, -0.172195242789803, 0.00200000000000000 ) );
#1610 = CARTESIAN_POINT( '', ( 0.448832626663279, -0.149428769612537, 0.00200000000000000 ) );
#1611 = CARTESIAN_POINT( '', ( 0.448832626663279, -0.120904179448603, 0.00200000000000000 ) );
#1612 = CARTESIAN_POINT( '', ( 0.448832626663279, -0.0390462559513349, 0.00200000000000000 ) );
#1613 = CARTESIAN_POINT( '', ( 0.448832626663279, 0.0428116675459329, 0.00200000000000000 ) );
#1614 = CARTESIAN_POINT( '', ( 0.448832626663279, 0.124669591043201, 0.00200000000000000 ) );
#1615 = DIRECTION( '', ( 0.000000000000000, 0.000000000000000, -1.00000000000000 ) );
#1616 = SURFACE_STYLE_FILL_AREA( #2324 );
#1617 = ORIENTED_EDGE( '', *, *, #2325, .F. );
#1618 = ORIENTED_EDGE( '', *, *, #2082, .F. );
#1619 = ORIENTED_EDGE( '', *, *, #2239, .T. );
#1620 = ORIENTED_EDGE( '', *, *, #2211, .T. );
#1621 = CARTESIAN_POINT( '', ( -0.757396881533443, 0.0695876238300859, 0.00200000000000000 ) );
#1622 = DIRECTION( '', ( 0.965081274590535, 0.261950631674574, 0.000000000000000 ) );
#1623 = DIRECTION( '', ( -0.261950631674574, 0.965081274590535, 0.000000000000000 ) );
#1624 = SURFACE_STYLE_FILL_AREA( #2326 );
#1625 = ORIENTED_EDGE( '', *, *, #2327, .F. );
#1626 = ORIENTED_EDGE( '', *, *, #2317, .F. );
#1627 = ORIENTED_EDGE( '', *, *, #2328, .T. );
#1628 = ORIENTED_EDGE( '', *, *, #2329, .T. );
#1629 = CARTESIAN_POINT( '', ( -0.190511635631803, -0.240576310596144, 0.00200000000000000 ) );
#1630 = DIRECTION( '', ( 0.000000000000000, 1.00000000000000, 0.000000000000000 ) );
#1631 = DIRECTION( '', ( 0.000000000000000, 0.000000000000000, 1.00000000000000 ) );
#1632 = SURFACE_STYLE_FILL_AREA( #2330 );
#1633 = ORIENTED_EDGE( '', *, *, #2331, .F. );
#1634 = ORIENTED_EDGE( '', *, *, #2134, .F. );
#1635 = ORIENTED_EDGE( '', *, *, #2332, .T. );
#1636 = ORIENTED_EDGE( '', *, *, #2333, .T. );
#1637 = CARTESIAN_POINT( '', ( 0.231455577482951, -0.240576310596144, 0.00200000000000000 ) );
#1638 = DIRECTION( '', ( -0.775711678699104, -0.631087467416220, 0.000000000000000 ) );
#1639 = DIRECTION( '', ( 0.631087467416220, -0.775711678699104, 0.000000000000000 ) );
#1640 = SURFACE_STYLE_FILL_AREA( #2334 );
#1641 = ORIENTED_EDGE( '', *, *, #2335, .F. );
#1642 = ORIENTED_EDGE( '', *, *, #2336, .T. );
#1643 = ORIENTED_EDGE( '', *, *, #2084, .T. );
#1644 = ORIENTED_EDGE( '', *, *, #2177, .T. );
#1645 = CARTESIAN_POINT( '', ( 0.000000000000000, 0.000000000000000, 2.00000000000000 ) );
#1646 = DIRECTION( '', ( 0.000000000000000, 0.000000000000000, 1.00000000000000 ) );
#1647 = DIRECTION( '', ( 1.00000000000000, 0.000000000000000, 0.000000000000000 ) );
#1648 = SURFACE_STYLE_FILL_AREA( #2337 );
#1649 = ORIENTED_EDGE( '', *, *, #2224, .T. );
#1650 = ORIENTED_EDGE( '', *, *, #2254, .T. );
#1651 = ORIENTED_EDGE( '', *, *, #2309, .T. );
#1652 = CARTESIAN_POINT( '', ( 0.000000000000000, 0.000000000000000, 0.000000000000000 ) );
#1653 = DIRECTION( '', ( 0.000000000000000, 0.000000000000000, 1.00000000000000 ) );
#1654 = DIRECTION( '', ( 1.00000000000000, 0.000000000000000, 0.000000000000000 ) );
#1655 = SURFACE_STYLE_FILL_AREA( #2338 );
#1656 = ORIENTED_EDGE( '', *, *, #2339, .F. );
#1657 = ORIENTED_EDGE( '', *, *, #2320, .F. );
#1658 = ORIENTED_EDGE( '', *, *, #2234, .T. );
#1659 = ORIENTED_EDGE( '', *, *, #2156, .T. );
#1660 = CARTESIAN_POINT( '', ( -0.780675570058033, 0.124669591043201, 0.00200000000000000 ) );
#1661 = DIRECTION( '', ( 0.962261505627949, -0.272126431620732, 0.000000000000000 ) );
#1662 = DIRECTION( '', ( 0.272126431620732, 0.962261505627949, 0.000000000000000 ) );
#1663 = SURFACE_STYLE_FILL_AREA( #2340 );
#1664 = ORIENTED_EDGE( '', *, *, #2341, .T. );
#1665 = CARTESIAN_POINT( '', ( 0.000000000000000, 0.000000000000000, 0.000000000000000 ) );
#1666 = DIRECTION( '', ( 0.000000000000000, 0.000000000000000, 1.00000000000000 ) );
#1667 = DIRECTION( '', ( 1.00000000000000, 0.000000000000000, 0.000000000000000 ) );
#1668 = SURFACE_STYLE_FILL_AREA( #2342 );
#1669 = ORIENTED_EDGE( '', *, *, #2179, .F. );
#1670 = ORIENTED_EDGE( '', *, *, #2343, .T. );
#1671 = ORIENTED_EDGE( '', *, *, #2344, .T. );
#1672 = ORIENTED_EDGE( '', *, *, #2345, .T. );
#1673 = CARTESIAN_POINT( '', ( -1.50000000000000, 1.50000000000000, 2.00000000000000 ) );
#1674 = DIRECTION( '', ( 1.00000000000000, 0.000000000000000, 0.000000000000000 ) );
#1675 = DIRECTION( '', ( 0.000000000000000, 0.000000000000000, -1.00000000000000 ) );
#1676 = SURFACE_STYLE_FILL_AREA( #2346 );
#1677 = ORIENTED_EDGE( '', *, *, #2347, .F. );
#1678 = ORIENTED_EDGE( '', *, *, #2323, .F. );
#1679 = ORIENTED_EDGE( '', *, *, #2124, .T. );
#1680 = ORIENTED_EDGE( '', *, *, #2100, .T. );
#1681 = CARTESIAN_POINT( '', ( 0.448832626663279, 0.124669591043201, 0.00200000000000000 ) );
#1682 = DIRECTION( '', ( 0.000000000000000, -1.00000000000000, 0.000000000000000 ) );
#1683 = DIRECTION( '', ( 0.000000000000000, 0.000000000000000, -1.00000000000000 ) );
#1684 = SURFACE_STYLE_FILL_AREA( #2348 );
#1685 = ORIENTED_EDGE( '', *, *, #2347, .T. );
#1686 = ORIENTED_EDGE( '', *, *, #2099, .T. );
#1687 = ORIENTED_EDGE( '', *, *, #2349, .T. );
#1688 = ORIENTED_EDGE( '', *, *, #2289, .T. );
#1689 = ORIENTED_EDGE( '', *, *, #2312, .T. );
#1690 = ORIENTED_EDGE( '', *, *, #2164, .T. );
#1691 = ORIENTED_EDGE( '', *, *, #2094, .T. );
#1692 = ORIENTED_EDGE( '', *, *, #2322, .T. );
#1693 = ORIENTED_EDGE( '', *, *, #2150, .T. );
#1694 = ORIENTED_EDGE( '', *, *, #2350, .T. );
#1695 = ORIENTED_EDGE( '', *, *, #2305, .T. );
#1696 = ORIENTED_EDGE( '', *, *, #2167, .T. );
#1697 = ORIENTED_EDGE( '', *, *, #2351, .T. );
#1698 = ORIENTED_EDGE( '', *, *, #2314, .T. );
#1699 = ORIENTED_EDGE( '', *, *, #2327, .T. );
#1700 = ORIENTED_EDGE( '', *, *, #2352, .T. );
#1701 = ORIENTED_EDGE( '', *, *, #2171, .T. );
#1702 = ORIENTED_EDGE( '', *, *, #2280, .T. );
#1703 = ORIENTED_EDGE( '', *, *, #2353, .T. );
#1704 = ORIENTED_EDGE( '', *, *, #2300, .T. );
#1705 = ORIENTED_EDGE( '', *, *, #2354, .T. );
#1706 = ORIENTED_EDGE( '', *, *, #2293, .T. );
#1707 = ORIENTED_EDGE( '', *, *, #2215, .T. );
#1708 = ORIENTED_EDGE( '', *, *, #2355, .T. );
#1709 = ORIENTED_EDGE( '', *, *, #2079, .T. );
#1710 = ORIENTED_EDGE( '', *, *, #2325, .T. );
#1711 = ORIENTED_EDGE( '', *, *, #2210, .T. );
#1712 = ORIENTED_EDGE( '', *, *, #2356, .T. );
#1713 = ORIENTED_EDGE( '', *, *, #2243, .T. );
#1714 = ORIENTED_EDGE( '', *, *, #2200, .T. );
#1715 = ORIENTED_EDGE( '', *, *, #2287, .T. );
#1716 = ORIENTED_EDGE( '', *, *, #2159, .T. );
#1717 = ORIENTED_EDGE( '', *, *, #2319, .T. );
#1718 = ORIENTED_EDGE( '', *, *, #2339, .T. );
#1719 = ORIENTED_EDGE( '', *, *, #2155, .T. );
#1720 = ORIENTED_EDGE( '', *, *, #2119, .T. );
#1721 = ORIENTED_EDGE( '', *, *, #2345, .F. );
#1722 = ORIENTED_EDGE( '', *, *, #2357, .F. );
#1723 = ORIENTED_EDGE( '', *, *, #2192, .F. );
#1724 = ORIENTED_EDGE( '', *, *, #2180, .F. );
#1725 = ORIENTED_EDGE( '', *, *, #2141, .T. );
#1726 = ORIENTED_EDGE( '', *, *, #2358, .T. );
#1727 = ORIENTED_EDGE( '', *, *, #2250, .T. );
#1728 = ORIENTED_EDGE( '', *, *, #2195, .T. );
#1729 = ORIENTED_EDGE( '', *, *, #2258, .T. );
#1730 = ORIENTED_EDGE( '', *, *, #2146, .T. );
#1731 = ORIENTED_EDGE( '', *, *, #2136, .T. );
#1732 = ORIENTED_EDGE( '', *, *, #2359, .T. );
#1733 = ORIENTED_EDGE( '', *, *, #2271, .T. );
#1734 = ORIENTED_EDGE( '', *, *, #2360, .T. );
#1735 = ORIENTED_EDGE( '', *, *, #2361, .T. );
#1736 = ORIENTED_EDGE( '', *, *, #2362, .T. );
#1737 = ORIENTED_EDGE( '', *, *, #2131, .T. );
#1738 = ORIENTED_EDGE( '', *, *, #2331, .T. );
#1739 = ORIENTED_EDGE( '', *, *, #2363, .T. );
#1740 = ORIENTED_EDGE( '', *, *, #2364, .T. );
#1741 = ORIENTED_EDGE( '', *, *, #2365, .T. );
#1742 = ORIENTED_EDGE( '', *, *, #2104, .T. );
#1743 = ORIENTED_EDGE( '', *, *, #2366, .T. );
#1744 = ORIENTED_EDGE( '', *, *, #2109, .T. );
#1745 = ORIENTED_EDGE( '', *, *, #2261, .T. );
#1746 = ORIENTED_EDGE( '', *, *, #2367, .T. );
#1747 = ORIENTED_EDGE( '', *, *, #2296, .T. );
#1748 = ORIENTED_EDGE( '', *, *, #2205, .T. );
#1749 = ORIENTED_EDGE( '', *, *, #2368, .T. );
#1750 = ORIENTED_EDGE( '', *, *, #2276, .T. );
#1751 = ORIENTED_EDGE( '', *, *, #2369, .T. );
#1752 = ORIENTED_EDGE( '', *, *, #2188, .T. );
#1753 = ORIENTED_EDGE( '', *, *, #2114, .T. );
#1754 = ORIENTED_EDGE( '', *, *, #2246, .T. );
#1755 = ORIENTED_EDGE( '', *, *, #2370, .T. );
#1756 = CARTESIAN_POINT( '', ( 0.000000000000000, 0.000000000000000, 0.000000000000000 ) );
#1757 = DIRECTION( '', ( 0.000000000000000, 0.000000000000000, 1.00000000000000 ) );
#1758 = DIRECTION( '', ( 1.00000000000000, 0.000000000000000, 0.000000000000000 ) );
#1759 = SURFACE_STYLE_FILL_AREA( #2371 );
#1760 = ORIENTED_EDGE( '', *, *, #2359, .F. );
#1761 = ORIENTED_EDGE( '', *, *, #2139, .F. );
#1762 = ORIENTED_EDGE( '', *, *, #2372, .T. );
#1763 = ORIENTED_EDGE( '', *, *, #2272, .T. );
#1764 = CARTESIAN_POINT( '', ( -0.00395425858262343, 0.124669591043201, 0.00200000000000000 ) );
#1765 = DIRECTION( '', ( 1.00000000000000, 0.000000000000000, 0.000000000000000 ) );
#1766 = DIRECTION( '', ( 0.000000000000000, 0.000000000000000, -1.00000000000000 ) );
#1767 = SURFACE_STYLE_FILL_AREA( #2373 );
#1768 = ORIENTED_EDGE( '', *, *, #2369, .F. );
#1769 = ORIENTED_EDGE( '', *, *, #2278, .F. );
#1770 = ORIENTED_EDGE( '', *, *, #2267, .T. );
#1771 = ORIENTED_EDGE( '', *, *, #2189, .T. );
#1772 = CARTESIAN_POINT( '', ( 0.938340823384590, -0.240576310596144, 0.00200000000000000 ) );
#1773 = CARTESIAN_POINT( '', ( 0.938340823384590, -0.127461556497783, 0.00200000000000000 ) );
#1774 = CARTESIAN_POINT( '', ( 0.938340823384590, -0.0143468023994223, 0.00200000000000000 ) );
#1775 = CARTESIAN_POINT( '', ( 0.938340823384590, 0.0987679516989384, 0.00200000000000000 ) );
#1776 = CARTESIAN_POINT( '', ( 0.938340823384590, 0.149915492682545, 0.00200000000000000 ) );
#1777 = CARTESIAN_POINT( '', ( 0.928832626663278, 0.188276148420250, 0.00200000000000000 ) );
#1778 = CARTESIAN_POINT( '', ( 0.909488364368196, 0.213522050059594, 0.00200000000000000 ) );
#1779 = CARTESIAN_POINT( '', ( 0.890265389158705, 0.238609661773675, 0.00200000000000000 ) );
#1780 = CARTESIAN_POINT( '', ( 0.859980167646885, 0.251226968092381, 0.00200000000000000 ) );
#1781 = CARTESIAN_POINT( '', ( 0.783914593876393, 0.251226968092381, 0.00200000000000000 ) );
#1782 = CARTESIAN_POINT( '', ( 0.757029347974754, 0.243358115633365, 0.00200000000000000 ) );
#1783 = CARTESIAN_POINT( '', ( 0.738668692237049, 0.226964673010414, 0.00200000000000000 ) );
#1784 = CARTESIAN_POINT( '', ( 0.720125602730481, 0.210408343093835, 0.00200000000000000 ) );
#1785 = CARTESIAN_POINT( '', ( 0.710471970925574, 0.188931886125168, 0.00200000000000000 ) );
#1786 = CARTESIAN_POINT( '', ( 0.710144102073115, 0.162046640223528, 0.00200000000000000 ) );
#1787 = DIRECTION( '', ( 0.000000000000000, 0.000000000000000, -1.00000000000000 ) );
#1788 = SURFACE_STYLE_FILL_AREA( #2374 );
#1789 = ORIENTED_EDGE( '', *, *, #2356, .F. );
#1790 = ORIENTED_EDGE( '', *, *, #2213, .F. );
#1791 = ORIENTED_EDGE( '', *, *, #2238, .T. );
#1792 = ORIENTED_EDGE( '', *, *, #2244, .T. );
#1793 = CARTESIAN_POINT( '', ( -0.566577209402295, -0.366477949940406, 0.00200000000000000 ) );
#1794 = DIRECTION( '', ( -1.00000000000000, 0.000000000000000, 0.000000000000000 ) );
#1795 = DIRECTION( '', ( 0.000000000000000, 0.000000000000000, 1.00000000000000 ) );
#1796 = SURFACE_STYLE_FILL_AREA( #2375 );
#1797 = ORIENTED_EDGE( '', *, *, #2367, .F. );
#1798 = ORIENTED_EDGE( '', *, *, #2263, .F. );
#1799 = ORIENTED_EDGE( '', *, *, #2376, .T. );
#1800 = ORIENTED_EDGE( '', *, *, #2297, .T. );
#1801 = CARTESIAN_POINT( '', ( 0.282930987319016, -0.240576310596144, 0.00200000000000000 ) );
#1802 = DIRECTION( '', ( 0.000000000000000, 1.00000000000000, 0.000000000000000 ) );
#1803 = DIRECTION( '', ( 0.000000000000000, 0.000000000000000, 1.00000000000000 ) );
#1804 = SURFACE_STYLE_FILL_AREA( #2377 );
#1805 = ORIENTED_EDGE( '', *, *, #2178, .F. );
#1806 = ORIENTED_EDGE( '', *, *, #2086, .F. );
#1807 = ORIENTED_EDGE( '', *, *, #2378, .F. );
#1808 = ORIENTED_EDGE( '', *, *, #2343, .F. );
#1809 = CARTESIAN_POINT( '', ( 0.000000000000000, 0.000000000000000, 1.99980000000000 ) );
#1810 = DIRECTION( '', ( 0.000000000000000, 0.000000000000000, -1.00000000000000 ) );
#1811 = DIRECTION( '', ( -1.00000000000000, 0.000000000000000, 0.000000000000000 ) );
#1812 = SURFACE_STYLE_FILL_AREA( #2379 );
#1813 = ORIENTED_EDGE( '', *, *, #2152, .F. );
#1814 = ORIENTED_EDGE( '', *, *, #2169, .F. );
#1815 = ORIENTED_EDGE( '', *, *, #2307, .F. );
#1816 = ORIENTED_EDGE( '', *, *, #2380, .F. );
#1817 = CARTESIAN_POINT( '', ( 0.303586725023934, -0.296314015514176, 0.00200000000000000 ) );
#1818 = DIRECTION( '', ( 0.000000000000000, 0.000000000000000, -1.00000000000000 ) );
#1819 = DIRECTION( '', ( -1.00000000000000, 0.000000000000000, 0.000000000000000 ) );
#1820 = SURFACE_STYLE_FILL_AREA( #2381 );
#1821 = ORIENTED_EDGE( '', *, *, #2353, .F. );
#1822 = ORIENTED_EDGE( '', *, *, #2282, .F. );
#1823 = ORIENTED_EDGE( '', *, *, #2382, .T. );
#1824 = ORIENTED_EDGE( '', *, *, #2301, .T. );
#1825 = CARTESIAN_POINT( '', ( -0.0413313077629511, -0.246805818792865, 0.00200000000000000 ) );
#1826 = DIRECTION( '', ( -1.00000000000000, 0.000000000000000, 0.000000000000000 ) );
#1827 = DIRECTION( '', ( 0.000000000000000, 0.000000000000000, 1.00000000000000 ) );
#1828 = SURFACE_STYLE_FILL_AREA( #2383 );
#1829 = ORIENTED_EDGE( '', *, *, #2362, .F. );
#1830 = ORIENTED_EDGE( '', *, *, #2384, .F. );
#1831 = ORIENTED_EDGE( '', *, *, #2385, .T. );
#1832 = ORIENTED_EDGE( '', *, *, #2132, .T. );
#1833 = CARTESIAN_POINT( '', ( 0.0389965610895079, -0.0589369663338485, 0.00200000000000000 ) );
#1834 = DIRECTION( '', ( 0.788585135149460, 0.614925592751926, 0.000000000000000 ) );
#1835 = DIRECTION( '', ( -0.614925592751926, 0.788585135149460, 0.000000000000000 ) );
#1836 = SURFACE_STYLE_FILL_AREA( #2386 );
#1837 = ORIENTED_EDGE( '', *, *, #2349, .F. );
#1838 = ORIENTED_EDGE( '', *, *, #2102, .F. );
#1839 = ORIENTED_EDGE( '', *, *, #2129, .T. );
#1840 = ORIENTED_EDGE( '', *, *, #2290, .T. );
#1841 = CARTESIAN_POINT( '', ( 0.407521151253442, -0.240576310596144, 0.00200000000000000 ) );
#1842 = DIRECTION( '', ( 0.000000000000000, 1.00000000000000, 0.000000000000000 ) );
#1843 = DIRECTION( '', ( 0.000000000000000, 0.000000000000000, 1.00000000000000 ) );
#1844 = SURFACE_STYLE_FILL_AREA( #2387 );
#1845 = ORIENTED_EDGE( '', *, *, #2354, .F. );
#1846 = ORIENTED_EDGE( '', *, *, #2122, .F. );
#1847 = ORIENTED_EDGE( '', *, *, #2233, .T. );
#1848 = ORIENTED_EDGE( '', *, *, #2294, .T. );
#1849 = CARTESIAN_POINT( '', ( -0.909528029074427, 0.124669591043201, 0.00200000000000000 ) );
#1850 = DIRECTION( '', ( 0.000000000000000, -1.00000000000000, 0.000000000000000 ) );
#1851 = DIRECTION( '', ( 0.000000000000000, 0.000000000000000, -1.00000000000000 ) );
#1852 = SURFACE_STYLE_FILL_AREA( #2388 );
#1853 = ORIENTED_EDGE( '', *, *, #2336, .F. );
#1854 = ORIENTED_EDGE( '', *, *, #2389, .F. );
#1855 = ORIENTED_EDGE( '', *, *, #2091, .F. );
#1856 = ORIENTED_EDGE( '', *, *, #2193, .T. );
#1857 = ORIENTED_EDGE( '', *, *, #2357, .T. );
#1858 = ORIENTED_EDGE( '', *, *, #2344, .F. );
#1859 = ORIENTED_EDGE( '', *, *, #2378, .T. );
#1860 = ORIENTED_EDGE( '', *, *, #2085, .T. );
#1861 = CARTESIAN_POINT( '', ( 1.50000000000000, 1.50000000000000, 2.00000000000000 ) );
#1862 = DIRECTION( '', ( 0.000000000000000, -1.00000000000000, 0.000000000000000 ) );
#1863 = DIRECTION( '', ( 0.000000000000000, 0.000000000000000, -1.00000000000000 ) );
#1864 = SURFACE_STYLE_FILL_AREA( #2390 );
#1865 = ORIENTED_EDGE( '', *, *, #2363, .F. );
#1866 = ORIENTED_EDGE( '', *, *, #2333, .F. );
#1867 = ORIENTED_EDGE( '', *, *, #2391, .T. );
#1868 = ORIENTED_EDGE( '', *, *, #2392, .T. );
#1869 = CARTESIAN_POINT( '', ( 0.121291643056721, -0.105166474530570, 0.00200000000000000 ) );
#1870 = DIRECTION( '', ( -0.870146391924012, 0.492793320390632, 0.000000000000000 ) );
#1871 = DIRECTION( '', ( -0.492793320390632, -0.870146391924012, 0.000000000000000 ) );
#1872 = SURFACE_STYLE_FILL_AREA( #2393 );
#1873 = ORIENTED_EDGE( '', *, *, #2265, .T. );
#1874 = ORIENTED_EDGE( '', *, *, #2341, .F. );
#1875 = CARTESIAN_POINT( '', ( 0.741619511909180, -0.0625435237108977, 0.00200000000000000 ) );
#1876 = CARTESIAN_POINT( '', ( 0.741619511909180, -0.00647794994040586, 0.00200000000000000 ) );
#1877 = CARTESIAN_POINT( '', ( 0.748176888958360, 0.0331941812071351, 0.00200000000000000 ) );
#1878 = CARTESIAN_POINT( '', ( 0.773750659450164, 0.0790958205513973, 0.00200000000000000 ) );
#1879 = CARTESIAN_POINT( '', ( 0.793422790597705, 0.0902433615350040, 0.00200000000000000 ) );
#1880 = CARTESIAN_POINT( '', ( 0.845553938138688, 0.0902433615350040, 0.00200000000000000 ) );
#1881 = CARTESIAN_POINT( '', ( 0.865226069286230, 0.0790958205513973, 0.00200000000000000 ) );
#1882 = CARTESIAN_POINT( '', ( 0.890799839778033, 0.0331941812071351, 0.00200000000000000 ) );
#1883 = CARTESIAN_POINT( '', ( 0.897029347974754, -0.00647794994040586, 0.00200000000000000 ) );
#1884 = CARTESIAN_POINT( '', ( 0.897029347974754, -0.117953359776471, 0.00200000000000000 ) );
#1885 = CARTESIAN_POINT( '', ( 0.890799839778033, -0.156969753219095, 0.00200000000000000 ) );
#1886 = CARTESIAN_POINT( '', ( 0.865226069286230, -0.202871392563357, 0.00200000000000000 ) );
#1887 = CARTESIAN_POINT( '', ( 0.845553938138688, -0.214346802399423, 0.00200000000000000 ) );
#1888 = CARTESIAN_POINT( '', ( 0.793422790597705, -0.214346802399423, 0.00200000000000000 ) );
#1889 = CARTESIAN_POINT( '', ( 0.773750659450164, -0.202871392563357, 0.00200000000000000 ) );
#1890 = CARTESIAN_POINT( '', ( 0.748176888958360, -0.156969753219095, 0.00200000000000000 ) );
#1891 = CARTESIAN_POINT( '', ( 0.741619511909180, -0.117953359776471, 0.00200000000000000 ) );
#1892 = CARTESIAN_POINT( '', ( 0.741619511909180, -0.0625435237108977, 0.00200000000000000 ) );
#1893 = DIRECTION( '', ( 0.000000000000000, 0.000000000000000, -1.00000000000000 ) );
#1894 = SURFACE_STYLE_FILL_AREA( #2394 );
#1895 = ORIENTED_EDGE( '', *, *, #2226, .F. );
#1896 = ORIENTED_EDGE( '', *, *, #2310, .F. );
#1897 = ORIENTED_EDGE( '', *, *, #2255, .F. );
#1898 = ORIENTED_EDGE( '', *, *, #2143, .F. );
#1899 = ORIENTED_EDGE( '', *, *, #2148, .F. );
#1900 = ORIENTED_EDGE( '', *, *, #2259, .F. );
#1901 = ORIENTED_EDGE( '', *, *, #2197, .F. );
#1902 = ORIENTED_EDGE( '', *, *, #2252, .F. );
#1903 = ORIENTED_EDGE( '', *, *, #2395, .F. );
#1904 = CARTESIAN_POINT( '', ( -0.446956112184785, -0.0653771143666081, 0.00200000000000000 ) );
#1905 = DIRECTION( '', ( 0.000000000000000, 0.000000000000000, -1.00000000000000 ) );
#1906 = DIRECTION( '', ( -1.00000000000000, 0.000000000000000, 0.000000000000000 ) );
#1907 = SURFACE_STYLE_FILL_AREA( #2396 );
#1908 = ORIENTED_EDGE( '', *, *, #2368, .F. );
#1909 = ORIENTED_EDGE( '', *, *, #2208, .F. );
#1910 = ORIENTED_EDGE( '', *, *, #2269, .T. );
#1911 = ORIENTED_EDGE( '', *, *, #2277, .T. );
#1912 = CARTESIAN_POINT( '', ( 0.901291643056721, -0.184182867973193, 0.00200000000000000 ) );
#1913 = DIRECTION( '', ( 1.00000000000000, 0.000000000000000, 0.000000000000000 ) );
#1914 = DIRECTION( '', ( 0.000000000000000, 0.000000000000000, -1.00000000000000 ) );
#1915 = SURFACE_STYLE_FILL_AREA( #2397 );
#1916 = ORIENTED_EDGE( '', *, *, #2111, .F. );
#1917 = ORIENTED_EDGE( '', *, *, #2298, .F. );
#1918 = ORIENTED_EDGE( '', *, *, #2376, .F. );
#1919 = ORIENTED_EDGE( '', *, *, #2262, .F. );
#1920 = CARTESIAN_POINT( '', ( 0.303586725023934, 0.124669591043201, 0.00200000000000000 ) );
#1921 = DIRECTION( '', ( 0.000000000000000, 0.000000000000000, -1.00000000000000 ) );
#1922 = DIRECTION( '', ( -1.00000000000000, 0.000000000000000, 0.000000000000000 ) );
#1923 = SURFACE_STYLE_FILL_AREA( #2398 );
#1924 = ORIENTED_EDGE( '', *, *, #2366, .F. );
#1925 = ORIENTED_EDGE( '', *, *, #2107, .F. );
#1926 = ORIENTED_EDGE( '', *, *, #2399, .T. );
#1927 = ORIENTED_EDGE( '', *, *, #2137, .T. );
#1928 = CARTESIAN_POINT( '', ( 0.0373572168272126, -0.00319926141581576, 0.00200000000000000 ) );
#1929 = DIRECTION( '', ( -1.00000000000000, 0.000000000000000, 0.000000000000000 ) );
#1930 = DIRECTION( '', ( 0.000000000000000, 0.000000000000000, 1.00000000000000 ) );
#1931 = SURFACE_STYLE_FILL_AREA( #2400 );
#1932 = ORIENTED_EDGE( '', *, *, #2352, .F. );
#1933 = ORIENTED_EDGE( '', *, *, #2329, .F. );
#1934 = ORIENTED_EDGE( '', *, *, #2401, .T. );
#1935 = ORIENTED_EDGE( '', *, *, #2172, .T. );
#1936 = CARTESIAN_POINT( '', ( -0.149200160221967, -0.240576310596144, 0.00200000000000000 ) );
#1937 = DIRECTION( '', ( -1.00000000000000, 0.000000000000000, 0.000000000000000 ) );
#1938 = DIRECTION( '', ( 0.000000000000000, 0.000000000000000, 1.00000000000000 ) );
#1939 = SURFACE_STYLE_FILL_AREA( #2402 );
#1940 = ORIENTED_EDGE( '', *, *, #2360, .F. );
#1941 = ORIENTED_EDGE( '', *, *, #2274, .F. );
#1942 = ORIENTED_EDGE( '', *, *, #2403, .T. );
#1943 = ORIENTED_EDGE( '', *, *, #2404, .T. );
#1944 = CARTESIAN_POINT( '', ( 0.0373572168272126, -0.366477949940406, 0.00200000000000000 ) );
#1945 = DIRECTION( '', ( -1.00000000000000, 0.000000000000000, 0.000000000000000 ) );
#1946 = DIRECTION( '', ( 0.000000000000000, 0.000000000000000, 1.00000000000000 ) );
#1947 = SURFACE_STYLE_FILL_AREA( #2405 );
#1948 = ORIENTED_EDGE( '', *, *, #2351, .F. );
#1949 = ORIENTED_EDGE( '', *, *, #2303, .F. );
#1950 = ORIENTED_EDGE( '', *, *, #2406, .T. );
#1951 = ORIENTED_EDGE( '', *, *, #2315, .T. );
#1952 = CARTESIAN_POINT( '', ( -0.149200160221967, 0.124669591043201, 0.00200000000000000 ) );
#1953 = DIRECTION( '', ( 0.000000000000000, -1.00000000000000, 0.000000000000000 ) );
#1954 = DIRECTION( '', ( 0.000000000000000, 0.000000000000000, -1.00000000000000 ) );
#1955 = SURFACE_STYLE_FILL_AREA( #2407 );
#1956 = ORIENTED_EDGE( '', *, *, #2358, .F. );
#1957 = ORIENTED_EDGE( '', *, *, #2144, .F. );
#1958 = ORIENTED_EDGE( '', *, *, #2395, .T. );
#1959 = ORIENTED_EDGE( '', *, *, #2251, .T. );
#1960 = CARTESIAN_POINT( '', ( -0.450511635631804, -0.132051720432209, 0.00200000000000000 ) );
#1961 = DIRECTION( '', ( 0.000000000000000, -1.00000000000000, 0.000000000000000 ) );
#1962 = DIRECTION( '', ( 0.000000000000000, 0.000000000000000, -1.00000000000000 ) );
#1963 = SURFACE_STYLE_FILL_AREA( #2408 );
#1964 = ORIENTED_EDGE( '', *, *, #2365, .F. );
#1965 = ORIENTED_EDGE( '', *, *, #2409, .F. );
#1966 = ORIENTED_EDGE( '', *, *, #2410, .T. );
#1967 = ORIENTED_EDGE( '', *, *, #2105, .T. );
#1968 = CARTESIAN_POINT( '', ( 0.200635905351803, 0.124669591043201, 0.00200000000000000 ) );
#1969 = DIRECTION( '', ( 0.870424717995354, -0.492301544079144, 0.000000000000000 ) );
#1970 = DIRECTION( '', ( 0.492301544079144, 0.870424717995354, 0.000000000000000 ) );
#1971 = SURFACE_STYLE_FILL_AREA( #2411 );
#1972 = ORIENTED_EDGE( '', *, *, #2350, .F. );
#1973 = ORIENTED_EDGE( '', *, *, #2153, .F. );
#1974 = ORIENTED_EDGE( '', *, *, #2380, .T. );
#1975 = ORIENTED_EDGE( '', *, *, #2306, .T. );
#1976 = CARTESIAN_POINT( '', ( 0.282930987319016, -0.296314015514176, 0.00200000000000000 ) );
#1977 = DIRECTION( '', ( 1.00000000000000, 0.000000000000000, 0.000000000000000 ) );
#1978 = DIRECTION( '', ( 0.000000000000000, 0.000000000000000, -1.00000000000000 ) );
#1979 = SURFACE_STYLE_FILL_AREA( #2412 );
#1980 = ORIENTED_EDGE( '', *, *, #2406, .F. );
#1981 = ORIENTED_EDGE( '', *, *, #2302, .F. );
#1982 = ORIENTED_EDGE( '', *, *, #2382, .F. );
#1983 = ORIENTED_EDGE( '', *, *, #2281, .F. );
#1984 = ORIENTED_EDGE( '', *, *, #2173, .F. );
#1985 = ORIENTED_EDGE( '', *, *, #2401, .F. );
#1986 = ORIENTED_EDGE( '', *, *, #2328, .F. );
#1987 = ORIENTED_EDGE( '', *, *, #2316, .F. );
#1988 = CARTESIAN_POINT( '', ( -0.106858715181413, -0.235226366036872, 0.00200000000000000 ) );
#1989 = DIRECTION( '', ( 0.000000000000000, 0.000000000000000, -1.00000000000000 ) );
#1990 = DIRECTION( '', ( -1.00000000000000, 0.000000000000000, 0.000000000000000 ) );
#1991 = SURFACE_STYLE_FILL_AREA( #2413 );
#1992 = ORIENTED_EDGE( '', *, *, #2284, .F. );
#1993 = ORIENTED_EDGE( '', *, *, #2222, .F. );
#1994 = ORIENTED_EDGE( '', *, *, #2186, .T. );
#1995 = ORIENTED_EDGE( '', *, *, #2230, .T. );
#1996 = CARTESIAN_POINT( '', ( 1.50000000000000, -0.600000000000000, 0.000200000000000000 ) );
#1997 = DIRECTION( '', ( 0.000000000000000, -1.00000000000000, 0.000000000000000 ) );
#1998 = DIRECTION( '', ( 0.000000000000000, 0.000000000000000, -1.00000000000000 ) );
#1999 = SURFACE_STYLE_FILL_AREA( #2414 );
#2000 = ORIENTED_EDGE( '', *, *, #2138, .F. );
#2001 = ORIENTED_EDGE( '', *, *, #2399, .F. );
#2002 = ORIENTED_EDGE( '', *, *, #2106, .F. );
#2003 = ORIENTED_EDGE( '', *, *, #2410, .F. );
#2004 = ORIENTED_EDGE( '', *, *, #2415, .F. );
#2005 = ORIENTED_EDGE( '', *, *, #2391, .F. );
#2006 = ORIENTED_EDGE( '', *, *, #2332, .F. );
#2007 = ORIENTED_EDGE( '', *, *, #2133, .F. );
#2008 = ORIENTED_EDGE( '', *, *, #2385, .F. );
#2009 = ORIENTED_EDGE( '', *, *, #2416, .F. );
#2010 = ORIENTED_EDGE( '', *, *, #2403, .F. );
#2011 = ORIENTED_EDGE( '', *, *, #2273, .F. );
#2012 = ORIENTED_EDGE( '', *, *, #2372, .F. );
#2013 = CARTESIAN_POINT( '', ( 0.0167014791222946, 0.124669591043201, 0.00200000000000000 ) );
#2014 = DIRECTION( '', ( 0.000000000000000, 0.000000000000000, -1.00000000000000 ) );
#2015 = DIRECTION( '', ( -1.00000000000000, 0.000000000000000, 0.000000000000000 ) );
#2016 = SURFACE_STYLE_FILL_AREA( #2417 );
#2017 = ORIENTED_EDGE( '', *, *, #2364, .F. );
#2018 = ORIENTED_EDGE( '', *, *, #2392, .F. );
#2019 = ORIENTED_EDGE( '', *, *, #2415, .T. );
#2020 = ORIENTED_EDGE( '', *, *, #2409, .T. );
#2021 = CARTESIAN_POINT( '', ( 0.251455577482951, 0.124669591043201, 0.00200000000000000 ) );
#2022 = DIRECTION( '', ( 0.000000000000000, -1.00000000000000, 0.000000000000000 ) );
#2023 = DIRECTION( '', ( 0.000000000000000, 0.000000000000000, -1.00000000000000 ) );
#2024 = SURFACE_STYLE_FILL_AREA( #2418 );
#2025 = ORIENTED_EDGE( '', *, *, #2335, .T. );
#2026 = ORIENTED_EDGE( '', *, *, #2176, .F. );
#2027 = ORIENTED_EDGE( '', *, *, #2092, .F. );
#2028 = ORIENTED_EDGE( '', *, *, #2389, .T. );
#2029 = CARTESIAN_POINT( '', ( 0.300000000000000, 1.50000000000000, 1.99980000000000 ) );
#2030 = DIRECTION( '', ( -1.00000000000000, -1.08420217248550E-016, 0.000000000000000 ) );
#2031 = DIRECTION( '', ( 1.08420217248550E-016, -1.00000000000000, 0.000000000000000 ) );
#2032 = SURFACE_STYLE_FILL_AREA( #2419 );
#2033 = ORIENTED_EDGE( '', *, *, #2285, .F. );
#2034 = ORIENTED_EDGE( '', *, *, #2231, .F. );
#2035 = ORIENTED_EDGE( '', *, *, #2184, .T. );
#2036 = ORIENTED_EDGE( '', *, *, #2221, .T. );
#2037 = CARTESIAN_POINT( '', ( -1.50000000000000, 0.600000000000000, 0.000200000000000000 ) );
#2038 = DIRECTION( '', ( 0.000000000000000, 1.00000000000000, 0.000000000000000 ) );
#2039 = DIRECTION( '', ( 0.000000000000000, 0.000000000000000, 1.00000000000000 ) );
#2040 = SURFACE_STYLE_FILL_AREA( #2420 );
#2041 = ORIENTED_EDGE( '', *, *, #2361, .F. );
#2042 = ORIENTED_EDGE( '', *, *, #2404, .F. );
#2043 = ORIENTED_EDGE( '', *, *, #2416, .T. );
#2044 = ORIENTED_EDGE( '', *, *, #2384, .T. );
#2045 = CARTESIAN_POINT( '', ( 0.0373572168272126, -0.0589369663338485, 0.00200000000000000 ) );
#2046 = DIRECTION( '', ( 0.000000000000000, 1.00000000000000, 0.000000000000000 ) );
#2047 = DIRECTION( '', ( 0.000000000000000, 0.000000000000000, 1.00000000000000 ) );
#2048 = SURFACE_STYLE_FILL_AREA( #2421 );
#2049 = ORIENTED_EDGE( '', *, *, #2355, .F. );
#2050 = ORIENTED_EDGE( '', *, *, #2218, .F. );
#2051 = ORIENTED_EDGE( '', *, *, #2240, .T. );
#2052 = ORIENTED_EDGE( '', *, *, #2080, .T. );
#2053 = CARTESIAN_POINT( '', ( -0.877069012680984, -0.366477949940406, 0.00200000000000000 ) );
#2054 = DIRECTION( '', ( -0.965081274590535, 0.261950631674574, 0.000000000000000 ) );
#2055 = DIRECTION( '', ( -0.261950631674574, -0.965081274590535, 0.000000000000000 ) );
#2056 = SURFACE_STYLE_FILL_AREA( #2422 );
#2057 = ORIENTED_EDGE( '', *, *, #2370, .F. );
#2058 = ORIENTED_EDGE( '', *, *, #2248, .F. );
#2059 = ORIENTED_EDGE( '', *, *, #2266, .T. );
#2060 = ORIENTED_EDGE( '', *, *, #2206, .T. );
#2061 = CARTESIAN_POINT( '', ( 0.895717872564918, 0.0594236894038564, 0.00200000000000000 ) );
#2062 = CARTESIAN_POINT( '', ( 0.889488364368196, 0.0810630336661514, 0.00200000000000000 ) );
#2063 = CARTESIAN_POINT( '', ( 0.878668692237049, 0.0971286074366433, 0.00200000000000000 ) );
#2064 = CARTESIAN_POINT( '', ( 0.848504757810819, 0.119423689403856, 0.00200000000000000 ) );
#2065 = CARTESIAN_POINT( '', ( 0.830799839778033, 0.124669591043201, 0.00200000000000000 ) );
#2066 = CARTESIAN_POINT( '', ( 0.735390003712459, 0.124669591043201, 0.00200000000000000 ) );
#2067 = CARTESIAN_POINT( '', ( 0.697685085679672, 0.0636859844858236, 0.00200000000000000 ) );
#2068 = CARTESIAN_POINT( '', ( 0.697685085679672, -0.185166474530570, 0.00200000000000000 ) );
#2069 = CARTESIAN_POINT( '', ( 0.736701479122295, -0.248773031907619, 0.00200000000000000 ) );
#2070 = CARTESIAN_POINT( '', ( 0.834734266007541, -0.248773031907619, 0.00200000000000000 ) );
#2071 = CARTESIAN_POINT( '', ( 0.852439184040327, -0.243199261415816, 0.00200000000000000 ) );
#2072 = CARTESIAN_POINT( '', ( 0.867521151253442, -0.232051720432209, 0.00200000000000000 ) );
#2073 = CARTESIAN_POINT( '', ( 0.882971870721157, -0.220631623434334, 0.00200000000000000 ) );
#2074 = CARTESIAN_POINT( '', ( 0.893422790597705, -0.204838605678111, 0.00200000000000000 ) );
#2075 = CARTESIAN_POINT( '', ( 0.899980167646885, -0.184182867973193, 0.00200000000000000 ) );
#2076 = DIRECTION( '', ( 0.000000000000000, 0.000000000000000, -1.00000000000000 ) );
#2078 = FILL_AREA_STYLE( '', ( #2423 ) );
#2079 = EDGE_CURVE( '', #2424, #2425, #2426, .T. );
#2080 = EDGE_CURVE( '', #2427, #2424, #2428, .T. );
#2081 = EDGE_CURVE( '', #2427, #2429, #2430, .T. );
#2082 = EDGE_CURVE( '', #2429, #2425, #2431, .T. );
#2083 = FILL_AREA_STYLE( '', ( #2432 ) );
#2084 = EDGE_CURVE( '', #2433, #2434, #2435, .T. );
#2085 = EDGE_CURVE( '', #2436, #2433, #2437, .T. );
#2086 = EDGE_CURVE( '', #2436, #2438, #2439, .T. );
#2087 = EDGE_CURVE( '', #2438, #2434, #2440, .T. );
#2088 = FILL_AREA_STYLE( '', ( #2441 ) );
#2089 = EDGE_CURVE( '', #2442, #2443, #2444, .T. );
#2090 = EDGE_CURVE( '', #2443, #2445, #2446, .T. );
#2091 = EDGE_CURVE( '', #2445, #2447, #2448, .T. );
#2092 = EDGE_CURVE( '', #2447, #2442, #2449, .T. );
#2093 = FILL_AREA_STYLE( '', ( #2450 ) );
#2094 = EDGE_CURVE( '', #2451, #2452, #2453, .T. );
#2095 = EDGE_CURVE( '', #2454, #2451, #2455, .T. );
#2096 = EDGE_CURVE( '', #2454, #2456, #2457, .T. );
#2097 = EDGE_CURVE( '', #2456, #2452, #2458, .T. );
#2098 = FILL_AREA_STYLE( '', ( #2459 ) );
#2099 = EDGE_CURVE( '', #2460, #2461, #2462, .T. );
#2100 = EDGE_CURVE( '', #2463, #2460, #2464, .T. );
#2101 = EDGE_CURVE( '', #2463, #2465, #2466, .T. );
#2102 = EDGE_CURVE( '', #2465, #2461, #2467, .T. );
#2103 = FILL_AREA_STYLE( '', ( #2468 ) );
#2104 = EDGE_CURVE( '', #2469, #2470, #2471, .T. );
#2105 = EDGE_CURVE( '', #2472, #2469, #2473, .T. );
#2106 = EDGE_CURVE( '', #2472, #2474, #2475, .T. );
#2107 = EDGE_CURVE( '', #2474, #2470, #2476, .T. );
#2108 = FILL_AREA_STYLE( '', ( #2477 ) );
#2109 = EDGE_CURVE( '', #2478, #2479, #2480, .T. );
#2110 = EDGE_CURVE( '', #2481, #2478, #2482, .T. );
#2111 = EDGE_CURVE( '', #2481, #2483, #2484, .T. );
#2112 = EDGE_CURVE( '', #2483, #2479, #2485, .T. );
#2113 = FILL_AREA_STYLE( '', ( #2486 ) );
#2114 = EDGE_CURVE( '', #2487, #2488, #2489, .T. );
#2115 = EDGE_CURVE( '', #2490, #2487, #2491, .T. );
#2116 = EDGE_CURVE( '', #2490, #2492, #2493, .T. );
#2117 = EDGE_CURVE( '', #2492, #2488, #2494, .T. );
#2118 = FILL_AREA_STYLE( '', ( #2495 ) );
#2119 = EDGE_CURVE( '', #2496, #2497, #2498, .T. );
#2120 = EDGE_CURVE( '', #2499, #2496, #2500, .T. );
#2121 = EDGE_CURVE( '', #2499, #2501, #2502, .T. );
#2122 = EDGE_CURVE( '', #2501, #2497, #2503, .T. );
#2123 = FILL_AREA_STYLE( '', ( #2504 ) );
#2124 = EDGE_CURVE( '', #2505, #2463, #2506, .T. );
#2125 = EDGE_CURVE( '', #2456, #2505, #2507, .T. );
#2126 = EDGE_CURVE( '', #2508, #2454, #2509, .T. );
#2127 = EDGE_CURVE( '', #2510, #2508, #2511, .T. );
#2128 = EDGE_CURVE( '', #2512, #2510, #2513, .T. );
#2129 = EDGE_CURVE( '', #2465, #2512, #2514, .T. );
#2130 = FILL_AREA_STYLE( '', ( #2515 ) );
#2131 = EDGE_CURVE( '', #2516, #2517, #2518, .T. );
#2132 = EDGE_CURVE( '', #2519, #2516, #2520, .T. );
#2133 = EDGE_CURVE( '', #2519, #2521, #2522, .T. );
#2134 = EDGE_CURVE( '', #2521, #2517, #2523, .T. );
#2135 = FILL_AREA_STYLE( '', ( #2524 ) );
#2136 = EDGE_CURVE( '', #2525, #2526, #2527, .T. );
#2137 = EDGE_CURVE( '', #2528, #2525, #2529, .T. );
#2138 = EDGE_CURVE( '', #2528, #2530, #2531, .T. );
#2139 = EDGE_CURVE( '', #2530, #2526, #2532, .T. );
#2140 = FILL_AREA_STYLE( '', ( #2533 ) );
#2141 = EDGE_CURVE( '', #2534, #2535, #2536, .T. );
#2142 = EDGE_CURVE( '', #2537, #2534, #2538, .T. );
#2143 = EDGE_CURVE( '', #2537, #2539, #2540, .T. );
#2144 = EDGE_CURVE( '', #2539, #2535, #2541, .T. );
#2145 = FILL_AREA_STYLE( '', ( #2542 ) );
#2146 = EDGE_CURVE( '', #2543, #2534, #2544, .T. );
#2147 = EDGE_CURVE( '', #2545, #2543, #2546, .T. );
#2148 = EDGE_CURVE( '', #2545, #2537, #2547, .T. );
#2149 = FILL_AREA_STYLE( '', ( #2548 ) );
#2150 = EDGE_CURVE( '', #2549, #2550, #2551, .T. );
#2151 = EDGE_CURVE( '', #2552, #2549, #2553, .T. );
#2152 = EDGE_CURVE( '', #2552, #2554, #2555, .T. );
#2153 = EDGE_CURVE( '', #2554, #2550, #2556, .T. );
#2154 = FILL_AREA_STYLE( '', ( #2557 ) );
#2155 = EDGE_CURVE( '', #2558, #2496, #2559, .T. );
#2156 = EDGE_CURVE( '', #2560, #2558, #2561, .T. );
#2157 = EDGE_CURVE( '', #2560, #2499, #2562, .T. );
#2158 = FILL_AREA_STYLE( '', ( #2563 ) );
#2159 = EDGE_CURVE( '', #2564, #2565, #2566, .T. );
#2160 = EDGE_CURVE( '', #2567, #2564, #2568, .T. );
#2161 = EDGE_CURVE( '', #2567, #2569, #2570, .T. );
#2162 = EDGE_CURVE( '', #2569, #2565, #2571, .T. );
#2163 = FILL_AREA_STYLE( '', ( #2572 ) );
#2164 = EDGE_CURVE( '', #2573, #2451, #2574, .T. );
#2165 = EDGE_CURVE( '', #2508, #2573, #2575, .T. );
#2166 = FILL_AREA_STYLE( '', ( #2576 ) );
#2167 = EDGE_CURVE( '', #2577, #2549, #2578, .T. );
#2168 = EDGE_CURVE( '', #2579, #2577, #2580, .T. );
#2169 = EDGE_CURVE( '', #2579, #2552, #2581, .T. );
#2170 = FILL_AREA_STYLE( '', ( #2582 ) );
#2171 = EDGE_CURVE( '', #2583, #2584, #2585, .T. );
#2172 = EDGE_CURVE( '', #2586, #2583, #2587, .T. );
#2173 = EDGE_CURVE( '', #2586, #2588, #2589, .T. );
#2174 = EDGE_CURVE( '', #2588, #2584, #2590, .T. );
#2175 = FILL_AREA_STYLE( '', ( #2591 ) );
#2176 = EDGE_CURVE( '', #2442, #2592, #2593, .T. );
#2177 = EDGE_CURVE( '', #2434, #2592, #2594, .T. );
#2178 = EDGE_CURVE( '', #2438, #2595, #2596, .T. );
#2179 = EDGE_CURVE( '', #2595, #2597, #2598, .T. );
#2180 = EDGE_CURVE( '', #2597, #2599, #2600, .T. );
#2181 = EDGE_CURVE( '', #2443, #2599, #2601, .T. );
#2182 = FILL_AREA_STYLE( '', ( #2602 ) );
#2183 = EDGE_CURVE( '', #2603, #2604, #2605, .T. );
#2184 = EDGE_CURVE( '', #2606, #2603, #2607, .T. );
#2185 = EDGE_CURVE( '', #2608, #2606, #2609, .T. );
#2186 = EDGE_CURVE( '', #2604, #2608, #2610, .T. );
#2187 = FILL_AREA_STYLE( '', ( #2611 ) );
#2188 = EDGE_CURVE( '', #2612, #2487, #2613, .T. );
#2189 = EDGE_CURVE( '', #2614, #2612, #2615, .T. );
#2190 = EDGE_CURVE( '', #2614, #2490, #2616, .T. );
#2191 = FILL_AREA_STYLE( '', ( #2617 ) );
#2192 = EDGE_CURVE( '', #2599, #2618, #2619, .T. );
#2193 = EDGE_CURVE( '', #2445, #2618, #2620, .T. );
#2194 = FILL_AREA_STYLE( '', ( #2621 ) );
#2195 = EDGE_CURVE( '', #2622, #2623, #2624, .T. );
#2196 = EDGE_CURVE( '', #2625, #2622, #2626, .T. );
#2197 = EDGE_CURVE( '', #2625, #2627, #2628, .T. );
#2198 = EDGE_CURVE( '', #2627, #2623, #2629, .T. );
#2199 = FILL_AREA_STYLE( '', ( #2630 ) );
#2200 = EDGE_CURVE( '', #2631, #2632, #2633, .T. );
#2201 = EDGE_CURVE( '', #2634, #2631, #2635, .T. );
#2202 = EDGE_CURVE( '', #2634, #2636, #2637, .T. );
#2203 = EDGE_CURVE( '', #2636, #2632, #2638, .T. );
#2204 = FILL_AREA_STYLE( '', ( #2639 ) );
#2205 = EDGE_CURVE( '', #2640, #2641, #2642, .T. );
#2206 = EDGE_CURVE( '', #2643, #2640, #2644, .T. );
#2207 = EDGE_CURVE( '', #2643, #2645, #2646, .T. );
#2208 = EDGE_CURVE( '', #2645, #2641, #2647, .T. );
#2209 = FILL_AREA_STYLE( '', ( #2648 ) );
#2210 = EDGE_CURVE( '', #2649, #2650, #2651, .T. );
#2211 = EDGE_CURVE( '', #2652, #2649, #2653, .T. );
#2212 = EDGE_CURVE( '', #2652, #2654, #2655, .T. );
#2213 = EDGE_CURVE( '', #2654, #2650, #2656, .T. );
#2214 = FILL_AREA_STYLE( '', ( #2657 ) );
#2215 = EDGE_CURVE( '', #2658, #2659, #2660, .T. );
#2216 = EDGE_CURVE( '', #2661, #2658, #2662, .T. );
#2217 = EDGE_CURVE( '', #2661, #2663, #2664, .T. );
#2218 = EDGE_CURVE( '', #2663, #2659, #2665, .T. );
#2219 = FILL_AREA_STYLE( '', ( #2666 ) );
#2220 = EDGE_CURVE( '', #2667, #2668, #2669, .T. );
#2221 = EDGE_CURVE( '', #2603, #2667, #2670, .T. );
#2222 = EDGE_CURVE( '', #2604, #2668, #2671, .T. );
#2223 = FILL_AREA_STYLE( '', ( #2672 ) );
#2224 = EDGE_CURVE( '', #2673, #2674, #2675, .T. );
#2225 = EDGE_CURVE( '', #2676, #2673, #2677, .T. );
#2226 = EDGE_CURVE( '', #2676, #2678, #2679, .T. );
#2227 = EDGE_CURVE( '', #2678, #2674, #2680, .T. );
#2228 = FILL_AREA_STYLE( '', ( #2681 ) );
#2229 = EDGE_CURVE( '', #2682, #2683, #2684, .T. );
#2230 = EDGE_CURVE( '', #2608, #2682, #2685, .T. );
#2231 = EDGE_CURVE( '', #2606, #2683, #2686, .T. );
#2232 = FILL_AREA_STYLE( '', ( #2687 ) );
#2233 = EDGE_CURVE( '', #2501, #2688, #2689, .T. );
#2234 = EDGE_CURVE( '', #2690, #2560, #2691, .T. );
#2235 = EDGE_CURVE( '', #2569, #2690, #2692, .T. );
#2236 = EDGE_CURVE( '', #2636, #2567, #2693, .T. );
#2237 = EDGE_CURVE( '', #2694, #2634, #2695, .T. );
#2238 = EDGE_CURVE( '', #2654, #2694, #2696, .T. );
#2239 = EDGE_CURVE( '', #2429, #2652, #2697, .T. );
#2240 = EDGE_CURVE( '', #2663, #2427, #2698, .T. );
#2241 = EDGE_CURVE( '', #2688, #2661, #2699, .T. );
#2242 = FILL_AREA_STYLE( '', ( #2700 ) );
#2243 = EDGE_CURVE( '', #2701, #2631, #2702, .T. );
#2244 = EDGE_CURVE( '', #2694, #2701, #2703, .T. );
#2245 = FILL_AREA_STYLE( '', ( #2704 ) );
#2246 = EDGE_CURVE( '', #2488, #2705, #2706, .T. );
#2247 = EDGE_CURVE( '', #2492, #2707, #2708, .T. );
#2248 = EDGE_CURVE( '', #2707, #2705, #2709, .T. );
#2249 = FILL_AREA_STYLE( '', ( #2710 ) );
#2250 = EDGE_CURVE( '', #2711, #2622, #2712, .T. );
#2251 = EDGE_CURVE( '', #2713, #2711, #2714, .T. );
#2252 = EDGE_CURVE( '', #2713, #2625, #2715, .T. );
#2253 = FILL_AREA_STYLE( '', ( #2716 ) );
#2254 = EDGE_CURVE( '', #2674, #2717, #2718, .T. );
#2255 = EDGE_CURVE( '', #2678, #2719, #2720, .T. );
#2256 = EDGE_CURVE( '', #2719, #2717, #2721, .T. );
#2257 = FILL_AREA_STYLE( '', ( #2722 ) );
#2258 = EDGE_CURVE( '', #2623, #2543, #2723, .T. );
#2259 = EDGE_CURVE( '', #2627, #2545, #2724, .T. );
#2260 = FILL_AREA_STYLE( '', ( #2725 ) );
#2261 = EDGE_CURVE( '', #2479, #2726, #2727, .T. );
#2262 = EDGE_CURVE( '', #2483, #2728, #2729, .T. );
#2263 = EDGE_CURVE( '', #2728, #2726, #2730, .T. );
#2264 = FILL_AREA_STYLE( '', ( #2731 ) );
#2265 = EDGE_CURVE( '', #2732, #2732, #2733, .T. );
#2266 = EDGE_CURVE( '', #2707, #2643, #2734, .T. );
#2267 = EDGE_CURVE( '', #2735, #2614, #2736, .T. );
#2268 = EDGE_CURVE( '', #2737, #2735, #2738, .T. );
#2269 = EDGE_CURVE( '', #2645, #2737, #2739, .T. );
#2270 = FILL_AREA_STYLE( '', ( #2740 ) );
#2271 = EDGE_CURVE( '', #2741, #2742, #2743, .T. );
#2272 = EDGE_CURVE( '', #2744, #2741, #2745, .T. );
#2273 = EDGE_CURVE( '', #2744, #2746, #2747, .T. );
#2274 = EDGE_CURVE( '', #2746, #2742, #2748, .T. );
#2275 = FILL_AREA_STYLE( '', ( #2749 ) );
#2276 = EDGE_CURVE( '', #2750, #2751, #2752, .T. );
#2277 = EDGE_CURVE( '', #2737, #2750, #2753, .T. );
#2278 = EDGE_CURVE( '', #2735, #2751, #2754, .T. );
#2279 = FILL_AREA_STYLE( '', ( #2755 ) );
#2280 = EDGE_CURVE( '', #2584, #2756, #2757, .T. );
#2281 = EDGE_CURVE( '', #2588, #2758, #2759, .T. );
#2282 = EDGE_CURVE( '', #2758, #2756, #2760, .T. );
#2283 = FILL_AREA_STYLE( '', ( #2761 ) );
#2284 = EDGE_CURVE( '', #2668, #2682, #2762, .T. );
#2285 = EDGE_CURVE( '', #2683, #2667, #2763, .T. );
#2286 = FILL_AREA_STYLE( '', ( #2764 ) );
#2287 = EDGE_CURVE( '', #2632, #2564, #2765, .T. );
#2288 = FILL_AREA_STYLE( '', ( #2766 ) );
#2289 = EDGE_CURVE( '', #2767, #2768, #2769, .T. );
#2290 = EDGE_CURVE( '', #2512, #2767, #2770, .T. );
#2291 = EDGE_CURVE( '', #2510, #2768, #2771, .T. );
#2292 = FILL_AREA_STYLE( '', ( #2772 ) );
#2293 = EDGE_CURVE( '', #2773, #2658, #2774, .T. );
#2294 = EDGE_CURVE( '', #2688, #2773, #2775, .T. );
#2295 = FILL_AREA_STYLE( '', ( #2776 ) );
#2296 = EDGE_CURVE( '', #2777, #2478, #2778, .T. );
#2297 = EDGE_CURVE( '', #2779, #2777, #2780, .T. );
#2298 = EDGE_CURVE( '', #2779, #2481, #2781, .T. );
#2299 = FILL_AREA_STYLE( '', ( #2782 ) );
#2300 = EDGE_CURVE( '', #2783, #2784, #2785, .T. );
#2301 = EDGE_CURVE( '', #2786, #2783, #2787, .T. );
#2302 = EDGE_CURVE( '', #2786, #2788, #2789, .T. );
#2303 = EDGE_CURVE( '', #2788, #2784, #2790, .T. );
#2304 = FILL_AREA_STYLE( '', ( #2791 ) );
#2305 = EDGE_CURVE( '', #2792, #2577, #2793, .T. );
#2306 = EDGE_CURVE( '', #2794, #2792, #2795, .T. );
#2307 = EDGE_CURVE( '', #2794, #2579, #2796, .T. );
#2308 = FILL_AREA_STYLE( '', ( #2797 ) );
#2309 = EDGE_CURVE( '', #2717, #2673, #2798, .T. );
#2310 = EDGE_CURVE( '', #2719, #2676, #2799, .T. );
#2311 = FILL_AREA_STYLE( '', ( #2800 ) );
#2312 = EDGE_CURVE( '', #2768, #2573, #2801, .T. );
#2313 = FILL_AREA_STYLE( '', ( #2802 ) );
#2314 = EDGE_CURVE( '', #2803, #2804, #2805, .T. );
#2315 = EDGE_CURVE( '', #2806, #2803, #2807, .T. );
#2316 = EDGE_CURVE( '', #2806, #2808, #2809, .T. );
#2317 = EDGE_CURVE( '', #2808, #2804, #2810, .T. );
#2318 = FILL_AREA_STYLE( '', ( #2811 ) );
#2319 = EDGE_CURVE( '', #2565, #2812, #2813, .T. );
#2320 = EDGE_CURVE( '', #2690, #2812, #2814, .T. );
#2321 = FILL_AREA_STYLE( '', ( #2815 ) );
#2322 = EDGE_CURVE( '', #2452, #2816, #2817, .T. );
#2323 = EDGE_CURVE( '', #2505, #2816, #2818, .T. );
#2324 = FILL_AREA_STYLE( '', ( #2819 ) );
#2325 = EDGE_CURVE( '', #2425, #2649, #2820, .T. );
#2326 = FILL_AREA_STYLE( '', ( #2821 ) );
#2327 = EDGE_CURVE( '', #2804, #2822, #2823, .T. );
#2328 = EDGE_CURVE( '', #2808, #2824, #2825, .T. );
#2329 = EDGE_CURVE( '', #2824, #2822, #2826, .T. );
#2330 = FILL_AREA_STYLE( '', ( #2827 ) );
#2331 = EDGE_CURVE( '', #2517, #2828, #2829, .T. );
#2332 = EDGE_CURVE( '', #2521, #2830, #2831, .T. );
#2333 = EDGE_CURVE( '', #2830, #2828, #2832, .T. );
#2334 = FILL_AREA_STYLE( '', ( #2833 ) );
#2335 = EDGE_CURVE( '', #2834, #2592, #2835, .T. );
#2336 = EDGE_CURVE( '', #2834, #2433, #2836, .T. );
#2337 = FILL_AREA_STYLE( '', ( #2837 ) );
#2338 = FILL_AREA_STYLE( '', ( #2838 ) );
#2339 = EDGE_CURVE( '', #2812, #2558, #2839, .T. );
#2340 = FILL_AREA_STYLE( '', ( #2840 ) );
#2341 = EDGE_CURVE( '', #2841, #2841, #2842, .T. );
#2342 = FILL_AREA_STYLE( '', ( #2843 ) );
#2343 = EDGE_CURVE( '', #2595, #2844, #2845, .T. );
#2344 = EDGE_CURVE( '', #2844, #2846, #2847, .T. );
#2345 = EDGE_CURVE( '', #2846, #2597, #2848, .T. );
#2346 = FILL_AREA_STYLE( '', ( #2849 ) );
#2347 = EDGE_CURVE( '', #2816, #2460, #2850, .T. );
#2348 = FILL_AREA_STYLE( '', ( #2851 ) );
#2349 = EDGE_CURVE( '', #2461, #2767, #2852, .T. );
#2350 = EDGE_CURVE( '', #2550, #2792, #2853, .T. );
#2351 = EDGE_CURVE( '', #2784, #2803, #2854, .T. );
#2352 = EDGE_CURVE( '', #2822, #2583, #2855, .T. );
#2353 = EDGE_CURVE( '', #2756, #2783, #2856, .T. );
#2354 = EDGE_CURVE( '', #2497, #2773, #2857, .T. );
#2355 = EDGE_CURVE( '', #2659, #2424, #2858, .T. );
#2356 = EDGE_CURVE( '', #2650, #2701, #2859, .T. );
#2357 = EDGE_CURVE( '', #2618, #2846, #2860, .T. );
#2358 = EDGE_CURVE( '', #2535, #2711, #2861, .T. );
#2359 = EDGE_CURVE( '', #2526, #2741, #2862, .T. );
#2360 = EDGE_CURVE( '', #2742, #2863, #2864, .T. );
#2361 = EDGE_CURVE( '', #2863, #2865, #2866, .T. );
#2362 = EDGE_CURVE( '', #2865, #2516, #2867, .T. );
#2363 = EDGE_CURVE( '', #2828, #2868, #2869, .T. );
#2364 = EDGE_CURVE( '', #2868, #2870, #2871, .T. );
#2365 = EDGE_CURVE( '', #2870, #2469, #2872, .T. );
#2366 = EDGE_CURVE( '', #2470, #2525, #2873, .T. );
#2367 = EDGE_CURVE( '', #2726, #2777, #2874, .T. );
#2368 = EDGE_CURVE( '', #2641, #2750, #2875, .T. );
#2369 = EDGE_CURVE( '', #2751, #2612, #2876, .T. );
#2370 = EDGE_CURVE( '', #2705, #2640, #2877, .T. );
#2371 = FILL_AREA_STYLE( '', ( #2878 ) );
#2372 = EDGE_CURVE( '', #2530, #2744, #2879, .T. );
#2373 = FILL_AREA_STYLE( '', ( #2880 ) );
#2374 = FILL_AREA_STYLE( '', ( #2881 ) );
#2375 = FILL_AREA_STYLE( '', ( #2882 ) );
#2376 = EDGE_CURVE( '', #2728, #2779, #2883, .T. );
#2377 = FILL_AREA_STYLE( '', ( #2884 ) );
#2378 = EDGE_CURVE( '', #2844, #2436, #2885, .T. );
#2379 = FILL_AREA_STYLE( '', ( #2886 ) );
#2380 = EDGE_CURVE( '', #2554, #2794, #2887, .T. );
#2381 = FILL_AREA_STYLE( '', ( #2888 ) );
#2382 = EDGE_CURVE( '', #2758, #2786, #2889, .T. );
#2383 = FILL_AREA_STYLE( '', ( #2890 ) );
#2384 = EDGE_CURVE( '', #2891, #2865, #2892, .T. );
#2385 = EDGE_CURVE( '', #2891, #2519, #2893, .T. );
#2386 = FILL_AREA_STYLE( '', ( #2894 ) );
#2387 = FILL_AREA_STYLE( '', ( #2895 ) );
#2388 = FILL_AREA_STYLE( '', ( #2896 ) );
#2389 = EDGE_CURVE( '', #2447, #2834, #2897, .T. );
#2390 = FILL_AREA_STYLE( '', ( #2898 ) );
#2391 = EDGE_CURVE( '', #2830, #2899, #2900, .T. );
#2392 = EDGE_CURVE( '', #2899, #2868, #2901, .T. );
#2393 = FILL_AREA_STYLE( '', ( #2902 ) );
#2394 = FILL_AREA_STYLE( '', ( #2903 ) );
#2395 = EDGE_CURVE( '', #2539, #2713, #2904, .T. );
#2396 = FILL_AREA_STYLE( '', ( #2905 ) );
#2397 = FILL_AREA_STYLE( '', ( #2906 ) );
#2398 = FILL_AREA_STYLE( '', ( #2907 ) );
#2399 = EDGE_CURVE( '', #2474, #2528, #2908, .T. );
#2400 = FILL_AREA_STYLE( '', ( #2909 ) );
#2401 = EDGE_CURVE( '', #2824, #2586, #2910, .T. );
#2402 = FILL_AREA_STYLE( '', ( #2911 ) );
#2403 = EDGE_CURVE( '', #2746, #2912, #2913, .T. );
#2404 = EDGE_CURVE( '', #2912, #2863, #2914, .T. );
#2405 = FILL_AREA_STYLE( '', ( #2915 ) );
#2406 = EDGE_CURVE( '', #2788, #2806, #2916, .T. );
#2407 = FILL_AREA_STYLE( '', ( #2917 ) );
#2408 = FILL_AREA_STYLE( '', ( #2918 ) );
#2409 = EDGE_CURVE( '', #2919, #2870, #2920, .T. );
#2410 = EDGE_CURVE( '', #2919, #2472, #2921, .T. );
#2411 = FILL_AREA_STYLE( '', ( #2922 ) );
#2412 = FILL_AREA_STYLE( '', ( #2923 ) );
#2413 = FILL_AREA_STYLE( '', ( #2924 ) );
#2414 = FILL_AREA_STYLE( '', ( #2925 ) );
#2415 = EDGE_CURVE( '', #2899, #2919, #2926, .T. );
#2416 = EDGE_CURVE( '', #2912, #2891, #2927, .T. );
#2417 = FILL_AREA_STYLE( '', ( #2928 ) );
#2418 = FILL_AREA_STYLE( '', ( #2929 ) );
#2419 = FILL_AREA_STYLE( '', ( #2930 ) );
#2420 = FILL_AREA_STYLE( '', ( #2931 ) );
#2421 = FILL_AREA_STYLE( '', ( #2932 ) );
#2422 = FILL_AREA_STYLE( '', ( #2933 ) );
#2423 = FILL_AREA_STYLE_COLOUR( '', #2934 );
#2424 = VERTEX_POINT( '', #2935 );
#2425 = VERTEX_POINT( '', #2936 );
#2426 = B_SPLINE_CURVE_WITH_KNOTS( '', 1, ( #2937, #2938 ), .UNSPECIFIED., .F., .F., ( 2, 2 ), ( 0.254640283751230, 0.254967887829002 ), .UNSPECIFIED. );
#2427 = VERTEX_POINT( '', #2939 );
#2428 = LINE( '', #2940, #2941 );
#2429 = VERTEX_POINT( '', #2942 );
#2430 = B_SPLINE_CURVE_WITH_KNOTS( '', 1, ( #2943, #2944 ), .UNSPECIFIED., .F., .F., ( 2, 2 ), ( 0.254640283751230, 0.254967887829002 ), .UNSPECIFIED. );
#2431 = LINE( '', #2945, #2946 );
#2432 = FILL_AREA_STYLE_COLOUR( '', #2947 );
#2433 = VERTEX_POINT( '', #2948 );
#2434 = VERTEX_POINT( '', #2949 );
#2435 = LINE( '', #2950, #2951 );
#2436 = VERTEX_POINT( '', #2952 );
#2437 = LINE( '', #2953, #2954 );
#2438 = VERTEX_POINT( '', #2955 );
#2439 = LINE( '', #2956, #2957 );
#2440 = LINE( '', #2958, #2959 );
#2441 = FILL_AREA_STYLE_COLOUR( '', #2960 );
#2442 = VERTEX_POINT( '', #2961 );
#2443 = VERTEX_POINT( '', #2962 );
#2444 = LINE( '', #2963, #2964 );
#2445 = VERTEX_POINT( '', #2965 );
#2446 = LINE( '', #2966, #2967 );
#2447 = VERTEX_POINT( '', #2968 );
#2448 = LINE( '', #2969, #2970 );
#2449 = LINE( '', #2971, #2972 );
#2450 = FILL_AREA_STYLE_COLOUR( '', #2973 );
#2451 = VERTEX_POINT( '', #2974 );
#2452 = VERTEX_POINT( '', #2975 );
#2453 = B_SPLINE_CURVE_WITH_KNOTS( '', 3, ( #2976, #2977, #2978, #2979 ), .UNSPECIFIED., .F., .F., ( 4, 4 ), ( 0.543088955836057, 0.565476027601581 ), .UNSPECIFIED. );
#2454 = VERTEX_POINT( '', #2980 );
#2455 = LINE( '', #2981, #2982 );
#2456 = VERTEX_POINT( '', #2983 );
#2457 = B_SPLINE_CURVE_WITH_KNOTS( '', 3, ( #2984, #2985, #2986, #2987 ), .UNSPECIFIED., .F., .F., ( 4, 4 ), ( 0.543088955836057, 0.565476027601581 ), .UNSPECIFIED. );
#2458 = LINE( '', #2988, #2989 );
#2459 = FILL_AREA_STYLE_COLOUR( '', #2990 );
#2460 = VERTEX_POINT( '', #2991 );
#2461 = VERTEX_POINT( '', #2992 );
#2462 = B_SPLINE_CURVE_WITH_KNOTS( '', 3, ( #2993, #2994, #2995, #2996 ), .UNSPECIFIED., .F., .F., ( 4, 4 ), ( 0.000000000000000, 0.197930142434864 ), .UNSPECIFIED. );
#2463 = VERTEX_POINT( '', #2997 );
#2464 = LINE( '', #2998, #2999 );
#2465 = VERTEX_POINT( '', #3000 );
#2466 = B_SPLINE_CURVE_WITH_KNOTS( '', 3, ( #3001, #3002, #3003, #3004 ), .UNSPECIFIED., .F., .F., ( 4, 4 ), ( 0.000000000000000, 0.197930142434864 ), .UNSPECIFIED. );
#2467 = LINE( '', #3005, #3006 );
#2468 = FILL_AREA_STYLE_COLOUR( '', #3007 );
#2469 = VERTEX_POINT( '', #3008 );
#2470 = VERTEX_POINT( '', #3009 );
#2471 = B_SPLINE_CURVE_WITH_KNOTS( '', 1, ( #3010, #3011 ), .UNSPECIFIED., .F., .F., ( 2, 2 ), ( 0.878468573615736, 0.918938628611022 ), .UNSPECIFIED. );
#2472 = VERTEX_POINT( '', #3012 );
#2473 = LINE( '', #3013, #3014 );
#2474 = VERTEX_POINT( '', #3015 );
#2475 = B_SPLINE_CURVE_WITH_KNOTS( '', 1, ( #3016, #3017 ), .UNSPECIFIED., .F., .F., ( 2, 2 ), ( 0.878468573615736, 0.918938628611022 ), .UNSPECIFIED. );
#2476 = LINE( '', #3018, #3019 );
#2477 = FILL_AREA_STYLE_COLOUR( '', #3020 );
#2478 = VERTEX_POINT( '', #3021 );
#2479 = VERTEX_POINT( '', #3022 );
#2480 = B_SPLINE_CURVE_WITH_KNOTS( '', 1, ( #3023, #3024 ), .UNSPECIFIED., .F., .F., ( 2, 2 ), ( 0.949193548387097, 1.00000000000000 ), .UNSPECIFIED. );
#2481 = VERTEX_POINT( '', #3025 );
#2482 = LINE( '', #3026, #3027 );
#2483 = VERTEX_POINT( '', #3028 );
#2484 = B_SPLINE_CURVE_WITH_KNOTS( '', 1, ( #3029, #3030 ), .UNSPECIFIED., .F., .F., ( 2, 2 ), ( 0.949193548387097, 1.00000000000000 ), .UNSPECIFIED. );
#2485 = LINE( '', #3031, #3032 );
#2486 = FILL_AREA_STYLE_COLOUR( '', #3033 );
#2487 = VERTEX_POINT( '', #3034 );
#2488 = VERTEX_POINT( '', #3035 );
#2489 = B_SPLINE_CURVE_WITH_KNOTS( '', 3, ( #3036, #3037, #3038, #3039, #3040, #3041, #3042, #3043, #3044, #3045, #3046, #3047 ), .UNSPECIFIED., .F., .F., ( 4, 3, 2, 3, 4 ), ( 0.453822850877080, 0.478591973587157, 0.506621391506644, 0.582494126219737, 0.613120944342866 ), .UNSPECIFIED. );
#2490 = VERTEX_POINT( '', #3048 );
#2491 = LINE( '', #3049, #3050 );
#2492 = VERTEX_POINT( '', #3051 );
#2493 = B_SPLINE_CURVE_WITH_KNOTS( '', 3, ( #3052, #3053, #3054, #3055, #3056, #3057, #3058, #3059, #3060, #3061, #3062, #3063 ), .UNSPECIFIED., .F., .F., ( 4, 3, 2, 3, 4 ), ( 0.453822850877080, 0.478591973587157, 0.506621391506644, 0.582494126219737, 0.613120944342866 ), .UNSPECIFIED. );
#2494 = LINE( '', #3064, #3065 );
#2495 = FILL_AREA_STYLE_COLOUR( '', #3066 );
#2496 = VERTEX_POINT( '', #3067 );
#2497 = VERTEX_POINT( '', #3068 );
#2498 = B_SPLINE_CURVE_WITH_KNOTS( '', 1, ( #3069, #3070 ), .UNSPECIFIED., .F., .F., ( 2, 2 ), ( 0.876657064718870, 0.989025263394640 ), .UNSPECIFIED. );
#2499 = VERTEX_POINT( '', #3071 );
#2500 = LINE( '', #3072, #3073 );
#2501 = VERTEX_POINT( '', #3074 );
#2502 = B_SPLINE_CURVE_WITH_KNOTS( '', 1, ( #3075, #3076 ), .UNSPECIFIED., .F., .F., ( 2, 2 ), ( 0.876657064718870, 0.989025263394640 ), .UNSPECIFIED. );
#2503 = LINE( '', #3077, #3078 );
#2504 = FILL_AREA_STYLE_COLOUR( '', #3079 );
#2505 = VERTEX_POINT( '', #3080 );
#2506 = B_SPLINE_CURVE_WITH_KNOTS( '', 3, ( #3081, #3082, #3083, #3084 ), .UNSPECIFIED., .F., .F., ( 4, 4 ), ( 0.977612928234477, 1.00000000000000 ), .UNSPECIFIED. );
#2507 = B_SPLINE_CURVE_WITH_KNOTS( '', 3, ( #3085, #3086, #3087, #3088, #3089, #3090, #3091, #3092, #3093, #3094, #3095, #3096, #3097, #3098, #3099 ), .UNSPECIFIED., .F., .F., ( 4, 3, 2, 3, 3, 4 ), ( 0.565476027601581, 0.708682216831832, 0.769601918792027, 0.804821121487765, 0.844517899856202, 0.977612928234477 ), .UNSPECIFIED. );
#2508 = VERTEX_POINT( '', #3100 );
#2509 = B_SPLINE_CURVE_WITH_KNOTS( '', 3, ( #3101, #3102, #3103, #3104, #3105, #3106, #3107, #3108, #3109, #3110, #3111, #3112 ), .UNSPECIFIED., .F., .F., ( 4, 2, 3, 3, 4 ), ( 0.246257789420755, 0.307855663481921, 0.350353421555127, 0.393644989871565, 0.543088955836057 ), .UNSPECIFIED. );
#2510 = VERTEX_POINT( '', #3113 );
#2511 = B_SPLINE_CURVE_WITH_KNOTS( '', 3, ( #3114, #3115, #3116, #3117 ), .UNSPECIFIED., .F., .F., ( 4, 4 ), ( 0.245547088729786, 0.246257789420755 ), .UNSPECIFIED. );
#2512 = VERTEX_POINT( '', #3118 );
#2513 = B_SPLINE_CURVE_WITH_KNOTS( '', 3, ( #3119, #3120, #3121, #3122 ), .UNSPECIFIED., .F., .F., ( 4, 4 ), ( 0.218007436954738, 0.245547088729786 ), .UNSPECIFIED. );
#2514 = B_SPLINE_CURVE_WITH_KNOTS( '', 3, ( #3123, #3124, #3125, #3126 ), .UNSPECIFIED., .F., .F., ( 4, 4 ), ( 0.197930142434864, 0.218007436954738 ), .UNSPECIFIED. );
#2515 = FILL_AREA_STYLE_COLOUR( '', #3127 );
#2516 = VERTEX_POINT( '', #3128 );
#2517 = VERTEX_POINT( '', #3129 );
#2518 = B_SPLINE_CURVE_WITH_KNOTS( '', 1, ( #3130, #3131 ), .UNSPECIFIED., .F., .F., ( 2, 2 ), ( 0.513628102571191, 0.537977933124081 ), .UNSPECIFIED. );
#2519 = VERTEX_POINT( '', #3132 );
#2520 = LINE( '', #3133, #3134 );
#2521 = VERTEX_POINT( '', #3135 );
#2522 = B_SPLINE_CURVE_WITH_KNOTS( '', 1, ( #3136, #3137 ), .UNSPECIFIED., .F., .F., ( 2, 2 ), ( 0.513628102571191, 0.537977933124081 ), .UNSPECIFIED. );
#2523 = LINE( '', #3138, #3139 );
#2524 = FILL_AREA_STYLE_COLOUR( '', #3140 );
#2525 = VERTEX_POINT( '', #3141 );
#2526 = VERTEX_POINT( '', #3142 );
#2527 = B_SPLINE_CURVE_WITH_KNOTS( '', 1, ( #3143, #3144 ), .UNSPECIFIED., .F., .F., ( 2, 2 ), ( 0.980205944195715, 1.00000000000000 ), .UNSPECIFIED. );
#2528 = VERTEX_POINT( '', #3145 );
#2529 = LINE( '', #3146, #3147 );
#2530 = VERTEX_POINT( '', #3148 );
#2531 = B_SPLINE_CURVE_WITH_KNOTS( '', 1, ( #3149, #3150 ), .UNSPECIFIED., .F., .F., ( 2, 2 ), ( 0.980205944195715, 1.00000000000000 ), .UNSPECIFIED. );
#2532 = LINE( '', #3151, #3152 );
#2533 = FILL_AREA_STYLE_COLOUR( '', #3153 );
#2534 = VERTEX_POINT( '', #3154 );
#2535 = VERTEX_POINT( '', #3155 );
#2536 = B_SPLINE_CURVE_WITH_KNOTS( '', 3, ( #3156, #3157, #3158, #3159, #3160, #3161, #3162, #3163, #3164, #3165, #3166, #3167, #3168, #3169, #3170, #3171, #3172, #3173, #3174, #3175, #3176, #3177, #3178, #3179 ), .UNSPECIFIED., .F., .F., ( 4, 2, 3, 2, 3, 3, 3, 2, 2, 4 ), ( 0.501588227691744, 0.577395052246874, 0.625728262533701, 0.676735416006300, 0.761232114688182, 0.811519827815156, 0.832332658054920, 0.863864128331158, 0.928428567468219, 1.00000000000000 ), .UNSPECIFIED. );
#2537 = VERTEX_POINT( '', #3180 );
#2538 = LINE( '', #3181, #3182 );
#2539 = VERTEX_POINT( '', #3183 );
#2540 = B_SPLINE_CURVE_WITH_KNOTS( '', 3, ( #3184, #3185, #3186, #3187, #3188, #3189, #3190, #3191, #3192, #3193, #3194, #3195, #3196, #3197, #3198, #3199, #3200, #3201, #3202, #3203, #3204, #3205, #3206, #3207 ), .UNSPECIFIED., .F., .F., ( 4, 2, 3, 2, 3, 3, 3, 2, 2, 4 ), ( 0.501588227691744, 0.577395052246874, 0.625728262533701, 0.676735416006300, 0.761232114688182, 0.811519827815156, 0.832332658054920, 0.863864128331158, 0.928428567468219, 1.00000000000000 ), .UNSPECIFIED. );
#2541 = LINE( '', #3208, #3209 );
#2542 = FILL_AREA_STYLE_COLOUR( '', #3210 );
#2543 = VERTEX_POINT( '', #3211 );
#2544 = B_SPLINE_CURVE_WITH_KNOTS( '', 3, ( #3212, #3213, #3214, #3215 ), .UNSPECIFIED., .F., .F., ( 4, 4 ), ( 0.500771499300546, 0.501588227691744 ), .UNSPECIFIED. );
#2545 = VERTEX_POINT( '', #3216 );
#2546 = LINE( '', #3217, #3218 );
#2547 = B_SPLINE_CURVE_WITH_KNOTS( '', 3, ( #3219, #3220, #3221, #3222 ), .UNSPECIFIED., .F., .F., ( 4, 4 ), ( 0.500771499300546, 0.501588227691744 ), .UNSPECIFIED. );
#2548 = FILL_AREA_STYLE_COLOUR( '', #3223 );
#2549 = VERTEX_POINT( '', #3224 );
#2550 = VERTEX_POINT( '', #3225 );
#2551 = B_SPLINE_CURVE_WITH_KNOTS( '', 1, ( #3226, #3227 ), .UNSPECIFIED., .F., .F., ( 2, 2 ), ( 0.814705882352941, 1.00000000000000 ), .UNSPECIFIED. );
#2552 = VERTEX_POINT( '', #3228 );
#2553 = LINE( '', #3229, #3230 );
#2554 = VERTEX_POINT( '', #3231 );
#2555 = B_SPLINE_CURVE_WITH_KNOTS( '', 1, ( #3232, #3233 ), .UNSPECIFIED., .F., .F., ( 2, 2 ), ( 0.814705882352941, 1.00000000000000 ), .UNSPECIFIED. );
#2556 = LINE( '', #3234, #3235 );
#2557 = FILL_AREA_STYLE_COLOUR( '', #3236 );
#2558 = VERTEX_POINT( '', #3237 );
#2559 = B_SPLINE_CURVE_WITH_KNOTS( '', 1, ( #3238, #3239 ), .UNSPECIFIED., .F., .F., ( 2, 2 ), ( 0.876247559621655, 0.876657064718870 ), .UNSPECIFIED. );
#2560 = VERTEX_POINT( '', #3240 );
#2561 = LINE( '', #3241, #3242 );
#2562 = B_SPLINE_CURVE_WITH_KNOTS( '', 1, ( #3243, #3244 ), .UNSPECIFIED., .F., .F., ( 2, 2 ), ( 0.876247559621655, 0.876657064718870 ), .UNSPECIFIED. );
#2563 = FILL_AREA_STYLE_COLOUR( '', #3245 );
#2564 = VERTEX_POINT( '', #3246 );
#2565 = VERTEX_POINT( '', #3247 );
#2566 = B_SPLINE_CURVE_WITH_KNOTS( '', 1, ( #3248, #3249 ), .UNSPECIFIED., .F., .F., ( 2, 2 ), ( 0.632377799725261, 0.749152915448550 ), .UNSPECIFIED. );
#2567 = VERTEX_POINT( '', #3250 );
#2568 = LINE( '', #3251, #3252 );
#2569 = VERTEX_POINT( '', #3253 );
#2570 = B_SPLINE_CURVE_WITH_KNOTS( '', 1, ( #3254, #3255 ), .UNSPECIFIED., .F., .F., ( 2, 2 ), ( 0.632377799725261, 0.749152915448550 ), .UNSPECIFIED. );
#2571 = LINE( '', #3256, #3257 );
#2572 = FILL_AREA_STYLE_COLOUR( '', #3258 );
#2573 = VERTEX_POINT( '', #3259 );
#2574 = B_SPLINE_CURVE_WITH_KNOTS( '', 3, ( #3260, #3261, #3262, #3263, #3264, #3265, #3266, #3267, #3268, #3269, #3270, #3271 ), .UNSPECIFIED., .F., .F., ( 4, 2, 3, 3, 4 ), ( 0.246257789420755, 0.307855663481921, 0.350353421555127, 0.393644989871565, 0.543088955836057 ), .UNSPECIFIED. );
#2575 = LINE( '', #3272, #3273 );
#2576 = FILL_AREA_STYLE_COLOUR( '', #3274 );
#2577 = VERTEX_POINT( '', #3275 );
#2578 = B_SPLINE_CURVE_WITH_KNOTS( '', 1, ( #3276, #3277 ), .UNSPECIFIED., .F., .F., ( 2, 2 ), ( 0.500000000000000, 0.814705882352941 ), .UNSPECIFIED. );
#2579 = VERTEX_POINT( '', #3278 );
#2580 = LINE( '', #3279, #3280 );
#2581 = B_SPLINE_CURVE_WITH_KNOTS( '', 1, ( #3281, #3282 ), .UNSPECIFIED., .F., .F., ( 2, 2 ), ( 0.500000000000000, 0.814705882352941 ), .UNSPECIFIED. );
#2582 = FILL_AREA_STYLE_COLOUR( '', #3283 );
#2583 = VERTEX_POINT( '', #3284 );
#2584 = VERTEX_POINT( '', #3285 );
#2585 = B_SPLINE_CURVE_WITH_KNOTS( '', 3, ( #3286, #3287, #3288, #3289 ), .UNSPECIFIED., .F., .F., ( 4, 4 ), ( 0.427239853398989, 0.428448452701390 ), .UNSPECIFIED. );
#2586 = VERTEX_POINT( '', #3290 );
#2587 = LINE( '', #3291, #3292 );
#2588 = VERTEX_POINT( '', #3293 );
#2589 = B_SPLINE_CURVE_WITH_KNOTS( '', 3, ( #3294, #3295, #3296, #3297 ), .UNSPECIFIED., .F., .F., ( 4, 4 ), ( 0.427239853398989, 0.428448452701390 ), .UNSPECIFIED. );
#2590 = LINE( '', #3298, #3299 );
#2591 = FILL_AREA_STYLE_COLOUR( '', #3300 );
#2592 = VERTEX_POINT( '', #3301 );
#2593 = LINE( '', #3302, #3303 );
#2594 = LINE( '', #3304, #3305 );
#2595 = VERTEX_POINT( '', #3306 );
#2596 = LINE( '', #3307, #3308 );
#2597 = VERTEX_POINT( '', #3309 );
#2598 = LINE( '', #3310, #3311 );
#2599 = VERTEX_POINT( '', #3312 );
#2600 = LINE( '', #3313, #3314 );
#2601 = LINE( '', #3315, #3316 );
#2602 = FILL_AREA_STYLE_COLOUR( '', #3317 );
#2603 = VERTEX_POINT( '', #3318 );
#2604 = VERTEX_POINT( '', #3319 );
#2605 = LINE( '', #3320, #3321 );
#2606 = VERTEX_POINT( '', #3322 );
#2607 = LINE( '', #3323, #3324 );
#2608 = VERTEX_POINT( '', #3325 );
#2609 = LINE( '', #3326, #3327 );
#2610 = LINE( '', #3328, #3329 );
#2611 = FILL_AREA_STYLE_COLOUR( '', #3330 );
#2612 = VERTEX_POINT( '', #3331 );
#2613 = B_SPLINE_CURVE_WITH_KNOTS( '', 3, ( #3332, #3333, #3334, #3335 ), .UNSPECIFIED., .F., .F., ( 4, 4 ), ( 0.431899563191179, 0.453822850877080 ), .UNSPECIFIED. );
#2614 = VERTEX_POINT( '', #3336 );
#2615 = LINE( '', #3337, #3338 );
#2616 = B_SPLINE_CURVE_WITH_KNOTS( '', 3, ( #3339, #3340, #3341, #3342 ), .UNSPECIFIED., .F., .F., ( 4, 4 ), ( 0.431899563191179, 0.453822850877080 ), .UNSPECIFIED. );
#2617 = FILL_AREA_STYLE_COLOUR( '', #3343 );
#2618 = VERTEX_POINT( '', #3344 );
#2619 = LINE( '', #3345, #3346 );
#2620 = LINE( '', #3347, #3348 );
#2621 = FILL_AREA_STYLE_COLOUR( '', #3349 );
#2622 = VERTEX_POINT( '', #3350 );
#2623 = VERTEX_POINT( '', #3351 );
#2624 = B_SPLINE_CURVE_WITH_KNOTS( '', 3, ( #3352, #3353, #3354, #3355 ), .UNSPECIFIED., .F., .F., ( 4, 4 ), ( 0.411075917771917, 0.429860670769464 ), .UNSPECIFIED. );
#2625 = VERTEX_POINT( '', #3356 );
#2626 = LINE( '', #3357, #3358 );
#2627 = VERTEX_POINT( '', #3359 );
#2628 = B_SPLINE_CURVE_WITH_KNOTS( '', 3, ( #3360, #3361, #3362, #3363 ), .UNSPECIFIED., .F., .F., ( 4, 4 ), ( 0.411075917771917, 0.429860670769464 ), .UNSPECIFIED. );
#2629 = LINE( '', #3364, #3365 );
#2630 = FILL_AREA_STYLE_COLOUR( '', #3366 );
#2631 = VERTEX_POINT( '', #3367 );
#2632 = VERTEX_POINT( '', #3368 );
#2633 = B_SPLINE_CURVE_WITH_KNOTS( '', 1, ( #3369, #3370 ), .UNSPECIFIED., .F., .F., ( 2, 2 ), ( 0.519681996971719, 0.632050195647489 ), .UNSPECIFIED. );
#2634 = VERTEX_POINT( '', #3371 );
#2635 = LINE( '', #3372, #3373 );
#2636 = VERTEX_POINT( '', #3374 );
#2637 = B_SPLINE_CURVE_WITH_KNOTS( '', 1, ( #3375, #3376 ), .UNSPECIFIED., .F., .F., ( 2, 2 ), ( 0.519681996971719, 0.632050195647489 ), .UNSPECIFIED. );
#2638 = LINE( '', #3377, #3378 );
#2639 = FILL_AREA_STYLE_COLOUR( '', #3379 );
#2640 = VERTEX_POINT( '', #3380 );
#2641 = VERTEX_POINT( '', #3381 );
#2642 = B_SPLINE_CURVE_WITH_KNOTS( '', 3, ( #3382, #3383, #3384, #3385 ), .UNSPECIFIED., .F., .F., ( 4, 4 ), ( 0.999304022613146, 1.00000000000000 ), .UNSPECIFIED. );
#2643 = VERTEX_POINT( '', #3386 );
#2644 = LINE( '', #3387, #3388 );
#2645 = VERTEX_POINT( '', #3389 );
#2646 = B_SPLINE_CURVE_WITH_KNOTS( '', 3, ( #3390, #3391, #3392, #3393 ), .UNSPECIFIED., .F., .F., ( 4, 4 ), ( 0.999304022613146, 1.00000000000000 ), .UNSPECIFIED. );
#2647 = LINE( '', #3394, #3395 );
#2648 = FILL_AREA_STYLE_COLOUR( '', #3396 );
#2649 = VERTEX_POINT( '', #3397 );
#2650 = VERTEX_POINT( '', #3398 );
#2651 = B_SPLINE_CURVE_WITH_KNOTS( '', 1, ( #3399, #3400 ), .UNSPECIFIED., .F., .F., ( 2, 2 ), ( 0.367837506924431, 0.385937632221330 ), .UNSPECIFIED. );
#2652 = VERTEX_POINT( '', #3401 );
#2653 = LINE( '', #3402, #3403 );
#2654 = VERTEX_POINT( '', #3404 );
#2655 = B_SPLINE_CURVE_WITH_KNOTS( '', 1, ( #3405, #3406 ), .UNSPECIFIED., .F., .F., ( 2, 2 ), ( 0.367837506924431, 0.385937632221330 ), .UNSPECIFIED. );
#2656 = LINE( '', #3407, #3408 );
#2657 = FILL_AREA_STYLE_COLOUR( '', #3409 );
#2658 = VERTEX_POINT( '', #3410 );
#2659 = VERTEX_POINT( '', #3411 );
#2660 = B_SPLINE_CURVE_WITH_KNOTS( '', 1, ( #3412, #3413 ), .UNSPECIFIED., .F., .F., ( 2, 2 ), ( 0.122687727125586, 0.141770664655801 ), .UNSPECIFIED. );
#2661 = VERTEX_POINT( '', #3414 );
#2662 = LINE( '', #3415, #3416 );
#2663 = VERTEX_POINT( '', #3417 );
#2664 = B_SPLINE_CURVE_WITH_KNOTS( '', 1, ( #3418, #3419 ), .UNSPECIFIED., .F., .F., ( 2, 2 ), ( 0.122687727125586, 0.141770664655801 ), .UNSPECIFIED. );
#2665 = LINE( '', #3420, #3421 );
#2666 = FILL_AREA_STYLE_COLOUR( '', #3422 );
#2667 = VERTEX_POINT( '', #3423 );
#2668 = VERTEX_POINT( '', #3424 );
#2669 = LINE( '', #3425, #3426 );
#2670 = LINE( '', #3427, #3428 );
#2671 = LINE( '', #3429, #3430 );
#2672 = FILL_AREA_STYLE_COLOUR( '', #3431 );
#2673 = VERTEX_POINT( '', #3432 );
#2674 = VERTEX_POINT( '', #3433 );
#2675 = B_SPLINE_CURVE_WITH_KNOTS( '', 3, ( #3434, #3435, #3436, #3437 ), .UNSPECIFIED., .F., .F., ( 4, 4 ), ( 0.145909960512045, 0.148393534307995 ), .UNSPECIFIED. );
#2676 = VERTEX_POINT( '', #3438 );
#2677 = LINE( '', #3439, #3440 );
#2678 = VERTEX_POINT( '', #3441 );
#2679 = B_SPLINE_CURVE_WITH_KNOTS( '', 3, ( #3442, #3443, #3444, #3445 ), .UNSPECIFIED., .F., .F., ( 4, 4 ), ( 0.145909960512045, 0.148393534307995 ), .UNSPECIFIED. );
#2680 = LINE( '', #3446, #3447 );
#2681 = FILL_AREA_STYLE_COLOUR( '', #3448 );
#2682 = VERTEX_POINT( '', #3449 );
#2683 = VERTEX_POINT( '', #3450 );
#2684 = LINE( '', #3451, #3452 );
#2685 = LINE( '', #3453, #3454 );
#2686 = LINE( '', #3455, #3456 );
#2687 = FILL_AREA_STYLE_COLOUR( '', #3457 );
#2688 = VERTEX_POINT( '', #3458 );
#2689 = B_SPLINE_CURVE_WITH_KNOTS( '', 1, ( #3459, #3460 ), .UNSPECIFIED., .F., .F., ( 2, 2 ), ( 0.989025263394640, 1.00000000000000 ), .UNSPECIFIED. );
#2690 = VERTEX_POINT( '', #3461 );
#2691 = B_SPLINE_CURVE_WITH_KNOTS( '', 1, ( #3462, #3463 ), .UNSPECIFIED., .F., .F., ( 2, 2 ), ( 0.759472443898366, 0.876247559621655 ), .UNSPECIFIED. );
#2692 = B_SPLINE_CURVE_WITH_KNOTS( '', 1, ( #3464, #3465 ), .UNSPECIFIED., .F., .F., ( 2, 2 ), ( 0.749152915448550, 0.759472443898366 ), .UNSPECIFIED. );
#2693 = B_SPLINE_CURVE_WITH_KNOTS( '', 1, ( #3466, #3467 ), .UNSPECIFIED., .F., .F., ( 2, 2 ), ( 0.632050195647489, 0.632377799725261 ), .UNSPECIFIED. );
#2694 = VERTEX_POINT( '', #3468 );
#2695 = B_SPLINE_CURVE_WITH_KNOTS( '', 1, ( #3469, #3470 ), .UNSPECIFIED., .F., .F., ( 2, 2 ), ( 0.508625359346916, 0.519681996971719 ), .UNSPECIFIED. );
#2696 = B_SPLINE_CURVE_WITH_KNOTS( '', 1, ( #3471, #3472 ), .UNSPECIFIED., .F., .F., ( 2, 2 ), ( 0.385937632221330, 0.508625359346916 ), .UNSPECIFIED. );
#2697 = B_SPLINE_CURVE_WITH_KNOTS( '', 1, ( #3473, #3474 ), .UNSPECIFIED., .F., .F., ( 2, 2 ), ( 0.254967887829002, 0.367837506924431 ), .UNSPECIFIED. );
#2698 = B_SPLINE_CURVE_WITH_KNOTS( '', 1, ( #3475, #3476 ), .UNSPECIFIED., .F., .F., ( 2, 2 ), ( 0.141770664655801, 0.254640283751230 ), .UNSPECIFIED. );
#2699 = B_SPLINE_CURVE_WITH_KNOTS( '', 1, ( #3477, #3478 ), .UNSPECIFIED., .F., .F., ( 2, 2 ), ( 0.000000000000000, 0.122687727125586 ), .UNSPECIFIED. );
#2700 = FILL_AREA_STYLE_COLOUR( '', #3479 );
#2701 = VERTEX_POINT( '', #3480 );
#2702 = B_SPLINE_CURVE_WITH_KNOTS( '', 1, ( #3481, #3482 ), .UNSPECIFIED., .F., .F., ( 2, 2 ), ( 0.508625359346916, 0.519681996971719 ), .UNSPECIFIED. );
#2703 = LINE( '', #3483, #3484 );
#2704 = FILL_AREA_STYLE_COLOUR( '', #3485 );
#2705 = VERTEX_POINT( '', #3486 );
#2706 = B_SPLINE_CURVE_WITH_KNOTS( '', 3, ( #3487, #3488, #3489, #3490 ), .UNSPECIFIED., .F., .F., ( 4, 4 ), ( 0.613120944342866, 0.613816921729720 ), .UNSPECIFIED. );
#2707 = VERTEX_POINT( '', #3491 );
#2708 = B_SPLINE_CURVE_WITH_KNOTS( '', 3, ( #3492, #3493, #3494, #3495 ), .UNSPECIFIED., .F., .F., ( 4, 4 ), ( 0.613120944342866, 0.613816921729720 ), .UNSPECIFIED. );
#2709 = LINE( '', #3496, #3497 );
#2710 = FILL_AREA_STYLE_COLOUR( '', #3498 );
#2711 = VERTEX_POINT( '', #3499 );
#2712 = B_SPLINE_CURVE_WITH_KNOTS( '', 3, ( #3500, #3501, #3502, #3503, #3504, #3505, #3506, #3507, #3508, #3509, #3510, #3511, #3512, #3513, #3514 ), .UNSPECIFIED., .F., .F., ( 4, 2, 3, 3, 3, 4 ), ( 0.0257269443227276, 0.138975675017387, 0.242828222815983, 0.377588407363604, 0.403725362251138, 0.411075917771917 ), .UNSPECIFIED. );
#2713 = VERTEX_POINT( '', #3515 );
#2714 = LINE( '', #3516, #3517 );
#2715 = B_SPLINE_CURVE_WITH_KNOTS( '', 3, ( #3518, #3519, #3520, #3521, #3522, #3523, #3524, #3525, #3526, #3527, #3528, #3529, #3530, #3531, #3532 ), .UNSPECIFIED., .F., .F., ( 4, 2, 3, 3, 3, 4 ), ( 0.0257269443227276, 0.138975675017387, 0.242828222815983, 0.377588407363604, 0.403725362251138, 0.411075917771917 ), .UNSPECIFIED. );
#2716 = FILL_AREA_STYLE_COLOUR( '', #3533 );
#2717 = VERTEX_POINT( '', #3534 );
#2718 = B_SPLINE_CURVE_WITH_KNOTS( '', 3, ( #3535, #3536, #3537, #3538, #3539, #3540, #3541, #3542, #3543, #3544, #3545, #3546, #3547, #3548, #3549, #3550, #3551, #3552, #3553, #3554, #3555, #3556 ), .UNSPECIFIED., .F., .F., ( 4, 3, 3, 3, 2, 3, 2, 2, 4 ), ( 0.148393534307995, 0.245942086050110, 0.312658626429203, 0.416676787619485, 0.517573302017042, 0.623126578617564, 0.721363726371279, 0.860681863185640, 1.00000000000000 ), .UNSPECIFIED. );
#2719 = VERTEX_POINT( '', #3557 );
#2720 = B_SPLINE_CURVE_WITH_KNOTS( '', 3, ( #3558, #3559, #3560, #3561, #3562, #3563, #3564, #3565, #3566, #3567, #3568, #3569, #3570, #3571, #3572, #3573, #3574, #3575, #3576, #3577, #3578, #3579 ), .UNSPECIFIED., .F., .F., ( 4, 3, 3, 3, 2, 3, 2, 2, 4 ), ( 0.148393534307995, 0.245942086050110, 0.312658626429203, 0.416676787619485, 0.517573302017042, 0.623126578617564, 0.721363726371279, 0.860681863185640, 1.00000000000000 ), .UNSPECIFIED. );
#2721 = LINE( '', #3580, #3581 );
#2722 = FILL_AREA_STYLE_COLOUR( '', #3582 );
#2723 = B_SPLINE_CURVE_WITH_KNOTS( '', 3, ( #3583, #3584, #3585, #3586, #3587, #3588, #3589, #3590, #3591, #3592, #3593, #3594 ), .UNSPECIFIED., .F., .F., ( 4, 2, 3, 3, 4 ), ( 0.429860670769464, 0.438069951923568, 0.468170649488614, 0.493201440926721, 0.500771499300546 ), .UNSPECIFIED. );
#2724 = B_SPLINE_CURVE_WITH_KNOTS( '', 3, ( #3595, #3596, #3597, #3598, #3599, #3600, #3601, #3602, #3603, #3604, #3605, #3606 ), .UNSPECIFIED., .F., .F., ( 4, 2, 3, 3, 4 ), ( 0.429860670769464, 0.438069951923568, 0.468170649488614, 0.493201440926721, 0.500771499300546 ), .UNSPECIFIED. );
#2725 = FILL_AREA_STYLE_COLOUR( '', #3607 );
#2726 = VERTEX_POINT( '', #3608 );
#2727 = B_SPLINE_CURVE_WITH_KNOTS( '', 1, ( #3609, #3610 ), .UNSPECIFIED., .F., .F., ( 2, 2 ), ( 0.000000000000000, 0.449193548387097 ), .UNSPECIFIED. );
#2728 = VERTEX_POINT( '', #3611 );
#2729 = B_SPLINE_CURVE_WITH_KNOTS( '', 1, ( #3612, #3613 ), .UNSPECIFIED., .F., .F., ( 2, 2 ), ( 0.000000000000000, 0.449193548387097 ), .UNSPECIFIED. );
#2730 = LINE( '', #3614, #3615 );
#2731 = FILL_AREA_STYLE_COLOUR( '', #3616 );
#2732 = VERTEX_POINT( '', #3617 );
#2733 = B_SPLINE_CURVE_WITH_KNOTS( '', 3, ( #3618, #3619, #3620, #3621, #3622, #3623, #3624, #3625, #3626, #3627, #3628, #3629, #3630, #3631, #3632, #3633, #3634, #3635 ), .UNSPECIFIED., .T., .F., ( 4, 2, 2, 2, 2, 2, 2, 2, 4 ), ( 0.000000000000000, 0.124944506104328, 0.249889012208656, 0.376415094339621, 0.502941176470585, 0.627987421383644, 0.753033666296703, 0.876516833148351, 1.00000000000000 ), .UNSPECIFIED. );
#2734 = B_SPLINE_CURVE_WITH_KNOTS( '', 3, ( #3636, #3637, #3638, #3639, #3640, #3641, #3642, #3643, #3644, #3645, #3646, #3647, #3648, #3649, #3650 ), .UNSPECIFIED., .F., .F., ( 4, 2, 2, 2, 2, 3, 4 ), ( 0.613816921729720, 0.647489166132686, 0.681161410535653, 0.805531474540154, 0.934916460480321, 0.968078158557423, 0.999304022613146 ), .UNSPECIFIED. );
#2735 = VERTEX_POINT( '', #3651 );
#2736 = B_SPLINE_CURVE_WITH_KNOTS( '', 3, ( #3652, #3653, #3654, #3655, #3656, #3657, #3658, #3659, #3660, #3661, #3662, #3663, #3664, #3665, #3666 ), .UNSPECIFIED., .F., .F., ( 4, 3, 3, 2, 3, 4 ), ( 0.0495883888133501, 0.229672537661832, 0.293549440108412, 0.347607496870202, 0.393084909701548, 0.431899563191179 ), .UNSPECIFIED. );
#2737 = VERTEX_POINT( '', #3667 );
#2738 = B_SPLINE_CURVE_WITH_KNOTS( '', 3, ( #3668, #3669, #3670, #3671 ), .UNSPECIFIED., .F., .F., ( 4, 4 ), ( 0.0299270276347236, 0.0495883888133501 ), .UNSPECIFIED. );
#2739 = B_SPLINE_CURVE_WITH_KNOTS( '', 3, ( #3672, #3673, #3674, #3675 ), .UNSPECIFIED., .F., .F., ( 4, 4 ), ( 0.000000000000000, 0.0299270276347236 ), .UNSPECIFIED. );
#2740 = FILL_AREA_STYLE_COLOUR( '', #3676 );
#2741 = VERTEX_POINT( '', #3677 );
#2742 = VERTEX_POINT( '', #3678 );
#2743 = B_SPLINE_CURVE_WITH_KNOTS( '', 1, ( #3679, #3680 ), .UNSPECIFIED., .F., .F., ( 2, 2 ), ( 0.235329330117615, 0.255123385921899 ), .UNSPECIFIED. );
#2744 = VERTEX_POINT( '', #3681 );
#2745 = LINE( '', #3682, #3683 );
#2746 = VERTEX_POINT( '', #3684 );
#2747 = B_SPLINE_CURVE_WITH_KNOTS( '', 1, ( #3685, #3686 ), .UNSPECIFIED., .F., .F., ( 2, 2 ), ( 0.235329330117615, 0.255123385921899 ), .UNSPECIFIED. );
#2748 = LINE( '', #3687, #3688 );
#2749 = FILL_AREA_STYLE_COLOUR( '', #3689 );
#2750 = VERTEX_POINT( '', #3690 );
#2751 = VERTEX_POINT( '', #3691 );
#2752 = B_SPLINE_CURVE_WITH_KNOTS( '', 3, ( #3692, #3693, #3694, #3695 ), .UNSPECIFIED., .F., .F., ( 4, 4 ), ( 0.0299270276347236, 0.0495883888133501 ), .UNSPECIFIED. );
#2753 = LINE( '', #3696, #3697 );
#2754 = LINE( '', #3698, #3699 );
#2755 = FILL_AREA_STYLE_COLOUR( '', #3700 );
#2756 = VERTEX_POINT( '', #3701 );
#2757 = B_SPLINE_CURVE_WITH_KNOTS( '', 3, ( #3702, #3703, #3704, #3705, #3706, #3707, #3708, #3709 ), .UNSPECIFIED., .F., .F., ( 4, 2, 2, 4 ), ( 0.428448452701390, 0.484770873364049, 0.541093294026708, 0.553224276938666 ), .UNSPECIFIED. );
#2758 = VERTEX_POINT( '', #3710 );
#2759 = B_SPLINE_CURVE_WITH_KNOTS( '', 3, ( #3711, #3712, #3713, #3714, #3715, #3716, #3717, #3718 ), .UNSPECIFIED., .F., .F., ( 4, 2, 2, 4 ), ( 0.428448452701390, 0.484770873364049, 0.541093294026708, 0.553224276938666 ), .UNSPECIFIED. );
#2760 = LINE( '', #3719, #3720 );
#2761 = FILL_AREA_STYLE_COLOUR( '', #3721 );
#2762 = LINE( '', #3722, #3723 );
#2763 = LINE( '', #3724, #3725 );
#2764 = FILL_AREA_STYLE_COLOUR( '', #3726 );
#2765 = B_SPLINE_CURVE_WITH_KNOTS( '', 1, ( #3727, #3728 ), .UNSPECIFIED., .F., .F., ( 2, 2 ), ( 0.632050195647489, 0.632377799725261 ), .UNSPECIFIED. );
#2766 = FILL_AREA_STYLE_COLOUR( '', #3729 );
#2767 = VERTEX_POINT( '', #3730 );
#2768 = VERTEX_POINT( '', #3731 );
#2769 = B_SPLINE_CURVE_WITH_KNOTS( '', 3, ( #3732, #3733, #3734, #3735 ), .UNSPECIFIED., .F., .F., ( 4, 4 ), ( 0.218007436954738, 0.245547088729786 ), .UNSPECIFIED. );
#2770 = LINE( '', #3736, #3737 );
#2771 = LINE( '', #3738, #3739 );
#2772 = FILL_AREA_STYLE_COLOUR( '', #3740 );
#2773 = VERTEX_POINT( '', #3741 );
#2774 = B_SPLINE_CURVE_WITH_KNOTS( '', 1, ( #3742, #3743 ), .UNSPECIFIED., .F., .F., ( 2, 2 ), ( 0.000000000000000, 0.122687727125586 ), .UNSPECIFIED. );
#2775 = LINE( '', #3744, #3745 );
#2776 = FILL_AREA_STYLE_COLOUR( '', #3746 );
#2777 = VERTEX_POINT( '', #3747 );
#2778 = B_SPLINE_CURVE_WITH_KNOTS( '', 1, ( #3748, #3749 ), .UNSPECIFIED., .F., .F., ( 2, 2 ), ( 0.500000000000000, 0.949193548387097 ), .UNSPECIFIED. );
#2779 = VERTEX_POINT( '', #3750 );
#2780 = LINE( '', #3751, #3752 );
#2781 = B_SPLINE_CURVE_WITH_KNOTS( '', 1, ( #3753, #3754 ), .UNSPECIFIED., .F., .F., ( 2, 2 ), ( 0.500000000000000, 0.949193548387097 ), .UNSPECIFIED. );
#2782 = FILL_AREA_STYLE_COLOUR( '', #3755 );
#2783 = VERTEX_POINT( '', #3756 );
#2784 = VERTEX_POINT( '', #3757 );
#2785 = B_SPLINE_CURVE_WITH_KNOTS( '', 3, ( #3758, #3759, #3760, #3761, #3762, #3763, #3764, #3765, #3766, #3767, #3768, #3769, #3770 ), .UNSPECIFIED., .F., .F., ( 4, 3, 3, 3, 4 ), ( 0.591295154964319, 0.609562796619294, 0.674731454147155, 0.751271439800543, 0.961929121974348 ), .UNSPECIFIED. );
#2786 = VERTEX_POINT( '', #3771 );
#2787 = LINE( '', #3772, #3773 );
#2788 = VERTEX_POINT( '', #3774 );
#2789 = B_SPLINE_CURVE_WITH_KNOTS( '', 3, ( #3775, #3776, #3777, #3778, #3779, #3780, #3781, #3782, #3783, #3784, #3785, #3786, #3787 ), .UNSPECIFIED., .F., .F., ( 4, 3, 3, 3, 4 ), ( 0.591295154964319, 0.609562796619294, 0.674731454147155, 0.751271439800543, 0.961929121974348 ), .UNSPECIFIED. );
#2790 = LINE( '', #3788, #3789 );
#2791 = FILL_AREA_STYLE_COLOUR( '', #3790 );
#2792 = VERTEX_POINT( '', #3791 );
#2793 = B_SPLINE_CURVE_WITH_KNOTS( '', 1, ( #3792, #3793 ), .UNSPECIFIED., .F., .F., ( 2, 2 ), ( 0.314705882352941, 0.500000000000000 ), .UNSPECIFIED. );
#2794 = VERTEX_POINT( '', #3794 );
#2795 = LINE( '', #3795, #3796 );
#2796 = B_SPLINE_CURVE_WITH_KNOTS( '', 1, ( #3797, #3798 ), .UNSPECIFIED., .F., .F., ( 2, 2 ), ( 0.314705882352941, 0.500000000000000 ), .UNSPECIFIED. );
#2797 = FILL_AREA_STYLE_COLOUR( '', #3799 );
#2798 = B_SPLINE_CURVE_WITH_KNOTS( '', 3, ( #3800, #3801, #3802, #3803 ), .UNSPECIFIED., .F., .F., ( 4, 4 ), ( 0.000000000000000, 0.145909960512045 ), .UNSPECIFIED. );
#2799 = B_SPLINE_CURVE_WITH_KNOTS( '', 3, ( #3804, #3805, #3806, #3807 ), .UNSPECIFIED., .F., .F., ( 4, 4 ), ( 0.000000000000000, 0.145909960512045 ), .UNSPECIFIED. );
#2800 = FILL_AREA_STYLE_COLOUR( '', #3808 );
#2801 = B_SPLINE_CURVE_WITH_KNOTS( '', 3, ( #3809, #3810, #3811, #3812 ), .UNSPECIFIED., .F., .F., ( 4, 4 ), ( 0.245547088729786, 0.246257789420755 ), .UNSPECIFIED. );
#2802 = FILL_AREA_STYLE_COLOUR( '', #3813 );
#2803 = VERTEX_POINT( '', #3814 );
#2804 = VERTEX_POINT( '', #3815 );
#2805 = B_SPLINE_CURVE_WITH_KNOTS( '', 3, ( #3816, #3817, #3818, #3819 ), .UNSPECIFIED., .F., .F., ( 4, 4 ), ( 0.000000000000000, 0.336594905718864 ), .UNSPECIFIED. );
#2806 = VERTEX_POINT( '', #3820 );
#2807 = LINE( '', #3821, #3822 );
#2808 = VERTEX_POINT( '', #3823 );
#2809 = B_SPLINE_CURVE_WITH_KNOTS( '', 3, ( #3824, #3825, #3826, #3827 ), .UNSPECIFIED., .F., .F., ( 4, 4 ), ( 0.000000000000000, 0.336594905718864 ), .UNSPECIFIED. );
#2810 = LINE( '', #3828, #3829 );
#2811 = FILL_AREA_STYLE_COLOUR( '', #3830 );
#2812 = VERTEX_POINT( '', #3831 );
#2813 = B_SPLINE_CURVE_WITH_KNOTS( '', 1, ( #3832, #3833 ), .UNSPECIFIED., .F., .F., ( 2, 2 ), ( 0.749152915448550, 0.759472443898366 ), .UNSPECIFIED. );
#2814 = LINE( '', #3834, #3835 );
#2815 = FILL_AREA_STYLE_COLOUR( '', #3836 );
#2816 = VERTEX_POINT( '', #3837 );
#2817 = B_SPLINE_CURVE_WITH_KNOTS( '', 3, ( #3838, #3839, #3840, #3841, #3842, #3843, #3844, #3845, #3846, #3847, #3848, #3849, #3850, #3851, #3852 ), .UNSPECIFIED., .F., .F., ( 4, 3, 2, 3, 3, 4 ), ( 0.565476027601581, 0.708682216831832, 0.769601918792027, 0.804821121487765, 0.844517899856202, 0.977612928234477 ), .UNSPECIFIED. );
#2818 = LINE( '', #3853, #3854 );
#2819 = FILL_AREA_STYLE_COLOUR( '', #3855 );
#2820 = B_SPLINE_CURVE_WITH_KNOTS( '', 1, ( #3856, #3857 ), .UNSPECIFIED., .F., .F., ( 2, 2 ), ( 0.254967887829002, 0.367837506924431 ), .UNSPECIFIED. );
#2821 = FILL_AREA_STYLE_COLOUR( '', #3858 );
#2822 = VERTEX_POINT( '', #3859 );
#2823 = B_SPLINE_CURVE_WITH_KNOTS( '', 3, ( #3860, #3861, #3862, #3863 ), .UNSPECIFIED., .F., .F., ( 4, 4 ), ( 0.336594905718864, 0.374665783744516 ), .UNSPECIFIED. );
#2824 = VERTEX_POINT( '', #3864 );
#2825 = B_SPLINE_CURVE_WITH_KNOTS( '', 3, ( #3865, #3866, #3867, #3868 ), .UNSPECIFIED., .F., .F., ( 4, 4 ), ( 0.336594905718864, 0.374665783744516 ), .UNSPECIFIED. );
#2826 = LINE( '', #3869, #3870 );
#2827 = FILL_AREA_STYLE_COLOUR( '', #3871 );
#2828 = VERTEX_POINT( '', #3872 );
#2829 = B_SPLINE_CURVE_WITH_KNOTS( '', 1, ( #3873, #3874 ), .UNSPECIFIED., .F., .F., ( 2, 2 ), ( 0.537977933124081, 0.621617922090325 ), .UNSPECIFIED. );
#2830 = VERTEX_POINT( '', #3875 );
#2831 = B_SPLINE_CURVE_WITH_KNOTS( '', 1, ( #3876, #3877 ), .UNSPECIFIED., .F., .F., ( 2, 2 ), ( 0.537977933124081, 0.621617922090325 ), .UNSPECIFIED. );
#2832 = LINE( '', #3878, #3879 );
#2833 = FILL_AREA_STYLE_COLOUR( '', #3880 );
#2834 = VERTEX_POINT( '', #3881 );
#2835 = LINE( '', #3882, #3883 );
#2836 = LINE( '', #3884, #3885 );
#2837 = FILL_AREA_STYLE_COLOUR( '', #3886 );
#2838 = FILL_AREA_STYLE_COLOUR( '', #3887 );
#2839 = B_SPLINE_CURVE_WITH_KNOTS( '', 1, ( #3888, #3889 ), .UNSPECIFIED., .F., .F., ( 2, 2 ), ( 0.759472443898366, 0.876247559621655 ), .UNSPECIFIED. );
#2840 = FILL_AREA_STYLE_COLOUR( '', #3890 );
#2841 = VERTEX_POINT( '', #3891 );
#2842 = B_SPLINE_CURVE_WITH_KNOTS( '', 3, ( #3892, #3893, #3894, #3895, #3896, #3897, #3898, #3899, #3900, #3901, #3902, #3903, #3904, #3905, #3906, #3907, #3908, #3909 ), .UNSPECIFIED., .T., .F., ( 4, 2, 2, 2, 2, 2, 2, 2, 4 ), ( 0.000000000000000, 0.124944506104328, 0.249889012208656, 0.376415094339621, 0.502941176470585, 0.627987421383644, 0.753033666296703, 0.876516833148351, 1.00000000000000 ), .UNSPECIFIED. );
#2843 = FILL_AREA_STYLE_COLOUR( '', #3910 );
#2844 = VERTEX_POINT( '', #3911 );
#2845 = LINE( '', #3912, #3913 );
#2846 = VERTEX_POINT( '', #3914 );
#2847 = LINE( '', #3915, #3916 );
#2848 = LINE( '', #3917, #3918 );
#2849 = FILL_AREA_STYLE_COLOUR( '', #3919 );
#2850 = B_SPLINE_CURVE_WITH_KNOTS( '', 3, ( #3920, #3921, #3922, #3923 ), .UNSPECIFIED., .F., .F., ( 4, 4 ), ( 0.977612928234477, 1.00000000000000 ), .UNSPECIFIED. );
#2851 = FILL_AREA_STYLE_COLOUR( '', #3924 );
#2852 = B_SPLINE_CURVE_WITH_KNOTS( '', 3, ( #3925, #3926, #3927, #3928 ), .UNSPECIFIED., .F., .F., ( 4, 4 ), ( 0.197930142434864, 0.218007436954738 ), .UNSPECIFIED. );
#2853 = B_SPLINE_CURVE_WITH_KNOTS( '', 1, ( #3929, #3930 ), .UNSPECIFIED., .F., .F., ( 2, 2 ), ( 0.000000000000000, 0.314705882352941 ), .UNSPECIFIED. );
#2854 = B_SPLINE_CURVE_WITH_KNOTS( '', 3, ( #3931, #3932, #3933, #3934 ), .UNSPECIFIED., .F., .F., ( 4, 4 ), ( 0.961929121974348, 1.00000000000000 ), .UNSPECIFIED. );
#2855 = B_SPLINE_CURVE_WITH_KNOTS( '', 3, ( #3935, #3936, #3937, #3938 ), .UNSPECIFIED., .F., .F., ( 4, 4 ), ( 0.374665783744516, 0.427239853398989 ), .UNSPECIFIED. );
#2856 = B_SPLINE_CURVE_WITH_KNOTS( '', 3, ( #3939, #3940, #3941, #3942 ), .UNSPECIFIED., .F., .F., ( 4, 4 ), ( 0.553224276938666, 0.591295154964319 ), .UNSPECIFIED. );
#2857 = B_SPLINE_CURVE_WITH_KNOTS( '', 1, ( #3943, #3944 ), .UNSPECIFIED., .F., .F., ( 2, 2 ), ( 0.989025263394640, 1.00000000000000 ), .UNSPECIFIED. );
#2858 = B_SPLINE_CURVE_WITH_KNOTS( '', 1, ( #3945, #3946 ), .UNSPECIFIED., .F., .F., ( 2, 2 ), ( 0.141770664655801, 0.254640283751230 ), .UNSPECIFIED. );
#2859 = B_SPLINE_CURVE_WITH_KNOTS( '', 1, ( #3947, #3948 ), .UNSPECIFIED., .F., .F., ( 2, 2 ), ( 0.385937632221330, 0.508625359346916 ), .UNSPECIFIED. );
#2860 = LINE( '', #3949, #3950 );
#2861 = B_SPLINE_CURVE_WITH_KNOTS( '', 3, ( #3951, #3952, #3953, #3954 ), .UNSPECIFIED., .F., .F., ( 4, 4 ), ( 0.000000000000000, 0.0257269443227276 ), .UNSPECIFIED. );
#2862 = B_SPLINE_CURVE_WITH_KNOTS( '', 1, ( #3955, #3956 ), .UNSPECIFIED., .F., .F., ( 2, 2 ), ( 0.000000000000000, 0.235329330117615 ), .UNSPECIFIED. );
#2863 = VERTEX_POINT( '', #3957 );
#2864 = B_SPLINE_CURVE_WITH_KNOTS( '', 1, ( #3958, #3959 ), .UNSPECIFIED., .F., .F., ( 2, 2 ), ( 0.255123385921899, 0.402479134687135 ), .UNSPECIFIED. );
#2865 = VERTEX_POINT( '', #3960 );
#2866 = B_SPLINE_CURVE_WITH_KNOTS( '', 1, ( #3961, #3962 ), .UNSPECIFIED., .F., .F., ( 2, 2 ), ( 0.402479134687135, 0.403264613092067 ), .UNSPECIFIED. );
#2867 = B_SPLINE_CURVE_WITH_KNOTS( '', 1, ( #3963, #3964 ), .UNSPECIFIED., .F., .F., ( 2, 2 ), ( 0.403264613092067, 0.513628102571191 ), .UNSPECIFIED. );
#2868 = VERTEX_POINT( '', #3965 );
#2869 = B_SPLINE_CURVE_WITH_KNOTS( '', 1, ( #3966, #3967 ), .UNSPECIFIED., .F., .F., ( 2, 2 ), ( 0.621617922090325, 0.748176020122498 ), .UNSPECIFIED. );
#2870 = VERTEX_POINT( '', #3968 );
#2871 = B_SPLINE_CURVE_WITH_KNOTS( '', 1, ( #3969, #3970 ), .UNSPECIFIED., .F., .F., ( 2, 2 ), ( 0.748176020122498, 0.772525850675388 ), .UNSPECIFIED. );
#2872 = B_SPLINE_CURVE_WITH_KNOTS( '', 1, ( #3971, #3972 ), .UNSPECIFIED., .F., .F., ( 2, 2 ), ( 0.772525850675388, 0.878468573615736 ), .UNSPECIFIED. );
#2873 = B_SPLINE_CURVE_WITH_KNOTS( '', 1, ( #3973, #3974 ), .UNSPECIFIED., .F., .F., ( 2, 2 ), ( 0.918938628611022, 0.980205944195715 ), .UNSPECIFIED. );
#2874 = B_SPLINE_CURVE_WITH_KNOTS( '', 1, ( #3975, #3976 ), .UNSPECIFIED., .F., .F., ( 2, 2 ), ( 0.449193548387097, 0.500000000000000 ), .UNSPECIFIED. );
#2875 = B_SPLINE_CURVE_WITH_KNOTS( '', 3, ( #3977, #3978, #3979, #3980 ), .UNSPECIFIED., .F., .F., ( 4, 4 ), ( 0.000000000000000, 0.0299270276347236 ), .UNSPECIFIED. );
#2876 = B_SPLINE_CURVE_WITH_KNOTS( '', 3, ( #3981, #3982, #3983, #3984, #3985, #3986, #3987, #3988, #3989, #3990, #3991, #3992, #3993, #3994, #3995 ), .UNSPECIFIED., .F., .F., ( 4, 3, 3, 2, 3, 4 ), ( 0.0495883888133501, 0.229672537661832, 0.293549440108412, 0.347607496870202, 0.393084909701548, 0.431899563191179 ), .UNSPECIFIED. );
#2877 = B_SPLINE_CURVE_WITH_KNOTS( '', 3, ( #3996, #3997, #3998, #3999, #4000, #4001, #4002, #4003, #4004, #4005, #4006, #4007, #4008, #4009, #4010 ), .UNSPECIFIED., .F., .F., ( 4, 2, 2, 2, 2, 3, 4 ), ( 0.613816921729720, 0.647489166132686, 0.681161410535653, 0.805531474540154, 0.934916460480321, 0.968078158557423, 0.999304022613146 ), .UNSPECIFIED. );
#2878 = FILL_AREA_STYLE_COLOUR( '', #4011 );
#2879 = B_SPLINE_CURVE_WITH_KNOTS( '', 1, ( #4012, #4013 ), .UNSPECIFIED., .F., .F., ( 2, 2 ), ( 0.000000000000000, 0.235329330117615 ), .UNSPECIFIED. );
#2880 = FILL_AREA_STYLE_COLOUR( '', #4014 );
#2881 = FILL_AREA_STYLE_COLOUR( '', #4015 );
#2882 = FILL_AREA_STYLE_COLOUR( '', #4016 );
#2883 = B_SPLINE_CURVE_WITH_KNOTS( '', 1, ( #4017, #4018 ), .UNSPECIFIED., .F., .F., ( 2, 2 ), ( 0.449193548387097, 0.500000000000000 ), .UNSPECIFIED. );
#2884 = FILL_AREA_STYLE_COLOUR( '', #4019 );
#2885 = LINE( '', #4020, #4021 );
#2886 = FILL_AREA_STYLE_COLOUR( '', #4022 );
#2887 = B_SPLINE_CURVE_WITH_KNOTS( '', 1, ( #4023, #4024 ), .UNSPECIFIED., .F., .F., ( 2, 2 ), ( 0.000000000000000, 0.314705882352941 ), .UNSPECIFIED. );
#2888 = FILL_AREA_STYLE_COLOUR( '', #4025 );
#2889 = B_SPLINE_CURVE_WITH_KNOTS( '', 3, ( #4026, #4027, #4028, #4029 ), .UNSPECIFIED., .F., .F., ( 4, 4 ), ( 0.553224276938666, 0.591295154964319 ), .UNSPECIFIED. );
#2890 = FILL_AREA_STYLE_COLOUR( '', #4030 );
#2891 = VERTEX_POINT( '', #4031 );
#2892 = LINE( '', #4032, #4033 );
#2893 = B_SPLINE_CURVE_WITH_KNOTS( '', 1, ( #4034, #4035 ), .UNSPECIFIED., .F., .F., ( 2, 2 ), ( 0.403264613092067, 0.513628102571191 ), .UNSPECIFIED. );
#2894 = FILL_AREA_STYLE_COLOUR( '', #4036 );
#2895 = FILL_AREA_STYLE_COLOUR( '', #4037 );
#2896 = FILL_AREA_STYLE_COLOUR( '', #4038 );
#2897 = LINE( '', #4039, #4040 );
#2898 = FILL_AREA_STYLE_COLOUR( '', #4041 );
#2899 = VERTEX_POINT( '', #4042 );
#2900 = B_SPLINE_CURVE_WITH_KNOTS( '', 1, ( #4043, #4044 ), .UNSPECIFIED., .F., .F., ( 2, 2 ), ( 0.621617922090325, 0.748176020122498 ), .UNSPECIFIED. );
#2901 = LINE( '', #4045, #4046 );
#2902 = FILL_AREA_STYLE_COLOUR( '', #4047 );
#2903 = FILL_AREA_STYLE_COLOUR( '', #4048 );
#2904 = B_SPLINE_CURVE_WITH_KNOTS( '', 3, ( #4049, #4050, #4051, #4052 ), .UNSPECIFIED., .F., .F., ( 4, 4 ), ( 0.000000000000000, 0.0257269443227276 ), .UNSPECIFIED. );
#2905 = FILL_AREA_STYLE_COLOUR( '', #4053 );
#2906 = FILL_AREA_STYLE_COLOUR( '', #4054 );
#2907 = FILL_AREA_STYLE_COLOUR( '', #4055 );
#2908 = B_SPLINE_CURVE_WITH_KNOTS( '', 1, ( #4056, #4057 ), .UNSPECIFIED., .F., .F., ( 2, 2 ), ( 0.918938628611022, 0.980205944195715 ), .UNSPECIFIED. );
#2909 = FILL_AREA_STYLE_COLOUR( '', #4058 );
#2910 = B_SPLINE_CURVE_WITH_KNOTS( '', 3, ( #4059, #4060, #4061, #4062 ), .UNSPECIFIED., .F., .F., ( 4, 4 ), ( 0.374665783744516, 0.427239853398989 ), .UNSPECIFIED. );
#2911 = FILL_AREA_STYLE_COLOUR( '', #4063 );
#2912 = VERTEX_POINT( '', #4064 );
#2913 = B_SPLINE_CURVE_WITH_KNOTS( '', 1, ( #4065, #4066 ), .UNSPECIFIED., .F., .F., ( 2, 2 ), ( 0.255123385921899, 0.402479134687135 ), .UNSPECIFIED. );
#2914 = LINE( '', #4067, #4068 );
#2915 = FILL_AREA_STYLE_COLOUR( '', #4069 );
#2916 = B_SPLINE_CURVE_WITH_KNOTS( '', 3, ( #4070, #4071, #4072, #4073 ), .UNSPECIFIED., .F., .F., ( 4, 4 ), ( 0.961929121974348, 1.00000000000000 ), .UNSPECIFIED. );
#2917 = FILL_AREA_STYLE_COLOUR( '', #4074 );
#2918 = FILL_AREA_STYLE_COLOUR( '', #4075 );
#2919 = VERTEX_POINT( '', #4076 );
#2920 = LINE( '', #4077, #4078 );
#2921 = B_SPLINE_CURVE_WITH_KNOTS( '', 1, ( #4079, #4080 ), .UNSPECIFIED., .F., .F., ( 2, 2 ), ( 0.772525850675388, 0.878468573615736 ), .UNSPECIFIED. );
#2922 = FILL_AREA_STYLE_COLOUR( '', #4081 );
#2923 = FILL_AREA_STYLE_COLOUR( '', #4082 );
#2924 = FILL_AREA_STYLE_COLOUR( '', #4083 );
#2925 = FILL_AREA_STYLE_COLOUR( '', #4084 );
#2926 = B_SPLINE_CURVE_WITH_KNOTS( '', 1, ( #4085, #4086 ), .UNSPECIFIED., .F., .F., ( 2, 2 ), ( 0.748176020122498, 0.772525850675388 ), .UNSPECIFIED. );
#2927 = B_SPLINE_CURVE_WITH_KNOTS( '', 1, ( #4087, #4088 ), .UNSPECIFIED., .F., .F., ( 2, 2 ), ( 0.402479134687135, 0.403264613092067 ), .UNSPECIFIED. );
#2928 = FILL_AREA_STYLE_COLOUR( '', #4089 );
#2929 = FILL_AREA_STYLE_COLOUR( '', #4090 );
#2930 = FILL_AREA_STYLE_COLOUR( '', #4091 );
#2931 = FILL_AREA_STYLE_COLOUR( '', #4092 );
#2932 = FILL_AREA_STYLE_COLOUR( '', #4093 );
#2933 = FILL_AREA_STYLE_COLOUR( '', #4094 );
#2934 = COLOUR_RGB( '', 0.119999997317791, 0.119999997317791, 0.119999997317791 );
#2935 = CARTESIAN_POINT( '', ( -0.758708356943279, 0.0695876238300859, 0.000000000000000 ) );
#2936 = CARTESIAN_POINT( '', ( -0.757396881533443, 0.0695876238300859, 0.000000000000000 ) );
#2937 = CARTESIAN_POINT( '', ( -0.758708356943279, 0.0695876238300859, 0.000000000000000 ) );
#2938 = CARTESIAN_POINT( '', ( -0.757396881533443, 0.0695876238300859, 0.000000000000000 ) );
#2939 = CARTESIAN_POINT( '', ( -0.758708356943279, 0.0695876238300859, 0.00200000000000000 ) );
#2940 = CARTESIAN_POINT( '', ( -0.758708356943279, 0.0695876238300859, 0.00200000000000000 ) );
#2941 = VECTOR( '', #4095, 1000.00000000000 );
#2942 = CARTESIAN_POINT( '', ( -0.757396881533443, 0.0695876238300859, 0.00200000000000000 ) );
#2943 = CARTESIAN_POINT( '', ( -0.758708356943279, 0.0695876238300859, 0.00200000000000000 ) );
#2944 = CARTESIAN_POINT( '', ( -0.757396881533443, 0.0695876238300859, 0.00200000000000000 ) );
#2945 = CARTESIAN_POINT( '', ( -0.757396881533443, 0.0695876238300859, 0.00200000000000000 ) );
#2946 = VECTOR( '', #4096, 1000.00000000000 );
#2947 = COLOUR_RGB( '', 0.119999997317791, 0.119999997317791, 0.119999997317791 );
#2948 = CARTESIAN_POINT( '', ( -0.300000000000000, 1.50000000000000, 2.00000000000000 ) );
#2949 = CARTESIAN_POINT( '', ( -0.300000000000000, -1.50000000000000, 2.00000000000000 ) );
#2950 = CARTESIAN_POINT( '', ( -0.300000000000000, 1.50000000000000, 2.00000000000000 ) );
#2951 = VECTOR( '', #4097, 1000.00000000000 );
#2952 = CARTESIAN_POINT( '', ( -0.300000000000000, 1.50000000000000, 1.99980000000000 ) );
#2953 = CARTESIAN_POINT( '', ( -0.300000000000000, 1.50000000000000, 1.99980000000000 ) );
#2954 = VECTOR( '', #4098, 1000.00000000000 );
#2955 = CARTESIAN_POINT( '', ( -0.300000000000000, -1.50000000000000, 1.99980000000000 ) );
#2956 = CARTESIAN_POINT( '', ( -0.300000000000000, 1.50000000000000, 1.99980000000000 ) );
#2957 = VECTOR( '', #4099, 1000.00000000000 );
#2958 = CARTESIAN_POINT( '', ( -0.300000000000000, -1.50000000000000, 1.99980000000000 ) );
#2959 = VECTOR( '', #4100, 1000.00000000000 );
#2960 = COLOUR_RGB( '', 0.119999997317791, 0.119999997317791, 0.119999997317791 );
#2961 = CARTESIAN_POINT( '', ( 0.300000000000000, -1.50000000000000, 1.99980000000000 ) );
#2962 = CARTESIAN_POINT( '', ( 1.50000000000000, -1.50000000000000, 1.99980000000000 ) );
#2963 = CARTESIAN_POINT( '', ( 0.300000000000000, -1.50000000000000, 1.99980000000000 ) );
#2964 = VECTOR( '', #4101, 1000.00000000000 );
#2965 = CARTESIAN_POINT( '', ( 1.50000000000000, 1.50000000000000, 1.99980000000000 ) );
#2966 = CARTESIAN_POINT( '', ( 1.50000000000000, -1.50000000000000, 1.99980000000000 ) );
#2967 = VECTOR( '', #4102, 1000.00000000000 );
#2968 = CARTESIAN_POINT( '', ( 0.300000000000000, 1.50000000000000, 1.99980000000000 ) );
#2969 = CARTESIAN_POINT( '', ( 1.50000000000000, 1.50000000000000, 1.99980000000000 ) );
#2970 = VECTOR( '', #4103, 1000.00000000000 );
#2971 = CARTESIAN_POINT( '', ( 0.300000000000000, 1.50000000000000, 1.99980000000000 ) );
#2972 = VECTOR( '', #4104, 1000.00000000000 );
#2973 = COLOUR_RGB( '', 0.119999997317791, 0.119999997317791, 0.119999997317791 );
#2974 = CARTESIAN_POINT( '', ( 0.633094921745246, 0.124669591043201, 0.000000000000000 ) );
#2975 = CARTESIAN_POINT( '', ( 0.591783446335410, 0.124669591043201, 0.000000000000000 ) );
#2976 = CARTESIAN_POINT( '', ( 0.633094921745246, 0.124669591043201, 0.000000000000000 ) );
#2977 = CARTESIAN_POINT( '', ( 0.619324429941967, 0.124669591043201, 0.000000000000000 ) );
#2978 = CARTESIAN_POINT( '', ( 0.605553938138688, 0.124669591043201, 0.000000000000000 ) );
#2979 = CARTESIAN_POINT( '', ( 0.591783446335410, 0.124669591043201, 0.000000000000000 ) );
#2980 = CARTESIAN_POINT( '', ( 0.633094921745246, 0.124669591043201, 0.00200000000000000 ) );
#2981 = CARTESIAN_POINT( '', ( 0.633094921745246, 0.124669591043201, 0.00200000000000000 ) );
#2982 = VECTOR( '', #4105, 1000.00000000000 );
#2983 = CARTESIAN_POINT( '', ( 0.591783446335410, 0.124669591043201, 0.00200000000000000 ) );
#2984 = CARTESIAN_POINT( '', ( 0.633094921745246, 0.124669591043201, 0.00200000000000000 ) );
#2985 = CARTESIAN_POINT( '', ( 0.619324429941967, 0.124669591043201, 0.00200000000000000 ) );
#2986 = CARTESIAN_POINT( '', ( 0.605553938138688, 0.124669591043201, 0.00200000000000000 ) );
#2987 = CARTESIAN_POINT( '', ( 0.591783446335410, 0.124669591043201, 0.00200000000000000 ) );
#2988 = CARTESIAN_POINT( '', ( 0.591783446335410, 0.124669591043201, 0.00200000000000000 ) );
#2989 = VECTOR( '', #4106, 1000.00000000000 );
#2990 = COLOUR_RGB( '', 0.119999997317791, 0.119999997317791, 0.119999997317791 );
#2991 = CARTESIAN_POINT( '', ( 0.407521151253442, 0.124669591043201, 0.000000000000000 ) );
#2992 = CARTESIAN_POINT( '', ( 0.407521151253442, -0.240576310596144, 0.000000000000000 ) );
#2993 = CARTESIAN_POINT( '', ( 0.407521151253442, 0.124669591043201, 0.000000000000000 ) );
#2994 = CARTESIAN_POINT( '', ( 0.407521151253442, 0.00292095716341922, 0.000000000000000 ) );
#2995 = CARTESIAN_POINT( '', ( 0.407521151253442, -0.118827676716362, 0.000000000000000 ) );
#2996 = CARTESIAN_POINT( '', ( 0.407521151253442, -0.240576310596144, 0.000000000000000 ) );
#2997 = CARTESIAN_POINT( '', ( 0.407521151253442, 0.124669591043201, 0.00200000000000000 ) );
#2998 = CARTESIAN_POINT( '', ( 0.407521151253442, 0.124669591043201, 0.00200000000000000 ) );
#2999 = VECTOR( '', #4107, 1000.00000000000 );
#3000 = CARTESIAN_POINT( '', ( 0.407521151253442, -0.240576310596144, 0.00200000000000000 ) );
#3001 = CARTESIAN_POINT( '', ( 0.407521151253442, 0.124669591043201, 0.00200000000000000 ) );
#3002 = CARTESIAN_POINT( '', ( 0.407521151253442, 0.00292095716341922, 0.00200000000000000 ) );
#3003 = CARTESIAN_POINT( '', ( 0.407521151253442, -0.118827676716362, 0.00200000000000000 ) );
#3004 = CARTESIAN_POINT( '', ( 0.407521151253442, -0.240576310596144, 0.00200000000000000 ) );
#3005 = CARTESIAN_POINT( '', ( 0.407521151253442, -0.240576310596144, 0.00200000000000000 ) );
#3006 = VECTOR( '', #4108, 1000.00000000000 );
#3007 = COLOUR_RGB( '', 0.119999997317791, 0.119999997317791, 0.119999997317791 );
#3008 = CARTESIAN_POINT( '', ( 0.0917834463354096, -0.0677894253502420, 0.000000000000000 ) );
#3009 = CARTESIAN_POINT( '', ( 0.0373572168272126, -0.00319926141581576, 0.000000000000000 ) );
#3010 = CARTESIAN_POINT( '', ( 0.0917834463354096, -0.0677894253502420, 0.000000000000000 ) );
#3011 = CARTESIAN_POINT( '', ( 0.0373572168272126, -0.00319926141581576, 0.000000000000000 ) );
#3012 = CARTESIAN_POINT( '', ( 0.0917834463354096, -0.0677894253502420, 0.00200000000000000 ) );
#3013 = CARTESIAN_POINT( '', ( 0.0917834463354096, -0.0677894253502420, 0.00200000000000000 ) );
#3014 = VECTOR( '', #4109, 1000.00000000000 );
#3015 = CARTESIAN_POINT( '', ( 0.0373572168272126, -0.00319926141581576, 0.00200000000000000 ) );
#3016 = CARTESIAN_POINT( '', ( 0.0917834463354096, -0.0677894253502420, 0.00200000000000000 ) );
#3017 = CARTESIAN_POINT( '', ( 0.0373572168272126, -0.00319926141581576, 0.00200000000000000 ) );
#3018 = CARTESIAN_POINT( '', ( 0.0373572168272126, -0.00319926141581576, 0.00200000000000000 ) );
#3019 = VECTOR( '', #4110, 1000.00000000000 );
#3020 = COLOUR_RGB( '', 0.119999997317791, 0.119999997317791, 0.119999997317791 );
#3021 = CARTESIAN_POINT( '', ( 0.324242462728852, 0.124669591043201, 0.000000000000000 ) );
#3022 = CARTESIAN_POINT( '', ( 0.282930987319016, 0.124669591043201, 0.000000000000000 ) );
#3023 = CARTESIAN_POINT( '', ( 0.324242462728852, 0.124669591043201, 0.000000000000000 ) );
#3024 = CARTESIAN_POINT( '', ( 0.282930987319016, 0.124669591043201, 0.000000000000000 ) );
#3025 = CARTESIAN_POINT( '', ( 0.324242462728852, 0.124669591043201, 0.00200000000000000 ) );
#3026 = CARTESIAN_POINT( '', ( 0.324242462728852, 0.124669591043201, 0.00200000000000000 ) );
#3027 = VECTOR( '', #4111, 1000.00000000000 );
#3028 = CARTESIAN_POINT( '', ( 0.282930987319016, 0.124669591043201, 0.00200000000000000 ) );
#3029 = CARTESIAN_POINT( '', ( 0.324242462728852, 0.124669591043201, 0.00200000000000000 ) );
#3030 = CARTESIAN_POINT( '', ( 0.282930987319016, 0.124669591043201, 0.00200000000000000 ) );
#3031 = CARTESIAN_POINT( '', ( 0.282930987319016, 0.124669591043201, 0.00200000000000000 ) );
#3032 = VECTOR( '', #4112, 1000.00000000000 );
#3033 = COLOUR_RGB( '', 0.119999997317791, 0.119999997317791, 0.119999997317791 );
#3034 = CARTESIAN_POINT( '', ( 0.751455577482950, 0.162046640223528, 0.000000000000000 ) );
#3035 = CARTESIAN_POINT( '', ( 0.897029347974754, 0.0594236894038564, 0.000000000000000 ) );
#3036 = CARTESIAN_POINT( '', ( 0.751455577482950, 0.162046640223528, 0.000000000000000 ) );
#3037 = CARTESIAN_POINT( '', ( 0.751455577482950, 0.179095820551398, 0.000000000000000 ) );
#3038 = CARTESIAN_POINT( '', ( 0.758012954532131, 0.192538443502217, 0.000000000000000 ) );
#3039 = CARTESIAN_POINT( '', ( 0.771127708630492, 0.202374509075988, 0.000000000000000 ) );
#3040 = CARTESIAN_POINT( '', ( 0.784452298794426, 0.212367951698938, 0.000000000000000 ) );
#3041 = CARTESIAN_POINT( '', ( 0.800963774204262, 0.216800738584185, 0.000000000000000 ) );
#3042 = CARTESIAN_POINT( '', ( 0.871455577482951, 0.216800738584185, 0.000000000000000 ) );
#3043 = CARTESIAN_POINT( '', ( 0.897029347974754, 0.183685984485823, 0.000000000000000 ) );
#3044 = CARTESIAN_POINT( '', ( 0.897029347974754, 0.117128607436643, 0.000000000000000 ) );
#3045 = CARTESIAN_POINT( '', ( 0.897029347974754, 0.0978936347590477, 0.000000000000000 ) );
#3046 = CARTESIAN_POINT( '', ( 0.897029347974754, 0.0786586620814520, 0.000000000000000 ) );
#3047 = CARTESIAN_POINT( '', ( 0.897029347974754, 0.0594236894038564, 0.000000000000000 ) );
#3048 = CARTESIAN_POINT( '', ( 0.751455577482950, 0.162046640223528, 0.00200000000000000 ) );
#3049 = CARTESIAN_POINT( '', ( 0.751455577482950, 0.162046640223528, 0.00200000000000000 ) );
#3050 = VECTOR( '', #4113, 1000.00000000000 );
#3051 = CARTESIAN_POINT( '', ( 0.897029347974754, 0.0594236894038564, 0.00200000000000000 ) );
#3052 = CARTESIAN_POINT( '', ( 0.751455577482950, 0.162046640223528, 0.00200000000000000 ) );
#3053 = CARTESIAN_POINT( '', ( 0.751455577482950, 0.179095820551398, 0.00200000000000000 ) );
#3054 = CARTESIAN_POINT( '', ( 0.758012954532131, 0.192538443502217, 0.00200000000000000 ) );
#3055 = CARTESIAN_POINT( '', ( 0.771127708630492, 0.202374509075988, 0.00200000000000000 ) );
#3056 = CARTESIAN_POINT( '', ( 0.784452298794426, 0.212367951698938, 0.00200000000000000 ) );
#3057 = CARTESIAN_POINT( '', ( 0.800963774204262, 0.216800738584185, 0.00200000000000000 ) );
#3058 = CARTESIAN_POINT( '', ( 0.871455577482951, 0.216800738584185, 0.00200000000000000 ) );
#3059 = CARTESIAN_POINT( '', ( 0.897029347974754, 0.183685984485823, 0.00200000000000000 ) );
#3060 = CARTESIAN_POINT( '', ( 0.897029347974754, 0.117128607436643, 0.00200000000000000 ) );
#3061 = CARTESIAN_POINT( '', ( 0.897029347974754, 0.0978936347590477, 0.00200000000000000 ) );
#3062 = CARTESIAN_POINT( '', ( 0.897029347974754, 0.0786586620814520, 0.00200000000000000 ) );
#3063 = CARTESIAN_POINT( '', ( 0.897029347974754, 0.0594236894038564, 0.00200000000000000 ) );
#3064 = CARTESIAN_POINT( '', ( 0.897029347974754, 0.0594236894038564, 0.00200000000000000 ) );
#3065 = VECTOR( '', #4114, 1000.00000000000 );
#3066 = COLOUR_RGB( '', 0.119999997317791, 0.119999997317791, 0.119999997317791 );
#3067 = CARTESIAN_POINT( '', ( -0.909528029074427, -0.325166474530570, 0.000000000000000 ) );
#3068 = CARTESIAN_POINT( '', ( -0.909528029074427, 0.124669591043201, 0.000000000000000 ) );
#3069 = CARTESIAN_POINT( '', ( -0.909528029074427, -0.325166474530570, 0.000000000000000 ) );
#3070 = CARTESIAN_POINT( '', ( -0.909528029074427, 0.124669591043201, 0.000000000000000 ) );
#3071 = CARTESIAN_POINT( '', ( -0.909528029074427, -0.325166474530570, 0.00200000000000000 ) );
#3072 = CARTESIAN_POINT( '', ( -0.909528029074427, -0.325166474530570, 0.00200000000000000 ) );
#3073 = VECTOR( '', #4115, 1000.00000000000 );
#3074 = CARTESIAN_POINT( '', ( -0.909528029074427, 0.124669591043201, 0.00200000000000000 ) );
#3075 = CARTESIAN_POINT( '', ( -0.909528029074427, -0.325166474530570, 0.00200000000000000 ) );
#3076 = CARTESIAN_POINT( '', ( -0.909528029074427, 0.124669591043201, 0.00200000000000000 ) );
#3077 = CARTESIAN_POINT( '', ( -0.909528029074427, 0.124669591043201, 0.00200000000000000 ) );
#3078 = VECTOR( '', #4116, 1000.00000000000 );
#3079 = COLOUR_RGB( '', 0.119999997317791, 0.119999997317791, 0.119999997317791 );
#3080 = CARTESIAN_POINT( '', ( 0.448832626663279, 0.124669591043201, 0.00200000000000000 ) );
#3081 = CARTESIAN_POINT( '', ( 0.448832626663279, 0.124669591043201, 0.00200000000000000 ) );
#3082 = CARTESIAN_POINT( '', ( 0.435062134860000, 0.124669591043201, 0.00200000000000000 ) );
#3083 = CARTESIAN_POINT( '', ( 0.421291643056721, 0.124669591043201, 0.00200000000000000 ) );
#3084 = CARTESIAN_POINT( '', ( 0.407521151253442, 0.124669591043201, 0.00200000000000000 ) );
#3085 = CARTESIAN_POINT( '', ( 0.591783446335410, 0.124669591043201, 0.00200000000000000 ) );
#3086 = CARTESIAN_POINT( '', ( 0.591783446335410, 0.0365821593492116, 0.00200000000000000 ) );
#3087 = CARTESIAN_POINT( '', ( 0.591783446335410, -0.0515052723447775, 0.00200000000000000 ) );
#3088 = CARTESIAN_POINT( '', ( 0.591783446335410, -0.139592704038766, 0.00200000000000000 ) );
#3089 = CARTESIAN_POINT( '', ( 0.591783446335410, -0.189428769612537, 0.00200000000000000 ) );
#3090 = CARTESIAN_POINT( '', ( 0.571127708630492, -0.214346802399423, 0.00200000000000000 ) );
#3091 = CARTESIAN_POINT( '', ( 0.504898200433770, -0.214346802399423, 0.00200000000000000 ) );
#3092 = CARTESIAN_POINT( '', ( 0.485553938138688, -0.205822212235488, 0.00200000000000000 ) );
#3093 = CARTESIAN_POINT( '', ( 0.470799839778033, -0.189100900760078, 0.00200000000000000 ) );
#3094 = CARTESIAN_POINT( '', ( 0.455883082745437, -0.172195242789803, 0.00200000000000000 ) );
#3095 = CARTESIAN_POINT( '', ( 0.448832626663279, -0.149428769612537, 0.00200000000000000 ) );
#3096 = CARTESIAN_POINT( '', ( 0.448832626663279, -0.120904179448603, 0.00200000000000000 ) );
#3097 = CARTESIAN_POINT( '', ( 0.448832626663279, -0.0390462559513349, 0.00200000000000000 ) );
#3098 = CARTESIAN_POINT( '', ( 0.448832626663279, 0.0428116675459329, 0.00200000000000000 ) );
#3099 = CARTESIAN_POINT( '', ( 0.448832626663279, 0.124669591043201, 0.00200000000000000 ) );
#3100 = CARTESIAN_POINT( '', ( 0.445881806991147, -0.189756638464996, 0.00200000000000000 ) );
#3101 = CARTESIAN_POINT( '', ( 0.445881806991147, -0.189756638464996, 0.00200000000000000 ) );
#3102 = CARTESIAN_POINT( '', ( 0.466209675843606, -0.229100900760078, 0.00200000000000000 ) );
#3103 = CARTESIAN_POINT( '', ( 0.497357216827213, -0.248773031907619, 0.00200000000000000 ) );
#3104 = CARTESIAN_POINT( '', ( 0.568832626663278, -0.248773031907619, 0.00200000000000000 ) );
#3105 = CARTESIAN_POINT( '', ( 0.591783446335410, -0.240904179448603, 0.00200000000000000 ) );
#3106 = CARTESIAN_POINT( '', ( 0.608504757810819, -0.224838605678111, 0.00200000000000000 ) );
#3107 = CARTESIAN_POINT( '', ( 0.625055580104852, -0.208936835238745, 0.00200000000000000 ) );
#3108 = CARTESIAN_POINT( '', ( 0.633094921745246, -0.184182867973193, 0.00200000000000000 ) );
#3109 = CARTESIAN_POINT( '', ( 0.633094921745246, -0.151068113874832, 0.00200000000000000 ) );
#3110 = CARTESIAN_POINT( '', ( 0.633094921745246, -0.0591555455688212, 0.00200000000000000 ) );
#3111 = CARTESIAN_POINT( '', ( 0.633094921745246, 0.0327570227371898, 0.00200000000000000 ) );
#3112 = CARTESIAN_POINT( '', ( 0.633094921745246, 0.124669591043201, 0.00200000000000000 ) );
#3113 = CARTESIAN_POINT( '', ( 0.444570331581311, -0.189756638464996, 0.00200000000000000 ) );
#3114 = CARTESIAN_POINT( '', ( 0.444570331581311, -0.189756638464996, 0.00200000000000000 ) );
#3115 = CARTESIAN_POINT( '', ( 0.445007490051257, -0.189756638464996, 0.00200000000000000 ) );
#3116 = CARTESIAN_POINT( '', ( 0.445444648521202, -0.189756638464996, 0.00200000000000000 ) );
#3117 = CARTESIAN_POINT( '', ( 0.445881806991147, -0.189756638464996, 0.00200000000000000 ) );
#3118 = CARTESIAN_POINT( '', ( 0.444570331581311, -0.240576310596144, 0.00200000000000000 ) );
#3119 = CARTESIAN_POINT( '', ( 0.444570331581311, -0.240576310596144, 0.00200000000000000 ) );
#3120 = CARTESIAN_POINT( '', ( 0.444570331581311, -0.223636419885761, 0.00200000000000000 ) );
#3121 = CARTESIAN_POINT( '', ( 0.444570331581311, -0.206696529175379, 0.00200000000000000 ) );
#3122 = CARTESIAN_POINT( '', ( 0.444570331581311, -0.189756638464996, 0.00200000000000000 ) );
#3123 = CARTESIAN_POINT( '', ( 0.407521151253442, -0.240576310596144, 0.00200000000000000 ) );
#3124 = CARTESIAN_POINT( '', ( 0.419870878029398, -0.240576310596144, 0.00200000000000000 ) );
#3125 = CARTESIAN_POINT( '', ( 0.432220604805355, -0.240576310596144, 0.00200000000000000 ) );
#3126 = CARTESIAN_POINT( '', ( 0.444570331581311, -0.240576310596144, 0.00200000000000000 ) );
#3127 = COLOUR_RGB( '', 0.119999997317791, 0.119999997317791, 0.119999997317791 );
#3128 = CARTESIAN_POINT( '', ( 0.180635905351803, -0.240576310596144, 0.000000000000000 ) );
#3129 = CARTESIAN_POINT( '', ( 0.231455577482951, -0.240576310596144, 0.000000000000000 ) );
#3130 = CARTESIAN_POINT( '', ( 0.180635905351803, -0.240576310596144, 0.000000000000000 ) );
#3131 = CARTESIAN_POINT( '', ( 0.231455577482951, -0.240576310596144, 0.000000000000000 ) );
#3132 = CARTESIAN_POINT( '', ( 0.180635905351803, -0.240576310596144, 0.00200000000000000 ) );
#3133 = CARTESIAN_POINT( '', ( 0.180635905351803, -0.240576310596144, 0.00200000000000000 ) );
#3134 = VECTOR( '', #4117, 1000.00000000000 );
#3135 = CARTESIAN_POINT( '', ( 0.231455577482951, -0.240576310596144, 0.00200000000000000 ) );
#3136 = CARTESIAN_POINT( '', ( 0.180635905351803, -0.240576310596144, 0.00200000000000000 ) );
#3137 = CARTESIAN_POINT( '', ( 0.231455577482951, -0.240576310596144, 0.00200000000000000 ) );
#3138 = CARTESIAN_POINT( '', ( 0.231455577482951, -0.240576310596144, 0.00200000000000000 ) );
#3139 = VECTOR( '', #4118, 1000.00000000000 );
#3140 = COLOUR_RGB( '', 0.119999997317791, 0.119999997317791, 0.119999997317791 );
#3141 = CARTESIAN_POINT( '', ( 0.0373572168272126, 0.124669591043201, 0.000000000000000 ) );
#3142 = CARTESIAN_POINT( '', ( -0.00395425858262343, 0.124669591043201, 0.000000000000000 ) );
#3143 = CARTESIAN_POINT( '', ( 0.0373572168272126, 0.124669591043201, 0.000000000000000 ) );
#3144 = CARTESIAN_POINT( '', ( -0.00395425858262343, 0.124669591043201, 0.000000000000000 ) );
#3145 = CARTESIAN_POINT( '', ( 0.0373572168272126, 0.124669591043201, 0.00200000000000000 ) );
#3146 = CARTESIAN_POINT( '', ( 0.0373572168272126, 0.124669591043201, 0.00200000000000000 ) );
#3147 = VECTOR( '', #4119, 1000.00000000000 );
#3148 = CARTESIAN_POINT( '', ( -0.00395425858262343, 0.124669591043201, 0.00200000000000000 ) );
#3149 = CARTESIAN_POINT( '', ( 0.0373572168272126, 0.124669591043201, 0.00200000000000000 ) );
#3150 = CARTESIAN_POINT( '', ( -0.00395425858262343, 0.124669591043201, 0.00200000000000000 ) );
#3151 = CARTESIAN_POINT( '', ( -0.00395425858262343, 0.124669591043201, 0.00200000000000000 ) );
#3152 = VECTOR( '', #4120, 1000.00000000000 );
#3153 = COLOUR_RGB( '', 0.119999997317791, 0.119999997317791, 0.119999997317791 );
#3154 = CARTESIAN_POINT( '', ( -0.316413274976066, 0.0712269680923810, 0.000000000000000 ) );
#3155 = CARTESIAN_POINT( '', ( -0.450511635631804, -0.132051720432209, 0.000000000000000 ) );
#3156 = CARTESIAN_POINT( '', ( -0.316413274976066, 0.0712269680923810, 0.000000000000000 ) );
#3157 = CARTESIAN_POINT( '', ( -0.330511635631803, 0.112538443502217, 0.000000000000000 ) );
#3158 = CARTESIAN_POINT( '', ( -0.361987045467869, 0.133194181207135, 0.000000000000000 ) );
#3159 = CARTESIAN_POINT( '', ( -0.441987045467869, 0.133194181207135, 0.000000000000000 ) );
#3160 = CARTESIAN_POINT( '', ( -0.465265733992459, 0.124013853338283, 0.000000000000000 ) );
#3161 = CARTESIAN_POINT( '', ( -0.480675570058033, 0.105981066453037, 0.000000000000000 ) );
#3162 = CARTESIAN_POINT( '', ( -0.495947029682055, 0.0881102094462024, 0.000000000000000 ) );
#3163 = CARTESIAN_POINT( '', ( -0.503626389730164, 0.0623745090759876, 0.000000000000000 ) );
#3164 = CARTESIAN_POINT( '', ( -0.503626389730164, -0.0238549991207338, 0.000000000000000 ) );
#3165 = CARTESIAN_POINT( '', ( -0.479036225795738, -0.0576254909240124, 0.000000000000000 ) );
#3166 = CARTESIAN_POINT( '', ( -0.429855897926886, -0.0713959827272911, 0.000000000000000 ) );
#3167 = CARTESIAN_POINT( '', ( -0.403936097696632, -0.0786535267917623, 0.000000000000000 ) );
#3168 = CARTESIAN_POINT( '', ( -0.378052619238361, -0.0860407914704605, 0.000000000000000 ) );
#3169 = CARTESIAN_POINT( '', ( -0.352150979894098, -0.0933631958420452, 0.000000000000000 ) );
#3170 = CARTESIAN_POINT( '', ( -0.337544638184682, -0.0974924148063108, 0.000000000000000 ) );
#3171 = CARTESIAN_POINT( '', ( -0.327888684812132, -0.102543523710898, 0.000000000000000 ) );
#3172 = CARTESIAN_POINT( '', ( -0.323626389730164, -0.109428769612537, 0.000000000000000 ) );
#3173 = CARTESIAN_POINT( '', ( -0.319217359899473, -0.116551048569807, 0.000000000000000 ) );
#3174 = CARTESIAN_POINT( '', ( -0.317069012680984, -0.130412376169914, 0.000000000000000 ) );
#3175 = CARTESIAN_POINT( '', ( -0.317069012680984, -0.193363195842045, 0.000000000000000 ) );
#3176 = CARTESIAN_POINT( '', ( -0.338052619238361, -0.214346802399423, 0.000000000000000 ) );
#3177 = CARTESIAN_POINT( '', ( -0.427232947107213, -0.214346802399423, 0.000000000000000 ) );
#3178 = CARTESIAN_POINT( '', ( -0.450511635631804, -0.186805818792865, 0.000000000000000 ) );
#3179 = CARTESIAN_POINT( '', ( -0.450511635631804, -0.132051720432209, 0.000000000000000 ) );
#3180 = CARTESIAN_POINT( '', ( -0.316413274976066, 0.0712269680923810, 0.00200000000000000 ) );
#3181 = CARTESIAN_POINT( '', ( -0.316413274976066, 0.0712269680923810, 0.00200000000000000 ) );
#3182 = VECTOR( '', #4121, 1000.00000000000 );
#3183 = CARTESIAN_POINT( '', ( -0.450511635631804, -0.132051720432209, 0.00200000000000000 ) );
#3184 = CARTESIAN_POINT( '', ( -0.316413274976066, 0.0712269680923810, 0.00200000000000000 ) );
#3185 = CARTESIAN_POINT( '', ( -0.330511635631803, 0.112538443502217, 0.00200000000000000 ) );
#3186 = CARTESIAN_POINT( '', ( -0.361987045467869, 0.133194181207135, 0.00200000000000000 ) );
#3187 = CARTESIAN_POINT( '', ( -0.441987045467869, 0.133194181207135, 0.00200000000000000 ) );
#3188 = CARTESIAN_POINT( '', ( -0.465265733992459, 0.124013853338283, 0.00200000000000000 ) );
#3189 = CARTESIAN_POINT( '', ( -0.480675570058033, 0.105981066453037, 0.00200000000000000 ) );
#3190 = CARTESIAN_POINT( '', ( -0.495947029682055, 0.0881102094462024, 0.00200000000000000 ) );
#3191 = CARTESIAN_POINT( '', ( -0.503626389730164, 0.0623745090759876, 0.00200000000000000 ) );
#3192 = CARTESIAN_POINT( '', ( -0.503626389730164, -0.0238549991207338, 0.00200000000000000 ) );
#3193 = CARTESIAN_POINT( '', ( -0.479036225795738, -0.0576254909240124, 0.00200000000000000 ) );
#3194 = CARTESIAN_POINT( '', ( -0.429855897926886, -0.0713959827272911, 0.00200000000000000 ) );
#3195 = CARTESIAN_POINT( '', ( -0.403936097696632, -0.0786535267917623, 0.00200000000000000 ) );
#3196 = CARTESIAN_POINT( '', ( -0.378052619238361, -0.0860407914704605, 0.00200000000000000 ) );
#3197 = CARTESIAN_POINT( '', ( -0.352150979894098, -0.0933631958420452, 0.00200000000000000 ) );
#3198 = CARTESIAN_POINT( '', ( -0.337544638184682, -0.0974924148063108, 0.00200000000000000 ) );
#3199 = CARTESIAN_POINT( '', ( -0.327888684812132, -0.102543523710898, 0.00200000000000000 ) );
#3200 = CARTESIAN_POINT( '', ( -0.323626389730164, -0.109428769612537, 0.00200000000000000 ) );
#3201 = CARTESIAN_POINT( '', ( -0.319217359899473, -0.116551048569807, 0.00200000000000000 ) );
#3202 = CARTESIAN_POINT( '', ( -0.317069012680984, -0.130412376169914, 0.00200000000000000 ) );
#3203 = CARTESIAN_POINT( '', ( -0.317069012680984, -0.193363195842045, 0.00200000000000000 ) );
#3204 = CARTESIAN_POINT( '', ( -0.338052619238361, -0.214346802399423, 0.00200000000000000 ) );
#3205 = CARTESIAN_POINT( '', ( -0.427232947107213, -0.214346802399423, 0.00200000000000000 ) );
#3206 = CARTESIAN_POINT( '', ( -0.450511635631804, -0.186805818792865, 0.00200000000000000 ) );
#3207 = CARTESIAN_POINT( '', ( -0.450511635631804, -0.132051720432209, 0.00200000000000000 ) );
#3208 = CARTESIAN_POINT( '', ( -0.450511635631804, -0.132051720432209, 0.00200000000000000 ) );
#3209 = VECTOR( '', #4122, 1000.00000000000 );
#3210 = COLOUR_RGB( '', 0.119999997317791, 0.119999997317791, 0.119999997317791 );
#3211 = CARTESIAN_POINT( '', ( -0.315101799566230, 0.0712269680923810, 0.000000000000000 ) );
#3212 = CARTESIAN_POINT( '', ( -0.315101799566230, 0.0712269680923810, 0.000000000000000 ) );
#3213 = CARTESIAN_POINT( '', ( -0.315538958036175, 0.0712269680923810, 0.000000000000000 ) );
#3214 = CARTESIAN_POINT( '', ( -0.315976116506121, 0.0712269680923810, 0.000000000000000 ) );
#3215 = CARTESIAN_POINT( '', ( -0.316413274976066, 0.0712269680923810, 0.000000000000000 ) );
#3216 = CARTESIAN_POINT( '', ( -0.315101799566230, 0.0712269680923810, 0.00200000000000000 ) );
#3217 = CARTESIAN_POINT( '', ( -0.315101799566230, 0.0712269680923810, 0.00200000000000000 ) );
#3218 = VECTOR( '', #4123, 1000.00000000000 );
#3219 = CARTESIAN_POINT( '', ( -0.315101799566230, 0.0712269680923810, 0.00200000000000000 ) );
#3220 = CARTESIAN_POINT( '', ( -0.315538958036175, 0.0712269680923810, 0.00200000000000000 ) );
#3221 = CARTESIAN_POINT( '', ( -0.315976116506121, 0.0712269680923810, 0.00200000000000000 ) );
#3222 = CARTESIAN_POINT( '', ( -0.316413274976066, 0.0712269680923810, 0.00200000000000000 ) );
#3223 = COLOUR_RGB( '', 0.119999997317791, 0.119999997317791, 0.119999997317791 );
#3224 = CARTESIAN_POINT( '', ( 0.324242462728852, -0.296314015514176, 0.000000000000000 ) );
#3225 = CARTESIAN_POINT( '', ( 0.282930987319016, -0.296314015514176, 0.000000000000000 ) );
#3226 = CARTESIAN_POINT( '', ( 0.324242462728852, -0.296314015514176, 0.000000000000000 ) );
#3227 = CARTESIAN_POINT( '', ( 0.282930987319016, -0.296314015514176, 0.000000000000000 ) );
#3228 = CARTESIAN_POINT( '', ( 0.324242462728852, -0.296314015514176, 0.00200000000000000 ) );
#3229 = CARTESIAN_POINT( '', ( 0.324242462728852, -0.296314015514176, 0.00200000000000000 ) );
#3230 = VECTOR( '', #4124, 1000.00000000000 );
#3231 = CARTESIAN_POINT( '', ( 0.282930987319016, -0.296314015514176, 0.00200000000000000 ) );
#3232 = CARTESIAN_POINT( '', ( 0.324242462728852, -0.296314015514176, 0.00200000000000000 ) );
#3233 = CARTESIAN_POINT( '', ( 0.282930987319016, -0.296314015514176, 0.00200000000000000 ) );
#3234 = CARTESIAN_POINT( '', ( 0.282930987319016, -0.296314015514176, 0.00200000000000000 ) );
#3235 = VECTOR( '', #4125, 1000.00000000000 );
#3236 = COLOUR_RGB( '', 0.119999997317791, 0.119999997317791, 0.119999997317791 );
#3237 = CARTESIAN_POINT( '', ( -0.907888684812132, -0.325166474530570, 0.000000000000000 ) );
#3238 = CARTESIAN_POINT( '', ( -0.907888684812132, -0.325166474530570, 0.000000000000000 ) );
#3239 = CARTESIAN_POINT( '', ( -0.909528029074427, -0.325166474530570, 0.000000000000000 ) );
#3240 = CARTESIAN_POINT( '', ( -0.907888684812132, -0.325166474530570, 0.00200000000000000 ) );
#3241 = CARTESIAN_POINT( '', ( -0.907888684812132, -0.325166474530570, 0.00200000000000000 ) );
#3242 = VECTOR( '', #4126, 1000.00000000000 );
#3243 = CARTESIAN_POINT( '', ( -0.907888684812132, -0.325166474530570, 0.00200000000000000 ) );
#3244 = CARTESIAN_POINT( '', ( -0.909528029074427, -0.325166474530570, 0.00200000000000000 ) );
#3245 = COLOUR_RGB( '', 0.119999997317791, 0.119999997317791, 0.119999997317791 );
#3246 = CARTESIAN_POINT( '', ( -0.612150979894099, -0.325166474530570, 0.000000000000000 ) );
#3247 = CARTESIAN_POINT( '', ( -0.739364094648197, 0.124669591043201, 0.000000000000000 ) );
#3248 = CARTESIAN_POINT( '', ( -0.612150979894099, -0.325166474530570, 0.000000000000000 ) );
#3249 = CARTESIAN_POINT( '', ( -0.739364094648197, 0.124669591043201, 0.000000000000000 ) );
#3250 = CARTESIAN_POINT( '', ( -0.612150979894099, -0.325166474530570, 0.00200000000000000 ) );
#3251 = CARTESIAN_POINT( '', ( -0.612150979894099, -0.325166474530570, 0.00200000000000000 ) );
#3252 = VECTOR( '', #4127, 1000.00000000000 );
#3253 = CARTESIAN_POINT( '', ( -0.739364094648197, 0.124669591043201, 0.00200000000000000 ) );
#3254 = CARTESIAN_POINT( '', ( -0.612150979894099, -0.325166474530570, 0.00200000000000000 ) );
#3255 = CARTESIAN_POINT( '', ( -0.739364094648197, 0.124669591043201, 0.00200000000000000 ) );
#3256 = CARTESIAN_POINT( '', ( -0.739364094648197, 0.124669591043201, 0.00200000000000000 ) );
#3257 = VECTOR( '', #4128, 1000.00000000000 );
#3258 = COLOUR_RGB( '', 0.119999997317791, 0.119999997317791, 0.119999997317791 );
#3259 = CARTESIAN_POINT( '', ( 0.445881806991147, -0.189756638464996, 0.000000000000000 ) );
#3260 = CARTESIAN_POINT( '', ( 0.445881806991147, -0.189756638464996, 0.000000000000000 ) );
#3261 = CARTESIAN_POINT( '', ( 0.466209675843606, -0.229100900760078, 0.000000000000000 ) );
#3262 = CARTESIAN_POINT( '', ( 0.497357216827213, -0.248773031907619, 0.000000000000000 ) );
#3263 = CARTESIAN_POINT( '', ( 0.568832626663278, -0.248773031907619, 0.000000000000000 ) );
#3264 = CARTESIAN_POINT( '', ( 0.591783446335410, -0.240904179448603, 0.000000000000000 ) );
#3265 = CARTESIAN_POINT( '', ( 0.608504757810819, -0.224838605678111, 0.000000000000000 ) );
#3266 = CARTESIAN_POINT( '', ( 0.625055580104852, -0.208936835238745, 0.000000000000000 ) );
#3267 = CARTESIAN_POINT( '', ( 0.633094921745246, -0.184182867973193, 0.000000000000000 ) );
#3268 = CARTESIAN_POINT( '', ( 0.633094921745246, -0.151068113874832, 0.000000000000000 ) );
#3269 = CARTESIAN_POINT( '', ( 0.633094921745246, -0.0591555455688212, 0.000000000000000 ) );
#3270 = CARTESIAN_POINT( '', ( 0.633094921745246, 0.0327570227371898, 0.000000000000000 ) );
#3271 = CARTESIAN_POINT( '', ( 0.633094921745246, 0.124669591043201, 0.000000000000000 ) );
#3272 = CARTESIAN_POINT( '', ( 0.445881806991147, -0.189756638464996, 0.00200000000000000 ) );
#3273 = VECTOR( '', #4129, 1000.00000000000 );
#3274 = COLOUR_RGB( '', 0.119999997317791, 0.119999997317791, 0.119999997317791 );
#3275 = CARTESIAN_POINT( '', ( 0.324242462728852, -0.366477949940406, 0.000000000000000 ) );
#3276 = CARTESIAN_POINT( '', ( 0.324242462728852, -0.366477949940406, 0.000000000000000 ) );
#3277 = CARTESIAN_POINT( '', ( 0.324242462728852, -0.296314015514176, 0.000000000000000 ) );
#3278 = CARTESIAN_POINT( '', ( 0.324242462728852, -0.366477949940406, 0.00200000000000000 ) );
#3279 = CARTESIAN_POINT( '', ( 0.324242462728852, -0.366477949940406, 0.00200000000000000 ) );
#3280 = VECTOR( '', #4130, 1000.00000000000 );
#3281 = CARTESIAN_POINT( '', ( 0.324242462728852, -0.366477949940406, 0.00200000000000000 ) );
#3282 = CARTESIAN_POINT( '', ( 0.324242462728852, -0.296314015514176, 0.00200000000000000 ) );
#3283 = COLOUR_RGB( '', 0.119999997317791, 0.119999997317791, 0.119999997317791 );
#3284 = CARTESIAN_POINT( '', ( -0.149200160221967, -0.183527130268275, 0.000000000000000 ) );
#3285 = CARTESIAN_POINT( '', ( -0.147888684812131, -0.183527130268275, 0.000000000000000 ) );
#3286 = CARTESIAN_POINT( '', ( -0.149200160221967, -0.183527130268275, 0.000000000000000 ) );
#3287 = CARTESIAN_POINT( '', ( -0.148763001752022, -0.183527130268275, 0.000000000000000 ) );
#3288 = CARTESIAN_POINT( '', ( -0.148325843282077, -0.183527130268275, 0.000000000000000 ) );
#3289 = CARTESIAN_POINT( '', ( -0.147888684812131, -0.183527130268275, 0.000000000000000 ) );
#3290 = CARTESIAN_POINT( '', ( -0.149200160221967, -0.183527130268275, 0.00200000000000000 ) );
#3291 = CARTESIAN_POINT( '', ( -0.149200160221967, -0.183527130268275, 0.00200000000000000 ) );
#3292 = VECTOR( '', #4131, 1000.00000000000 );
#3293 = CARTESIAN_POINT( '', ( -0.147888684812131, -0.183527130268275, 0.00200000000000000 ) );
#3294 = CARTESIAN_POINT( '', ( -0.149200160221967, -0.183527130268275, 0.00200000000000000 ) );
#3295 = CARTESIAN_POINT( '', ( -0.148763001752022, -0.183527130268275, 0.00200000000000000 ) );
#3296 = CARTESIAN_POINT( '', ( -0.148325843282077, -0.183527130268275, 0.00200000000000000 ) );
#3297 = CARTESIAN_POINT( '', ( -0.147888684812131, -0.183527130268275, 0.00200000000000000 ) );
#3298 = CARTESIAN_POINT( '', ( -0.147888684812131, -0.183527130268275, 0.00200000000000000 ) );
#3299 = VECTOR( '', #4132, 1000.00000000000 );
#3300 = COLOUR_RGB( '', 0.119999997317791, 0.119999997317791, 0.119999997317791 );
#3301 = CARTESIAN_POINT( '', ( 0.300000000000000, -1.50000000000000, 2.00000000000000 ) );
#3302 = CARTESIAN_POINT( '', ( 0.300000000000000, -1.50000000000000, 1.99980000000000 ) );
#3303 = VECTOR( '', #4133, 1000.00000000000 );
#3304 = CARTESIAN_POINT( '', ( -1.50000000000000, -1.50000000000000, 2.00000000000000 ) );
#3305 = VECTOR( '', #4134, 1000.00000000000 );
#3306 = CARTESIAN_POINT( '', ( -1.50000000000000, -1.50000000000000, 1.99980000000000 ) );
#3307 = CARTESIAN_POINT( '', ( -0.300000000000000, -1.50000000000000, 1.99980000000000 ) );
#3308 = VECTOR( '', #4135, 1000.00000000000 );
#3309 = CARTESIAN_POINT( '', ( -1.50000000000000, -1.50000000000000, 0.000000000000000 ) );
#3310 = CARTESIAN_POINT( '', ( -1.50000000000000, -1.50000000000000, 2.00000000000000 ) );
#3311 = VECTOR( '', #4136, 1000.00000000000 );
#3312 = CARTESIAN_POINT( '', ( 1.50000000000000, -1.50000000000000, 0.000000000000000 ) );
#3313 = CARTESIAN_POINT( '', ( -1.50000000000000, -1.50000000000000, 0.000000000000000 ) );
#3314 = VECTOR( '', #4137, 1000.00000000000 );
#3315 = CARTESIAN_POINT( '', ( 1.50000000000000, -1.50000000000000, 2.00000000000000 ) );
#3316 = VECTOR( '', #4138, 1000.00000000000 );
#3317 = COLOUR_RGB( '', 0.860000014305115, 0.860000014305115, 0.860000014305115 );
#3318 = CARTESIAN_POINT( '', ( 1.50000000000000, 0.600000000000000, 0.000200000000000000 ) );
#3319 = CARTESIAN_POINT( '', ( 1.50000000000000, -0.600000000000000, 0.000200000000000000 ) );
#3320 = CARTESIAN_POINT( '', ( 1.50000000000000, 0.600000000000000, 0.000200000000000000 ) );
#3321 = VECTOR( '', #4139, 1000.00000000000 );
#3322 = CARTESIAN_POINT( '', ( -1.50000000000000, 0.600000000000000, 0.000200000000000000 ) );
#3323 = CARTESIAN_POINT( '', ( -1.50000000000000, 0.600000000000000, 0.000200000000000000 ) );
#3324 = VECTOR( '', #4140, 1000.00000000000 );
#3325 = CARTESIAN_POINT( '', ( -1.50000000000000, -0.600000000000000, 0.000200000000000000 ) );
#3326 = CARTESIAN_POINT( '', ( -1.50000000000000, -0.600000000000000, 0.000200000000000000 ) );
#3327 = VECTOR( '', #4141, 1000.00000000000 );
#3328 = CARTESIAN_POINT( '', ( 1.50000000000000, -0.600000000000000, 0.000200000000000000 ) );
#3329 = VECTOR( '', #4142, 1000.00000000000 );
#3330 = COLOUR_RGB( '', 0.119999997317791, 0.119999997317791, 0.119999997317791 );
#3331 = CARTESIAN_POINT( '', ( 0.710144102073115, 0.162046640223528, 0.000000000000000 ) );
#3332 = CARTESIAN_POINT( '', ( 0.710144102073115, 0.162046640223528, 0.000000000000000 ) );
#3333 = CARTESIAN_POINT( '', ( 0.723914593876393, 0.162046640223528, 0.000000000000000 ) );
#3334 = CARTESIAN_POINT( '', ( 0.737685085679672, 0.162046640223528, 0.000000000000000 ) );
#3335 = CARTESIAN_POINT( '', ( 0.751455577482950, 0.162046640223528, 0.000000000000000 ) );
#3336 = CARTESIAN_POINT( '', ( 0.710144102073115, 0.162046640223528, 0.00200000000000000 ) );
#3337 = CARTESIAN_POINT( '', ( 0.710144102073115, 0.162046640223528, 0.00200000000000000 ) );
#3338 = VECTOR( '', #4143, 1000.00000000000 );
#3339 = CARTESIAN_POINT( '', ( 0.710144102073115, 0.162046640223528, 0.00200000000000000 ) );
#3340 = CARTESIAN_POINT( '', ( 0.723914593876393, 0.162046640223528, 0.00200000000000000 ) );
#3341 = CARTESIAN_POINT( '', ( 0.737685085679672, 0.162046640223528, 0.00200000000000000 ) );
#3342 = CARTESIAN_POINT( '', ( 0.751455577482950, 0.162046640223528, 0.00200000000000000 ) );
#3343 = COLOUR_RGB( '', 0.119999997317791, 0.119999997317791, 0.119999997317791 );
#3344 = CARTESIAN_POINT( '', ( 1.50000000000000, 1.50000000000000, 0.000000000000000 ) );
#3345 = CARTESIAN_POINT( '', ( 1.50000000000000, -1.50000000000000, 0.000000000000000 ) );
#3346 = VECTOR( '', #4144, 1000.00000000000 );
#3347 = CARTESIAN_POINT( '', ( 1.50000000000000, 1.50000000000000, 2.00000000000000 ) );
#3348 = VECTOR( '', #4145, 1000.00000000000 );
#3349 = COLOUR_RGB( '', 0.119999997317791, 0.119999997317791, 0.119999997317791 );
#3350 = CARTESIAN_POINT( '', ( -0.242642783172787, 0.0945056566169712, 0.000000000000000 ) );
#3351 = CARTESIAN_POINT( '', ( -0.242642783172787, 0.124669591043201, 0.000000000000000 ) );
#3352 = CARTESIAN_POINT( '', ( -0.242642783172787, 0.0945056566169712, 0.000000000000000 ) );
#3353 = CARTESIAN_POINT( '', ( -0.242642783172787, 0.104560301425714, 0.000000000000000 ) );
#3354 = CARTESIAN_POINT( '', ( -0.242642783172787, 0.114614946234457, 0.000000000000000 ) );
#3355 = CARTESIAN_POINT( '', ( -0.242642783172787, 0.124669591043201, 0.000000000000000 ) );
#3356 = CARTESIAN_POINT( '', ( -0.242642783172787, 0.0945056566169712, 0.00200000000000000 ) );
#3357 = CARTESIAN_POINT( '', ( -0.242642783172787, 0.0945056566169712, 0.00200000000000000 ) );
#3358 = VECTOR( '', #4146, 1000.00000000000 );
#3359 = CARTESIAN_POINT( '', ( -0.242642783172787, 0.124669591043201, 0.00200000000000000 ) );
#3360 = CARTESIAN_POINT( '', ( -0.242642783172787, 0.0945056566169712, 0.00200000000000000 ) );
#3361 = CARTESIAN_POINT( '', ( -0.242642783172787, 0.104560301425714, 0.00200000000000000 ) );
#3362 = CARTESIAN_POINT( '', ( -0.242642783172787, 0.114614946234457, 0.00200000000000000 ) );
#3363 = CARTESIAN_POINT( '', ( -0.242642783172787, 0.124669591043201, 0.00200000000000000 ) );
#3364 = CARTESIAN_POINT( '', ( -0.242642783172787, 0.124669591043201, 0.00200000000000000 ) );
#3365 = VECTOR( '', #4147, 1000.00000000000 );
#3366 = COLOUR_RGB( '', 0.119999997317791, 0.119999997317791, 0.119999997317791 );
#3367 = CARTESIAN_POINT( '', ( -0.610839504484263, 0.124669591043201, 0.000000000000000 ) );
#3368 = CARTESIAN_POINT( '', ( -0.610839504484263, -0.325166474530570, 0.000000000000000 ) );
#3369 = CARTESIAN_POINT( '', ( -0.610839504484263, 0.124669591043201, 0.000000000000000 ) );
#3370 = CARTESIAN_POINT( '', ( -0.610839504484263, -0.325166474530570, 0.000000000000000 ) );
#3371 = CARTESIAN_POINT( '', ( -0.610839504484263, 0.124669591043201, 0.00200000000000000 ) );
#3372 = CARTESIAN_POINT( '', ( -0.610839504484263, 0.124669591043201, 0.00200000000000000 ) );
#3373 = VECTOR( '', #4148, 1000.00000000000 );
#3374 = CARTESIAN_POINT( '', ( -0.610839504484263, -0.325166474530570, 0.00200000000000000 ) );
#3375 = CARTESIAN_POINT( '', ( -0.610839504484263, 0.124669591043201, 0.00200000000000000 ) );
#3376 = CARTESIAN_POINT( '', ( -0.610839504484263, -0.325166474530570, 0.00200000000000000 ) );
#3377 = CARTESIAN_POINT( '', ( -0.610839504484263, -0.325166474530570, 0.00200000000000000 ) );
#3378 = VECTOR( '', #4149, 1000.00000000000 );
#3379 = COLOUR_RGB( '', 0.119999997317791, 0.119999997317791, 0.119999997317791 );
#3380 = CARTESIAN_POINT( '', ( 0.899980167646885, -0.184182867973193, 4.23516473627150E-019 ) );
#3381 = CARTESIAN_POINT( '', ( 0.901291643056721, -0.184182867973193, 0.000000000000000 ) );
#3382 = CARTESIAN_POINT( '', ( 0.899980167646885, -0.184182867973193, 0.000000000000000 ) );
#3383 = CARTESIAN_POINT( '', ( 0.900417326116831, -0.184182867973193, 0.000000000000000 ) );
#3384 = CARTESIAN_POINT( '', ( 0.900854484586776, -0.184182867973193, 0.000000000000000 ) );
#3385 = CARTESIAN_POINT( '', ( 0.901291643056721, -0.184182867973193, 0.000000000000000 ) );
#3386 = CARTESIAN_POINT( '', ( 0.899980167646885, -0.184182867973193, 0.00200000000000000 ) );
#3387 = CARTESIAN_POINT( '', ( 0.899980167646885, -0.184182867973193, 0.00200000000000000 ) );
#3388 = VECTOR( '', #4150, 1000.00000000000 );
#3389 = CARTESIAN_POINT( '', ( 0.901291643056721, -0.184182867973193, 0.00200000000000000 ) );
#3390 = CARTESIAN_POINT( '', ( 0.899980167646885, -0.184182867973193, 0.00200000000000000 ) );
#3391 = CARTESIAN_POINT( '', ( 0.900417326116831, -0.184182867973193, 0.00200000000000000 ) );
#3392 = CARTESIAN_POINT( '', ( 0.900854484586776, -0.184182867973193, 0.00200000000000000 ) );
#3393 = CARTESIAN_POINT( '', ( 0.901291643056721, -0.184182867973193, 0.00200000000000000 ) );
#3394 = CARTESIAN_POINT( '', ( 0.901291643056721, -0.184182867973193, 0.00200000000000000 ) );
#3395 = VECTOR( '', #4151, 1000.00000000000 );
#3396 = COLOUR_RGB( '', 0.119999997317791, 0.119999997317791, 0.119999997317791 );
#3397 = CARTESIAN_POINT( '', ( -0.639036225795738, -0.366477949940406, 0.000000000000000 ) );
#3398 = CARTESIAN_POINT( '', ( -0.566577209402295, -0.366477949940406, 0.000000000000000 ) );
#3399 = CARTESIAN_POINT( '', ( -0.639036225795738, -0.366477949940406, 0.000000000000000 ) );
#3400 = CARTESIAN_POINT( '', ( -0.566577209402295, -0.366477949940406, 0.000000000000000 ) );
#3401 = CARTESIAN_POINT( '', ( -0.639036225795738, -0.366477949940406, 0.00200000000000000 ) );
#3402 = CARTESIAN_POINT( '', ( -0.639036225795738, -0.366477949940406, 0.00200000000000000 ) );
#3403 = VECTOR( '', #4152, 1000.00000000000 );
#3404 = CARTESIAN_POINT( '', ( -0.566577209402295, -0.366477949940406, 0.00200000000000000 ) );
#3405 = CARTESIAN_POINT( '', ( -0.639036225795738, -0.366477949940406, 0.00200000000000000 ) );
#3406 = CARTESIAN_POINT( '', ( -0.566577209402295, -0.366477949940406, 0.00200000000000000 ) );
#3407 = CARTESIAN_POINT( '', ( -0.566577209402295, -0.366477949940406, 0.00200000000000000 ) );
#3408 = VECTOR( '', #4153, 1000.00000000000 );
#3409 = COLOUR_RGB( '', 0.119999997317791, 0.119999997317791, 0.119999997317791 );
#3410 = CARTESIAN_POINT( '', ( -0.953462455303935, -0.366477949940406, 0.000000000000000 ) );
#3411 = CARTESIAN_POINT( '', ( -0.877069012680984, -0.366477949940406, 0.000000000000000 ) );
#3412 = CARTESIAN_POINT( '', ( -0.953462455303935, -0.366477949940406, 0.000000000000000 ) );
#3413 = CARTESIAN_POINT( '', ( -0.877069012680984, -0.366477949940406, 0.000000000000000 ) );
#3414 = CARTESIAN_POINT( '', ( -0.953462455303935, -0.366477949940406, 0.00200000000000000 ) );
#3415 = CARTESIAN_POINT( '', ( -0.953462455303935, -0.366477949940406, 0.00200000000000000 ) );
#3416 = VECTOR( '', #4154, 1000.00000000000 );
#3417 = CARTESIAN_POINT( '', ( -0.877069012680984, -0.366477949940406, 0.00200000000000000 ) );
#3418 = CARTESIAN_POINT( '', ( -0.953462455303935, -0.366477949940406, 0.00200000000000000 ) );
#3419 = CARTESIAN_POINT( '', ( -0.877069012680984, -0.366477949940406, 0.00200000000000000 ) );
#3420 = CARTESIAN_POINT( '', ( -0.877069012680984, -0.366477949940406, 0.00200000000000000 ) );
#3421 = VECTOR( '', #4155, 1000.00000000000 );
#3422 = COLOUR_RGB( '', 0.860000014305115, 0.860000014305115, 0.860000014305115 );
#3423 = CARTESIAN_POINT( '', ( 1.50000000000000, 0.600000000000000, 0.000000000000000 ) );
#3424 = CARTESIAN_POINT( '', ( 1.50000000000000, -0.600000000000000, 0.000000000000000 ) );
#3425 = CARTESIAN_POINT( '', ( 1.50000000000000, 0.600000000000000, 0.000000000000000 ) );
#3426 = VECTOR( '', #4156, 1000.00000000000 );
#3427 = CARTESIAN_POINT( '', ( 1.50000000000000, 0.600000000000000, 0.000200000000000000 ) );
#3428 = VECTOR( '', #4157, 1000.00000000000 );
#3429 = CARTESIAN_POINT( '', ( 1.50000000000000, -0.600000000000000, 0.000200000000000000 ) );
#3430 = VECTOR( '', #4158, 1000.00000000000 );
#3431 = COLOUR_RGB( '', 0.119999997317791, 0.119999997317791, 0.119999997317791 );
#3432 = CARTESIAN_POINT( '', ( -0.317069012680984, -0.0815599171535207, 0.000000000000000 ) );
#3433 = CARTESIAN_POINT( '', ( -0.318380488090820, -0.0815599171535207, 0.000000000000000 ) );
#3434 = CARTESIAN_POINT( '', ( -0.317069012680984, -0.0815599171535207, 0.000000000000000 ) );
#3435 = CARTESIAN_POINT( '', ( -0.317506171150929, -0.0815599171535207, 0.000000000000000 ) );
#3436 = CARTESIAN_POINT( '', ( -0.317943329620875, -0.0815599171535207, 0.000000000000000 ) );
#3437 = CARTESIAN_POINT( '', ( -0.318380488090820, -0.0815599171535207, 0.000000000000000 ) );
#3438 = CARTESIAN_POINT( '', ( -0.317069012680984, -0.0815599171535207, 0.00200000000000000 ) );
#3439 = CARTESIAN_POINT( '', ( -0.317069012680984, -0.0815599171535207, 0.00200000000000000 ) );
#3440 = VECTOR( '', #4159, 1000.00000000000 );
#3441 = CARTESIAN_POINT( '', ( -0.318380488090820, -0.0815599171535207, 0.00200000000000000 ) );
#3442 = CARTESIAN_POINT( '', ( -0.317069012680984, -0.0815599171535207, 0.00200000000000000 ) );
#3443 = CARTESIAN_POINT( '', ( -0.317506171150929, -0.0815599171535207, 0.00200000000000000 ) );
#3444 = CARTESIAN_POINT( '', ( -0.317943329620875, -0.0815599171535207, 0.00200000000000000 ) );
#3445 = CARTESIAN_POINT( '', ( -0.318380488090820, -0.0815599171535207, 0.00200000000000000 ) );
#3446 = CARTESIAN_POINT( '', ( -0.318380488090820, -0.0815599171535207, 0.00200000000000000 ) );
#3447 = VECTOR( '', #4160, 1000.00000000000 );
#3448 = COLOUR_RGB( '', 0.860000014305115, 0.860000014305115, 0.860000014305115 );
#3449 = CARTESIAN_POINT( '', ( -1.50000000000000, -0.600000000000000, 0.000000000000000 ) );
#3450 = CARTESIAN_POINT( '', ( -1.50000000000000, 0.600000000000000, 0.000000000000000 ) );
#3451 = CARTESIAN_POINT( '', ( -1.50000000000000, -0.600000000000000, 0.000000000000000 ) );
#3452 = VECTOR( '', #4161, 1000.00000000000 );
#3453 = CARTESIAN_POINT( '', ( -1.50000000000000, -0.600000000000000, 0.000200000000000000 ) );
#3454 = VECTOR( '', #4162, 1000.00000000000 );
#3455 = CARTESIAN_POINT( '', ( -1.50000000000000, 0.600000000000000, 0.000200000000000000 ) );
#3456 = VECTOR( '', #4163, 1000.00000000000 );
#3457 = COLOUR_RGB( '', 0.119999997317791, 0.119999997317791, 0.119999997317791 );
#3458 = CARTESIAN_POINT( '', ( -0.953462455303935, 0.124669591043201, 0.00200000000000000 ) );
#3459 = CARTESIAN_POINT( '', ( -0.909528029074427, 0.124669591043201, 0.00200000000000000 ) );
#3460 = CARTESIAN_POINT( '', ( -0.953462455303935, 0.124669591043201, 0.00200000000000000 ) );
#3461 = CARTESIAN_POINT( '', ( -0.780675570058033, 0.124669591043201, 0.00200000000000000 ) );
#3462 = CARTESIAN_POINT( '', ( -0.780675570058033, 0.124669591043201, 0.00200000000000000 ) );
#3463 = CARTESIAN_POINT( '', ( -0.907888684812132, -0.325166474530570, 0.00200000000000000 ) );
#3464 = CARTESIAN_POINT( '', ( -0.739364094648197, 0.124669591043201, 0.00200000000000000 ) );
#3465 = CARTESIAN_POINT( '', ( -0.780675570058033, 0.124669591043201, 0.00200000000000000 ) );
#3466 = CARTESIAN_POINT( '', ( -0.610839504484263, -0.325166474530570, 0.00200000000000000 ) );
#3467 = CARTESIAN_POINT( '', ( -0.612150979894099, -0.325166474530570, 0.00200000000000000 ) );
#3468 = CARTESIAN_POINT( '', ( -0.566577209402295, 0.124669591043201, 0.00200000000000000 ) );
#3469 = CARTESIAN_POINT( '', ( -0.566577209402295, 0.124669591043201, 0.00200000000000000 ) );
#3470 = CARTESIAN_POINT( '', ( -0.610839504484263, 0.124669591043201, 0.00200000000000000 ) );
#3471 = CARTESIAN_POINT( '', ( -0.566577209402295, -0.366477949940406, 0.00200000000000000 ) );
#3472 = CARTESIAN_POINT( '', ( -0.566577209402295, 0.124669591043201, 0.00200000000000000 ) );
#3473 = CARTESIAN_POINT( '', ( -0.757396881533443, 0.0695876238300859, 0.00200000000000000 ) );
#3474 = CARTESIAN_POINT( '', ( -0.639036225795738, -0.366477949940406, 0.00200000000000000 ) );
#3475 = CARTESIAN_POINT( '', ( -0.877069012680984, -0.366477949940406, 0.00200000000000000 ) );
#3476 = CARTESIAN_POINT( '', ( -0.758708356943279, 0.0695876238300859, 0.00200000000000000 ) );
#3477 = CARTESIAN_POINT( '', ( -0.953462455303935, 0.124669591043201, 0.00200000000000000 ) );
#3478 = CARTESIAN_POINT( '', ( -0.953462455303935, -0.366477949940406, 0.00200000000000000 ) );
#3479 = COLOUR_RGB( '', 0.119999997317791, 0.119999997317791, 0.119999997317791 );
#3480 = CARTESIAN_POINT( '', ( -0.566577209402295, 0.124669591043201, 0.000000000000000 ) );
#3481 = CARTESIAN_POINT( '', ( -0.566577209402295, 0.124669591043201, 0.000000000000000 ) );
#3482 = CARTESIAN_POINT( '', ( -0.610839504484263, 0.124669591043201, 0.000000000000000 ) );
#3483 = CARTESIAN_POINT( '', ( -0.566577209402295, 0.124669591043201, 0.00200000000000000 ) );
#3484 = VECTOR( '', #4164, 1000.00000000000 );
#3485 = COLOUR_RGB( '', 0.119999997317791, 0.119999997317791, 0.119999997317791 );
#3486 = CARTESIAN_POINT( '', ( 0.895717872564918, 0.0594236894038564, 0.000000000000000 ) );
#3487 = CARTESIAN_POINT( '', ( 0.897029347974754, 0.0594236894038564, 0.000000000000000 ) );
#3488 = CARTESIAN_POINT( '', ( 0.896592189504809, 0.0594236894038564, 0.000000000000000 ) );
#3489 = CARTESIAN_POINT( '', ( 0.896155031034863, 0.0594236894038564, 0.000000000000000 ) );
#3490 = CARTESIAN_POINT( '', ( 0.895717872564918, 0.0594236894038564, 0.000000000000000 ) );
#3491 = CARTESIAN_POINT( '', ( 0.895717872564918, 0.0594236894038564, 0.00200000000000000 ) );
#3492 = CARTESIAN_POINT( '', ( 0.897029347974754, 0.0594236894038564, 0.00200000000000000 ) );
#3493 = CARTESIAN_POINT( '', ( 0.896592189504809, 0.0594236894038564, 0.00200000000000000 ) );
#3494 = CARTESIAN_POINT( '', ( 0.896155031034863, 0.0594236894038564, 0.00200000000000000 ) );
#3495 = CARTESIAN_POINT( '', ( 0.895717872564918, 0.0594236894038564, 0.00200000000000000 ) );
#3496 = CARTESIAN_POINT( '', ( 0.895717872564918, 0.0594236894038564, 0.00200000000000000 ) );
#3497 = VECTOR( '', #4165, 1000.00000000000 );
#3498 = COLOUR_RGB( '', 0.119999997317791, 0.119999997317791, 0.119999997317791 );
#3499 = CARTESIAN_POINT( '', ( -0.491823111041640, -0.132051720432209, 0.000000000000000 ) );
#3500 = CARTESIAN_POINT( '', ( -0.491823111041640, -0.132051720432209, 0.000000000000000 ) );
#3501 = CARTESIAN_POINT( '', ( -0.491823111041640, -0.209756638464996, 0.000000000000000 ) );
#3502 = CARTESIAN_POINT( '', ( -0.454118193008853, -0.248773031907619, 0.000000000000000 ) );
#3503 = CARTESIAN_POINT( '', ( -0.310183766779345, -0.248773031907619, 0.000000000000000 ) );
#3504 = CARTESIAN_POINT( '', ( -0.275757537271148, -0.216641884366635, 0.000000000000000 ) );
#3505 = CARTESIAN_POINT( '', ( -0.275757537271148, -0.152051720432209, 0.000000000000000 ) );
#3506 = CARTESIAN_POINT( '', ( -0.275757537271148, -0.0799205728912255, 0.000000000000000 ) );
#3507 = CARTESIAN_POINT( '', ( -0.275757537271148, -0.00778942535024197, 0.000000000000000 ) );
#3508 = CARTESIAN_POINT( '', ( -0.275757537271148, 0.0643417221907416, 0.000000000000000 ) );
#3509 = CARTESIAN_POINT( '', ( -0.275757537271148, 0.0843417221907417, 0.000000000000000 ) );
#3510 = CARTESIAN_POINT( '', ( -0.268544422517050, 0.0945056566169712, 0.000000000000000 ) );
#3511 = CARTESIAN_POINT( '', ( -0.254446061861312, 0.0945056566169712, 0.000000000000000 ) );
#3512 = CARTESIAN_POINT( '', ( -0.250511635631803, 0.0945056566169712, 0.000000000000000 ) );
#3513 = CARTESIAN_POINT( '', ( -0.246577209402296, 0.0945056566169712, 0.000000000000000 ) );
#3514 = CARTESIAN_POINT( '', ( -0.242642783172787, 0.0945056566169712, 0.000000000000000 ) );
#3515 = CARTESIAN_POINT( '', ( -0.491823111041640, -0.132051720432209, 0.00200000000000000 ) );
#3516 = CARTESIAN_POINT( '', ( -0.491823111041640, -0.132051720432209, 0.00200000000000000 ) );
#3517 = VECTOR( '', #4166, 1000.00000000000 );
#3518 = CARTESIAN_POINT( '', ( -0.491823111041640, -0.132051720432209, 0.00200000000000000 ) );
#3519 = CARTESIAN_POINT( '', ( -0.491823111041640, -0.209756638464996, 0.00200000000000000 ) );
#3520 = CARTESIAN_POINT( '', ( -0.454118193008853, -0.248773031907619, 0.00200000000000000 ) );
#3521 = CARTESIAN_POINT( '', ( -0.310183766779345, -0.248773031907619, 0.00200000000000000 ) );
#3522 = CARTESIAN_POINT( '', ( -0.275757537271148, -0.216641884366635, 0.00200000000000000 ) );
#3523 = CARTESIAN_POINT( '', ( -0.275757537271148, -0.152051720432209, 0.00200000000000000 ) );
#3524 = CARTESIAN_POINT( '', ( -0.275757537271148, -0.0799205728912255, 0.00200000000000000 ) );
#3525 = CARTESIAN_POINT( '', ( -0.275757537271148, -0.00778942535024197, 0.00200000000000000 ) );
#3526 = CARTESIAN_POINT( '', ( -0.275757537271148, 0.0643417221907416, 0.00200000000000000 ) );
#3527 = CARTESIAN_POINT( '', ( -0.275757537271148, 0.0843417221907417, 0.00200000000000000 ) );
#3528 = CARTESIAN_POINT( '', ( -0.268544422517050, 0.0945056566169712, 0.00200000000000000 ) );
#3529 = CARTESIAN_POINT( '', ( -0.254446061861312, 0.0945056566169712, 0.00200000000000000 ) );
#3530 = CARTESIAN_POINT( '', ( -0.250511635631803, 0.0945056566169712, 0.00200000000000000 ) );
#3531 = CARTESIAN_POINT( '', ( -0.246577209402296, 0.0945056566169712, 0.00200000000000000 ) );
#3532 = CARTESIAN_POINT( '', ( -0.242642783172787, 0.0945056566169712, 0.00200000000000000 ) );
#3533 = COLOUR_RGB( '', 0.119999997317791, 0.119999997317791, 0.119999997317791 );
#3534 = CARTESIAN_POINT( '', ( -0.317069012680984, -0.00451073682565176, 0.000000000000000 ) );
#3535 = CARTESIAN_POINT( '', ( -0.318380488090820, -0.0815599171535207, 0.000000000000000 ) );
#3536 = CARTESIAN_POINT( '', ( -0.321659176615410, -0.0733631958420452, 0.000000000000000 ) );
#3537 = CARTESIAN_POINT( '', ( -0.336413274976066, -0.0651664745305698, 0.000000000000000 ) );
#3538 = CARTESIAN_POINT( '', ( -0.362642783172787, -0.0576254909240124, 0.000000000000000 ) );
#3539 = CARTESIAN_POINT( '', ( -0.373924739818137, -0.0543819283884744, 0.000000000000000 ) );
#3540 = CARTESIAN_POINT( '', ( -0.385375023609946, -0.0517238515797502, 0.000000000000000 ) );
#3541 = CARTESIAN_POINT( '', ( -0.396741143828525, -0.0487730319076190, 0.000000000000000 ) );
#3542 = CARTESIAN_POINT( '', ( -0.418369753190324, -0.0431579121694596, 0.000000000000000 ) );
#3543 = CARTESIAN_POINT( '', ( -0.434118193008853, -0.0343468023994223, 0.000000000000000 ) );
#3544 = CARTESIAN_POINT( '', ( -0.444282127435083, -0.0228713925633567, 0.000000000000000 ) );
#3545 = CARTESIAN_POINT( '', ( -0.454608796401531, -0.0112122501818829, 0.000000000000000 ) );
#3546 = CARTESIAN_POINT( '', ( -0.459364094648197, 0.00565319760057777, 0.000000000000000 ) );
#3547 = CARTESIAN_POINT( '', ( -0.459364094648197, 0.0492597549776269, 0.000000000000000 ) );
#3548 = CARTESIAN_POINT( '', ( -0.454446061861312, 0.0666368041579548, 0.000000000000000 ) );
#3549 = CARTESIAN_POINT( '', ( -0.443954258582624, 0.0794236894038565, 0.000000000000000 ) );
#3550 = CARTESIAN_POINT( '', ( -0.433594375816673, 0.0920497965248588, 0.000000000000000 ) );
#3551 = CARTESIAN_POINT( '', ( -0.419691963500656, 0.0987679516989384, 0.000000000000000 ) );
#3552 = CARTESIAN_POINT( '', ( -0.376085406123607, 0.0987679516989384, 0.000000000000000 ) );
#3553 = CARTESIAN_POINT( '', ( -0.355429668418689, 0.0895876238300860, 0.000000000000000 ) );
#3554 = CARTESIAN_POINT( '', ( -0.324609996287541, 0.0535220500595941, 0.000000000000000 ) );
#3555 = CARTESIAN_POINT( '', ( -0.317069012680984, 0.0279482795677908, 0.000000000000000 ) );
#3556 = CARTESIAN_POINT( '', ( -0.317069012680984, -0.00451073682565176, 0.000000000000000 ) );
#3557 = CARTESIAN_POINT( '', ( -0.317069012680984, -0.00451073682565176, 0.00200000000000000 ) );
#3558 = CARTESIAN_POINT( '', ( -0.318380488090820, -0.0815599171535207, 0.00200000000000000 ) );
#3559 = CARTESIAN_POINT( '', ( -0.321659176615410, -0.0733631958420452, 0.00200000000000000 ) );
#3560 = CARTESIAN_POINT( '', ( -0.336413274976066, -0.0651664745305698, 0.00200000000000000 ) );
#3561 = CARTESIAN_POINT( '', ( -0.362642783172787, -0.0576254909240124, 0.00200000000000000 ) );
#3562 = CARTESIAN_POINT( '', ( -0.373924739818137, -0.0543819283884744, 0.00200000000000000 ) );
#3563 = CARTESIAN_POINT( '', ( -0.385375023609946, -0.0517238515797502, 0.00200000000000000 ) );
#3564 = CARTESIAN_POINT( '', ( -0.396741143828525, -0.0487730319076190, 0.00200000000000000 ) );
#3565 = CARTESIAN_POINT( '', ( -0.418369753190324, -0.0431579121694596, 0.00200000000000000 ) );
#3566 = CARTESIAN_POINT( '', ( -0.434118193008853, -0.0343468023994223, 0.00200000000000000 ) );
#3567 = CARTESIAN_POINT( '', ( -0.444282127435083, -0.0228713925633567, 0.00200000000000000 ) );
#3568 = CARTESIAN_POINT( '', ( -0.454608796401531, -0.0112122501818829, 0.00200000000000000 ) );
#3569 = CARTESIAN_POINT( '', ( -0.459364094648197, 0.00565319760057777, 0.00200000000000000 ) );
#3570 = CARTESIAN_POINT( '', ( -0.459364094648197, 0.0492597549776269, 0.00200000000000000 ) );
#3571 = CARTESIAN_POINT( '', ( -0.454446061861312, 0.0666368041579548, 0.00200000000000000 ) );
#3572 = CARTESIAN_POINT( '', ( -0.443954258582624, 0.0794236894038565, 0.00200000000000000 ) );
#3573 = CARTESIAN_POINT( '', ( -0.433594375816673, 0.0920497965248588, 0.00200000000000000 ) );
#3574 = CARTESIAN_POINT( '', ( -0.419691963500656, 0.0987679516989384, 0.00200000000000000 ) );
#3575 = CARTESIAN_POINT( '', ( -0.376085406123607, 0.0987679516989384, 0.00200000000000000 ) );
#3576 = CARTESIAN_POINT( '', ( -0.355429668418689, 0.0895876238300860, 0.00200000000000000 ) );
#3577 = CARTESIAN_POINT( '', ( -0.324609996287541, 0.0535220500595941, 0.00200000000000000 ) );
#3578 = CARTESIAN_POINT( '', ( -0.317069012680984, 0.0279482795677908, 0.00200000000000000 ) );
#3579 = CARTESIAN_POINT( '', ( -0.317069012680984, -0.00451073682565176, 0.00200000000000000 ) );
#3580 = CARTESIAN_POINT( '', ( -0.317069012680984, -0.00451073682565176, 0.00200000000000000 ) );
#3581 = VECTOR( '', #4167, 1000.00000000000 );
#3582 = COLOUR_RGB( '', 0.119999997317791, 0.119999997317791, 0.119999997317791 );
#3583 = CARTESIAN_POINT( '', ( -0.242642783172787, 0.124669591043201, 0.000000000000000 ) );
#3584 = CARTESIAN_POINT( '', ( -0.250511635631803, 0.127620410715332, 0.000000000000000 ) );
#3585 = CARTESIAN_POINT( '', ( -0.257069012680984, 0.128931886125168, 0.000000000000000 ) );
#3586 = CARTESIAN_POINT( '', ( -0.280019832353115, 0.128931886125168, 0.000000000000000 ) );
#3587 = CARTESIAN_POINT( '', ( -0.293134586451476, 0.125653197600578, 0.000000000000000 ) );
#3588 = CARTESIAN_POINT( '', ( -0.301987045467869, 0.119751558256315, 0.000000000000000 ) );
#3589 = CARTESIAN_POINT( '', ( -0.310763842441387, 0.113900360273970, 0.000000000000000 ) );
#3590 = CARTESIAN_POINT( '', ( -0.315101799566230, 0.101390902518610, 0.000000000000000 ) );
#3591 = CARTESIAN_POINT( '', ( -0.315101799566230, 0.0833581156333647, 0.000000000000000 ) );
#3592 = CARTESIAN_POINT( '', ( -0.315101799566230, 0.0793143997863701, 0.000000000000000 ) );
#3593 = CARTESIAN_POINT( '', ( -0.315101799566230, 0.0752706839393756, 0.000000000000000 ) );
#3594 = CARTESIAN_POINT( '', ( -0.315101799566230, 0.0712269680923810, 0.000000000000000 ) );
#3595 = CARTESIAN_POINT( '', ( -0.242642783172787, 0.124669591043201, 0.00200000000000000 ) );
#3596 = CARTESIAN_POINT( '', ( -0.250511635631803, 0.127620410715332, 0.00200000000000000 ) );
#3597 = CARTESIAN_POINT( '', ( -0.257069012680984, 0.128931886125168, 0.00200000000000000 ) );
#3598 = CARTESIAN_POINT( '', ( -0.280019832353115, 0.128931886125168, 0.00200000000000000 ) );
#3599 = CARTESIAN_POINT( '', ( -0.293134586451476, 0.125653197600578, 0.00200000000000000 ) );
#3600 = CARTESIAN_POINT( '', ( -0.301987045467869, 0.119751558256315, 0.00200000000000000 ) );
#3601 = CARTESIAN_POINT( '', ( -0.310763842441387, 0.113900360273970, 0.00200000000000000 ) );
#3602 = CARTESIAN_POINT( '', ( -0.315101799566230, 0.101390902518610, 0.00200000000000000 ) );
#3603 = CARTESIAN_POINT( '', ( -0.315101799566230, 0.0833581156333647, 0.00200000000000000 ) );
#3604 = CARTESIAN_POINT( '', ( -0.315101799566230, 0.0793143997863701, 0.00200000000000000 ) );
#3605 = CARTESIAN_POINT( '', ( -0.315101799566230, 0.0752706839393756, 0.00200000000000000 ) );
#3606 = CARTESIAN_POINT( '', ( -0.315101799566230, 0.0712269680923810, 0.00200000000000000 ) );
#3607 = COLOUR_RGB( '', 0.119999997317791, 0.119999997317791, 0.119999997317791 );
#3608 = CARTESIAN_POINT( '', ( 0.282930987319016, -0.240576310596144, 0.000000000000000 ) );
#3609 = CARTESIAN_POINT( '', ( 0.282930987319016, 0.124669591043201, 0.000000000000000 ) );
#3610 = CARTESIAN_POINT( '', ( 0.282930987319016, -0.240576310596144, 0.000000000000000 ) );
#3611 = CARTESIAN_POINT( '', ( 0.282930987319016, -0.240576310596144, 0.00200000000000000 ) );
#3612 = CARTESIAN_POINT( '', ( 0.282930987319016, 0.124669591043201, 0.00200000000000000 ) );
#3613 = CARTESIAN_POINT( '', ( 0.282930987319016, -0.240576310596144, 0.00200000000000000 ) );
#3614 = CARTESIAN_POINT( '', ( 0.282930987319016, -0.240576310596144, 0.00200000000000000 ) );
#3615 = VECTOR( '', #4168, 1000.00000000000 );
#3616 = COLOUR_RGB( '', 0.119999997317791, 0.119999997317791, 0.119999997317791 );
#3617 = CARTESIAN_POINT( '', ( 0.741619511909180, -0.0625435237108977, 0.00200000000000000 ) );
#3618 = CARTESIAN_POINT( '', ( 0.741619511909180, -0.0625435237108977, 0.00200000000000000 ) );
#3619 = CARTESIAN_POINT( '', ( 0.741619511909180, -0.00647794994040586, 0.00200000000000000 ) );
#3620 = CARTESIAN_POINT( '', ( 0.748176888958360, 0.0331941812071351, 0.00200000000000000 ) );
#3621 = CARTESIAN_POINT( '', ( 0.773750659450164, 0.0790958205513973, 0.00200000000000000 ) );
#3622 = CARTESIAN_POINT( '', ( 0.793422790597705, 0.0902433615350040, 0.00200000000000000 ) );
#3623 = CARTESIAN_POINT( '', ( 0.845553938138688, 0.0902433615350040, 0.00200000000000000 ) );
#3624 = CARTESIAN_POINT( '', ( 0.865226069286230, 0.0790958205513973, 0.00200000000000000 ) );
#3625 = CARTESIAN_POINT( '', ( 0.890799839778033, 0.0331941812071351, 0.00200000000000000 ) );
#3626 = CARTESIAN_POINT( '', ( 0.897029347974754, -0.00647794994040586, 0.00200000000000000 ) );
#3627 = CARTESIAN_POINT( '', ( 0.897029347974754, -0.117953359776471, 0.00200000000000000 ) );
#3628 = CARTESIAN_POINT( '', ( 0.890799839778033, -0.156969753219095, 0.00200000000000000 ) );
#3629 = CARTESIAN_POINT( '', ( 0.865226069286230, -0.202871392563357, 0.00200000000000000 ) );
#3630 = CARTESIAN_POINT( '', ( 0.845553938138688, -0.214346802399423, 0.00200000000000000 ) );
#3631 = CARTESIAN_POINT( '', ( 0.793422790597705, -0.214346802399423, 0.00200000000000000 ) );
#3632 = CARTESIAN_POINT( '', ( 0.773750659450164, -0.202871392563357, 0.00200000000000000 ) );
#3633 = CARTESIAN_POINT( '', ( 0.748176888958360, -0.156969753219095, 0.00200000000000000 ) );
#3634 = CARTESIAN_POINT( '', ( 0.741619511909180, -0.117953359776471, 0.00200000000000000 ) );
#3635 = CARTESIAN_POINT( '', ( 0.741619511909180, -0.0625435237108977, 0.00200000000000000 ) );
#3636 = CARTESIAN_POINT( '', ( 0.895717872564918, 0.0594236894038564, 0.00200000000000000 ) );
#3637 = CARTESIAN_POINT( '', ( 0.889488364368196, 0.0810630336661514, 0.00200000000000000 ) );
#3638 = CARTESIAN_POINT( '', ( 0.878668692237049, 0.0971286074366433, 0.00200000000000000 ) );
#3639 = CARTESIAN_POINT( '', ( 0.848504757810819, 0.119423689403856, 0.00200000000000000 ) );
#3640 = CARTESIAN_POINT( '', ( 0.830799839778033, 0.124669591043201, 0.00200000000000000 ) );
#3641 = CARTESIAN_POINT( '', ( 0.735390003712459, 0.124669591043201, 0.00200000000000000 ) );
#3642 = CARTESIAN_POINT( '', ( 0.697685085679672, 0.0636859844858236, 0.00200000000000000 ) );
#3643 = CARTESIAN_POINT( '', ( 0.697685085679672, -0.185166474530570, 0.00200000000000000 ) );
#3644 = CARTESIAN_POINT( '', ( 0.736701479122295, -0.248773031907619, 0.00200000000000000 ) );
#3645 = CARTESIAN_POINT( '', ( 0.834734266007541, -0.248773031907619, 0.00200000000000000 ) );
#3646 = CARTESIAN_POINT( '', ( 0.852439184040327, -0.243199261415816, 0.00200000000000000 ) );
#3647 = CARTESIAN_POINT( '', ( 0.867521151253442, -0.232051720432209, 0.00200000000000000 ) );
#3648 = CARTESIAN_POINT( '', ( 0.882971870721157, -0.220631623434334, 0.00200000000000000 ) );
#3649 = CARTESIAN_POINT( '', ( 0.893422790597705, -0.204838605678111, 0.00200000000000000 ) );
#3650 = CARTESIAN_POINT( '', ( 0.899980167646885, -0.184182867973193, 0.00200000000000000 ) );
#3651 = CARTESIAN_POINT( '', ( 0.938340823384590, -0.240576310596144, 0.00200000000000000 ) );
#3652 = CARTESIAN_POINT( '', ( 0.938340823384590, -0.240576310596144, 0.00200000000000000 ) );
#3653 = CARTESIAN_POINT( '', ( 0.938340823384590, -0.127461556497783, 0.00200000000000000 ) );
#3654 = CARTESIAN_POINT( '', ( 0.938340823384590, -0.0143468023994223, 0.00200000000000000 ) );
#3655 = CARTESIAN_POINT( '', ( 0.938340823384590, 0.0987679516989384, 0.00200000000000000 ) );
#3656 = CARTESIAN_POINT( '', ( 0.938340823384590, 0.149915492682545, 0.00200000000000000 ) );
#3657 = CARTESIAN_POINT( '', ( 0.928832626663278, 0.188276148420250, 0.00200000000000000 ) );
#3658 = CARTESIAN_POINT( '', ( 0.909488364368196, 0.213522050059594, 0.00200000000000000 ) );
#3659 = CARTESIAN_POINT( '', ( 0.890265389158705, 0.238609661773675, 0.00200000000000000 ) );
#3660 = CARTESIAN_POINT( '', ( 0.859980167646885, 0.251226968092381, 0.00200000000000000 ) );
#3661 = CARTESIAN_POINT( '', ( 0.783914593876393, 0.251226968092381, 0.00200000000000000 ) );
#3662 = CARTESIAN_POINT( '', ( 0.757029347974754, 0.243358115633365, 0.00200000000000000 ) );
#3663 = CARTESIAN_POINT( '', ( 0.738668692237049, 0.226964673010414, 0.00200000000000000 ) );
#3664 = CARTESIAN_POINT( '', ( 0.720125602730481, 0.210408343093835, 0.00200000000000000 ) );
#3665 = CARTESIAN_POINT( '', ( 0.710471970925574, 0.188931886125168, 0.00200000000000000 ) );
#3666 = CARTESIAN_POINT( '', ( 0.710144102073115, 0.162046640223528, 0.00200000000000000 ) );
#3667 = CARTESIAN_POINT( '', ( 0.901291643056721, -0.240576310596144, 0.00200000000000000 ) );
#3668 = CARTESIAN_POINT( '', ( 0.901291643056721, -0.240576310596144, 0.00200000000000000 ) );
#3669 = CARTESIAN_POINT( '', ( 0.913641369832677, -0.240576310596144, 0.00200000000000000 ) );
#3670 = CARTESIAN_POINT( '', ( 0.925991096608634, -0.240576310596144, 0.00200000000000000 ) );
#3671 = CARTESIAN_POINT( '', ( 0.938340823384590, -0.240576310596144, 0.00200000000000000 ) );
#3672 = CARTESIAN_POINT( '', ( 0.901291643056721, -0.184182867973193, 0.00200000000000000 ) );
#3673 = CARTESIAN_POINT( '', ( 0.901291643056721, -0.202980682180843, 0.00200000000000000 ) );
#3674 = CARTESIAN_POINT( '', ( 0.901291643056721, -0.221778496388493, 0.00200000000000000 ) );
#3675 = CARTESIAN_POINT( '', ( 0.901291643056721, -0.240576310596144, 0.00200000000000000 ) );
#3676 = COLOUR_RGB( '', 0.119999997317791, 0.119999997317791, 0.119999997317791 );
#3677 = CARTESIAN_POINT( '', ( -0.00395425858262343, -0.366477949940406, 0.000000000000000 ) );
#3678 = CARTESIAN_POINT( '', ( 0.0373572168272126, -0.366477949940406, 0.000000000000000 ) );
#3679 = CARTESIAN_POINT( '', ( -0.00395425858262343, -0.366477949940406, 0.000000000000000 ) );
#3680 = CARTESIAN_POINT( '', ( 0.0373572168272126, -0.366477949940406, 0.000000000000000 ) );
#3681 = CARTESIAN_POINT( '', ( -0.00395425858262343, -0.366477949940406, 0.00200000000000000 ) );
#3682 = CARTESIAN_POINT( '', ( -0.00395425858262343, -0.366477949940406, 0.00200000000000000 ) );
#3683 = VECTOR( '', #4169, 1000.00000000000 );
#3684 = CARTESIAN_POINT( '', ( 0.0373572168272126, -0.366477949940406, 0.00200000000000000 ) );
#3685 = CARTESIAN_POINT( '', ( -0.00395425858262343, -0.366477949940406, 0.00200000000000000 ) );
#3686 = CARTESIAN_POINT( '', ( 0.0373572168272126, -0.366477949940406, 0.00200000000000000 ) );
#3687 = CARTESIAN_POINT( '', ( 0.0373572168272126, -0.366477949940406, 0.00200000000000000 ) );
#3688 = VECTOR( '', #4170, 1000.00000000000 );
#3689 = COLOUR_RGB( '', 0.119999997317791, 0.119999997317791, 0.119999997317791 );
#3690 = CARTESIAN_POINT( '', ( 0.901291643056721, -0.240576310596144, 0.000000000000000 ) );
#3691 = CARTESIAN_POINT( '', ( 0.938340823384590, -0.240576310596144, 0.000000000000000 ) );
#3692 = CARTESIAN_POINT( '', ( 0.901291643056721, -0.240576310596144, 0.000000000000000 ) );
#3693 = CARTESIAN_POINT( '', ( 0.913641369832677, -0.240576310596144, 0.000000000000000 ) );
#3694 = CARTESIAN_POINT( '', ( 0.925991096608634, -0.240576310596144, 0.000000000000000 ) );
#3695 = CARTESIAN_POINT( '', ( 0.938340823384590, -0.240576310596144, 0.000000000000000 ) );
#3696 = CARTESIAN_POINT( '', ( 0.901291643056721, -0.240576310596144, 0.00200000000000000 ) );
#3697 = VECTOR( '', #4171, 1000.00000000000 );
#3698 = CARTESIAN_POINT( '', ( 0.938340823384590, -0.240576310596144, 0.00200000000000000 ) );
#3699 = VECTOR( '', #4172, 1000.00000000000 );
#3700 = COLOUR_RGB( '', 0.119999997317791, 0.119999997317791, 0.119999997317791 );
#3701 = CARTESIAN_POINT( '', ( -0.0413313077629511, -0.246805818792865, 0.000000000000000 ) );
#3702 = CARTESIAN_POINT( '', ( -0.147888684812131, -0.183527130268275, 0.000000000000000 ) );
#3703 = CARTESIAN_POINT( '', ( -0.140019832353115, -0.204182867973193, 0.000000000000000 ) );
#3704 = CARTESIAN_POINT( '', ( -0.128216553664590, -0.220248441743684, 0.000000000000000 ) );
#3705 = CARTESIAN_POINT( '', ( -0.0960854061236068, -0.243199261415816, 0.000000000000000 ) );
#3706 = CARTESIAN_POINT( '', ( -0.0770690126809840, -0.248773031907619, 0.000000000000000 ) );
#3707 = CARTESIAN_POINT( '', ( -0.0511673733367215, -0.248773031907619, 0.000000000000000 ) );
#3708 = CARTESIAN_POINT( '', ( -0.0462493405498363, -0.248117294202701, 0.000000000000000 ) );
#3709 = CARTESIAN_POINT( '', ( -0.0413313077629511, -0.246805818792865, 0.000000000000000 ) );
#3710 = CARTESIAN_POINT( '', ( -0.0413313077629511, -0.246805818792865, 0.00200000000000000 ) );
#3711 = CARTESIAN_POINT( '', ( -0.147888684812131, -0.183527130268275, 0.00200000000000000 ) );
#3712 = CARTESIAN_POINT( '', ( -0.140019832353115, -0.204182867973193, 0.00200000000000000 ) );
#3713 = CARTESIAN_POINT( '', ( -0.128216553664590, -0.220248441743684, 0.00200000000000000 ) );
#3714 = CARTESIAN_POINT( '', ( -0.0960854061236068, -0.243199261415816, 0.00200000000000000 ) );
#3715 = CARTESIAN_POINT( '', ( -0.0770690126809840, -0.248773031907619, 0.00200000000000000 ) );
#3716 = CARTESIAN_POINT( '', ( -0.0511673733367215, -0.248773031907619, 0.00200000000000000 ) );
#3717 = CARTESIAN_POINT( '', ( -0.0462493405498363, -0.248117294202701, 0.00200000000000000 ) );
#3718 = CARTESIAN_POINT( '', ( -0.0413313077629511, -0.246805818792865, 0.00200000000000000 ) );
#3719 = CARTESIAN_POINT( '', ( -0.0413313077629511, -0.246805818792865, 0.00200000000000000 ) );
#3720 = VECTOR( '', #4173, 1000.00000000000 );
#3721 = COLOUR_RGB( '', 0.860000014305115, 0.860000014305115, 0.860000014305115 );
#3722 = CARTESIAN_POINT( '', ( 1.50000000000000, -0.600000000000000, 0.000000000000000 ) );
#3723 = VECTOR( '', #4174, 1000.00000000000 );
#3724 = CARTESIAN_POINT( '', ( -1.50000000000000, 0.600000000000000, 0.000000000000000 ) );
#3725 = VECTOR( '', #4175, 1000.00000000000 );
#3726 = COLOUR_RGB( '', 0.119999997317791, 0.119999997317791, 0.119999997317791 );
#3727 = CARTESIAN_POINT( '', ( -0.610839504484263, -0.325166474530570, 0.000000000000000 ) );
#3728 = CARTESIAN_POINT( '', ( -0.612150979894099, -0.325166474530570, 0.000000000000000 ) );
#3729 = COLOUR_RGB( '', 0.119999997317791, 0.119999997317791, 0.119999997317791 );
#3730 = CARTESIAN_POINT( '', ( 0.444570331581311, -0.240576310596144, 0.000000000000000 ) );
#3731 = CARTESIAN_POINT( '', ( 0.444570331581311, -0.189756638464996, 0.000000000000000 ) );
#3732 = CARTESIAN_POINT( '', ( 0.444570331581311, -0.240576310596144, 0.000000000000000 ) );
#3733 = CARTESIAN_POINT( '', ( 0.444570331581311, -0.223636419885761, 0.000000000000000 ) );
#3734 = CARTESIAN_POINT( '', ( 0.444570331581311, -0.206696529175379, 0.000000000000000 ) );
#3735 = CARTESIAN_POINT( '', ( 0.444570331581311, -0.189756638464996, 0.000000000000000 ) );
#3736 = CARTESIAN_POINT( '', ( 0.444570331581311, -0.240576310596144, 0.00200000000000000 ) );
#3737 = VECTOR( '', #4176, 1000.00000000000 );
#3738 = CARTESIAN_POINT( '', ( 0.444570331581311, -0.189756638464996, 0.00200000000000000 ) );
#3739 = VECTOR( '', #4177, 1000.00000000000 );
#3740 = COLOUR_RGB( '', 0.119999997317791, 0.119999997317791, 0.119999997317791 );
#3741 = CARTESIAN_POINT( '', ( -0.953462455303935, 0.124669591043201, 0.000000000000000 ) );
#3742 = CARTESIAN_POINT( '', ( -0.953462455303935, 0.124669591043201, 0.000000000000000 ) );
#3743 = CARTESIAN_POINT( '', ( -0.953462455303935, -0.366477949940406, 0.000000000000000 ) );
#3744 = CARTESIAN_POINT( '', ( -0.953462455303935, 0.124669591043201, 0.00200000000000000 ) );
#3745 = VECTOR( '', #4178, 1000.00000000000 );
#3746 = COLOUR_RGB( '', 0.119999997317791, 0.119999997317791, 0.119999997317791 );
#3747 = CARTESIAN_POINT( '', ( 0.324242462728852, -0.240576310596144, 0.000000000000000 ) );
#3748 = CARTESIAN_POINT( '', ( 0.324242462728852, -0.240576310596144, 0.000000000000000 ) );
#3749 = CARTESIAN_POINT( '', ( 0.324242462728852, 0.124669591043201, 0.000000000000000 ) );
#3750 = CARTESIAN_POINT( '', ( 0.324242462728852, -0.240576310596144, 0.00200000000000000 ) );
#3751 = CARTESIAN_POINT( '', ( 0.324242462728852, -0.240576310596144, 0.00200000000000000 ) );
#3752 = VECTOR( '', #4179, 1000.00000000000 );
#3753 = CARTESIAN_POINT( '', ( 0.324242462728852, -0.240576310596144, 0.00200000000000000 ) );
#3754 = CARTESIAN_POINT( '', ( 0.324242462728852, 0.124669591043201, 0.00200000000000000 ) );
#3755 = COLOUR_RGB( '', 0.119999997317791, 0.119999997317791, 0.119999997317791 );
#3756 = CARTESIAN_POINT( '', ( -0.0413313077629511, -0.205494343383029, 0.000000000000000 ) );
#3757 = CARTESIAN_POINT( '', ( -0.149200160221967, 0.124669591043201, 0.000000000000000 ) );
#3758 = CARTESIAN_POINT( '', ( -0.0413313077629511, -0.205494343383029, 0.000000000000000 ) );
#3759 = CARTESIAN_POINT( '', ( -0.0478886848121315, -0.206805818792865, 0.000000000000000 ) );
#3760 = CARTESIAN_POINT( '', ( -0.0547739307137707, -0.207461556497783, 0.000000000000000 ) );
#3761 = CARTESIAN_POINT( '', ( -0.0610034389104920, -0.207789425350242, 0.000000000000000 ) );
#3762 = CARTESIAN_POINT( '', ( -0.0858354287664833, -0.209096372184768, 0.000000000000000 ) );
#3763 = CARTESIAN_POINT( '', ( -0.106905078254754, -0.198609097481390, 0.000000000000000 ) );
#3764 = CARTESIAN_POINT( '', ( -0.123954258582623, -0.180904179448603, 0.000000000000000 ) );
#3765 = CARTESIAN_POINT( '', ( -0.141009506234452, -0.163192960733242, 0.000000000000000 ) );
#3766 = CARTESIAN_POINT( '', ( -0.149200160221967, -0.136969753219094, 0.000000000000000 ) );
#3767 = CARTESIAN_POINT( '', ( -0.149200160221967, -0.103854999120734, 0.000000000000000 ) );
#3768 = CARTESIAN_POINT( '', ( -0.149200160221967, -0.0276801357327556, 0.000000000000000 ) );
#3769 = CARTESIAN_POINT( '', ( -0.149200160221967, 0.0484947276552225, 0.000000000000000 ) );
#3770 = CARTESIAN_POINT( '', ( -0.149200160221967, 0.124669591043201, 0.000000000000000 ) );
#3771 = CARTESIAN_POINT( '', ( -0.0413313077629511, -0.205494343383029, 0.00200000000000000 ) );
#3772 = CARTESIAN_POINT( '', ( -0.0413313077629511, -0.205494343383029, 0.00200000000000000 ) );
#3773 = VECTOR( '', #4180, 1000.00000000000 );
#3774 = CARTESIAN_POINT( '', ( -0.149200160221967, 0.124669591043201, 0.00200000000000000 ) );
#3775 = CARTESIAN_POINT( '', ( -0.0413313077629511, -0.205494343383029, 0.00200000000000000 ) );
#3776 = CARTESIAN_POINT( '', ( -0.0478886848121315, -0.206805818792865, 0.00200000000000000 ) );
#3777 = CARTESIAN_POINT( '', ( -0.0547739307137707, -0.207461556497783, 0.00200000000000000 ) );
#3778 = CARTESIAN_POINT( '', ( -0.0610034389104920, -0.207789425350242, 0.00200000000000000 ) );
#3779 = CARTESIAN_POINT( '', ( -0.0858354287664833, -0.209096372184768, 0.00200000000000000 ) );
#3780 = CARTESIAN_POINT( '', ( -0.106905078254754, -0.198609097481390, 0.00200000000000000 ) );
#3781 = CARTESIAN_POINT( '', ( -0.123954258582623, -0.180904179448603, 0.00200000000000000 ) );
#3782 = CARTESIAN_POINT( '', ( -0.141009506234452, -0.163192960733242, 0.00200000000000000 ) );
#3783 = CARTESIAN_POINT( '', ( -0.149200160221967, -0.136969753219094, 0.00200000000000000 ) );
#3784 = CARTESIAN_POINT( '', ( -0.149200160221967, -0.103854999120734, 0.00200000000000000 ) );
#3785 = CARTESIAN_POINT( '', ( -0.149200160221967, -0.0276801357327556, 0.00200000000000000 ) );
#3786 = CARTESIAN_POINT( '', ( -0.149200160221967, 0.0484947276552225, 0.00200000000000000 ) );
#3787 = CARTESIAN_POINT( '', ( -0.149200160221967, 0.124669591043201, 0.00200000000000000 ) );
#3788 = CARTESIAN_POINT( '', ( -0.149200160221967, 0.124669591043201, 0.00200000000000000 ) );
#3789 = VECTOR( '', #4181, 1000.00000000000 );
#3790 = COLOUR_RGB( '', 0.119999997317791, 0.119999997317791, 0.119999997317791 );
#3791 = CARTESIAN_POINT( '', ( 0.282930987319016, -0.366477949940406, 0.000000000000000 ) );
#3792 = CARTESIAN_POINT( '', ( 0.282930987319016, -0.366477949940406, 0.000000000000000 ) );
#3793 = CARTESIAN_POINT( '', ( 0.324242462728852, -0.366477949940406, 0.000000000000000 ) );
#3794 = CARTESIAN_POINT( '', ( 0.282930987319016, -0.366477949940406, 0.00200000000000000 ) );
#3795 = CARTESIAN_POINT( '', ( 0.282930987319016, -0.366477949940406, 0.00200000000000000 ) );
#3796 = VECTOR( '', #4182, 1000.00000000000 );
#3797 = CARTESIAN_POINT( '', ( 0.282930987319016, -0.366477949940406, 0.00200000000000000 ) );
#3798 = CARTESIAN_POINT( '', ( 0.324242462728852, -0.366477949940406, 0.00200000000000000 ) );
#3799 = COLOUR_RGB( '', 0.119999997317791, 0.119999997317791, 0.119999997317791 );
#3800 = CARTESIAN_POINT( '', ( -0.317069012680984, -0.00451073682565176, 0.000000000000000 ) );
#3801 = CARTESIAN_POINT( '', ( -0.317069012680984, -0.0301937969349414, 0.000000000000000 ) );
#3802 = CARTESIAN_POINT( '', ( -0.317069012680984, -0.0558768570442310, 0.000000000000000 ) );
#3803 = CARTESIAN_POINT( '', ( -0.317069012680984, -0.0815599171535207, 0.000000000000000 ) );
#3804 = CARTESIAN_POINT( '', ( -0.317069012680984, -0.00451073682565176, 0.00200000000000000 ) );
#3805 = CARTESIAN_POINT( '', ( -0.317069012680984, -0.0301937969349414, 0.00200000000000000 ) );
#3806 = CARTESIAN_POINT( '', ( -0.317069012680984, -0.0558768570442310, 0.00200000000000000 ) );
#3807 = CARTESIAN_POINT( '', ( -0.317069012680984, -0.0815599171535207, 0.00200000000000000 ) );
#3808 = COLOUR_RGB( '', 0.119999997317791, 0.119999997317791, 0.119999997317791 );
#3809 = CARTESIAN_POINT( '', ( 0.444570331581311, -0.189756638464996, 0.000000000000000 ) );
#3810 = CARTESIAN_POINT( '', ( 0.445007490051257, -0.189756638464996, 0.000000000000000 ) );
#3811 = CARTESIAN_POINT( '', ( 0.445444648521202, -0.189756638464996, 0.000000000000000 ) );
#3812 = CARTESIAN_POINT( '', ( 0.445881806991147, -0.189756638464996, 0.000000000000000 ) );
#3813 = COLOUR_RGB( '', 0.119999997317791, 0.119999997317791, 0.119999997317791 );
#3814 = CARTESIAN_POINT( '', ( -0.190511635631803, 0.124669591043201, 0.000000000000000 ) );
#3815 = CARTESIAN_POINT( '', ( -0.190511635631803, -0.240576310596144, 0.000000000000000 ) );
#3816 = CARTESIAN_POINT( '', ( -0.190511635631803, 0.124669591043201, 0.000000000000000 ) );
#3817 = CARTESIAN_POINT( '', ( -0.190511635631803, 0.00292095716341922, 0.000000000000000 ) );
#3818 = CARTESIAN_POINT( '', ( -0.190511635631803, -0.118827676716362, 0.000000000000000 ) );
#3819 = CARTESIAN_POINT( '', ( -0.190511635631803, -0.240576310596144, 0.000000000000000 ) );
#3820 = CARTESIAN_POINT( '', ( -0.190511635631803, 0.124669591043201, 0.00200000000000000 ) );
#3821 = CARTESIAN_POINT( '', ( -0.190511635631803, 0.124669591043201, 0.00200000000000000 ) );
#3822 = VECTOR( '', #4183, 1000.00000000000 );
#3823 = CARTESIAN_POINT( '', ( -0.190511635631803, -0.240576310596144, 0.00200000000000000 ) );
#3824 = CARTESIAN_POINT( '', ( -0.190511635631803, 0.124669591043201, 0.00200000000000000 ) );
#3825 = CARTESIAN_POINT( '', ( -0.190511635631803, 0.00292095716341922, 0.00200000000000000 ) );
#3826 = CARTESIAN_POINT( '', ( -0.190511635631803, -0.118827676716362, 0.00200000000000000 ) );
#3827 = CARTESIAN_POINT( '', ( -0.190511635631803, -0.240576310596144, 0.00200000000000000 ) );
#3828 = CARTESIAN_POINT( '', ( -0.190511635631803, -0.240576310596144, 0.00200000000000000 ) );
#3829 = VECTOR( '', #4184, 1000.00000000000 );
#3830 = COLOUR_RGB( '', 0.119999997317791, 0.119999997317791, 0.119999997317791 );
#3831 = CARTESIAN_POINT( '', ( -0.780675570058033, 0.124669591043201, 0.000000000000000 ) );
#3832 = CARTESIAN_POINT( '', ( -0.739364094648197, 0.124669591043201, 0.000000000000000 ) );
#3833 = CARTESIAN_POINT( '', ( -0.780675570058033, 0.124669591043201, 0.000000000000000 ) );
#3834 = CARTESIAN_POINT( '', ( -0.780675570058033, 0.124669591043201, 0.00200000000000000 ) );
#3835 = VECTOR( '', #4185, 1000.00000000000 );
#3836 = COLOUR_RGB( '', 0.119999997317791, 0.119999997317791, 0.119999997317791 );
#3837 = CARTESIAN_POINT( '', ( 0.448832626663279, 0.124669591043201, 0.000000000000000 ) );
#3838 = CARTESIAN_POINT( '', ( 0.591783446335410, 0.124669591043201, 0.000000000000000 ) );
#3839 = CARTESIAN_POINT( '', ( 0.591783446335410, 0.0365821593492116, 0.000000000000000 ) );
#3840 = CARTESIAN_POINT( '', ( 0.591783446335410, -0.0515052723447775, 0.000000000000000 ) );
#3841 = CARTESIAN_POINT( '', ( 0.591783446335410, -0.139592704038766, 0.000000000000000 ) );
#3842 = CARTESIAN_POINT( '', ( 0.591783446335410, -0.189428769612537, 0.000000000000000 ) );
#3843 = CARTESIAN_POINT( '', ( 0.571127708630492, -0.214346802399423, 0.000000000000000 ) );
#3844 = CARTESIAN_POINT( '', ( 0.504898200433770, -0.214346802399423, 0.000000000000000 ) );
#3845 = CARTESIAN_POINT( '', ( 0.485553938138688, -0.205822212235488, 0.000000000000000 ) );
#3846 = CARTESIAN_POINT( '', ( 0.470799839778033, -0.189100900760078, 0.000000000000000 ) );
#3847 = CARTESIAN_POINT( '', ( 0.455883082745437, -0.172195242789803, 0.000000000000000 ) );
#3848 = CARTESIAN_POINT( '', ( 0.448832626663279, -0.149428769612537, 0.000000000000000 ) );
#3849 = CARTESIAN_POINT( '', ( 0.448832626663279, -0.120904179448603, 0.000000000000000 ) );
#3850 = CARTESIAN_POINT( '', ( 0.448832626663279, -0.0390462559513349, 0.000000000000000 ) );
#3851 = CARTESIAN_POINT( '', ( 0.448832626663279, 0.0428116675459329, 0.000000000000000 ) );
#3852 = CARTESIAN_POINT( '', ( 0.448832626663279, 0.124669591043201, 0.000000000000000 ) );
#3853 = CARTESIAN_POINT( '', ( 0.448832626663279, 0.124669591043201, 0.00200000000000000 ) );
#3854 = VECTOR( '', #4186, 1000.00000000000 );
#3855 = COLOUR_RGB( '', 0.119999997317791, 0.119999997317791, 0.119999997317791 );
#3856 = CARTESIAN_POINT( '', ( -0.757396881533443, 0.0695876238300859, 0.000000000000000 ) );
#3857 = CARTESIAN_POINT( '', ( -0.639036225795738, -0.366477949940406, 0.000000000000000 ) );
#3858 = COLOUR_RGB( '', 0.119999997317791, 0.119999997317791, 0.119999997317791 );
#3859 = CARTESIAN_POINT( '', ( -0.149200160221967, -0.240576310596144, 0.000000000000000 ) );
#3860 = CARTESIAN_POINT( '', ( -0.190511635631803, -0.240576310596144, 0.000000000000000 ) );
#3861 = CARTESIAN_POINT( '', ( -0.176741143828525, -0.240576310596144, 0.000000000000000 ) );
#3862 = CARTESIAN_POINT( '', ( -0.162970652025246, -0.240576310596144, 0.000000000000000 ) );
#3863 = CARTESIAN_POINT( '', ( -0.149200160221967, -0.240576310596144, 0.000000000000000 ) );
#3864 = CARTESIAN_POINT( '', ( -0.149200160221967, -0.240576310596144, 0.00200000000000000 ) );
#3865 = CARTESIAN_POINT( '', ( -0.190511635631803, -0.240576310596144, 0.00200000000000000 ) );
#3866 = CARTESIAN_POINT( '', ( -0.176741143828525, -0.240576310596144, 0.00200000000000000 ) );
#3867 = CARTESIAN_POINT( '', ( -0.162970652025246, -0.240576310596144, 0.00200000000000000 ) );
#3868 = CARTESIAN_POINT( '', ( -0.149200160221967, -0.240576310596144, 0.00200000000000000 ) );
#3869 = CARTESIAN_POINT( '', ( -0.149200160221967, -0.240576310596144, 0.00200000000000000 ) );
#3870 = VECTOR( '', #4187, 1000.00000000000 );
#3871 = COLOUR_RGB( '', 0.119999997317791, 0.119999997317791, 0.119999997317791 );
#3872 = CARTESIAN_POINT( '', ( 0.121291643056721, -0.105166474530570, 0.000000000000000 ) );
#3873 = CARTESIAN_POINT( '', ( 0.231455577482951, -0.240576310596144, 0.000000000000000 ) );
#3874 = CARTESIAN_POINT( '', ( 0.121291643056721, -0.105166474530570, 0.000000000000000 ) );
#3875 = CARTESIAN_POINT( '', ( 0.121291643056721, -0.105166474530570, 0.00200000000000000 ) );
#3876 = CARTESIAN_POINT( '', ( 0.231455577482951, -0.240576310596144, 0.00200000000000000 ) );
#3877 = CARTESIAN_POINT( '', ( 0.121291643056721, -0.105166474530570, 0.00200000000000000 ) );
#3878 = CARTESIAN_POINT( '', ( 0.121291643056721, -0.105166474530570, 0.00200000000000000 ) );
#3879 = VECTOR( '', #4188, 1000.00000000000 );
#3880 = COLOUR_RGB( '', 0.119999997317791, 0.119999997317791, 0.119999997317791 );
#3881 = CARTESIAN_POINT( '', ( 0.300000000000000, 1.50000000000000, 2.00000000000000 ) );
#3882 = CARTESIAN_POINT( '', ( 0.300000000000000, 1.50000000000000, 2.00000000000000 ) );
#3883 = VECTOR( '', #4189, 1000.00000000000 );
#3884 = CARTESIAN_POINT( '', ( 1.50000000000000, 1.50000000000000, 2.00000000000000 ) );
#3885 = VECTOR( '', #4190, 1000.00000000000 );
#3886 = COLOUR_RGB( '', 0.119999997317791, 0.119999997317791, 0.119999997317791 );
#3887 = COLOUR_RGB( '', 0.119999997317791, 0.119999997317791, 0.119999997317791 );
#3888 = CARTESIAN_POINT( '', ( -0.780675570058033, 0.124669591043201, 0.000000000000000 ) );
#3889 = CARTESIAN_POINT( '', ( -0.907888684812132, -0.325166474530570, 0.000000000000000 ) );
#3890 = COLOUR_RGB( '', 0.119999997317791, 0.119999997317791, 0.119999997317791 );
#3891 = CARTESIAN_POINT( '', ( 0.741619511909180, -0.0625435237108977, 0.000000000000000 ) );
#3892 = CARTESIAN_POINT( '', ( 0.741619511909180, -0.0625435237108977, 0.000000000000000 ) );
#3893 = CARTESIAN_POINT( '', ( 0.741619511909180, -0.00647794994040586, 0.000000000000000 ) );
#3894 = CARTESIAN_POINT( '', ( 0.748176888958360, 0.0331941812071351, 0.000000000000000 ) );
#3895 = CARTESIAN_POINT( '', ( 0.773750659450164, 0.0790958205513973, 0.000000000000000 ) );
#3896 = CARTESIAN_POINT( '', ( 0.793422790597705, 0.0902433615350040, 0.000000000000000 ) );
#3897 = CARTESIAN_POINT( '', ( 0.845553938138688, 0.0902433615350040, 0.000000000000000 ) );
#3898 = CARTESIAN_POINT( '', ( 0.865226069286230, 0.0790958205513973, 0.000000000000000 ) );
#3899 = CARTESIAN_POINT( '', ( 0.890799839778033, 0.0331941812071351, 0.000000000000000 ) );
#3900 = CARTESIAN_POINT( '', ( 0.897029347974754, -0.00647794994040586, 0.000000000000000 ) );
#3901 = CARTESIAN_POINT( '', ( 0.897029347974754, -0.117953359776471, 0.000000000000000 ) );
#3902 = CARTESIAN_POINT( '', ( 0.890799839778033, -0.156969753219095, 0.000000000000000 ) );
#3903 = CARTESIAN_POINT( '', ( 0.865226069286230, -0.202871392563357, 0.000000000000000 ) );
#3904 = CARTESIAN_POINT( '', ( 0.845553938138688, -0.214346802399423, 0.000000000000000 ) );
#3905 = CARTESIAN_POINT( '', ( 0.793422790597705, -0.214346802399423, 0.000000000000000 ) );
#3906 = CARTESIAN_POINT( '', ( 0.773750659450164, -0.202871392563357, 0.000000000000000 ) );
#3907 = CARTESIAN_POINT( '', ( 0.748176888958360, -0.156969753219095, 0.000000000000000 ) );
#3908 = CARTESIAN_POINT( '', ( 0.741619511909180, -0.117953359776471, 0.000000000000000 ) );
#3909 = CARTESIAN_POINT( '', ( 0.741619511909180, -0.0625435237108977, 0.000000000000000 ) );
#3910 = COLOUR_RGB( '', 0.119999997317791, 0.119999997317791, 0.119999997317791 );
#3911 = CARTESIAN_POINT( '', ( -1.50000000000000, 1.50000000000000, 1.99980000000000 ) );
#3912 = CARTESIAN_POINT( '', ( -1.50000000000000, -1.50000000000000, 1.99980000000000 ) );
#3913 = VECTOR( '', #4191, 1000.00000000000 );
#3914 = CARTESIAN_POINT( '', ( -1.50000000000000, 1.50000000000000, 0.000000000000000 ) );
#3915 = CARTESIAN_POINT( '', ( -1.50000000000000, 1.50000000000000, 2.00000000000000 ) );
#3916 = VECTOR( '', #4192, 1000.00000000000 );
#3917 = CARTESIAN_POINT( '', ( -1.50000000000000, 1.50000000000000, 0.000000000000000 ) );
#3918 = VECTOR( '', #4193, 1000.00000000000 );
#3919 = COLOUR_RGB( '', 0.119999997317791, 0.119999997317791, 0.119999997317791 );
#3920 = CARTESIAN_POINT( '', ( 0.448832626663279, 0.124669591043201, 0.000000000000000 ) );
#3921 = CARTESIAN_POINT( '', ( 0.435062134860000, 0.124669591043201, 0.000000000000000 ) );
#3922 = CARTESIAN_POINT( '', ( 0.421291643056721, 0.124669591043201, 0.000000000000000 ) );
#3923 = CARTESIAN_POINT( '', ( 0.407521151253442, 0.124669591043201, 0.000000000000000 ) );
#3924 = COLOUR_RGB( '', 0.119999997317791, 0.119999997317791, 0.119999997317791 );
#3925 = CARTESIAN_POINT( '', ( 0.407521151253442, -0.240576310596144, 0.000000000000000 ) );
#3926 = CARTESIAN_POINT( '', ( 0.419870878029398, -0.240576310596144, 0.000000000000000 ) );
#3927 = CARTESIAN_POINT( '', ( 0.432220604805355, -0.240576310596144, 0.000000000000000 ) );
#3928 = CARTESIAN_POINT( '', ( 0.444570331581311, -0.240576310596144, 0.000000000000000 ) );
#3929 = CARTESIAN_POINT( '', ( 0.282930987319016, -0.296314015514176, 0.000000000000000 ) );
#3930 = CARTESIAN_POINT( '', ( 0.282930987319016, -0.366477949940406, 0.000000000000000 ) );
#3931 = CARTESIAN_POINT( '', ( -0.149200160221967, 0.124669591043201, 0.000000000000000 ) );
#3932 = CARTESIAN_POINT( '', ( -0.162970652025246, 0.124669591043201, 0.000000000000000 ) );
#3933 = CARTESIAN_POINT( '', ( -0.176741143828524, 0.124669591043201, 0.000000000000000 ) );
#3934 = CARTESIAN_POINT( '', ( -0.190511635631803, 0.124669591043201, 0.000000000000000 ) );
#3935 = CARTESIAN_POINT( '', ( -0.149200160221967, -0.240576310596144, 0.000000000000000 ) );
#3936 = CARTESIAN_POINT( '', ( -0.149200160221967, -0.221559917153521, 0.000000000000000 ) );
#3937 = CARTESIAN_POINT( '', ( -0.149200160221967, -0.202543523710898, 0.000000000000000 ) );
#3938 = CARTESIAN_POINT( '', ( -0.149200160221967, -0.183527130268275, 0.000000000000000 ) );
#3939 = CARTESIAN_POINT( '', ( -0.0413313077629511, -0.246805818792865, 0.000000000000000 ) );
#3940 = CARTESIAN_POINT( '', ( -0.0413313077629511, -0.233035326989586, 0.000000000000000 ) );
#3941 = CARTESIAN_POINT( '', ( -0.0413313077629511, -0.219264835186308, 0.000000000000000 ) );
#3942 = CARTESIAN_POINT( '', ( -0.0413313077629511, -0.205494343383029, 0.000000000000000 ) );
#3943 = CARTESIAN_POINT( '', ( -0.909528029074427, 0.124669591043201, 0.000000000000000 ) );
#3944 = CARTESIAN_POINT( '', ( -0.953462455303935, 0.124669591043201, 0.000000000000000 ) );
#3945 = CARTESIAN_POINT( '', ( -0.877069012680984, -0.366477949940406, 0.000000000000000 ) );
#3946 = CARTESIAN_POINT( '', ( -0.758708356943279, 0.0695876238300859, 0.000000000000000 ) );
#3947 = CARTESIAN_POINT( '', ( -0.566577209402295, -0.366477949940406, 0.000000000000000 ) );
#3948 = CARTESIAN_POINT( '', ( -0.566577209402295, 0.124669591043201, 0.000000000000000 ) );
#3949 = CARTESIAN_POINT( '', ( 1.50000000000000, 1.50000000000000, 0.000000000000000 ) );
#3950 = VECTOR( '', #4194, 1000.00000000000 );
#3951 = CARTESIAN_POINT( '', ( -0.450511635631804, -0.132051720432209, 0.000000000000000 ) );
#3952 = CARTESIAN_POINT( '', ( -0.464282127435082, -0.132051720432209, 0.000000000000000 ) );
#3953 = CARTESIAN_POINT( '', ( -0.478052619238361, -0.132051720432209, 0.000000000000000 ) );
#3954 = CARTESIAN_POINT( '', ( -0.491823111041640, -0.132051720432209, 0.000000000000000 ) );
#3955 = CARTESIAN_POINT( '', ( -0.00395425858262343, 0.124669591043201, 0.000000000000000 ) );
#3956 = CARTESIAN_POINT( '', ( -0.00395425858262343, -0.366477949940406, 0.000000000000000 ) );
#3957 = CARTESIAN_POINT( '', ( 0.0373572168272126, -0.0589369663338485, 0.000000000000000 ) );
#3958 = CARTESIAN_POINT( '', ( 0.0373572168272126, -0.366477949940406, 0.000000000000000 ) );
#3959 = CARTESIAN_POINT( '', ( 0.0373572168272126, -0.0589369663338485, 0.000000000000000 ) );
#3960 = CARTESIAN_POINT( '', ( 0.0389965610895079, -0.0589369663338485, 0.000000000000000 ) );
#3961 = CARTESIAN_POINT( '', ( 0.0373572168272126, -0.0589369663338485, 0.000000000000000 ) );
#3962 = CARTESIAN_POINT( '', ( 0.0389965610895079, -0.0589369663338485, 0.000000000000000 ) );
#3963 = CARTESIAN_POINT( '', ( 0.0389965610895079, -0.0589369663338485, 0.000000000000000 ) );
#3964 = CARTESIAN_POINT( '', ( 0.180635905351803, -0.240576310596144, 0.000000000000000 ) );
#3965 = CARTESIAN_POINT( '', ( 0.251455577482951, 0.124669591043201, 0.000000000000000 ) );
#3966 = CARTESIAN_POINT( '', ( 0.121291643056721, -0.105166474530570, 0.000000000000000 ) );
#3967 = CARTESIAN_POINT( '', ( 0.251455577482951, 0.124669591043201, 0.000000000000000 ) );
#3968 = CARTESIAN_POINT( '', ( 0.200635905351803, 0.124669591043201, 0.000000000000000 ) );
#3969 = CARTESIAN_POINT( '', ( 0.251455577482951, 0.124669591043201, 0.000000000000000 ) );
#3970 = CARTESIAN_POINT( '', ( 0.200635905351803, 0.124669591043201, 0.000000000000000 ) );
#3971 = CARTESIAN_POINT( '', ( 0.200635905351803, 0.124669591043201, 0.000000000000000 ) );
#3972 = CARTESIAN_POINT( '', ( 0.0917834463354096, -0.0677894253502420, 0.000000000000000 ) );
#3973 = CARTESIAN_POINT( '', ( 0.0373572168272126, -0.00319926141581576, 0.000000000000000 ) );
#3974 = CARTESIAN_POINT( '', ( 0.0373572168272126, 0.124669591043201, 0.000000000000000 ) );
#3975 = CARTESIAN_POINT( '', ( 0.282930987319016, -0.240576310596144, 0.000000000000000 ) );
#3976 = CARTESIAN_POINT( '', ( 0.324242462728852, -0.240576310596144, 0.000000000000000 ) );
#3977 = CARTESIAN_POINT( '', ( 0.901291643056721, -0.184182867973193, 0.000000000000000 ) );
#3978 = CARTESIAN_POINT( '', ( 0.901291643056721, -0.202980682180843, 0.000000000000000 ) );
#3979 = CARTESIAN_POINT( '', ( 0.901291643056721, -0.221778496388493, 0.000000000000000 ) );
#3980 = CARTESIAN_POINT( '', ( 0.901291643056721, -0.240576310596144, 0.000000000000000 ) );
#3981 = CARTESIAN_POINT( '', ( 0.938340823384590, -0.240576310596144, 0.000000000000000 ) );
#3982 = CARTESIAN_POINT( '', ( 0.938340823384590, -0.127461556497783, 0.000000000000000 ) );
#3983 = CARTESIAN_POINT( '', ( 0.938340823384590, -0.0143468023994223, 0.000000000000000 ) );
#3984 = CARTESIAN_POINT( '', ( 0.938340823384590, 0.0987679516989384, 0.000000000000000 ) );
#3985 = CARTESIAN_POINT( '', ( 0.938340823384590, 0.149915492682545, 0.000000000000000 ) );
#3986 = CARTESIAN_POINT( '', ( 0.928832626663278, 0.188276148420250, 0.000000000000000 ) );
#3987 = CARTESIAN_POINT( '', ( 0.909488364368196, 0.213522050059594, 0.000000000000000 ) );
#3988 = CARTESIAN_POINT( '', ( 0.890265389158705, 0.238609661773675, 0.000000000000000 ) );
#3989 = CARTESIAN_POINT( '', ( 0.859980167646885, 0.251226968092381, 0.000000000000000 ) );
#3990 = CARTESIAN_POINT( '', ( 0.783914593876393, 0.251226968092381, 0.000000000000000 ) );
#3991 = CARTESIAN_POINT( '', ( 0.757029347974754, 0.243358115633365, 0.000000000000000 ) );
#3992 = CARTESIAN_POINT( '', ( 0.738668692237049, 0.226964673010414, 0.000000000000000 ) );
#3993 = CARTESIAN_POINT( '', ( 0.720125602730481, 0.210408343093835, 0.000000000000000 ) );
#3994 = CARTESIAN_POINT( '', ( 0.710471970925574, 0.188931886125168, 0.000000000000000 ) );
#3995 = CARTESIAN_POINT( '', ( 0.710144102073115, 0.162046640223528, 0.000000000000000 ) );
#3996 = CARTESIAN_POINT( '', ( 0.895717872564918, 0.0594236894038564, 0.000000000000000 ) );
#3997 = CARTESIAN_POINT( '', ( 0.889488364368196, 0.0810630336661514, 0.000000000000000 ) );
#3998 = CARTESIAN_POINT( '', ( 0.878668692237049, 0.0971286074366433, 0.000000000000000 ) );
#3999 = CARTESIAN_POINT( '', ( 0.848504757810819, 0.119423689403856, 0.000000000000000 ) );
#4000 = CARTESIAN_POINT( '', ( 0.830799839778033, 0.124669591043201, 0.000000000000000 ) );
#4001 = CARTESIAN_POINT( '', ( 0.735390003712459, 0.124669591043201, 0.000000000000000 ) );
#4002 = CARTESIAN_POINT( '', ( 0.697685085679672, 0.0636859844858236, 0.000000000000000 ) );
#4003 = CARTESIAN_POINT( '', ( 0.697685085679672, -0.185166474530570, 0.000000000000000 ) );
#4004 = CARTESIAN_POINT( '', ( 0.736701479122295, -0.248773031907619, 0.000000000000000 ) );
#4005 = CARTESIAN_POINT( '', ( 0.834734266007541, -0.248773031907619, 0.000000000000000 ) );
#4006 = CARTESIAN_POINT( '', ( 0.852439184040327, -0.243199261415816, 0.000000000000000 ) );
#4007 = CARTESIAN_POINT( '', ( 0.867521151253442, -0.232051720432209, 0.000000000000000 ) );
#4008 = CARTESIAN_POINT( '', ( 0.882971870721157, -0.220631623434334, 0.000000000000000 ) );
#4009 = CARTESIAN_POINT( '', ( 0.893422790597705, -0.204838605678111, 0.000000000000000 ) );
#4010 = CARTESIAN_POINT( '', ( 0.899980167646885, -0.184182867973193, 0.000000000000000 ) );
#4011 = COLOUR_RGB( '', 0.119999997317791, 0.119999997317791, 0.119999997317791 );
#4012 = CARTESIAN_POINT( '', ( -0.00395425858262343, 0.124669591043201, 0.00200000000000000 ) );
#4013 = CARTESIAN_POINT( '', ( -0.00395425858262343, -0.366477949940406, 0.00200000000000000 ) );
#4014 = COLOUR_RGB( '', 0.119999997317791, 0.119999997317791, 0.119999997317791 );
#4015 = COLOUR_RGB( '', 0.119999997317791, 0.119999997317791, 0.119999997317791 );
#4016 = COLOUR_RGB( '', 0.119999997317791, 0.119999997317791, 0.119999997317791 );
#4017 = CARTESIAN_POINT( '', ( 0.282930987319016, -0.240576310596144, 0.00200000000000000 ) );
#4018 = CARTESIAN_POINT( '', ( 0.324242462728852, -0.240576310596144, 0.00200000000000000 ) );
#4019 = COLOUR_RGB( '', 0.119999997317791, 0.119999997317791, 0.119999997317791 );
#4020 = CARTESIAN_POINT( '', ( -1.50000000000000, 1.50000000000000, 1.99980000000000 ) );
#4021 = VECTOR( '', #4195, 1000.00000000000 );
#4022 = COLOUR_RGB( '', 0.119999997317791, 0.119999997317791, 0.119999997317791 );
#4023 = CARTESIAN_POINT( '', ( 0.282930987319016, -0.296314015514176, 0.00200000000000000 ) );
#4024 = CARTESIAN_POINT( '', ( 0.282930987319016, -0.366477949940406, 0.00200000000000000 ) );
#4025 = COLOUR_RGB( '', 0.119999997317791, 0.119999997317791, 0.119999997317791 );
#4026 = CARTESIAN_POINT( '', ( -0.0413313077629511, -0.246805818792865, 0.00200000000000000 ) );
#4027 = CARTESIAN_POINT( '', ( -0.0413313077629511, -0.233035326989586, 0.00200000000000000 ) );
#4028 = CARTESIAN_POINT( '', ( -0.0413313077629511, -0.219264835186308, 0.00200000000000000 ) );
#4029 = CARTESIAN_POINT( '', ( -0.0413313077629511, -0.205494343383029, 0.00200000000000000 ) );
#4030 = COLOUR_RGB( '', 0.119999997317791, 0.119999997317791, 0.119999997317791 );
#4031 = CARTESIAN_POINT( '', ( 0.0389965610895079, -0.0589369663338485, 0.00200000000000000 ) );
#4032 = CARTESIAN_POINT( '', ( 0.0389965610895079, -0.0589369663338485, 0.00200000000000000 ) );
#4033 = VECTOR( '', #4196, 1000.00000000000 );
#4034 = CARTESIAN_POINT( '', ( 0.0389965610895079, -0.0589369663338485, 0.00200000000000000 ) );
#4035 = CARTESIAN_POINT( '', ( 0.180635905351803, -0.240576310596144, 0.00200000000000000 ) );
#4036 = COLOUR_RGB( '', 0.119999997317791, 0.119999997317791, 0.119999997317791 );
#4037 = COLOUR_RGB( '', 0.119999997317791, 0.119999997317791, 0.119999997317791 );
#4038 = COLOUR_RGB( '', 0.119999997317791, 0.119999997317791, 0.119999997317791 );
#4039 = CARTESIAN_POINT( '', ( 0.300000000000000, 1.50000000000000, 1.99980000000000 ) );
#4040 = VECTOR( '', #4197, 1000.00000000000 );
#4041 = COLOUR_RGB( '', 0.119999997317791, 0.119999997317791, 0.119999997317791 );
#4042 = CARTESIAN_POINT( '', ( 0.251455577482951, 0.124669591043201, 0.00200000000000000 ) );
#4043 = CARTESIAN_POINT( '', ( 0.121291643056721, -0.105166474530570, 0.00200000000000000 ) );
#4044 = CARTESIAN_POINT( '', ( 0.251455577482951, 0.124669591043201, 0.00200000000000000 ) );
#4045 = CARTESIAN_POINT( '', ( 0.251455577482951, 0.124669591043201, 0.00200000000000000 ) );
#4046 = VECTOR( '', #4198, 1000.00000000000 );
#4047 = COLOUR_RGB( '', 0.119999997317791, 0.119999997317791, 0.119999997317791 );
#4048 = COLOUR_RGB( '', 0.119999997317791, 0.119999997317791, 0.119999997317791 );
#4049 = CARTESIAN_POINT( '', ( -0.450511635631804, -0.132051720432209, 0.00200000000000000 ) );
#4050 = CARTESIAN_POINT( '', ( -0.464282127435082, -0.132051720432209, 0.00200000000000000 ) );
#4051 = CARTESIAN_POINT( '', ( -0.478052619238361, -0.132051720432209, 0.00200000000000000 ) );
#4052 = CARTESIAN_POINT( '', ( -0.491823111041640, -0.132051720432209, 0.00200000000000000 ) );
#4053 = COLOUR_RGB( '', 0.119999997317791, 0.119999997317791, 0.119999997317791 );
#4054 = COLOUR_RGB( '', 0.119999997317791, 0.119999997317791, 0.119999997317791 );
#4055 = COLOUR_RGB( '', 0.119999997317791, 0.119999997317791, 0.119999997317791 );
#4056 = CARTESIAN_POINT( '', ( 0.0373572168272126, -0.00319926141581576, 0.00200000000000000 ) );
#4057 = CARTESIAN_POINT( '', ( 0.0373572168272126, 0.124669591043201, 0.00200000000000000 ) );
#4058 = COLOUR_RGB( '', 0.119999997317791, 0.119999997317791, 0.119999997317791 );
#4059 = CARTESIAN_POINT( '', ( -0.149200160221967, -0.240576310596144, 0.00200000000000000 ) );
#4060 = CARTESIAN_POINT( '', ( -0.149200160221967, -0.221559917153521, 0.00200000000000000 ) );
#4061 = CARTESIAN_POINT( '', ( -0.149200160221967, -0.202543523710898, 0.00200000000000000 ) );
#4062 = CARTESIAN_POINT( '', ( -0.149200160221967, -0.183527130268275, 0.00200000000000000 ) );
#4063 = COLOUR_RGB( '', 0.119999997317791, 0.119999997317791, 0.119999997317791 );
#4064 = CARTESIAN_POINT( '', ( 0.0373572168272126, -0.0589369663338485, 0.00200000000000000 ) );
#4065 = CARTESIAN_POINT( '', ( 0.0373572168272126, -0.366477949940406, 0.00200000000000000 ) );
#4066 = CARTESIAN_POINT( '', ( 0.0373572168272126, -0.0589369663338485, 0.00200000000000000 ) );
#4067 = CARTESIAN_POINT( '', ( 0.0373572168272126, -0.0589369663338485, 0.00200000000000000 ) );
#4068 = VECTOR( '', #4199, 1000.00000000000 );
#4069 = COLOUR_RGB( '', 0.119999997317791, 0.119999997317791, 0.119999997317791 );
#4070 = CARTESIAN_POINT( '', ( -0.149200160221967, 0.124669591043201, 0.00200000000000000 ) );
#4071 = CARTESIAN_POINT( '', ( -0.162970652025246, 0.124669591043201, 0.00200000000000000 ) );
#4072 = CARTESIAN_POINT( '', ( -0.176741143828524, 0.124669591043201, 0.00200000000000000 ) );
#4073 = CARTESIAN_POINT( '', ( -0.190511635631803, 0.124669591043201, 0.00200000000000000 ) );
#4074 = COLOUR_RGB( '', 0.119999997317791, 0.119999997317791, 0.119999997317791 );
#4075 = COLOUR_RGB( '', 0.119999997317791, 0.119999997317791, 0.119999997317791 );
#4076 = CARTESIAN_POINT( '', ( 0.200635905351803, 0.124669591043201, 0.00200000000000000 ) );
#4077 = CARTESIAN_POINT( '', ( 0.200635905351803, 0.124669591043201, 0.00200000000000000 ) );
#4078 = VECTOR( '', #4200, 1000.00000000000 );
#4079 = CARTESIAN_POINT( '', ( 0.200635905351803, 0.124669591043201, 0.00200000000000000 ) );
#4080 = CARTESIAN_POINT( '', ( 0.0917834463354096, -0.0677894253502420, 0.00200000000000000 ) );
#4081 = COLOUR_RGB( '', 0.119999997317791, 0.119999997317791, 0.119999997317791 );
#4082 = COLOUR_RGB( '', 0.119999997317791, 0.119999997317791, 0.119999997317791 );
#4083 = COLOUR_RGB( '', 0.860000014305115, 0.860000014305115, 0.860000014305115 );
#4084 = COLOUR_RGB( '', 0.119999997317791, 0.119999997317791, 0.119999997317791 );
#4085 = CARTESIAN_POINT( '', ( 0.251455577482951, 0.124669591043201, 0.00200000000000000 ) );
#4086 = CARTESIAN_POINT( '', ( 0.200635905351803, 0.124669591043201, 0.00200000000000000 ) );
#4087 = CARTESIAN_POINT( '', ( 0.0373572168272126, -0.0589369663338485, 0.00200000000000000 ) );
#4088 = CARTESIAN_POINT( '', ( 0.0389965610895079, -0.0589369663338485, 0.00200000000000000 ) );
#4089 = COLOUR_RGB( '', 0.119999997317791, 0.119999997317791, 0.119999997317791 );
#4090 = COLOUR_RGB( '', 0.119999997317791, 0.119999997317791, 0.119999997317791 );
#4091 = COLOUR_RGB( '', 0.860000014305115, 0.860000014305115, 0.860000014305115 );
#4092 = COLOUR_RGB( '', 0.119999997317791, 0.119999997317791, 0.119999997317791 );
#4093 = COLOUR_RGB( '', 0.119999997317791, 0.119999997317791, 0.119999997317791 );
#4094 = COLOUR_RGB( '', 0.119999997317791, 0.119999997317791, 0.119999997317791 );
#4095 = DIRECTION( '', ( 0.000000000000000, 0.000000000000000, -1.00000000000000 ) );
#4096 = DIRECTION( '', ( 0.000000000000000, 0.000000000000000, -1.00000000000000 ) );
#4097 = DIRECTION( '', ( 1.44560289664734E-016, -1.00000000000000, 0.000000000000000 ) );
#4098 = DIRECTION( '', ( 0.000000000000000, 0.000000000000000, 1.00000000000000 ) );
#4099 = DIRECTION( '', ( 1.44560289664734E-016, -1.00000000000000, 0.000000000000000 ) );
#4100 = DIRECTION( '', ( 0.000000000000000, 0.000000000000000, 1.00000000000000 ) );
#4101 = DIRECTION( '', ( 1.00000000000000, 1.80700362080917E-016, 0.000000000000000 ) );
#4102 = DIRECTION( '', ( 0.000000000000000, 1.00000000000000, 0.000000000000000 ) );
#4103 = DIRECTION( '', ( -1.00000000000000, 0.000000000000000, 0.000000000000000 ) );
#4104 = DIRECTION( '', ( 1.08420217248550E-016, -1.00000000000000, 0.000000000000000 ) );
#4105 = DIRECTION( '', ( 0.000000000000000, 0.000000000000000, -1.00000000000000 ) );
#4106 = DIRECTION( '', ( 0.000000000000000, 0.000000000000000, -1.00000000000000 ) );
#4107 = DIRECTION( '', ( 0.000000000000000, 0.000000000000000, -1.00000000000000 ) );
#4108 = DIRECTION( '', ( 0.000000000000000, 0.000000000000000, -1.00000000000000 ) );
#4109 = DIRECTION( '', ( 0.000000000000000, 0.000000000000000, -1.00000000000000 ) );
#4110 = DIRECTION( '', ( 0.000000000000000, 0.000000000000000, -1.00000000000000 ) );
#4111 = DIRECTION( '', ( 0.000000000000000, 0.000000000000000, -1.00000000000000 ) );
#4112 = DIRECTION( '', ( 0.000000000000000, 0.000000000000000, -1.00000000000000 ) );
#4113 = DIRECTION( '', ( 0.000000000000000, 0.000000000000000, -1.00000000000000 ) );
#4114 = DIRECTION( '', ( 0.000000000000000, 0.000000000000000, -1.00000000000000 ) );
#4115 = DIRECTION( '', ( 0.000000000000000, 0.000000000000000, -1.00000000000000 ) );
#4116 = DIRECTION( '', ( 0.000000000000000, 0.000000000000000, -1.00000000000000 ) );
#4117 = DIRECTION( '', ( 0.000000000000000, 0.000000000000000, -1.00000000000000 ) );
#4118 = DIRECTION( '', ( 0.000000000000000, 0.000000000000000, -1.00000000000000 ) );
#4119 = DIRECTION( '', ( 0.000000000000000, 0.000000000000000, -1.00000000000000 ) );
#4120 = DIRECTION( '', ( 0.000000000000000, 0.000000000000000, -1.00000000000000 ) );
#4121 = DIRECTION( '', ( 0.000000000000000, 0.000000000000000, -1.00000000000000 ) );
#4122 = DIRECTION( '', ( 0.000000000000000, 0.000000000000000, -1.00000000000000 ) );
#4123 = DIRECTION( '', ( 0.000000000000000, 0.000000000000000, -1.00000000000000 ) );
#4124 = DIRECTION( '', ( 0.000000000000000, 0.000000000000000, -1.00000000000000 ) );
#4125 = DIRECTION( '', ( 0.000000000000000, 0.000000000000000, -1.00000000000000 ) );
#4126 = DIRECTION( '', ( 0.000000000000000, 0.000000000000000, -1.00000000000000 ) );
#4127 = DIRECTION( '', ( 0.000000000000000, 0.000000000000000, -1.00000000000000 ) );
#4128 = DIRECTION( '', ( 0.000000000000000, 0.000000000000000, -1.00000000000000 ) );
#4129 = DIRECTION( '', ( 0.000000000000000, 0.000000000000000, -1.00000000000000 ) );
#4130 = DIRECTION( '', ( 0.000000000000000, 0.000000000000000, -1.00000000000000 ) );
#4131 = DIRECTION( '', ( 0.000000000000000, 0.000000000000000, -1.00000000000000 ) );
#4132 = DIRECTION( '', ( 0.000000000000000, 0.000000000000000, -1.00000000000000 ) );
#4133 = DIRECTION( '', ( 0.000000000000000, 0.000000000000000, 1.00000000000000 ) );
#4134 = DIRECTION( '', ( 1.00000000000000, 0.000000000000000, 0.000000000000000 ) );
#4135 = DIRECTION( '', ( -1.00000000000000, 0.000000000000000, 0.000000000000000 ) );
#4136 = DIRECTION( '', ( 0.000000000000000, 0.000000000000000, -1.00000000000000 ) );
#4137 = DIRECTION( '', ( 1.00000000000000, 0.000000000000000, 0.000000000000000 ) );
#4138 = DIRECTION( '', ( 0.000000000000000, 0.000000000000000, -1.00000000000000 ) );
#4139 = DIRECTION( '', ( 0.000000000000000, -1.00000000000000, 0.000000000000000 ) );
#4140 = DIRECTION( '', ( 1.00000000000000, 0.000000000000000, 0.000000000000000 ) );
#4141 = DIRECTION( '', ( 0.000000000000000, 1.00000000000000, 0.000000000000000 ) );
#4142 = DIRECTION( '', ( -1.00000000000000, 0.000000000000000, 0.000000000000000 ) );
#4143 = DIRECTION( '', ( 0.000000000000000, 0.000000000000000, -1.00000000000000 ) );
#4144 = DIRECTION( '', ( 0.000000000000000, 1.00000000000000, 0.000000000000000 ) );
#4145 = DIRECTION( '', ( 0.000000000000000, 0.000000000000000, -1.00000000000000 ) );
#4146 = DIRECTION( '', ( 0.000000000000000, 0.000000000000000, -1.00000000000000 ) );
#4147 = DIRECTION( '', ( 0.000000000000000, 0.000000000000000, -1.00000000000000 ) );
#4148 = DIRECTION( '', ( 0.000000000000000, 0.000000000000000, -1.00000000000000 ) );
#4149 = DIRECTION( '', ( 0.000000000000000, 0.000000000000000, -1.00000000000000 ) );
#4150 = DIRECTION( '', ( 0.000000000000000, 0.000000000000000, -1.00000000000000 ) );
#4151 = DIRECTION( '', ( 0.000000000000000, 0.000000000000000, -1.00000000000000 ) );
#4152 = DIRECTION( '', ( 0.000000000000000, 0.000000000000000, -1.00000000000000 ) );
#4153 = DIRECTION( '', ( 0.000000000000000, 0.000000000000000, -1.00000000000000 ) );
#4154 = DIRECTION( '', ( 0.000000000000000, 0.000000000000000, -1.00000000000000 ) );
#4155 = DIRECTION( '', ( 0.000000000000000, 0.000000000000000, -1.00000000000000 ) );
#4156 = DIRECTION( '', ( 0.000000000000000, -1.00000000000000, 0.000000000000000 ) );
#4157 = DIRECTION( '', ( 0.000000000000000, 0.000000000000000, -1.00000000000000 ) );
#4158 = DIRECTION( '', ( 0.000000000000000, 0.000000000000000, -1.00000000000000 ) );
#4159 = DIRECTION( '', ( 0.000000000000000, 0.000000000000000, -1.00000000000000 ) );
#4160 = DIRECTION( '', ( 0.000000000000000, 0.000000000000000, -1.00000000000000 ) );
#4161 = DIRECTION( '', ( 0.000000000000000, 1.00000000000000, 0.000000000000000 ) );
#4162 = DIRECTION( '', ( 0.000000000000000, 0.000000000000000, -1.00000000000000 ) );
#4163 = DIRECTION( '', ( 0.000000000000000, 0.000000000000000, -1.00000000000000 ) );
#4164 = DIRECTION( '', ( 0.000000000000000, 0.000000000000000, -1.00000000000000 ) );
#4165 = DIRECTION( '', ( 0.000000000000000, 0.000000000000000, -1.00000000000000 ) );
#4166 = DIRECTION( '', ( 0.000000000000000, 0.000000000000000, -1.00000000000000 ) );
#4167 = DIRECTION( '', ( 0.000000000000000, 0.000000000000000, -1.00000000000000 ) );
#4168 = DIRECTION( '', ( 0.000000000000000, 0.000000000000000, -1.00000000000000 ) );
#4169 = DIRECTION( '', ( 0.000000000000000, 0.000000000000000, -1.00000000000000 ) );
#4170 = DIRECTION( '', ( 0.000000000000000, 0.000000000000000, -1.00000000000000 ) );
#4171 = DIRECTION( '', ( 0.000000000000000, 0.000000000000000, -1.00000000000000 ) );
#4172 = DIRECTION( '', ( 0.000000000000000, 0.000000000000000, -1.00000000000000 ) );
#4173 = DIRECTION( '', ( 0.000000000000000, 0.000000000000000, -1.00000000000000 ) );
#4174 = DIRECTION( '', ( -1.00000000000000, 0.000000000000000, 0.000000000000000 ) );
#4175 = DIRECTION( '', ( 1.00000000000000, 0.000000000000000, 0.000000000000000 ) );
#4176 = DIRECTION( '', ( 0.000000000000000, 0.000000000000000, -1.00000000000000 ) );
#4177 = DIRECTION( '', ( 0.000000000000000, 0.000000000000000, -1.00000000000000 ) );
#4178 = DIRECTION( '', ( 0.000000000000000, 0.000000000000000, -1.00000000000000 ) );
#4179 = DIRECTION( '', ( 0.000000000000000, 0.000000000000000, -1.00000000000000 ) );
#4180 = DIRECTION( '', ( 0.000000000000000, 0.000000000000000, -1.00000000000000 ) );
#4181 = DIRECTION( '', ( 0.000000000000000, 0.000000000000000, -1.00000000000000 ) );
#4182 = DIRECTION( '', ( 0.000000000000000, 0.000000000000000, -1.00000000000000 ) );
#4183 = DIRECTION( '', ( 0.000000000000000, 0.000000000000000, -1.00000000000000 ) );
#4184 = DIRECTION( '', ( 0.000000000000000, 0.000000000000000, -1.00000000000000 ) );
#4185 = DIRECTION( '', ( 0.000000000000000, 0.000000000000000, -1.00000000000000 ) );
#4186 = DIRECTION( '', ( 0.000000000000000, 0.000000000000000, -1.00000000000000 ) );
#4187 = DIRECTION( '', ( 0.000000000000000, 0.000000000000000, -1.00000000000000 ) );
#4188 = DIRECTION( '', ( 0.000000000000000, 0.000000000000000, -1.00000000000000 ) );
#4189 = DIRECTION( '', ( 1.08420217248550E-016, -1.00000000000000, 0.000000000000000 ) );
#4190 = DIRECTION( '', ( -1.00000000000000, 0.000000000000000, 0.000000000000000 ) );
#4191 = DIRECTION( '', ( 0.000000000000000, 1.00000000000000, 0.000000000000000 ) );
#4192 = DIRECTION( '', ( 0.000000000000000, 0.000000000000000, -1.00000000000000 ) );
#4193 = DIRECTION( '', ( 0.000000000000000, -1.00000000000000, 0.000000000000000 ) );
#4194 = DIRECTION( '', ( -1.00000000000000, 0.000000000000000, 0.000000000000000 ) );
#4195 = DIRECTION( '', ( 1.00000000000000, 0.000000000000000, 0.000000000000000 ) );
#4196 = DIRECTION( '', ( 0.000000000000000, 0.000000000000000, -1.00000000000000 ) );
#4197 = DIRECTION( '', ( 0.000000000000000, 0.000000000000000, 1.00000000000000 ) );
#4198 = DIRECTION( '', ( 0.000000000000000, 0.000000000000000, -1.00000000000000 ) );
#4199 = DIRECTION( '', ( 0.000000000000000, 0.000000000000000, -1.00000000000000 ) );
#4200 = DIRECTION( '', ( 0.000000000000000, 0.000000000000000, -1.00000000000000 ) );
ENDSEC;
END-ISO-10303-21;
