                                                                        S      1
,,20HAssembly - Canal v12,20HAssembly - Canal v12,7Hunknown,7Hunknown,  G      1
32,38,7,99,15,,1.,2,2HMM,1,0.08,15H20260523.224005,0.01,10000.,7HunknownG      2
,7Hunknown,11,0,15H20260321.224703;                                     G      3
     124       1                                                00000000D      1
     124                       4       0                               0D      2
     124       5                                                00000000D      3
     124                       3       0                               0D      4
     124       8                                                00000000D      5
     124                       4       0                               0D      6
     124      12                                                00000000D      7
     124                       4       0                               0D      8
     408      16                                                00000001D      9
     408       0               1       0                               0D     10
     408      17                                       1        00000001D     11
     408       0               1       0                               0D     12
     408      18                                       3        00000001D     13
     408       0               1       0                               0D     14
     408      19                                       5        00000001D     15
     408       0               1       0                               0D     16
     408      20                                       7        00000001D     17
     408       0               1       0                               0D     18
     308      21                                                00010200D     19
     308       0               1       0                               0D     20
     308      22                                                00010200D     21
     308       0               1       0                               0D     22
     308      23                                                00010200D     23
     308       0               1       0                               0D     24
     308      24                                                00010200D     25
     308       0               1       0                               0D     26
     186      25                                                00010000D     27
     186           -1503       1       0                               0D     28
     186      26                                                00010000D     29
     186           -1503       1       0                               0D     30
     186      27                                                00010000D     31
     186           -1503       1       0                               0D     32
     186      28                                                00010000D     33
     186           -1503       1       0                               0D     34
     514      29                                                00010000D     35
     514                       6       1                               0D     36
     514      35                                                00010000D     37
     514                       4       1                               0D     38
     514      39                                                00010000D     39
     514                       2       1                               0D     40
     514      41                                                00010000D     41
     514                       1       1                               0D     42
     510      42                                                00010000D     43
     510           -1503       1       1                               0D     44
     510      43                                                00010000D     45
     510           -1503       1       1                               0D     46
     510      44                                                00010000D     47
     510           -1503       1       1                               0D     48
     510      45                                                00010000D     49
     510           -1503       1       1                               0D     50
     510      46                                                00010000D     51
     510           -1503       1       1                               0D     52
     510      47                                                00010000D     53
     510           -1503       1       1                               0D     54
     510      48                                                00010000D     55
     510           -1503       1       1                               0D     56
     510      49                                                00010000D     57
     510           -1503       1       1                               0D     58
     510      50                                                00010000D     59
     510           -1503       1       1                               0D     60
     510      51                                                00010000D     61
     510           -1503       1       1                               0D     62
     510      52                                                00010000D     63
     510           -1503       1       1                               0D     64
     510      53                                                00010000D     65
     510           -1503       1       1                               0D     66
     510      54                                                00010000D     67
     510           -1503       1       1                               0D     68
     510      55                                                00010000D     69
     510           -1503       1       1                               0D     70
     510      56                                                00010000D     71
     510           -1503       1       1                               0D     72
     510      57                                                00010000D     73
     510           -1503       1       1                               0D     74
     510      58                                                00010000D     75
     510           -1503       1       1                               0D     76
     510      59                                                00010000D     77
     510           -1503       1       1                               0D     78
     510      60                                                00010000D     79
     510           -1503       1       1                               0D     80
     510      61                                                00010000D     81
     510           -1503       1       1                               0D     82
     510      62                                                00010000D     83
     510           -1503       1       1                               0D     84
     510      63                                                00010000D     85
     510           -1503       1       1                               0D     86
     510      64                                                00010000D     87
     510           -1503       1       1                               0D     88
     510      65                                                00010000D     89
     510           -1503       1       1                               0D     90
     510      66                                                00010000D     91
     510           -1503       1       1                               0D     92
     510      67                                                00010000D     93
     510           -1503       1       1                               0D     94
     510      68                                                00010000D     95
     510           -1503       1       1                               0D     96
     510      69                                                00010000D     97
     510           -1503       1       1                               0D     98
     510      70                                                00010000D     99
     510           -1503       1       1                               0D    100
     510      71                                                00010000D    101
     510           -1503       1       1                               0D    102
     510      72                                                00010000D    103
     510           -1503       1       1                               0D    104
     510      73                                                00010000D    105
     510           -1503       1       1                               0D    106
     510      74                                                00010000D    107
     510           -1503       1       1                               0D    108
     510      75                                                00010000D    109
     510           -1503       1       1                               0D    110
     510      76                                                00010000D    111
     510           -1503       1       1                               0D    112
     510      77                                                00010000D    113
     510           -1503       1       1                               0D    114
     510      78                                                00010000D    115
     510           -1503       1       1                               0D    116
     510      79                                                00010000D    117
     510           -1503       1       1                               0D    118
     510      80                                                00010000D    119
     510           -1503       1       1                               0D    120
     510      81                                                00010000D    121
     510           -1503       1       1                               0D    122
     510      82                                                00010000D    123
     510           -1503       1       1                               0D    124
     510      83                                                00010000D    125
     510           -1503       1       1                               0D    126
     510      84                                                00010000D    127
     510           -1503       1       1                               0D    128
     510      85                                                00010000D    129
     510           -1503       1       1                               0D    130
     510      86                                                00010000D    131
     510           -1503       1       1                               0D    132
     510      87                                                00010000D    133
     510           -1503       1       1                               0D    134
     510      88                                                00010000D    135
     510           -1503       1       1                               0D    136
     510      89                                                00010000D    137
     510           -1503       1       1                               0D    138
     510      90                                                00010000D    139
     510           -1503       1       1                               0D    140
     510      91                                                00010000D    141
     510           -1503       1       1                               0D    142
     510      92                                                00010000D    143
     510           -1503       1       1                               0D    144
     510      93                                                00010000D    145
     510           -1503       1       1                               0D    146
     510      94                                                00010000D    147
     510           -1503       1       1                               0D    148
     510      95                                                00010000D    149
     510           -1503       1       1                               0D    150
     510      96                                                00010000D    151
     510           -1503       1       1                               0D    152
     510      97                                                00010000D    153
     510           -1503       1       1                               0D    154
     510      98                                                00010000D    155
     510           -1503       1       1                               0D    156
     510      99                                                00010000D    157
     510           -1503       1       1                               0D    158
     510     100                                                00010000D    159
     510           -1503       1       1                               0D    160
     510     101                                                00010000D    161
     510           -1503       1       1                               0D    162
     510     102                                                00010000D    163
     510           -1503       1       1                               0D    164
     510     103                                                00010000D    165
     510           -1503       1       1                               0D    166
     510     104                                                00010000D    167
     510           -1503       1       1                               0D    168
     510     105                                                00010000D    169
     510           -1503       1       1                               0D    170
     510     106                                                00010000D    171
     510           -1503       1       1                               0D    172
     510     107                                                00010000D    173
     510           -1503       1       1                               0D    174
     510     108                                                00010000D    175
     510           -1503       1       1                               0D    176
     510     109                                                00010000D    177
     510           -1503       1       1                               0D    178
     510     110                                                00010000D    179
     510           -1503       1       1                               0D    180
     510     111                                                00010000D    181
     510           -1503       1       1                               0D    182
     510     112                                                00010000D    183
     510           -1503       1       1                               0D    184
     510     113                                                00010000D    185
     510           -1503       1       1                               0D    186
     510     114                                                00010000D    187
     510           -1503       1       1                               0D    188
     510     115                                                00010000D    189
     510           -1503       1       1                               0D    190
     510     116                                                00010000D    191
     510           -1503       1       1                               0D    192
     510     117                                                00010000D    193
     510           -1503       1       1                               0D    194
     510     118                                                00010000D    195
     510           -1503       1       1                               0D    196
     510     119                                                00010000D    197
     510           -1503       1       1                               0D    198
     510     120                                                00010000D    199
     510           -1503       1       1                               0D    200
     510     121                                                00010000D    201
     510           -1503       1       1                               0D    202
     510     122                                                00010000D    203
     510           -1503       1       1                               0D    204
     510     123                                                00010000D    205
     510           -1503       1       1                               0D    206
     510     124                                                00010000D    207
     510           -1503       1       1                               0D    208
     510     125                                                00010000D    209
     510           -1503       1       1                               0D    210
     510     126                                                00010000D    211
     510           -1503       1       1                               0D    212
     510     127                                                00010000D    213
     510           -1503       1       1                               0D    214
     510     128                                                00010000D    215
     510           -1503       1       1                               0D    216
     510     129                                                00010000D    217
     510           -1503       1       1                               0D    218
     510     130                                                00010000D    219
     510           -1503       1       1                               0D    220
     510     131                                                00010000D    221
     510           -1503       1       1                               0D    222
     510     132                                                00010000D    223
     510           -1503       1       1                               0D    224
     510     133                                                00010000D    225
     510           -1503       1       1                               0D    226
     510     134                                                00010000D    227
     510           -1503       1       1                               0D    228
     510     135                                                00010000D    229
     510           -1503       1       1                               0D    230
     510     136                                                00010000D    231
     510           -1503       1       1                               0D    232
     510     137                                                00010000D    233
     510           -1503       1       1                               0D    234
     510     138                                                00010000D    235
     510           -1503       1       1                               0D    236
     510     139                                                00010000D    237
     510           -1503       1       1                               0D    238
     510     140                                                00010000D    239
     510           -1503       1       1                               0D    240
     510     141                                                00010000D    241
     510           -1503       1       1                               0D    242
     510     142                                                00010000D    243
     510           -1503       1       1                               0D    244
     510     143                                                00010000D    245
     510           -1503       1       1                               0D    246
     510     144                                                00010000D    247
     510           -1503       1       1                               0D    248
     510     145                                                00010000D    249
     510           -1503       1       1                               0D    250
     510     146                                                00010000D    251
     510           -1503       1       1                               0D    252
     510     147                                                00010000D    253
     510           -1503       1       1                               0D    254
     510     148                                                00010000D    255
     510           -1503       1       1                               0D    256
     510     149                                                00010000D    257
     510           -1503       1       1                               0D    258
     510     150                                                00010000D    259
     510           -1503       1       1                               0D    260
     510     151                                                00010000D    261
     510           -1503       1       1                               0D    262
     510     152                                                00010000D    263
     510           -1503       1       1                               0D    264
     510     153                                                00010000D    265
     510           -1503       1       1                               0D    266
     510     154                                                00010000D    267
     510           -1503       1       1                               0D    268
     510     155                                                00010000D    269
     510           -1503       1       1                               0D    270
     510     156                                                00010000D    271
     510           -1503       1       1                               0D    272
     510     157                                                00010000D    273
     510           -1503       1       1                               0D    274
     510     158                                                00010000D    275
     510           -1503       1       1                               0D    276
     508     159                                                00010000D    277
     508                       1       1                               0D    278
     508     160                                                00010000D    279
     508                       5       1                               0D    280
     508     165                                                00010000D    281
     508                       1       1                               0D    282
     508     166                                                00010000D    283
     508                       1       1                               0D    284
     508     167                                                00010000D    285
     508                       1       1                               0D    286
     508     168                                                00010000D    287
     508                       1       1                               0D    288
     508     169                                                00010000D    289
     508                       1       1                               0D    290
     508     170                                                00010000D    291
     508                       1       1                               0D    292
     508     171                                                00010000D    293
     508                       1       1                               0D    294
     508     172                                                00010000D    295
     508                       1       1                               0D    296
     508     173                                                00010000D    297
     508                       1       1                               0D    298
     508     174                                                00010000D    299
     508                       1       1                               0D    300
     508     175                                                00010000D    301
     508                       1       1                               0D    302
     508     176                                                00010000D    303
     508                       1       1                               0D    304
     508     177                                                00010000D    305
     508                       2       1                               0D    306
     508     179                                                00010000D    307
     508                       1       1                               0D    308
     508     180                                                00010000D    309
     508                       1       1                               0D    310
     508     181                                                00010000D    311
     508                       1       1                               0D    312
     508     182                                                00010000D    313
     508                       2       1                               0D    314
     508     184                                                00010000D    315
     508                       1       1                               0D    316
     508     185                                                00010000D    317
     508                       1       1                               0D    318
     508     186                                                00010000D    319
     508                       1       1                               0D    320
     508     187                                                00010000D    321
     508                       3       1                               0D    322
     508     190                                                00010000D    323
     508                       2       1                               0D    324
     508     192                                                00010000D    325
     508                       1       1                               0D    326
     508     193                                                00010000D    327
     508                       3       1                               0D    328
     508     196                                                00010000D    329
     508                       2       1                               0D    330
     508     198                                                00010000D    331
     508                       2       1                               0D    332
     508     200                                                00010000D    333
     508                       2       1                               0D    334
     508     202                                                00010000D    335
     508                       2       1                               0D    336
     508     204                                                00010000D    337
     508                       1       1                               0D    338
     508     205                                                00010000D    339
     508                       5       1                               0D    340
     508     210                                                00010000D    341
     508                       2       1                               0D    342
     508     212                                                00010000D    343
     508                       2       1                               0D    344
     508     214                                                00010000D    345
     508                       2       1                               0D    346
     508     216                                                00010000D    347
     508                       1       1                               0D    348
     508     217                                                00010000D    349
     508                       2       1                               0D    350
     508     219                                                00010000D    351
     508                       2       1                               0D    352
     508     221                                                00010000D    353
     508                       1       1                               0D    354
     508     222                                                00010000D    355
     508                       2       1                               0D    356
     508     224                                                00010000D    357
     508                       1       1                               0D    358
     508     225                                                00010000D    359
     508                       2       1                               0D    360
     508     227                                                00010000D    361
     508                       2       1                               0D    362
     508     229                                                00010000D    363
     508                       2       1                               0D    364
     508     231                                                00010000D    365
     508                       2       1                               0D    366
     508     233                                                00010000D    367
     508                       2       1                               0D    368
     508     235                                                00010000D    369
     508                       2       1                               0D    370
     508     237                                                00010000D    371
     508                       2       1                               0D    372
     508     239                                                00010000D    373
     508                       2       1                               0D    374
     508     241                                                00010000D    375
     508                       2       1                               0D    376
     508     243                                                00010000D    377
     508                       2       1                               0D    378
     508     245                                                00010000D    379
     508                       2       1                               0D    380
     508     247                                                00010000D    381
     508                       2       1                               0D    382
     508     249                                                00010000D    383
     508                       2       1                               0D    384
     508     251                                                00010000D    385
     508                       2       1                               0D    386
     508     253                                                00010000D    387
     508                       2       1                               0D    388
     508     255                                                00010000D    389
     508                       2       1                               0D    390
     508     257                                                00010000D    391
     508                       2       1                               0D    392
     508     259                                                00010000D    393
     508                       2       1                               0D    394
     508     261                                                00010000D    395
     508                       2       1                               0D    396
     508     263                                                00010000D    397
     508                       2       1                               0D    398
     508     265                                                00010000D    399
     508                       2       1                               0D    400
     508     267                                                00010000D    401
     508                       2       1                               0D    402
     508     269                                                00010000D    403
     508                       2       1                               0D    404
     508     271                                                00010000D    405
     508                       2       1                               0D    406
     508     273                                                00010000D    407
     508                       2       1                               0D    408
     508     275                                                00010000D    409
     508                       4       1                               0D    410
     508     279                                                00010000D    411
     508                       2       1                               0D    412
     508     281                                                00010000D    413
     508                       2       1                               0D    414
     508     283                                                00010000D    415
     508                       2       1                               0D    416
     508     285                                                00010000D    417
     508                       2       1                               0D    418
     508     287                                                00010000D    419
     508                       2       1                               0D    420
     508     289                                                00010000D    421
     508                       2       1                               0D    422
     508     291                                                00010000D    423
     508                       2       1                               0D    424
     508     293                                                00010000D    425
     508                       2       1                               0D    426
     508     295                                                00010000D    427
     508                       4       1                               0D    428
     508     299                                                00010000D    429
     508                       2       1                               0D    430
     508     301                                                00010000D    431
     508                       2       1                               0D    432
     508     303                                                00010000D    433
     508                       2       1                               0D    434
     508     305                                                00010000D    435
     508                       1       1                               0D    436
     508     306                                                00010000D    437
     508                       1       1                               0D    438
     508     307                                                00010000D    439
     508                       1       1                               0D    440
     508     308                                                00010000D    441
     508                       1       1                               0D    442
     508     309                                                00010000D    443
     508                       1       1                               0D    444
     508     310                                                00010000D    445
     508                       3       1                               0D    446
     508     313                                                00010000D    447
     508                       3       1                               0D    448
     508     316                                                00010000D    449
     508                       1       1                               0D    450
     508     317                                                00010000D    451
     508                       1       1                               0D    452
     508     318                                                00010000D    453
     508                       1       1                               0D    454
     508     319                                                00010000D    455
     508                       1       1                               0D    456
     508     320                                                00010000D    457
     508                       1       1                               0D    458
     508     321                                                00010000D    459
     508                       1       1                               0D    460
     508     322                                                00010000D    461
     508                       1       1                               0D    462
     508     323                                                00010000D    463
     508                       1       1                               0D    464
     508     324                                                00010000D    465
     508                       1       1                               0D    466
     508     325                                                00010000D    467
     508                       1       1                               0D    468
     508     326                                                00010000D    469
     508                       1       1                               0D    470
     508     327                                                00010000D    471
     508                       1       1                               0D    472
     508     328                                                00010000D    473
     508                       1       1                               0D    474
     508     329                                                00010000D    475
     508                       1       1                               0D    476
     508     330                                                00010000D    477
     508                       1       1                               0D    478
     508     331                                                00010000D    479
     508                       1       1                               0D    480
     508     332                                                00010000D    481
     508                       1       1                               0D    482
     508     333                                                00010000D    483
     508                       3       1                               0D    484
     508     336                                                00010000D    485
     508                       1       1                               0D    486
     508     337                                                00010000D    487
     508                       1       1                               0D    488
     508     338                                                00010000D    489
     508                       1       1                               0D    490
     508     339                                                00010000D    491
     508                       1       1                               0D    492
     508     340                                                00010000D    493
     508                       2       1                               0D    494
     508     342                                                00010000D    495
     508                       4       1                               0D    496
     508     346                                                00010000D    497
     508                       1       1                               0D    498
     508     347                                                00010000D    499
     508                       2       1                               0D    500
     508     349                                                00010000D    501
     508                       2       1                               0D    502
     508     351                                                00010000D    503
     508                       2       1                               0D    504
     508     353                                                00010000D    505
     508                       1       1                               0D    506
     508     354                                                00010000D    507
     508                       1       1                               0D    508
     508     355                                                00010000D    509
     508                       1       1                               0D    510
     508     356                                                00010000D    511
     508                       1       1                               0D    512
     508     357                                                00010000D    513
     508                       1       1                               0D    514
     508     358                                                00010000D    515
     508                       3       1                               0D    516
     508     361                                                00010000D    517
     508                       1       1                               0D    518
     508     362                                                00010000D    519
     508                       1       1                               0D    520
     508     363                                                00010000D    521
     508                       1       1                               0D    522
     508     364                                                00010000D    523
     508                       1       1                               0D    524
     508     365                                                00010000D    525
     508                       1       1                               0D    526
     508     366                                                00010000D    527
     508                       1       1                               0D    528
     508     367                                                00010000D    529
     508                       2       1                               0D    530
     508     369                                                00010000D    531
     508                       1       1                               0D    532
     508     370                                                00010000D    533
     508                       1       1                               0D    534
     508     371                                                00010000D    535
     508                       1       1                               0D    536
     508     372                                                00010000D    537
     508                       2       1                               0D    538
     508     374                                                00010000D    539
     508                       1       1                               0D    540
     508     375                                                00010000D    541
     508                       1       1                               0D    542
     508     376                                                00010000D    543
     508                       1       1                               0D    544
     508     377                                                00010000D    545
     508                       1       1                               0D    546
     508     378                                                00010000D    547
     508                       1       1                               0D    548
     508     379                                                00010000D    549
     508                       1       1                               0D    550
     508     380                                                00010000D    551
     508                       1       1                               0D    552
     126     381                                                00010000D    553
     126       0               6       0                               0D    554
     126     387                                                00010000D    555
     126       0               3       0                               0D    556
     126     390                                                00010000D    557
     126       0               6       0                               0D    558
     126     396                                                00010000D    559
     126       0               3       0                               0D    560
     126     399                                                00010000D    561
     126       0               4       0                               0D    562
     126     403                                                00010000D    563
     126       0               6       0                               0D    564
     126     409                                                00010000D    565
     126       0               3       0                               0D    566
     126     412                                                00010000D    567
     126       0               3       0                               0D    568
     126     415                                                00010000D    569
     126       0               3       0                               0D    570
     126     418                                                00010000D    571
     126       0               4       0                               0D    572
     126     422                                                00010000D    573
     126       0               3       0                               0D    574
     126     425                                                00010000D    575
     126       0               3       0                               0D    576
     126     428                                                00010000D    577
     126       0               3       0                               0D    578
     126     431                                                00010000D    579
     126       0               3       0                               0D    580
     126     434                                                00010000D    581
     126       0               3       0                               0D    582
     126     437                                                00010000D    583
     126       0               3       0                               0D    584
     126     440                                                00010000D    585
     126       0               3       0                               0D    586
     126     443                                                00010000D    587
     126       0               3       0                               0D    588
     126     446                                                00010000D    589
     126       0               3       0                               0D    590
     126     449                                                00010000D    591
     126       0               3       0                               0D    592
     126     452                                                00010000D    593
     126       0               3       0                               0D    594
     126     455                                                00010000D    595
     126       0               3       0                               0D    596
     126     458                                                00010000D    597
     126       0               3       0                               0D    598
     126     461                                                00010000D    599
     126       0               3       0                               0D    600
     126     464                                                00010000D    601
     126       0               3       0                               0D    602
     126     467                                                00010000D    603
     126       0               4       0                               0D    604
     126     471                                                00010000D    605
     126       0               3       0                               0D    606
     126     474                                                00010000D    607
     126       0               4       0                               0D    608
     126     478                                                00010000D    609
     126       0               3       0                               0D    610
     126     481                                                00010000D    611
     126       0               4       0                               0D    612
     126     485                                                00010000D    613
     126       0               3       0                               0D    614
     126     488                                                00010000D    615
     126       0               4       0                               0D    616
     126     492                                                00010000D    617
     126       0               3       0                               0D    618
     126     495                                                00010000D    619
     126       0               4       0                               0D    620
     126     499                                                00010000D    621
     126       0               3       0                               0D    622
     126     502                                                00010000D    623
     126       0              12       0                               0D    624
     126     514                                                00010000D    625
     126       0              12       0                               0D    626
     126     526                                                00010000D    627
     126       0              12       0                               0D    628
     126     538                                                00010000D    629
     126       0               6       0                               0D    630
     126     544                                                00010000D    631
     126       0               3       0                               0D    632
     126     547                                                00010000D    633
     126       0               3       0                               0D    634
     126     550                                                00010000D    635
     126       0               4       0                               0D    636
     126     554                                                00010000D    637
     126       0               3       0                               0D    638
     126     557                                                00010000D    639
     126       0               4       0                               0D    640
     126     561                                                00010000D    641
     126       0               3       0                               0D    642
     126     564                                                00010000D    643
     126       0               3       0                               0D    644
     126     567                                                00010000D    645
     126       0               3       0                               0D    646
     126     570                                                00010000D    647
     126       0               3       0                               0D    648
     126     573                                                00010000D    649
     126       0               3       0                               0D    650
     126     576                                                00010000D    651
     126       0               3       0                               0D    652
     126     579                                                00010000D    653
     126       0               3       0                               0D    654
     126     582                                                00010000D    655
     126       0               3       0                               0D    656
     126     585                                                00010000D    657
     126       0               3       0                               0D    658
     126     588                                                00010000D    659
     126       0               3       0                               0D    660
     126     591                                                00010000D    661
     126       0               3       0                               0D    662
     126     594                                                00010000D    663
     126       0               3       0                               0D    664
     126     597                                                00010000D    665
     126       0               3       0                               0D    666
     126     600                                                00010000D    667
     126       0               3       0                               0D    668
     126     603                                                00010000D    669
     126       0               3       0                               0D    670
     126     606                                                00010000D    671
     126       0               3       0                               0D    672
     126     609                                                00010000D    673
     126       0               3       0                               0D    674
     126     612                                                00010000D    675
     126       0               3       0                               0D    676
     126     615                                                00010000D    677
     126       0               3       0                               0D    678
     126     618                                                00010000D    679
     126       0               3       0                               0D    680
     126     621                                                00010000D    681
     126       0               3       0                               0D    682
     126     624                                                00010000D    683
     126       0               3       0                               0D    684
     126     627                                                00010000D    685
     126       0               3       0                               0D    686
     126     630                                                00010000D    687
     126       0               3       0                               0D    688
     126     633                                                00010000D    689
     126       0               3       0                               0D    690
     126     636                                                00010000D    691
     126       0               3       0                               0D    692
     126     639                                                00010000D    693
     126       0               3       0                               0D    694
     126     642                                                00010000D    695
     126       0               3       0                               0D    696
     126     645                                                00010000D    697
     126       0               3       0                               0D    698
     126     648                                                00010000D    699
     126       0               4       0                               0D    700
     126     652                                                00010000D    701
     126       0               3       0                               0D    702
     126     655                                                00010000D    703
     126       0               3       0                               0D    704
     126     658                                                00010000D    705
     126       0               3       0                               0D    706
     126     661                                                00010000D    707
     126       0               3       0                               0D    708
     126     664                                                00010000D    709
     126       0               3       0                               0D    710
     126     667                                                00010000D    711
     126       0               3       0                               0D    712
     126     670                                                00010000D    713
     126       0               3       0                               0D    714
     126     673                                                00010000D    715
     126       0               3       0                               0D    716
     126     676                                                00010000D    717
     126       0               3       0                               0D    718
     126     679                                                00010000D    719
     126       0               3       0                               0D    720
     126     682                                                00010000D    721
     126       0               3       0                               0D    722
     126     685                                                00010000D    723
     126       0               3       0                               0D    724
     126     688                                                00010000D    725
     126       0               3       0                               0D    726
     126     691                                                00010000D    727
     126       0               3       0                               0D    728
     126     694                                                00010000D    729
     126       0               3       0                               0D    730
     126     697                                                00010000D    731
     126       0               3       0                               0D    732
     126     700                                                00010000D    733
     126       0               3       0                               0D    734
     126     703                                                00010000D    735
     126       0               3       0                               0D    736
     126     706                                                00010000D    737
     126       0               3       0                               0D    738
     126     709                                                00010000D    739
     126       0               3       0                               0D    740
     126     712                                                00010000D    741
     126       0               3       0                               0D    742
     126     715                                                00010000D    743
     126       0               3       0                               0D    744
     126     718                                                00010000D    745
     126       0               3       0                               0D    746
     126     721                                                00010000D    747
     126       0               3       0                               0D    748
     126     724                                                00010000D    749
     126       0               3       0                               0D    750
     126     727                                                00010000D    751
     126       0               3       0                               0D    752
     126     730                                                00010000D    753
     126       0               3       0                               0D    754
     126     733                                                00010000D    755
     126       0               4       0                               0D    756
     126     737                                                00010000D    757
     126       0               4       0                               0D    758
     126     741                                                00010000D    759
     126       0               4       0                               0D    760
     126     745                                                00010000D    761
     126       0               3       0                               0D    762
     126     748                                                00010000D    763
     126       0               4       0                               0D    764
     126     752                                                00010000D    765
     126       0               3       0                               0D    766
     126     755                                                00010000D    767
     126       0               4       0                               0D    768
     126     759                                                00010000D    769
     126       0               3       0                               0D    770
     126     762                                                00010000D    771
     126       0               3       0                               0D    772
     126     765                                                00010000D    773
     126       0               3       0                               0D    774
     126     768                                                00010000D    775
     126       0               3       0                               0D    776
     126     771                                                00010000D    777
     126       0               3       0                               0D    778
     126     774                                                00010000D    779
     126       0               3       0                               0D    780
     126     777                                                00010000D    781
     126       0               3       0                               0D    782
     126     780                                                00010000D    783
     126       0               3       0                               0D    784
     126     783                                                00010000D    785
     126       0               3       0                               0D    786
     126     786                                                00010000D    787
     126       0               3       0                               0D    788
     126     789                                                00010000D    789
     126       0               3       0                               0D    790
     126     792                                                00010000D    791
     126       0               3       0                               0D    792
     126     795                                                00010000D    793
     126       0               3       0                               0D    794
     126     798                                                00010000D    795
     126       0               3       0                               0D    796
     126     801                                                00010000D    797
     126       0               3       0                               0D    798
     126     804                                                00010000D    799
     126       0               3       0                               0D    800
     126     807                                                00010000D    801
     126       0               3       0                               0D    802
     126     810                                                00010000D    803
     126       0               3       0                               0D    804
     126     813                                                00010000D    805
     126       0               4       0                               0D    806
     126     817                                                00010000D    807
     126       0               3       0                               0D    808
     126     820                                                00010000D    809
     126       0               4       0                               0D    810
     126     824                                                00010000D    811
     126       0               3       0                               0D    812
     126     827                                                00010000D    813
     126       0               4       0                               0D    814
     126     831                                                00010000D    815
     126       0               3       0                               0D    816
     126     834                                                00010000D    817
     126       0               4       0                               0D    818
     126     838                                                00010000D    819
     126       0               3       0                               0D    820
     126     841                                                00010000D    821
     126       0               3       0                               0D    822
     126     844                                                00010000D    823
     126       0               3       0                               0D    824
     126     847                                                00010000D    825
     126       0               3       0                               0D    826
     126     850                                                00010000D    827
     126       0               3       0                               0D    828
     126     853                                                00010000D    829
     126       0               3       0                               0D    830
     126     856                                                00010000D    831
     126       0               3       0                               0D    832
     126     859                                                00010000D    833
     126       0               3       0                               0D    834
     126     862                                                00010000D    835
     126       0               3       0                               0D    836
     126     865                                                00010000D    837
     126       0               3       0                               0D    838
     126     868                                                00010000D    839
     126       0               3       0                               0D    840
     126     871                                                00010000D    841
     126       0               3       0                               0D    842
     126     874                                                00010000D    843
     126       0               3       0                               0D    844
     126     877                                                00010000D    845
     126       0               3       0                               0D    846
     126     880                                                00010000D    847
     126       0               3       0                               0D    848
     126     883                                                00010000D    849
     126       0               3       0                               0D    850
     126     886                                                00010000D    851
     126       0               3       0                               0D    852
     126     889                                                00010000D    853
     126       0               3       0                               0D    854
     126     892                                                00010000D    855
     126       0               3       0                               0D    856
     126     895                                                00010000D    857
     126       0               3       0                               0D    858
     126     898                                                00010000D    859
     126       0               4       0                               0D    860
     126     902                                                00010000D    861
     126       0               3       0                               0D    862
     126     905                                                00010000D    863
     126       0               3       0                               0D    864
     126     908                                                00010000D    865
     126       0               3       0                               0D    866
     126     911                                                00010000D    867
     126       0               4       0                               0D    868
     126     915                                                00010000D    869
     126       0               3       0                               0D    870
     126     918                                                00010000D    871
     126       0               3       0                               0D    872
     126     921                                                00010000D    873
     126       0               3       0                               0D    874
     126     924                                                00010000D    875
     126       0               4       0                               0D    876
     126     928                                                00010000D    877
     126       0               3       0                               0D    878
     126     931                                                00010000D    879
     126       0               3       0                               0D    880
     126     934                                                00010000D    881
     126       0               3       0                               0D    882
     126     937                                                00010000D    883
     126       0               4       0                               0D    884
     126     941                                                00010000D    885
     126       0               3       0                               0D    886
     126     944                                                00010000D    887
     126       0               4       0                               0D    888
     126     948                                                00010000D    889
     126       0               3       0                               0D    890
     126     951                                                00010000D    891
     126       0               3       0                               0D    892
     126     954                                                00010000D    893
     126       0               3       0                               0D    894
     126     957                                                00010000D    895
     126       0               3       0                               0D    896
     126     960                                                00010000D    897
     126       0               3       0                               0D    898
     126     963                                                00010000D    899
     126       0               3       0                               0D    900
     126     966                                                00010000D    901
     126       0               3       0                               0D    902
     126     969                                                00010000D    903
     126       0               3       0                               0D    904
     126     972                                                00010000D    905
     126       0               3       0                               0D    906
     126     975                                                00010000D    907
     126       0              10       0                               0D    908
     126     985                                                00010000D    909
     126       0               6       0                               0D    910
     126     991                                                00010000D    911
     126       0               3       0                               0D    912
     126     994                                                00010000D    913
     126       0              10       0                               0D    914
     126    1004                                                00010000D    915
     126       0               6       0                               0D    916
     126    1010                                                00010000D    917
     126       0               3       0                               0D    918
     126    1013                                                00010000D    919
     126       0              10       0                               0D    920
     126    1023                                                00010000D    921
     126       0               6       0                               0D    922
     126    1029                                                00010000D    923
     126       0               3       0                               0D    924
     126    1032                                                00010000D    925
     126       0               3       0                               0D    926
     126    1035                                                00010000D    927
     126       0               3       0                               0D    928
     126    1038                                                00010000D    929
     126       0               3       0                               0D    930
     126    1041                                                00010000D    931
     126       0               3       0                               0D    932
     126    1044                                                00010000D    933
     126       0               3       0                               0D    934
     126    1047                                                00010000D    935
     126       0               3       0                               0D    936
     126    1050                                                00010000D    937
     126       0               3       0                               0D    938
     126    1053                                                00010000D    939
     126       0               3       0                               0D    940
     126    1056                                                00010000D    941
     126       0               3       0                               0D    942
     126    1059                                                00010000D    943
     126       0               3       0                               0D    944
     126    1062                                                00010000D    945
     126       0               3       0                               0D    946
     126    1065                                                00010000D    947
     126       0               3       0                               0D    948
     126    1068                                                00010000D    949
     126       0               3       0                               0D    950
     126    1071                                                00010000D    951
     126       0               3       0                               0D    952
     126    1074                                                00010000D    953
     126       0               3       0                               0D    954
     126    1077                                                00010000D    955
     126       0               2       0                               0D    956
     126    1079                                                00010000D    957
     126       0               2       0                               0D    958
     126    1081                                                00010000D    959
     126       0               2       0                               0D    960
     126    1083                                                00010000D    961
     126       0               2       0                               0D    962
     126    1085                                                00010000D    963
     126       0               2       0                               0D    964
     126    1087                                                00010000D    965
     126       0               2       0                               0D    966
     126    1089                                                00010000D    967
     126       0               2       0                               0D    968
     126    1091                                                00010000D    969
     126       0               2       0                               0D    970
     126    1093                                                00010000D    971
     126       0               2       0                               0D    972
     126    1095                                                00010000D    973
     126       0               2       0                               0D    974
     126    1097                                                00010000D    975
     126       0               2       0                               0D    976
     126    1099                                                00010000D    977
     126       0               2       0                               0D    978
     126    1101                                                00010000D    979
     126       0               2       0                               0D    980
     126    1103                                                00010000D    981
     126       0               2       0                               0D    982
     126    1105                                                00010000D    983
     126       0               2       0                               0D    984
     126    1107                                                00010000D    985
     126       0               3       0                               0D    986
     126    1110                                                00010000D    987
     126       0               5       0                               0D    988
     126    1115                                                00010000D    989
     126       0               3       0                               0D    990
     126    1118                                                00010000D    991
     126       0               2       0                               0D    992
     126    1120                                                00010000D    993
     126       0               3       0                               0D    994
     126    1123                                                00010000D    995
     126       0               4       0                               0D    996
     126    1127                                                00010000D    997
     126       0               3       0                               0D    998
     126    1130                                                00010000D    999
     126       0               2       0                               0D   1000
     126    1132                                                00010000D   1001
     126       0               2       0                               0D   1002
     126    1134                                                00010000D   1003
     126       0               2       0                               0D   1004
     126    1136                                                00010000D   1005
     126       0               2       0                               0D   1006
     126    1138                                                00010000D   1007
     126       0               2       0                               0D   1008
     126    1140                                                00010000D   1009
     126       0               2       0                               0D   1010
     126    1142                                                00010000D   1011
     126       0               2       0                               0D   1012
     126    1144                                                00010000D   1013
     126       0               2       0                               0D   1014
     126    1146                                                00010000D   1015
     126       0               2       0                               0D   1016
     126    1148                                                00010000D   1017
     126       0               2       0                               0D   1018
     126    1150                                                00010000D   1019
     126       0               2       0                               0D   1020
     126    1152                                                00010000D   1021
     126       0               2       0                               0D   1022
     126    1154                                                00010000D   1023
     126       0               2       0                               0D   1024
     126    1156                                                00010000D   1025
     126       0               2       0                               0D   1026
     126    1158                                                00010000D   1027
     126       0               2       0                               0D   1028
     126    1160                                                00010000D   1029
     126       0               2       0                               0D   1030
     126    1162                                                00010000D   1031
     126       0               2       0                               0D   1032
     126    1164                                                00010000D   1033
     126       0               2       0                               0D   1034
     126    1166                                                00010000D   1035
     126       0               2       0                               0D   1036
     126    1168                                                00010000D   1037
     126       0               3       0                               0D   1038
     126    1171                                                00010000D   1039
     126       0               3       0                               0D   1040
     126    1174                                                00010000D   1041
     126       0               2       0                               0D   1042
     126    1176                                                00010000D   1043
     126       0               3       0                               0D   1044
     126    1179                                                00010000D   1045
     126       0               2       0                               0D   1046
     126    1181                                                00010000D   1047
     126       0               2       0                               0D   1048
     126    1183                                                00010000D   1049
     126       0               3       0                               0D   1050
     126    1186                                                00010000D   1051
     126       0               2       0                               0D   1052
     126    1188                                                00010000D   1053
     126       0               3       0                               0D   1054
     126    1191                                                00010000D   1055
     126       0               2       0                               0D   1056
     126    1193                                                00010000D   1057
     126       0               3       0                               0D   1058
     126    1196                                                00010000D   1059
     126       0               2       0                               0D   1060
     126    1198                                                00010000D   1061
     126       0               2       0                               0D   1062
     126    1200                                                00010000D   1063
     126       0               2       0                               0D   1064
     126    1202                                                00010000D   1065
     126       0               2       0                               0D   1066
     126    1204                                                00010000D   1067
     126       0               2       0                               0D   1068
     126    1206                                                00010000D   1069
     126       0               2       0                               0D   1070
     126    1208                                                00010000D   1071
     126       0               2       0                               0D   1072
     126    1210                                                00010000D   1073
     126       0               2       0                               0D   1074
     126    1212                                                00010000D   1075
     126       0               2       0                               0D   1076
     126    1214                                                00010000D   1077
     126       0               3       0                               0D   1078
     126    1217                                                00010000D   1079
     126       0               2       0                               0D   1080
     126    1219                                                00010000D   1081
     126       0               2       0                               0D   1082
     126    1221                                                00010000D   1083
     126       0               2       0                               0D   1084
     126    1223                                                00010000D   1085
     126       0               2       0                               0D   1086
     126    1225                                                00010000D   1087
     126       0               2       0                               0D   1088
     126    1227                                                00010000D   1089
     126       0               2       0                               0D   1090
     126    1229                                                00010000D   1091
     126       0               5       0                               0D   1092
     126    1234                                                00010000D   1093
     126       0               2       0                               0D   1094
     126    1236                                                00010000D   1095
     126       0               5       0                               0D   1096
     126    1241                                                00010000D   1097
     126       0               5       0                               0D   1098
     126    1246                                                00010000D   1099
     126       0               2       0                               0D   1100
     126    1248                                                00010000D   1101
     126       0               2       0                               0D   1102
     126    1250                                                00010000D   1103
     126       0               2       0                               0D   1104
     126    1252                                                00010000D   1105
     126       0               2       0                               0D   1106
     126    1254                                                00010000D   1107
     126       0               2       0                               0D   1108
     126    1256                                                00010000D   1109
     126       0               2       0                               0D   1110
     126    1258                                                00010000D   1111
     126       0               2       0                               0D   1112
     126    1260                                                00010000D   1113
     126       0               2       0                               0D   1114
     126    1262                                                00010000D   1115
     126       0               2       0                               0D   1116
     126    1264                                                00010000D   1117
     126       0               2       0                               0D   1118
     126    1266                                                00010000D   1119
     126       0               2       0                               0D   1120
     126    1268                                                00010000D   1121
     126       0               2       0                               0D   1122
     126    1270                                                00010000D   1123
     126       0               2       0                               0D   1124
     126    1272                                                00010000D   1125
     126       0               2       0                               0D   1126
     126    1274                                                00010000D   1127
     126       0               2       0                               0D   1128
     126    1276                                                00010000D   1129
     126       0               4       0                               0D   1130
     126    1280                                                00010000D   1131
     126       0               3       0                               0D   1132
     126    1283                                                00010000D   1133
     126       0               2       0                               0D   1134
     126    1285                                                00010000D   1135
     126       0               4       0                               0D   1136
     126    1289                                                00010000D   1137
     126       0               2       0                               0D   1138
     126    1291                                                00010000D   1139
     126       0               2       0                               0D   1140
     126    1293                                                00010000D   1141
     126       0               2       0                               0D   1142
     126    1295                                                00010000D   1143
     126       0               4       0                               0D   1144
     126    1299                                                00010000D   1145
     126       0               2       0                               0D   1146
     126    1301                                                00010000D   1147
     126       0               3       0                               0D   1148
     126    1304                                                00010000D   1149
     126       0               2       0                               0D   1150
     126    1306                                                00010000D   1151
     126       0               2       0                               0D   1152
     126    1308                                                00010000D   1153
     126       0               2       0                               0D   1154
     126    1310                                                00010000D   1155
     126       0               2       0                               0D   1156
     126    1312                                                00010000D   1157
     126       0               2       0                               0D   1158
     126    1314                                                00010000D   1159
     126       0               2       0                               0D   1160
     126    1316                                                00010000D   1161
     126       0               2       0                               0D   1162
     126    1318                                                00010000D   1163
     126       0               2       0                               0D   1164
     126    1320                                                00010000D   1165
     126       0               2       0                               0D   1166
     126    1322                                                00010000D   1167
     126       0               2       0                               0D   1168
     126    1324                                                00010000D   1169
     126       0               3       0                               0D   1170
     126    1327                                                00010000D   1171
     126       0               2       0                               0D   1172
     126    1329                                                00010000D   1173
     126       0               2       0                               0D   1174
     126    1331                                                00010000D   1175
     126       0               2       0                               0D   1176
     126    1333                                                00010000D   1177
     126       0               3       0                               0D   1178
     126    1336                                                00010000D   1179
     126       0               2       0                               0D   1180
     126    1338                                                00010000D   1181
     126       0               2       0                               0D   1182
     126    1340                                                00010000D   1183
     126       0               2       0                               0D   1184
     126    1342                                                00010000D   1185
     126       0               2       0                               0D   1186
     126    1344                                                00010000D   1187
     126       0               2       0                               0D   1188
     126    1346                                                00010000D   1189
     126       0               2       0                               0D   1190
     126    1348                                                00010000D   1191
     126       0               2       0                               0D   1192
     126    1350                                                00010000D   1193
     126       0               2       0                               0D   1194
     126    1352                                                00010000D   1195
     126       0               3       0                               0D   1196
     126    1355                                                00010000D   1197
     126       0               3       0                               0D   1198
     126    1358                                                00010000D   1199
     126       0               2       0                               0D   1200
     126    1360                                                00010000D   1201
     126       0               2       0                               0D   1202
     126    1362                                                00010000D   1203
     126       0               2       0                               0D   1204
     126    1364                                                00010000D   1205
     126       0               2       0                               0D   1206
     126    1366                                                00010000D   1207
     126       0               2       0                               0D   1208
     126    1368                                                00010000D   1209
     126       0               2       0                               0D   1210
     126    1370                                                00010000D   1211
     126       0               2       0                               0D   1212
     126    1372                                                00010000D   1213
     126       0               2       0                               0D   1214
     126    1374                                                00010000D   1215
     126       0               2       0                               0D   1216
     126    1376                                                00010000D   1217
     126       0               2       0                               0D   1218
     126    1378                                                00010000D   1219
     126       0               2       0                               0D   1220
     126    1380                                                00010000D   1221
     126       0               2       0                               0D   1222
     126    1382                                                00010000D   1223
     126       0               2       0                               0D   1224
     126    1384                                                00010000D   1225
     126       0               2       0                               0D   1226
     126    1386                                                00010000D   1227
     126       0               2       0                               0D   1228
     126    1388                                                00010000D   1229
     126       0               2       0                               0D   1230
     126    1390                                                00010000D   1231
     126       0               2       0                               0D   1232
     126    1392                                                00010000D   1233
     126       0               2       0                               0D   1234
     126    1394                                                00010000D   1235
     126       0               2       0                               0D   1236
     126    1396                                                00010000D   1237
     126       0               2       0                               0D   1238
     126    1398                                                00010000D   1239
     126       0               2       0                               0D   1240
     128    1400                                                00010000D   1241
     128       0   -1503       9       0                               0D   1242
     128    1409                                                00010000D   1243
     128       0   -1503       5       0                               0D   1244
     128    1414                                                00010000D   1245
     128       0   -1503       5       0                               0D   1246
     128    1419                                                00010000D   1247
     128       0   -1503       9       0                               0D   1248
     128    1428                                                00010000D   1249
     128       0   -1503       6       0                               0D   1250
     128    1434                                                00010000D   1251
     128       0   -1503       5       0                               0D   1252
     128    1439                                                00010000D   1253
     128       0   -1503       5       0                               0D   1254
     128    1444                                                00010000D   1255
     128       0   -1503       5       0                               0D   1256
     128    1449                                                00010000D   1257
     128       0   -1503       5       0                               0D   1258
     128    1454                                                00010000D   1259
     128       0   -1503       5       0                               0D   1260
     128    1459                                                00010000D   1261
     128       0   -1503       5       0                               0D   1262
     128    1464                                                00010000D   1263
     128       0   -1503       5       0                               0D   1264
     128    1469                                                00010000D   1265
     128       0   -1503       5       0                               0D   1266
     128    1474                                                00010000D   1267
     128       0   -1503       5       0                               0D   1268
     128    1479                                                00010000D   1269
     128       0   -1503       5       0                               0D   1270
     128    1484                                                00010000D   1271
     128       0   -1503       5       0                               0D   1272
     128    1489                                                00010000D   1273
     128       0   -1503       5       0                               0D   1274
     128    1494                                                00010000D   1275
     128       0   -1503       5       0                               0D   1276
     128    1499                                                00010000D   1277
     128       0   -1503       5       0                               0D   1278
     128    1504                                                00010000D   1279
     128       0   -1503       5       0                               0D   1280
     128    1509                                                00010000D   1281
     128       0   -1503       5       0                               0D   1282
     128    1514                                                00010000D   1283
     128       0   -1503       5       0                               0D   1284
     128    1519                                                00010000D   1285
     128       0   -1503       5       0                               0D   1286
     128    1524                                                00010000D   1287
     128       0   -1503       5       0                               0D   1288
     128    1529                                                00010000D   1289
     128       0   -1503       5       0                               0D   1290
     128    1534                                                00010000D   1291
     128       0   -1503       5       0                               0D   1292
     128    1539                                                00010000D   1293
     128       0   -1503       5       0                               0D   1294
     128    1544                                                00010000D   1295
     128       0   -1503       5       0                               0D   1296
     128    1549                                                00010000D   1297
     128       0   -1503       6       0                               0D   1298
     128    1555                                                00010000D   1299
     128       0   -1503       5       0                               0D   1300
     128    1560                                                00010000D   1301
     128       0   -1503       5       0                               0D   1302
     128    1565                                                00010000D   1303
     128       0   -1503       5       0                               0D   1304
     128    1570                                                00010000D   1305
     128       0   -1503       5       0                               0D   1306
     128    1575                                                00010000D   1307
     128       0   -1503       5       0                               0D   1308
     128    1580                                                00010000D   1309
     128       0   -1503       5       0                               0D   1310
     128    1585                                                00010000D   1311
     128       0   -1503       5       0                               0D   1312
     128    1590                                                00010000D   1313
     128       0   -1503       5       0                               0D   1314
     128    1595                                                00010000D   1315
     128       0   -1503       5       0                               0D   1316
     128    1600                                                00010000D   1317
     128       0   -1503       5       0                               0D   1318
     128    1605                                                00010000D   1319
     128       0   -1503       5       0                               0D   1320
     128    1610                                                00010000D   1321
     128       0   -1503       5       0                               0D   1322
     128    1615                                                00010000D   1323
     128       0   -1503       6       0                               0D   1324
     128    1621                                                00010000D   1325
     128       0   -1503       5       0                               0D   1326
     128    1626                                                00010000D   1327
     128       0   -1503       6       0                               0D   1328
     128    1632                                                00010000D   1329
     128       0   -1503       5       0                               0D   1330
     128    1637                                                00010000D   1331
     128       0   -1503       5       0                               0D   1332
     128    1642                                                00010000D   1333
     128       0   -1503       5       0                               0D   1334
     128    1647                                                00010000D   1335
     128       0   -1503       6       0                               0D   1336
     128    1653                                                00010000D   1337
     128       0   -1503       5       0                               0D   1338
     128    1658                                                00010000D   1339
     128       0   -1503       5       0                               0D   1340
     128    1663                                                00010000D   1341
     128       0   -1503      21       0                               0D   1342
     128    1684                                                00010000D   1343
     128       0   -1503      21       0                               0D   1344
     128    1705                                                00010000D   1345
     128       0   -1503      21       0                               0D   1346
     128    1726                                                00010000D   1347
     128       0   -1503       5       0                               0D   1348
     128    1731                                                00010000D   1349
     128       0   -1503       5       0                               0D   1350
     128    1736                                                00010000D   1351
     128       0   -1503       5       0                               0D   1352
     128    1741                                                00010000D   1353
     128       0   -1503       5       0                               0D   1354
     128    1746                                                00010000D   1355
     128       0   -1503       5       0                               0D   1356
     128    1751                                                00010000D   1357
     128       0   -1503       5       0                               0D   1358
     128    1756                                                00010000D   1359
     128       0   -1503       5       0                               0D   1360
     128    1761                                                00010000D   1361
     128       0   -1503       5       0                               0D   1362
     128    1766                                                00010000D   1363
     128       0   -1503       5       0                               0D   1364
     128    1771                                                00010000D   1365
     128       0   -1503       5       0                               0D   1366
     128    1776                                                00010000D   1367
     128       0   -1503       5       0                               0D   1368
     128    1781                                                00010000D   1369
     128       0   -1503       3       0                               0D   1370
     128    1784                                                00010000D   1371
     128       0   -1503       3       0                               0D   1372
     128    1787                                                00010000D   1373
     128       0   -1503       3       0                               0D   1374
     128    1790                                                00010000D   1375
     128       0   -1503       3       0                               0D   1376
     128    1793                                                00010000D   1377
     128       0   -1503       3       0                               0D   1378
     128    1796                                                00010000D   1379
     128       0   -1503       3       0                               0D   1380
     128    1799                                                00010000D   1381
     128       0   -1503       3       0                               0D   1382
     128    1802                                                00010000D   1383
     128       0   -1503       4       0                               0D   1384
     128    1806                                                00010000D   1385
     128       0   -1503       4       0                               0D   1386
     128    1810                                                00010000D   1387
     128       0   -1503       4       0                               0D   1388
     128    1814                                                00010000D   1389
     128       0   -1503       4       0                               0D   1390
     128    1818                                                00010000D   1391
     128       0   -1503       3       0                               0D   1392
     128    1821                                                00010000D   1393
     128       0   -1503       3       0                               0D   1394
     128    1824                                                00010000D   1395
     128       0   -1503       3       0                               0D   1396
     128    1827                                                00010000D   1397
     128       0   -1503       3       0                               0D   1398
     128    1830                                                00010000D   1399
     128       0   -1503       3       0                               0D   1400
     128    1833                                                00010000D   1401
     128       0   -1503       3       0                               0D   1402
     128    1836                                                00010000D   1403
     128       0   -1503       3       0                               0D   1404
     128    1839                                                00010000D   1405
     128       0   -1503       3       0                               0D   1406
     128    1842                                                00010000D   1407
     128       0   -1503       7       0                               0D   1408
     128    1849                                                00010000D   1409
     128       0   -1503       7       0                               0D   1410
     128    1856                                                00010000D   1411
     128       0   -1503       4       0                               0D   1412
     128    1860                                                00010000D   1413
     128       0   -1503       4       0                               0D   1414
     128    1864                                                00010000D   1415
     128       0   -1503       3       0                               0D   1416
     128    1867                                                00010000D   1417
     128       0   -1503       4       0                               0D   1418
     128    1871                                                00010000D   1419
     128       0   -1503       4       0                               0D   1420
     128    1875                                                00010000D   1421
     128       0   -1503       6       0                               0D   1422
     128    1881                                                00010000D   1423
     128       0   -1503       4       0                               0D   1424
     128    1885                                                00010000D   1425
     128       0   -1503       4       0                               0D   1426
     128    1889                                                00010000D   1427
     128       0   -1503       4       0                               0D   1428
     128    1893                                                00010000D   1429
     128       0   -1503       6       0                               0D   1430
     128    1899                                                00010000D   1431
     128       0   -1503       3       0                               0D   1432
     128    1902                                                00010000D   1433
     128       0   -1503       3       0                               0D   1434
     128    1905                                                00010000D   1435
     128       0   -1503       3       0                               0D   1436
     128    1908                                                00010000D   1437
     128       0   -1503       3       0                               0D   1438
     128    1911                                                00010000D   1439
     128       0   -1503       3       0                               0D   1440
     128    1914                                                00010000D   1441
     128       0   -1503       3       0                               0D   1442
     128    1917                                                00010000D   1443
     128       0   -1503       4       0                               0D   1444
     128    1921                                                00010000D   1445
     128       0   -1503       4       0                               0D   1446
     128    1925                                                00010000D   1447
     128       0   -1503       4       0                               0D   1448
     128    1929                                                00010000D   1449
     128       0   -1503       4       0                               0D   1450
     128    1933                                                00010000D   1451
     128       0   -1503       4       0                               0D   1452
     128    1937                                                00010000D   1453
     128       0   -1503       4       0                               0D   1454
     128    1941                                                00010000D   1455
     128       0   -1503       4       0                               0D   1456
     128    1945                                                00010000D   1457
     128       0   -1503       4       0                               0D   1458
     128    1949                                                00010000D   1459
     128       0   -1503       4       0                               0D   1460
     128    1953                                                00010000D   1461
     128       0   -1503       4       0                               0D   1462
     128    1957                                                00010000D   1463
     128       0   -1503       3       0                               0D   1464
     128    1960                                                00010000D   1465
     128       0   -1503       3       0                               0D   1466
     128    1963                                                00010000D   1467
     128       0   -1503       3       0                               0D   1468
     128    1966                                                00010000D   1469
     128       0   -1503       3       0                               0D   1470
     128    1969                                                00010000D   1471
     128       0   -1503       4       0                               0D   1472
     128    1973                                                00010000D   1473
     128       0   -1503       4       0                               0D   1474
     502    1977                                                00010000D   1475
     502                      89       1                               0D   1476
     502    2066                                                00010000D   1477
     502                      19       1                               0D   1478
     502    2085                                                00010000D   1479
     502                       8       1                               0D   1480
     502    2093                                                00010000D   1481
     502                       2       1                               0D   1482
     504    2095                                                00010001D   1483
     504                      67       1                               0D   1484
     504    2162                                                00010001D   1485
     504                      36       1                               0D   1486
     504    2198                                                00010001D   1487
     504                       8       1                               0D   1488
     504    2206                                                00010001D   1489
     504                       4       1                               0D   1490
     406    2210                                                00000000D   1491
     406                       1      15                               0D   1492
     406    2211                                                00000000D   1493
     406                       1      15                               0D   1494
     406    2212                                                00000000D   1495
     406                       1      15                               0D   1496
     406    2213                                                00000000D   1497
     406                       1      15                               0D   1498
     406    2214                                                00000000D   1499
     406                       1      15                               0D   1500
     406    2215                                                00000000D   1501
     406                       1      15                               0D   1502
     314    2216                                                00000200D   1503
     314                       2       0                               0D   1504
124,-1.,-1.11022302462516D-16,-2.60902410786913D-15,                   1P      1
53.6887188782662,2.60902410786912D-15,-2.22044604925026D-16,-1.,       1P      2
7.29999999999993,1.11022302462516D-16,-0.999999999999999,              1P      3
-2.24948617504431D-31,42.3736882379362;                                1P      4
124,-1.,0.,6.12323399573677D-17,50.0940971507503,                      3P      5
-6.12323399573677D-17,-6.12323399573677D-17,-1.,2.2,                   3P      6
3.74939945665464D-33,-1.,6.12323399573677D-17,31.2236882379362;        3P      7
124,1.,-6.66133814775095D-16,4.38442259523399D-16,                     5P      8
22.5387188782662,-3.03444994000224D-31,6.12323399573676D-17,           5P      9
0.999999999999998,-3.89999999999999,1.33226762955019D-15,              5P     10
-0.999999999999998,-4.56158389093861D-16,19.8486882379362;             5P     11
124,1.,-5.55111512312603D-17,-1.39314066772494D-16,                    7P     12
-17.4612811217338,-6.73223543322574D-31,6.12323399573677D-17,          7P     13
-1.,15.2,-1.33226762955019D-15,0.999999999999998,                      7P     14
9.58042936979499D-16,0.0986882379362086;                               7P     15
408,19,0.,0.,0.,1.,0,1,1493;                                           9P     16
408,21,0.,0.,0.,1.,0,1,1495;                                          11P     17
408,23,0.,0.,0.,1.,0,1,1497;                                          13P     18
408,25,0.,0.,0.,1.,0,1,1499;                                          15P     19
408,25,0.,0.,0.,1.,0,1,1501;                                          17P     20
308,0,16HCanal - base v22,1,27;                                       19P     21
308,0,23HCanal - middle plate v8,1,29;                                21P     22
308,0,20HCanal - top plate v3,1,31;                                   23P     23
308,0,18HCanal - blocker v2,1,33;                                     25P     24
186,35,1,0,0,1,1491;                                                  27P     25
186,37,1,0,0,1,1491;                                                  29P     26
186,39,1,0,0,1,1491;                                                  31P     27
186,41,1,0,0,1,1491;                                                  33P     28
514,64,43,1,45,1,47,1,49,1,51,1,53,1,55,1,57,1,59,1,61,1,63,1,        35P     29
65,1,67,1,69,1,71,1,73,1,75,1,77,1,79,1,81,1,83,1,85,1,87,1,89,       35P     30
1,91,1,93,1,95,1,97,1,99,1,101,1,103,1,105,1,107,1,109,1,111,1,       35P     31
113,1,115,1,117,1,119,1,121,1,123,1,125,1,127,1,129,1,131,1,133,      35P     32
1,135,1,137,1,139,1,141,1,143,1,145,1,147,1,149,1,151,1,153,1,        35P     33
155,1,157,1,159,1,161,1,163,1,165,1,167,1,169,1;                      35P     34
514,37,171,1,173,1,175,1,177,1,179,1,181,1,183,1,185,1,187,1,         37P     35
189,1,191,1,193,1,195,1,197,1,199,1,201,1,203,1,205,1,207,1,209,      37P     36
1,211,1,213,1,215,1,217,1,219,1,221,1,223,1,225,1,227,1,229,1,        37P     37
231,1,233,1,235,1,237,1,239,1,241,1,243,1;                            37P     38
514,10,245,1,247,1,249,1,251,1,253,1,255,1,257,1,259,1,261,1,         39P     39
263,1;                                                                39P     40
514,6,265,1,267,1,269,1,271,1,273,1,275,1;                            41P     41
510,1241,1,1,277;                                                     43P     42
510,1243,4,1,279,281,283,285;                                         45P     43
510,1245,4,1,287,289,291,293;                                         47P     44
510,1247,1,1,295;                                                     49P     45
510,1249,1,1,297;                                                     51P     46
510,1251,1,1,299;                                                     53P     47
510,1253,1,1,301;                                                     55P     48
510,1255,1,1,303;                                                     57P     49
510,1257,1,1,305;                                                     59P     50
510,1259,1,1,307;                                                     61P     51
510,1261,1,1,309;                                                     63P     52
510,1263,1,1,311;                                                     65P     53
510,1265,1,1,313;                                                     67P     54
510,1267,1,1,315;                                                     69P     55
510,1269,1,1,317;                                                     71P     56
510,1271,1,1,319;                                                     73P     57
510,1273,1,1,321;                                                     75P     58
510,1275,1,1,323;                                                     77P     59
510,1277,1,1,325;                                                     79P     60
510,1279,4,1,327,329,331,333;                                         81P     61
510,1281,1,1,335;                                                     83P     62
510,1283,1,1,337;                                                     85P     63
510,1285,4,1,339,341,343,345;                                         87P     64
510,1287,1,1,347;                                                     89P     65
510,1289,1,1,349;                                                     91P     66
510,1291,1,1,351;                                                     93P     67
510,1293,1,1,353;                                                     95P     68
510,1295,2,1,355,357;                                                 97P     69
510,1297,1,1,359;                                                     99P     70
510,1299,1,1,361;                                                    101P     71
510,1301,1,1,363;                                                    103P     72
510,1303,1,1,365;                                                    105P     73
510,1305,1,1,367;                                                    107P     74
510,1307,1,1,369;                                                    109P     75
510,1309,1,1,371;                                                    111P     76
510,1311,1,1,373;                                                    113P     77
510,1313,1,1,375;                                                    115P     78
510,1315,1,1,377;                                                    117P     79
510,1317,1,1,379;                                                    119P     80
510,1319,1,1,381;                                                    121P     81
510,1321,1,1,383;                                                    123P     82
510,1323,1,1,385;                                                    125P     83
510,1325,1,1,387;                                                    127P     84
510,1327,1,1,389;                                                    129P     85
510,1329,1,1,391;                                                    131P     86
510,1331,1,1,393;                                                    133P     87
510,1333,1,1,395;                                                    135P     88
510,1335,1,1,397;                                                    137P     89
510,1337,1,1,399;                                                    139P     90
510,1339,1,1,401;                                                    141P     91
510,1341,1,1,403;                                                    143P     92
510,1343,1,1,405;                                                    145P     93
510,1345,1,1,407;                                                    147P     94
510,1347,1,1,409;                                                    149P     95
510,1349,1,1,411;                                                    151P     96
510,1351,1,1,413;                                                    153P     97
510,1353,1,1,415;                                                    155P     98
510,1355,1,1,417;                                                    157P     99
510,1357,1,1,419;                                                    159P    100
510,1359,1,1,421;                                                    161P    101
510,1361,1,1,423;                                                    163P    102
510,1363,1,1,425;                                                    165P    103
510,1365,4,1,427,429,431,433;                                        167P    104
510,1367,1,1,435;                                                    169P    105
510,1369,1,1,437;                                                    171P    106
510,1371,1,1,439;                                                    173P    107
510,1373,1,1,441;                                                    175P    108
510,1375,1,1,443;                                                    177P    109
510,1377,1,1,445;                                                    179P    110
510,1379,3,1,447,449,451;                                            181P    111
510,1381,1,1,453;                                                    183P    112
510,1383,1,1,455;                                                    185P    113
510,1385,1,1,457;                                                    187P    114
510,1387,1,1,459;                                                    189P    115
510,1389,1,1,461;                                                    191P    116
510,1391,1,1,463;                                                    193P    117
510,1393,1,1,465;                                                    195P    118
510,1395,1,1,467;                                                    197P    119
510,1397,1,1,469;                                                    199P    120
510,1399,1,1,471;                                                    201P    121
510,1401,1,1,473;                                                    203P    122
510,1403,1,1,475;                                                    205P    123
510,1405,1,1,477;                                                    207P    124
510,1407,1,1,479;                                                    209P    125
510,1409,1,1,481;                                                    211P    126
510,1411,3,1,483,485,487;                                            213P    127
510,1413,1,1,489;                                                    215P    128
510,1415,1,1,491;                                                    217P    129
510,1417,1,1,493;                                                    219P    130
510,1419,1,1,495;                                                    221P    131
510,1421,1,1,497;                                                    223P    132
510,1423,1,1,499;                                                    225P    133
510,1425,1,1,501;                                                    227P    134
510,1427,1,1,503;                                                    229P    135
510,1429,1,1,505;                                                    231P    136
510,1431,1,1,507;                                                    233P    137
510,1433,1,1,509;                                                    235P    138
510,1435,1,1,511;                                                    237P    139
510,1437,1,1,513;                                                    239P    140
510,1439,1,1,515;                                                    241P    141
510,1441,2,1,517,519;                                                243P    142
510,1443,1,1,521;                                                    245P    143
510,1445,1,1,523;                                                    247P    144
510,1447,1,1,525;                                                    249P    145
510,1449,1,1,527;                                                    251P    146
510,1451,1,1,529;                                                    253P    147
510,1453,1,1,531;                                                    255P    148
510,1455,1,1,533;                                                    257P    149
510,1457,1,1,535;                                                    259P    150
510,1459,1,1,537;                                                    261P    151
510,1461,1,1,539;                                                    263P    152
510,1463,1,1,541;                                                    265P    153
510,1465,1,1,543;                                                    267P    154
510,1467,1,1,545;                                                    269P    155
510,1469,1,1,547;                                                    271P    156
510,1471,1,1,549;                                                    273P    157
510,1473,1,1,551;                                                    275P    158
508,4,0,1483,1,1,0,0,1483,2,1,0,0,1483,3,1,0,0,1483,4,1,0;           277P    159
508,18,0,1483,3,0,0,0,1483,5,0,0,0,1483,6,0,0,0,1483,7,0,0,0,        279P    160
1483,8,1,0,0,1483,9,1,0,0,1483,10,1,0,0,1483,11,1,0,0,1483,12,1,     279P    161
0,0,1483,13,0,0,0,1483,14,0,0,0,1483,15,1,0,0,1483,16,1,0,0,         279P    162
1483,17,1,0,0,1483,18,1,0,0,1483,19,1,0,0,1483,20,1,0,0,1483,21,     279P    163
1,0;                                                                 279P    164
508,4,0,1483,22,1,0,0,1483,23,1,0,0,1483,24,1,0,0,1483,25,1,0;       281P    165
508,4,0,1483,26,1,0,0,1483,27,1,0,0,1483,28,1,0,0,1483,29,1,0;       283P    166
508,4,0,1483,30,1,0,0,1483,31,1,0,0,1483,32,1,0,0,1483,33,1,0;       285P    167
508,4,0,1483,2,0,0,0,1483,34,1,0,0,1483,35,0,0,0,1483,5,1,0;         287P    168
508,1,0,1483,36,1,0;                                                 289P    169
508,1,0,1483,37,1,0;                                                 291P    170
508,1,0,1483,38,1,0;                                                 293P    171
508,4,0,1483,6,1,0,0,1483,35,1,0,0,1483,39,1,0,0,1483,40,1,0;        295P    172
508,4,0,1483,41,0,0,0,1483,42,0,0,0,1483,8,0,0,0,1483,43,0,0;        297P    173
508,4,0,1483,44,0,0,0,1483,45,0,0,0,1483,10,0,0,0,1483,46,1,0;       299P    174
508,4,0,1483,47,0,0,0,1483,48,0,0,0,1483,49,0,0,0,1483,50,1,0;       301P    175
508,4,0,1483,51,0,0,0,1483,52,0,0,0,1483,11,0,0,0,1483,45,1,0;       303P    176
508,8,0,1483,53,0,0,0,1483,54,0,0,0,1483,12,0,0,0,1483,52,1,0,0,     305P    177
1483,55,0,0,0,1483,56,0,0,0,1483,57,0,0,0,1483,58,1,0;               305P    178
508,4,0,1483,59,0,0,0,1483,58,0,0,0,1483,60,0,0,0,1483,48,1,0;       307P    179
508,4,0,1483,61,0,0,0,1483,62,1,0,0,1483,63,0,0,0,1483,64,0,0;       309P    180
508,4,0,1483,65,0,0,0,1483,66,1,0,0,1483,67,0,0,0,1483,62,0,0;       311P    181
508,8,0,1483,68,0,0,0,1483,69,0,0,0,1483,16,0,0,0,1483,70,0,0,0,     313P    182
1483,71,0,0,0,1483,66,0,0,0,1483,72,0,0,0,1483,73,0,0;               313P    183
508,4,0,1483,74,0,0,0,1483,75,0,0,0,1483,20,0,0,0,1483,76,1,0;       315P    184
508,4,0,1483,77,0,0,0,1483,78,0,0,0,1483,18,0,0,0,1483,79,1,0;       317P    185
508,4,0,1483,80,0,0,0,1483,79,0,0,0,1483,17,0,0,0,1483,69,1,0;       319P    186
508,12,0,1483,54,1,0,0,1483,81,0,0,0,1483,82,0,0,0,1483,83,1,0,      321P    187
0,1483,84,1,0,0,1483,85,1,0,0,1483,86,1,0,0,1483,87,1,0,0,1483,      321P    188
88,1,0,0,1483,89,1,0,0,1483,90,0,0,0,1483,13,1,0;                    321P    189
508,8,0,1483,91,1,0,0,1483,92,1,0,0,1483,93,0,0,0,1483,46,0,0,0,     323P    190
1483,9,0,0,0,1483,42,1,0,0,1483,94,0,0,0,1483,50,0,0;                323P    191
508,4,0,1483,56,1,0,0,1483,95,0,0,0,1483,96,1,0,0,1483,97,1,0;       325P    192
508,12,0,1483,49,1,0,0,1483,60,1,0,0,1483,57,1,0,0,1483,97,0,0,      327P    193
0,1483,98,1,0,0,1483,99,1,0,0,1483,72,1,0,0,1483,65,1,0,0,1483,      327P    194
61,1,0,0,1483,100,1,0,0,1483,101,1,0,0,1483,91,0,0;                  327P    195
508,4,0,1483,102,1,0,0,1483,103,1,0,0,1483,104,1,0,0,1483,105,1,     329P    196
0;                                                                   329P    197
508,4,0,1483,106,1,0,0,1483,107,1,0,0,1483,108,1,0,0,1483,109,1,     331P    198
0;                                                                   331P    199
508,4,0,1483,110,1,0,0,1483,111,1,0,0,1483,112,1,0,0,1483,113,1,     333P    200
0;                                                                   333P    201
508,8,0,1483,114,1,0,0,1483,115,1,0,0,1483,100,0,0,0,1483,64,1,      335P    202
0,0,1483,116,0,0,0,1483,76,0,0,0,1483,19,0,0,0,1483,78,1,0;          335P    203
508,4,0,1483,73,1,0,0,1483,99,0,0,0,1483,117,1,0,0,1483,118,1,0;     337P    204
508,18,0,1483,1,0,0,0,1483,119,0,0,0,1483,74,1,0,0,1483,116,1,0,     339P    205
0,1483,63,1,0,0,1483,67,1,0,0,1483,71,1,0,0,1483,120,0,0,0,1483,     339P    206
121,0,0,0,1483,81,1,0,0,1483,53,1,0,0,1483,59,1,0,0,1483,47,1,0,     339P    207
0,1483,94,1,0,0,1483,41,1,0,0,1483,122,1,0,0,1483,39,0,0,0,1483,     339P    208
34,0,0;                                                              339P    209
508,4,0,1483,123,1,0,0,1483,124,1,0,0,1483,125,1,0,0,1483,126,1,     341P    210
0;                                                                   341P    211
508,4,0,1483,127,1,0,0,1483,128,1,0,0,1483,129,1,0,0,1483,130,1,     343P    212
0;                                                                   343P    213
508,4,0,1483,131,1,0,0,1483,132,1,0,0,1483,133,1,0,0,1483,134,1,     345P    214
0;                                                                   345P    215
508,4,0,1483,70,1,0,0,1483,15,0,0,0,1483,135,0,0,0,1483,120,1,0;     347P    216
508,8,0,1483,136,0,0,0,1483,88,0,0,0,1483,137,1,0,0,1483,138,1,      349P    217
0,0,1483,139,0,0,0,1483,84,0,0,0,1483,140,0,0,0,1483,141,0,0;        349P    218
508,8,0,1483,142,1,0,0,1483,82,1,0,0,1483,121,1,0,0,1483,135,1,      351P    219
0,0,1483,14,1,0,0,1483,90,1,0,0,1483,143,1,0,0,1483,144,1,0;         351P    220
508,4,0,1483,40,0,0,0,1483,122,0,0,0,1483,43,1,0,0,1483,7,1,0;       353P    221
508,4,0,1483,86,0,0,0,1483,145,1,0,0,1483,146,1,0,0,1483,147,0,      355P    222
0;                                                                   355P    223
508,4,0,1483,117,0,0,0,1483,98,0,0,0,1483,96,0,0,0,1483,148,0,0;     357P    224
508,4,0,1483,85,0,0,0,1483,139,1,0,0,1483,149,1,0,0,1483,145,0,      359P    225
0;                                                                   359P    226
508,4,0,1483,87,0,0,0,1483,147,1,0,0,1483,150,1,0,0,1483,137,0,      361P    227
0;                                                                   361P    228
508,4,0,1483,150,0,0,0,1483,146,0,0,0,1483,149,0,0,0,1483,138,0,     363P    229
0;                                                                   363P    230
508,4,0,1483,140,1,0,0,1483,83,0,0,0,1483,142,0,0,0,1483,151,1,      365P    231
0;                                                                   365P    232
508,4,0,1483,136,1,0,0,1483,152,0,0,0,1483,143,0,0,0,1483,89,0,      367P    233
0;                                                                   367P    234
508,4,0,1483,141,1,0,0,1483,151,0,0,0,1483,144,0,0,0,1483,152,1,     369P    235
0;                                                                   369P    236
508,4,0,1483,32,0,0,0,1483,153,0,0,0,1483,154,0,0,0,1483,155,1,      371P    237
0;                                                                   371P    238
508,4,0,1483,33,0,0,0,1483,155,0,0,0,1483,156,0,0,0,1483,157,1,      373P    239
0;                                                                   373P    240
508,4,0,1483,30,0,0,0,1483,157,0,0,0,1483,158,0,0,0,1483,159,1,      375P    241
0;                                                                   375P    242
508,4,0,1483,31,0,0,0,1483,159,0,0,0,1483,160,0,0,0,1483,153,1,      377P    243
0;                                                                   377P    244
508,4,0,1483,28,0,0,0,1483,161,0,0,0,1483,162,0,0,0,1483,163,1,      379P    245
0;                                                                   379P    246
508,4,0,1483,29,0,0,0,1483,163,0,0,0,1483,164,0,0,0,1483,165,1,      381P    247
0;                                                                   381P    248
508,4,0,1483,26,0,0,0,1483,165,0,0,0,1483,166,0,0,0,1483,167,1,      383P    249
0;                                                                   383P    250
508,4,0,1483,27,0,0,0,1483,167,0,0,0,1483,168,0,0,0,1483,161,1,      385P    251
0;                                                                   385P    252
508,4,0,1483,133,0,0,0,1483,169,0,0,0,1483,104,0,0,0,1483,170,1,     387P    253
0;                                                                   387P    254
508,4,0,1483,134,0,0,0,1483,170,0,0,0,1483,103,0,0,0,1483,171,1,     389P    255
0;                                                                   389P    256
508,4,0,1483,131,0,0,0,1483,171,0,0,0,1483,102,0,0,0,1483,172,1,     391P    257
0;                                                                   391P    258
508,4,0,1483,132,0,0,0,1483,172,0,0,0,1483,105,0,0,0,1483,169,1,     393P    259
0;                                                                   393P    260
508,4,0,1483,129,0,0,0,1483,173,0,0,0,1483,108,0,0,0,1483,174,1,     395P    261
0;                                                                   395P    262
508,4,0,1483,130,0,0,0,1483,174,0,0,0,1483,107,0,0,0,1483,175,1,     397P    263
0;                                                                   397P    264
508,4,0,1483,127,0,0,0,1483,175,0,0,0,1483,106,0,0,0,1483,176,1,     399P    265
0;                                                                   399P    266
508,4,0,1483,128,0,0,0,1483,176,0,0,0,1483,109,0,0,0,1483,173,1,     401P    267
0;                                                                   401P    268
508,5,0,1483,36,0,0,0,1483,177,1,0,0,1483,178,0,0,0,1483,179,0,      403P    269
0,0,1483,177,0,0;                                                    403P    270
508,5,0,1483,37,0,0,0,1483,180,1,0,0,1483,181,0,0,0,1483,182,0,      405P    271
0,0,1483,180,0,0;                                                    405P    272
508,5,0,1483,38,0,0,0,1483,183,1,0,0,1483,184,0,0,0,1483,185,0,      407P    273
0,0,1483,183,0,0;                                                    407P    274
508,13,0,1483,186,0,0,0,1483,92,0,0,0,1483,101,0,0,0,1483,115,0,     409P    275
0,0,1483,187,0,0,0,1483,178,1,0,0,1483,179,1,0,0,1483,188,0,0,0,     409P    276
1483,181,1,0,0,1483,182,1,0,0,1483,189,0,0,0,1483,184,1,0,0,         409P    277
1483,185,1,0;                                                        409P    278
508,4,0,1483,112,0,0,0,1483,190,1,0,0,1483,125,0,0,0,1483,191,0,     411P    279
0;                                                                   411P    280
508,4,0,1483,192,0,0,0,1483,193,0,0,0,1483,24,0,0,0,1483,194,1,      413P    281
0;                                                                   413P    282
508,4,0,1483,113,0,0,0,1483,191,1,0,0,1483,124,0,0,0,1483,195,0,     415P    283
0;                                                                   415P    284
508,4,0,1483,111,0,0,0,1483,196,1,0,0,1483,126,0,0,0,1483,190,0,     417P    285
0;                                                                   417P    286
508,4,0,1483,197,0,0,0,1483,194,0,0,0,1483,23,0,0,0,1483,198,1,      419P    287
0;                                                                   419P    288
508,4,0,1483,110,0,0,0,1483,195,1,0,0,1483,123,0,0,0,1483,196,0,     421P    289
0;                                                                   421P    290
508,4,0,1483,199,0,0,0,1483,198,0,0,0,1483,22,0,0,0,1483,200,1,      423P    291
0;                                                                   423P    292
508,4,0,1483,201,0,0,0,1483,200,0,0,0,1483,25,0,0,0,1483,193,1,      425P    293
0;                                                                   425P    294
508,15,0,1483,44,1,0,0,1483,93,1,0,0,1483,186,1,0,0,1483,189,1,      427P    295
0,0,1483,188,1,0,0,1483,187,1,0,0,1483,114,0,0,0,1483,77,1,0,0,      427P    296
1483,80,1,0,0,1483,68,1,0,0,1483,118,0,0,0,1483,148,1,0,0,1483,      427P    297
95,1,0,0,1483,55,1,0,0,1483,51,1,0;                                  427P    298
508,4,0,1483,158,1,0,0,1483,156,1,0,0,1483,154,1,0,0,1483,160,1,     429P    299
0;                                                                   429P    300
508,4,0,1483,166,1,0,0,1483,164,1,0,0,1483,162,1,0,0,1483,168,1,     431P    301
0;                                                                   431P    302
508,4,0,1483,199,1,0,0,1483,201,1,0,0,1483,192,1,0,0,1483,197,1,     433P    303
0;                                                                   433P    304
508,4,0,1483,4,0,0,0,1483,21,0,0,0,1483,75,1,0,0,1483,119,1,0;       435P    305
508,4,0,1485,1,0,0,0,1485,2,0,0,0,1485,3,1,0,0,1485,4,0,0;           437P    306
508,4,0,1485,5,0,0,0,1485,6,0,0,0,1485,3,0,0,0,1485,7,0,0;           439P    307
508,4,0,1485,8,0,0,0,1485,9,0,0,0,1485,10,1,0,0,1485,11,0,0;         441P    308
508,4,0,1485,12,0,0,0,1485,13,0,0,0,1485,10,0,0,0,1485,14,0,0;       443P    309
508,10,0,1485,1,1,0,0,1485,15,1,0,0,1485,16,1,0,0,1485,17,1,0,0,     445P    310
1485,18,1,0,0,1485,19,1,0,0,1485,20,1,0,0,1485,21,1,0,0,1485,22,     445P    311
1,0,0,1485,23,1,0;                                                   445P    312
508,12,0,1485,7,1,0,0,1485,2,1,0,0,1485,23,0,0,0,1485,24,1,0,0,      447P    313
1485,25,1,0,0,1485,26,1,0,0,1485,27,0,0,0,1485,11,1,0,0,1485,13,     447P    314
1,0,0,1485,28,0,0,0,1485,29,0,0,0,1485,30,1,0;                       447P    315
508,4,0,1485,31,1,0,0,1485,32,1,0,0,1485,33,1,0,0,1485,34,1,0;       449P    316
508,4,0,1485,35,1,0,0,1485,36,1,0,0,1485,37,1,0,0,1485,38,1,0;       451P    317
508,4,0,1485,12,1,0,0,1485,39,0,0,0,1485,40,0,0,0,1485,28,1,0;       453P    318
508,4,0,1485,41,0,0,0,1485,42,0,0,0,1485,26,0,0,0,1485,43,0,0;       455P    319
508,4,0,1485,24,0,0,0,1485,22,0,0,0,1485,44,0,0,0,1485,45,1,0;       457P    320
508,4,0,1485,46,0,0,0,1485,16,0,0,0,1485,47,0,0,0,1485,48,1,0;       459P    321
508,4,0,1485,49,0,0,0,1485,50,0,0,0,1485,51,0,0,0,1485,52,0,0;       461P    322
508,4,0,1485,37,0,0,0,1485,53,0,0,0,1485,54,0,0,0,1485,55,1,0;       463P    323
508,4,0,1485,38,0,0,0,1485,55,0,0,0,1485,56,0,0,0,1485,57,1,0;       465P    324
508,4,0,1485,35,0,0,0,1485,57,0,0,0,1485,58,0,0,0,1485,59,1,0;       467P    325
508,4,0,1485,36,0,0,0,1485,59,0,0,0,1485,60,0,0,0,1485,53,1,0;       469P    326
508,4,0,1485,33,0,0,0,1485,61,0,0,0,1485,62,0,0,0,1485,63,1,0;       471P    327
508,4,0,1485,34,0,0,0,1485,63,0,0,0,1485,64,0,0,0,1485,65,1,0;       473P    328
508,4,0,1485,31,0,0,0,1485,65,0,0,0,1485,66,0,0,0,1485,67,1,0;       475P    329
508,4,0,1485,32,0,0,0,1485,67,0,0,0,1485,68,0,0,0,1485,61,1,0;       477P    330
508,4,0,1485,41,1,0,0,1485,69,1,0,0,1485,70,0,0,0,1485,71,0,0;       479P    331
508,4,0,1485,46,1,0,0,1485,72,1,0,0,1485,73,0,0,0,1485,17,0,0;       481P    332
508,12,0,1485,6,1,0,0,1485,74,0,0,0,1485,75,0,0,0,1485,39,1,0,0,     483P    333
1485,14,1,0,0,1485,9,1,0,0,1485,76,0,0,0,1485,51,1,0,0,1485,77,      483P    334
1,0,0,1485,47,1,0,0,1485,15,0,0,0,1485,4,1,0;                        483P    335
508,4,0,1485,66,1,0,0,1485,64,1,0,0,1485,62,1,0,0,1485,68,1,0;       485P    336
508,4,0,1485,58,1,0,0,1485,56,1,0,0,1485,54,1,0,0,1485,60,1,0;       487P    337
508,4,0,1485,78,0,0,0,1485,79,0,0,0,1485,80,0,0,0,1485,81,0,0;       489P    338
508,4,0,1485,82,0,0,0,1485,83,0,0,0,1485,80,1,0,0,1485,84,1,0;       491P    339
508,5,0,1485,85,0,0,0,1485,86,0,0,0,1485,87,0,0,0,1485,81,1,0,0,     493P    340
1485,83,1,0;                                                         493P    341
508,16,0,1485,88,0,0,0,1485,89,0,0,0,1485,87,1,0,0,1485,90,0,0,      495P    342
0,1485,69,0,0,0,1485,43,1,0,0,1485,25,0,0,0,1485,45,0,0,0,1485,      495P    343
91,0,0,0,1485,92,0,0,0,1485,93,0,0,0,1485,94,0,0,0,1485,72,0,0,      495P    344
0,1485,48,0,0,0,1485,77,0,0,0,1485,50,1,0;                           495P    345
508,4,0,1485,49,1,0,0,1485,95,0,0,0,1485,96,1,0,0,1485,88,1,0;       497P    346
508,5,0,1485,97,0,0,0,1485,98,1,0,0,1485,78,1,0,0,1485,89,1,0,0,     499P    347
1485,96,0,0;                                                         499P    348
508,6,0,1485,99,0,0,0,1485,100,1,0,0,1485,101,0,0,0,1485,84,0,0,     501P    349
0,1485,79,1,0,0,1485,98,0,0;                                         501P    350
508,6,0,1485,102,0,0,0,1485,70,1,0,0,1485,90,1,0,0,1485,86,1,0,      503P    351
0,1485,103,0,0,0,1485,100,0,0;                                       503P    352
508,4,0,1485,44,1,0,0,1485,21,0,0,0,1485,104,1,0,0,1485,91,1,0;      505P    353
508,4,0,1485,20,0,0,0,1485,105,1,0,0,1485,92,1,0,0,1485,104,0,0;     507P    354
508,4,0,1485,19,0,0,0,1485,106,1,0,0,1485,93,1,0,0,1485,105,0,0;     509P    355
508,4,0,1485,18,0,0,0,1485,73,1,0,0,1485,94,1,0,0,1485,106,0,0;      511P    356
508,4,0,1485,5,1,0,0,1485,30,0,0,0,1485,107,0,0,0,1485,74,1,0;       513P    357
508,10,0,1485,8,1,0,0,1485,27,1,0,0,1485,42,1,0,0,1485,71,1,0,0,     515P    358
1485,102,1,0,0,1485,99,1,0,0,1485,97,1,0,0,1485,95,1,0,0,1485,       515P    359
52,1,0,0,1485,76,1,0;                                                515P    360
508,4,0,1485,29,1,0,0,1485,40,1,0,0,1485,75,1,0,0,1485,107,1,0;      517P    361
508,4,0,1485,103,1,0,0,1485,85,1,0,0,1485,82,1,0,0,1485,101,1,0;     519P    362
508,4,0,1487,1,0,0,0,1487,2,1,0,0,1487,3,0,0,0,1487,4,0,0;           521P    363
508,4,0,1487,5,0,0,0,1487,4,1,0,0,1487,6,0,0,0,1487,7,0,0;           523P    364
508,4,0,1487,8,0,0,0,1487,7,1,0,0,1487,9,0,0,0,1487,10,0,0;          525P    365
508,4,0,1487,11,1,0,0,1487,9,1,0,0,1487,6,1,0,0,1487,3,1,0;          527P    366
508,8,0,1487,12,0,0,0,1487,13,1,0,0,1487,14,0,0,0,1487,10,1,0,0,     529P    367
1487,11,0,0,0,1487,2,0,0,0,1487,15,0,0,0,1487,16,0,0;                529P    368
508,4,0,1487,17,0,0,0,1487,16,1,0,0,1487,18,0,0,0,1487,19,0,0;       531P    369
508,4,0,1487,20,0,0,0,1487,19,1,0,0,1487,21,0,0,0,1487,22,0,0;       533P    370
508,4,0,1487,23,0,0,0,1487,22,1,0,0,1487,24,0,0,0,1487,13,0,0;       535P    371
508,8,0,1487,8,1,0,0,1487,14,1,0,0,1487,24,1,0,0,1487,21,1,0,0,      537P    372
1487,18,1,0,0,1487,15,1,0,0,1487,1,1,0,0,1487,5,1,0;                 537P    373
508,4,0,1487,23,1,0,0,1487,12,1,0,0,1487,17,1,0,0,1487,20,1,0;       539P    374
508,4,0,1489,1,1,0,0,1489,2,1,0,0,1489,3,0,0,0,1489,4,0,0;           541P    375
508,4,0,1489,5,1,0,0,1489,4,1,0,0,1489,6,0,0,0,1489,7,0,0;           543P    376
508,4,0,1489,8,1,0,0,1489,7,1,0,0,1489,9,0,0,0,1489,10,0,0;          545P    377
508,4,0,1489,11,1,0,0,1489,10,1,0,0,1489,12,0,0,0,1489,2,0,0;        547P    378
508,4,0,1489,12,1,0,0,1489,9,1,0,0,1489,6,1,0,0,1489,3,1,0;          549P    379
508,4,0,1489,11,0,0,0,1489,1,0,0,0,1489,5,0,0,0,1489,8,0,0;          551P    380
126,2,2,0,0,0,0,-0.785398163397448,-0.785398163397448,               553P    381
-0.785398163397448,0.785398163397444,0.785398163397444,              553P    382
0.785398163397444,1.,0.707106781186544,1.,-18.0112811217338,12.,     553P    383
19.8486882379362,-18.0112811217338,13.,19.8486882379362,             553P    384
-17.0112811217338,13.,19.8486882379362,-0.785398163397448,           553P    385
0.785398163397444,0.,0.,0.;                                          553P    386
126,1,1,0,0,1,0,-1.48125,-1.48125,0.49375,0.49375,1.,1.,             555P    387
-17.0112811217338,13.,19.8486882379362,-17.0112811217338,13.,        555P    388
0.0986882379361909,-1.48125,0.49375,0.,0.,0.;                        555P    389
126,2,2,0,0,0,0,-0.785398163397448,-0.785398163397448,               557P    390
-0.785398163397448,0.785398163397448,0.785398163397448,              557P    391
0.785398163397448,1.,0.707106781186549,1.,-17.0112811217338,13.,     557P    392
0.0986882379361909,-18.0112811217338,13.,0.0986882379361909,         557P    393
-18.0112811217338,12.,0.0986882379361909,-0.785398163397448,         557P    394
0.785398163397448,0.,0.,0.;                                          557P    395
126,1,1,0,0,1,0,-0.49375,-0.49375,1.48125,1.48125,1.,1.,             559P    396
-18.0112811217338,12.,0.0986882379361909,-18.0112811217338,12.,      559P    397
19.8486882379362,-0.49375,1.48125,0.,0.,0.;                          559P    398
126,1,1,0,0,1,0,-6.3,-6.3,-0.0999999999999996,                       561P    399
-0.0999999999999996,1.,1.,44.9887188782662,13.,                      561P    400
0.0986882379361909,-17.0112811217338,13.,0.0986882379361909,         561P    401
-6.3,-0.0999999999999996,0.,0.,0.;                                   561P    402
126,2,2,0,0,0,0,-0.785398163397451,-0.785398163397451,               563P    403
-0.785398163397451,0.785398163397446,0.785398163397446,              563P    404
0.785398163397446,1.,0.707106781186551,1.,45.9887188782662,12.,      563P    405
0.0986882379361909,45.9887188782662,13.,0.0986882379361909,          563P    406
44.9887188782662,13.,0.0986882379361909,-0.785398163397451,          563P    407
0.785398163397446,0.,0.,0.;                                          563P    408
126,1,1,0,0,1,0,0.43,0.43,1.2,1.2,1.,1.,45.9887188782662,4.3,        565P    409
0.0986882379361909,45.9887188782662,12.,0.0986882379361909,0.43,     565P    410
1.2,0.,0.,0.;                                                        565P    411
126,1,1,0,0,1,0,0.,0.,0.15,0.15,1.,1.,45.9887188782662,4.3,          567P    412
0.0986882379361909,44.4887188782662,4.3,0.0986882379361909,0.,       567P    413
0.15,0.,0.,0.;                                                       567P    414
126,1,1,0,0,1,0,0.215,0.215,0.415,0.415,1.,1.,44.4887188782662,      569P    415
4.3,0.0986882379361909,44.4887188782662,6.3,0.0986882379361909,      569P    416
0.215,0.415,0.,0.,0.;                                                569P    417
126,1,1,0,0,1,0,0.0750000000000002,0.0750000000000002,0.325,         571P    418
0.325,1.,1.,44.4887188782662,6.3,0.0986882379361909,                 571P    419
41.9887188782662,6.3,0.0986882379361909,0.0750000000000002,          571P    420
0.325,0.,0.,0.;                                                      571P    421
126,1,1,0,0,1,0,-0.315,-0.315,-0.015,-0.015,1.,1.,                   573P    422
41.9887188782662,6.3,0.0986882379361909,41.9887188782662,3.3,        573P    423
0.0986882379361909,-0.315,-0.015,0.,0.,0.;                           573P    424
126,1,1,0,0,1,0,-0.2,-0.2,0.2,0.2,1.,1.,41.9887188782662,3.3,        575P    425
0.0986882379361909,45.9887188782662,3.3,0.0986882379361909,-0.2,     575P    426
0.2,0.,0.,0.;                                                        575P    427
126,1,1,0,0,1,0,0.,0.,0.33,0.33,1.,1.,45.9887188782662,0.,           577P    428
0.0986882379361909,45.9887188782662,3.3,0.0986882379361909,0.,       577P    429
0.33,0.,0.,0.;                                                       577P    430
126,1,1,0,0,1,0,0.,0.,6.4,6.4,1.,1.,-18.0112811217338,0.,            579P    431
0.0986882379361909,45.9887188782662,0.,0.0986882379361909,0.,        579P    432
6.4,0.,0.,0.;                                                        579P    433
126,1,1,0,0,1,0,0.,0.,0.33,0.33,1.,1.,-18.0112811217338,0.,          581P    434
0.0986882379361909,-18.0112811217338,3.3,0.0986882379361909,0.,      581P    435
0.33,0.,0.,0.;                                                       581P    436
126,1,1,0,0,1,0,-3.2,-3.2,-2.8,-2.8,1.,1.,-18.0112811217338,3.3,     583P    437
0.0986882379361909,-14.0112811217338,3.3,0.0986882379361909,         583P    438
-3.2,-2.8,0.,0.,0.;                                                  583P    439
126,1,1,0,0,1,0,0.165,0.165,0.465,0.465,1.,1.,-14.0112811217338,     585P    440
3.3,0.0986882379361909,-14.0112811217338,6.3,0.0986882379361909,     585P    441
0.165,0.465,0.,0.,0.;                                                585P    442
126,1,1,0,0,1,0,3.,3.,3.25,3.25,1.,1.,-14.0112811217338,6.3,         587P    443
0.0986882379361909,-16.5112811217338,6.3,0.0986882379361909,3.,      587P    444
3.25,0.,0.,0.;                                                       587P    445
126,1,1,0,0,1,0,-0.315,-0.315,-0.115,-0.115,1.,1.,                   589P    446
-16.5112811217338,6.3,0.0986882379361909,-16.5112811217338,4.3,      589P    447
0.0986882379361909,-0.315,-0.115,0.,0.,0.;                           589P    448
126,1,1,0,0,1,0,3.125,3.125,3.275,3.275,1.,1.,-16.5112811217338,     591P    449
4.3,0.0986882379361909,-18.0112811217338,4.3,0.0986882379361909,     591P    450
3.125,3.275,0.,0.,0.;                                                591P    451
126,1,1,0,0,1,0,0.43,0.43,1.2,1.2,1.,1.,-18.0112811217338,4.3,       593P    452
0.0986882379361909,-18.0112811217338,12.,0.0986882379361909,         593P    453
0.43,1.2,0.,0.,0.;                                                   593P    454
126,1,1,0,0,1,0,-0.315,-0.315,-0.015,-0.015,1.,1.,                   595P    455
6.48871887826622,6.3,0.0986882379361909,6.48871887826622,3.3,        595P    456
0.0986882379361909,-0.315,-0.015,0.,0.,0.;                           595P    457
126,1,1,0,0,1,0,-1.975,-1.975,-0.475,-0.475,1.,1.,                   597P    458
6.48871887826622,3.3,0.0986882379361909,21.4887188782662,3.3,        597P    459
0.0986882379361909,-1.975,-0.475,0.,0.,0.;                           597P    460
126,1,1,0,0,1,0,0.165,0.165,0.465,0.465,1.,1.,21.4887188782662,      599P    461
3.3,0.0986882379361909,21.4887188782662,6.3,0.0986882379361909,      599P    462
0.165,0.465,0.,0.,0.;                                                599P    463
126,1,1,0,0,1,0,1.225,1.225,2.725,2.725,1.,1.,21.4887188782662,      601P    464
6.3,0.0986882379361909,6.48871887826622,6.3,0.0986882379361909,      601P    465
1.225,2.725,0.,0.,0.;                                                601P    466
126,1,1,0,0,1,0,0.260000000000002,0.260000000000002,                 603P    467
0.380000000000002,0.380000000000002,1.,1.,35.5887188782662,5.2,      603P    468
0.0986882379361909,35.5887188782662,6.4,0.0986882379361909,          603P    469
0.260000000000002,0.380000000000002,0.,0.,0.;                        603P    470
126,1,1,0,0,1,0,0.52,0.52,0.839999999999999,0.839999999999999,       605P    471
1.,1.,35.5887188782662,6.4,0.0986882379361909,32.3887188782662,      605P    472
6.4,0.0986882379361909,0.52,0.839999999999999,0.,0.,0.;              605P    473
126,1,1,0,0,1,0,-0.319999999999995,-0.319999999999995,               607P    474
-0.199999999999995,-0.199999999999995,1.,1.,32.3887188782662,        607P    475
6.4,0.0986882379361909,32.3887188782662,5.2,0.0986882379361909,      607P    476
-0.319999999999995,-0.199999999999995,0.,0.,0.;                      607P    477
126,1,1,0,0,1,0,-0.68,-0.68,-0.36,-0.36,1.,1.,32.3887188782662,      609P    478
5.2,0.0986882379361909,35.5887188782662,5.2,0.0986882379361909,      609P    479
-0.68,-0.36,0.,0.,0.;                                                609P    480
126,1,1,0,0,1,0,0.260000000000014,0.260000000000014,                 611P    481
0.380000000000014,0.380000000000014,1.,1.,-4.41128112173378,5.2,     611P    482
0.0986882379361909,-4.41128112173379,6.4,0.0986882379361909,         611P    483
0.260000000000014,0.380000000000014,0.,0.,0.;                        611P    484
126,1,1,0,0,1,0,2.52,2.52,2.84,2.84,1.,1.,-4.41128112173379,6.4,     613P    485
0.0986882379361909,-7.61128112173378,6.4,0.0986882379361909,         613P    486
2.52,2.84,0.,0.,0.;                                                  613P    487
126,1,1,0,0,1,0,-0.319999999999995,-0.319999999999995,               615P    488
-0.199999999999995,-0.199999999999995,1.,1.,-7.61128112173378,       615P    489
6.4,0.0986882379361909,-7.61128112173378,5.2,0.0986882379361909,     615P    490
-0.319999999999995,-0.199999999999995,0.,0.,0.;                      615P    491
126,1,1,0,0,1,0,-2.68,-2.68,-2.36,-2.36,1.,1.,-7.61128112173378,     617P    492
5.2,0.0986882379361909,-4.41128112173378,5.2,0.0986882379361909,     617P    493
-2.68,-2.36,0.,0.,0.;                                                617P    494
126,1,1,0,0,1,0,-6.3,-6.3,-0.0999999999999996,                       619P    495
-0.0999999999999996,1.,1.,-17.0112811217338,13.,                     619P    496
19.8486882379362,44.9887188782662,13.,19.8486882379362,-6.3,         619P    497
-0.0999999999999996,0.,0.,0.;                                        619P    498
126,1,1,0,0,1,0,-1.48125,-1.48125,0.49375,0.49375,1.,1.,             621P    499
44.9887188782662,13.,0.0986882379361909,44.9887188782662,13.,        621P    500
19.8486882379362,-1.48125,0.49375,0.,0.,0.;                          621P    501
126,8,2,0,1,0,0,-3.14159265358979,-3.14159265358979,                 623P    502
-3.14159265358979,-1.5707963267949,-1.5707963267949,0.,0.,           623P    503
1.5707963267949,1.5707963267949,3.14159265358979,                    623P    504
3.14159265358979,3.14159265358979,1.,0.707106781186547,1.,           623P    505
0.707106781186548,1.,0.707106781186548,1.,0.707106781186547,1.,      623P    506
0.238718878266218,13.,7.84868823793619,0.238718878266217,13.,        623P    507
14.0986882379362,-6.01128112173378,13.,14.0986882379362,             623P    508
-12.2612811217338,13.,14.0986882379362,-12.2612811217338,13.,        623P    509
7.84868823793619,-12.2612811217338,13.,1.59868823793619,             623P    510
-6.01128112173378,13.,1.59868823793619,0.238718878266217,13.,        623P    511
1.59868823793619,0.238718878266218,13.,7.84868823793619,             623P    512
-3.14159265358979,3.14159265358979,0.,0.,0.;                         623P    513
126,8,2,0,1,0,0,-3.14159265358979,-3.14159265358979,                 625P    514
-3.14159265358979,-1.5707963267949,-1.5707963267949,0.,0.,           625P    515
1.5707963267949,1.5707963267949,3.14159265358979,                    625P    516
3.14159265358979,3.14159265358979,1.,0.707106781186547,1.,           625P    517
0.707106781186548,1.,0.707106781186548,1.,0.707106781186548,1.,      625P    518
20.2387188782662,13.,7.84868823793619,20.2387188782662,13.,          625P    519
14.0986882379362,13.9887188782662,13.,14.0986882379362,              625P    520
7.73871887826622,13.,14.0986882379362,7.73871887826622,13.,          625P    521
7.84868823793619,7.73871887826622,13.,1.59868823793619,              625P    522
13.9887188782662,13.,1.59868823793619,20.2387188782662,13.,          625P    523
1.59868823793619,20.2387188782662,13.,7.84868823793619,              625P    524
-3.14159265358979,3.14159265358979,0.,0.,0.;                         625P    525
126,8,2,0,1,0,0,-3.14159265358979,-3.14159265358979,                 627P    526
-3.14159265358979,-1.5707963267949,-1.5707963267949,0.,0.,           627P    527
1.5707963267949,1.5707963267949,3.14159265358979,                    627P    528
3.14159265358979,3.14159265358979,1.,0.707106781186547,1.,           627P    529
0.707106781186548,1.,0.707106781186548,1.,0.707106781186548,1.,      627P    530
40.2387188782662,13.,7.84868823793619,40.2387188782662,13.,          627P    531
14.0986882379362,33.9887188782662,13.,14.0986882379362,              627P    532
27.7387188782662,13.,14.0986882379362,27.7387188782662,13.,          627P    533
7.84868823793619,27.7387188782662,13.,1.59868823793619,              627P    534
33.9887188782662,13.,1.59868823793619,40.2387188782662,13.,          627P    535
1.59868823793619,40.2387188782662,13.,7.84868823793619,              627P    536
-3.14159265358979,3.14159265358979,0.,0.,0.;                         627P    537
126,2,2,0,0,0,0,-0.785398163397446,-0.785398163397446,               629P    538
-0.785398163397446,0.785398163397451,0.785398163397451,              629P    539
0.785398163397451,1.,0.707106781186551,1.,44.9887188782662,13.,      629P    540
19.8486882379362,45.9887188782662,13.,19.8486882379362,              629P    541
45.9887188782662,12.,19.8486882379362,-0.785398163397446,            629P    542
0.785398163397451,0.,0.,0.;                                          629P    543
126,1,1,0,0,1,0,-0.49375,-0.49375,1.48125,1.48125,1.,1.,             631P    544
45.9887188782662,12.,19.8486882379362,45.9887188782662,12.,          631P    545
0.0986882379361909,-0.49375,1.48125,0.,0.,0.;                        631P    546
126,1,1,0,0,1,0,3.05,3.05,3.2,3.2,1.,1.,44.4887188782662,4.3,        633P    547
19.8486882379362,45.9887188782662,4.3,19.8486882379362,3.05,3.2,     633P    548
0.,0.,0.;                                                            633P    549
126,1,1,0,0,1,0,-1.11022302462516D-16,-1.11022302462516D-16,         635P    550
1.975,1.975,1.,1.,44.4887188782662,4.3,0.0986882379361897,           635P    551
44.4887188782662,4.3,19.8486882379362,-1.11022302462516D-16,         635P    552
1.975,0.,0.,0.;                                                      635P    553
126,1,1,0,0,1,0,-0.9875,-0.9875,0.9875,0.9875,1.,1.,                 637P    554
45.9887188782662,4.3,19.8486882379362,45.9887188782662,4.3,          637P    555
0.0986882379361909,-0.9875,0.9875,0.,0.,0.;                          637P    556
126,1,1,0,0,1,0,-0.325,-0.325,-0.0750000000000002,                   639P    557
-0.0750000000000002,1.,1.,41.9887188782662,6.3,1.59868823793619,     639P    558
44.4887188782662,6.3,1.59868823793619,-0.325,                        639P    559
-0.0750000000000002,0.,0.,0.;                                        639P    560
126,1,1,0,0,1,0,0.,0.,0.15,0.15,1.,1.,41.9887188782662,6.3,          641P    561
0.0986882379361909,41.9887188782662,6.3,1.59868823793619,0.,         641P    562
0.15,0.,0.,0.;                                                       641P    563
126,1,1,0,0,1,0,0.,0.,0.15,0.15,1.,1.,44.4887188782662,6.3,          643P    564
0.0986882379361909,44.4887188782662,6.3,1.59868823793619,0.,         643P    565
0.15,0.,0.,0.;                                                       643P    566
126,1,1,0,0,1,0,2.875,2.875,3.125,3.125,1.,1.,41.9887188782662,      645P    567
6.3,19.8486882379362,44.4887188782662,6.3,19.8486882379362,          645P    568
2.875,3.125,0.,0.,0.;                                                645P    569
126,1,1,0,0,1,0,1.825,1.825,1.975,1.975,1.,1.,41.9887188782662,      647P    570
6.3,18.3486882379362,41.9887188782662,6.3,19.8486882379362,          647P    571
1.825,1.975,0.,0.,0.;                                                647P    572
126,1,1,0,0,1,0,-3.125,-3.125,-2.875,-2.875,1.,1.,                   649P    573
44.4887188782662,6.3,18.3486882379362,41.9887188782662,6.3,          649P    574
18.3486882379362,-3.125,-2.875,0.,0.,0.;                             649P    575
126,1,1,0,0,1,0,1.825,1.825,1.975,1.975,1.,1.,44.4887188782662,      651P    576
6.3,18.3486882379362,44.4887188782662,6.3,19.8486882379362,          651P    577
1.825,1.975,0.,0.,0.;                                                651P    578
126,1,1,0,0,1,0,0.015,0.015,0.315,0.315,1.,1.,41.9887188782662,      653P    579
3.3,1.59868823793619,41.9887188782662,6.3,1.59868823793619,          653P    580
0.015,0.315,0.,0.,0.;                                                653P    581
126,1,1,0,0,1,0,0.,0.,0.15,0.15,1.,1.,41.9887188782662,3.3,          655P    582
0.0986882379361909,41.9887188782662,3.3,1.59868823793619,0.,         655P    583
0.15,0.,0.,0.;                                                       655P    584
126,1,1,0,0,1,0,-3.4,-3.4,-3.,-3.,1.,1.,45.9887188782662,3.3,        657P    585
19.8486882379362,41.9887188782662,3.3,19.8486882379362,-3.4,-3.,     657P    586
0.,0.,0.;                                                            657P    587
126,1,1,0,0,1,0,-0.9875,-0.9875,0.9875,0.9875,1.,1.,                 659P    588
45.9887188782662,3.3,0.0986882379361909,45.9887188782662,3.3,        659P    589
19.8486882379362,-0.9875,0.9875,0.,0.,0.;                            659P    590
126,1,1,0,0,1,0,-0.0499999999999998,-0.0499999999999998,0.2,0.2,     661P    591
1.,1.,44.4887188782662,3.3,1.59868823793619,41.9887188782662,        661P    592
3.3,1.59868823793619,-0.0499999999999998,0.2,0.,0.,0.;               661P    593
126,1,1,0,0,1,0,-0.8375,-0.8375,0.8375,0.8375,1.,1.,                 663P    594
44.4887188782662,3.3,18.3486882379362,44.4887188782662,3.3,          663P    595
1.59868823793619,-0.8375,0.8375,0.,0.,0.;                            663P    596
126,1,1,0,0,1,0,3.,3.,3.25,3.25,1.,1.,41.9887188782662,3.3,          665P    597
18.3486882379362,44.4887188782662,3.3,18.3486882379362,3.,3.25,      665P    598
0.,0.,0.;                                                            665P    599
126,1,1,0,0,1,0,1.825,1.825,1.975,1.975,1.,1.,41.9887188782662,      667P    600
3.3,18.3486882379362,41.9887188782662,3.3,19.8486882379362,          667P    601
1.825,1.975,0.,0.,0.;                                                667P    602
126,1,1,0,0,1,0,0.015,0.015,0.315,0.315,1.,1.,41.9887188782662,      669P    603
3.3,19.8486882379362,41.9887188782662,6.3,19.8486882379362,          669P    604
0.015,0.315,0.,0.,0.;                                                669P    605
126,1,1,0,0,1,0,-0.315,-0.315,-0.015,-0.015,1.,1.,                   671P    606
41.9887188782662,6.3,18.3486882379362,41.9887188782662,3.3,          671P    607
18.3486882379362,-0.315,-0.015,0.,0.,0.;                             671P    608
126,1,1,0,0,1,0,-0.2,-0.2,0.0499999999999998,0.0499999999999998,     673P    609
1.,1.,-14.0112811217338,6.3,18.3486882379362,-16.5112811217338,      673P    610
6.3,18.3486882379362,-0.2,0.0499999999999998,0.,0.,0.;               673P    611
126,1,1,0,0,1,0,1.825,1.825,1.975,1.975,1.,1.,-14.0112811217338,     675P    612
6.3,18.3486882379362,-14.0112811217338,6.3,19.8486882379362,         675P    613
1.825,1.975,0.,0.,0.;                                                675P    614
126,1,1,0,0,1,0,-0.0499999999999998,-0.0499999999999998,0.2,0.2,     677P    615
1.,1.,-16.5112811217338,6.3,19.8486882379362,-14.0112811217338,      677P    616
6.3,19.8486882379362,-0.0499999999999998,0.2,0.,0.,0.;               677P    617
126,1,1,0,0,1,0,1.825,1.825,1.975,1.975,1.,1.,-16.5112811217338,     679P    618
6.3,18.3486882379362,-16.5112811217338,6.3,19.8486882379362,         679P    619
1.825,1.975,0.,0.,0.;                                                679P    620
126,1,1,0,0,1,0,0.165,0.165,0.465,0.465,1.,1.,-14.0112811217338,     681P    621
3.3,18.3486882379362,-14.0112811217338,6.3,18.3486882379362,         681P    622
0.165,0.465,0.,0.,0.;                                                681P    623
126,1,1,0,0,1,0,1.825,1.825,1.975,1.975,1.,1.,-14.0112811217338,     683P    624
3.3,18.3486882379362,-14.0112811217338,3.3,19.8486882379362,         683P    625
1.825,1.975,0.,0.,0.;                                                683P    626
126,1,1,0,0,1,0,-0.465,-0.465,-0.165,-0.165,1.,1.,                   685P    627
-14.0112811217338,6.3,19.8486882379362,-14.0112811217338,3.3,        685P    628
19.8486882379362,-0.465,-0.165,0.,0.,0.;                             685P    629
126,1,1,0,0,1,0,2.8,2.8,3.05,3.05,1.,1.,-14.0112811217338,3.3,       687P    630
1.59868823793619,-16.5112811217338,3.3,1.59868823793619,2.8,         687P    631
3.05,0.,0.,0.;                                                       687P    632
126,1,1,0,0,1,0,0.,0.,0.15,0.15,1.,1.,-14.0112811217338,3.3,         689P    633
0.0986882379361909,-14.0112811217338,3.3,1.59868823793619,0.,        689P    634
0.15,0.,0.,0.;                                                       689P    635
126,1,1,0,0,1,0,-1.975,-1.975,0.,0.,1.,1.,-18.0112811217338,3.3,     691P    636
19.8486882379362,-18.0112811217338,3.3,0.0986882379361909,           691P    637
-1.975,0.,0.,0.,0.;                                                  691P    638
126,1,1,0,0,1,0,-0.4,-0.4,0.,0.,1.,1.,-14.0112811217338,3.3,         693P    639
19.8486882379362,-18.0112811217338,3.3,19.8486882379362,-0.4,0.,     693P    640
0.,0.,0.;                                                            693P    641
126,1,1,0,0,1,0,0.15,0.15,0.4,0.4,1.,1.,-16.5112811217338,3.3,       695P    642
18.3486882379362,-14.0112811217338,3.3,18.3486882379362,0.15,        695P    643
0.4,0.,0.,0.;                                                        695P    644
126,1,1,0,0,1,0,0.15,0.15,1.825,1.825,1.,1.,-16.5112811217338,       697P    645
3.3,1.59868823793619,-16.5112811217338,3.3,18.3486882379362,         697P    646
0.15,1.825,0.,0.,0.;                                                 697P    647
126,1,1,0,0,1,0,-0.0750000000000002,-0.0750000000000002,             699P    648
0.0750000000000002,0.0750000000000002,1.,1.,-18.0112811217338,       699P    649
4.3,19.8486882379362,-16.5112811217338,4.3,19.8486882379362,         699P    650
-0.0750000000000002,0.0750000000000002,0.,0.,0.;                     699P    651
126,1,1,0,0,1,0,0.,0.,1.975,1.975,1.,1.,-18.0112811217338,4.3,       701P    652
0.0986882379361909,-18.0112811217338,4.3,19.8486882379362,0.,        701P    653
1.975,0.,0.,0.;                                                      701P    654
126,1,1,0,0,1,0,0.,0.,1.975,1.975,1.,1.,-16.5112811217338,4.3,       703P    655
0.0986882379361909,-16.5112811217338,4.3,19.8486882379362,0.,        703P    656
1.975,0.,0.,0.;                                                      703P    657
126,1,1,0,0,1,0,-3.25,-3.25,-3.,-3.,1.,1.,-16.5112811217338,6.3,     705P    658
1.59868823793619,-14.0112811217338,6.3,1.59868823793619,-3.25,       705P    659
-3.,0.,0.,0.;                                                        705P    660
126,1,1,0,0,1,0,0.,0.,0.15,0.15,1.,1.,-16.5112811217338,6.3,         707P    661
0.0986882379361909,-16.5112811217338,6.3,1.59868823793619,0.,        707P    662
0.15,0.,0.,0.;                                                       707P    663
126,1,1,0,0,1,0,0.,0.,0.15,0.15,1.,1.,-14.0112811217338,6.3,         709P    664
0.0986882379361909,-14.0112811217338,6.3,1.59868823793619,0.,        709P    665
0.15,0.,0.,0.;                                                       709P    666
126,1,1,0,0,1,0,-0.465,-0.465,-0.165,-0.165,1.,1.,                   711P    667
-14.0112811217338,6.3,1.59868823793619,-14.0112811217338,3.3,        711P    668
1.59868823793619,-0.465,-0.165,0.,0.,0.;                             711P    669
126,1,1,0,0,1,0,0.,0.,0.33,0.33,1.,1.,45.9887188782662,0.,           713P    670
19.8486882379362,45.9887188782662,3.3,19.8486882379362,0.,0.33,      713P    671
0.,0.,0.;                                                            713P    672
126,1,1,0,0,1,0,1.825,1.825,1.975,1.975,1.,1.,45.9887188782662,      715P    673
0.,18.3486882379362,45.9887188782662,0.,19.8486882379362,1.825,      715P    674
1.975,0.,0.,0.;                                                      715P    675
126,1,1,0,0,1,0,0.,0.,0.1,0.1,1.,1.,45.9887188782662,0.,             717P    676
18.3486882379362,45.9887188782662,1.,18.3486882379362,0.,0.1,0.,     717P    677
0.,0.;                                                               717P    678
126,1,1,0,0,1,0,0.7975,0.7975,0.8675,0.8675,1.,1.,                   719P    679
45.9887188782662,1.,18.3486882379362,45.9887188782662,1.,            719P    680
19.0486882379362,0.7975,0.8675,0.,0.,0.;                             719P    681
126,1,1,0,0,1,0,0.05,0.05,0.19,0.19,1.,1.,45.9887188782662,1.,       721P    682
19.0486882379362,45.9887188782662,2.4,19.0486882379362,0.05,         721P    683
0.19,0.,0.,0.;                                                       721P    684
126,1,1,0,0,1,0,0.04,0.04,1.855,1.855,1.,1.,45.9887188782662,        723P    685
2.4,19.0486882379362,45.9887188782662,2.4,0.898688237936192,         723P    686
0.04,1.855,0.,0.,0.;                                                 723P    687
126,1,1,0,0,1,0,-0.12,-0.12,0.02,0.02,1.,1.,45.9887188782662,        725P    688
2.4,0.898688237936192,45.9887188782662,1.,0.898688237936192,         725P    689
-0.12,0.02,0.,0.,0.;                                                 725P    690
126,1,1,0,0,1,0,-0.9475,-0.9475,-0.8775,-0.8775,1.,1.,               727P    691
45.9887188782662,1.,0.898688237936192,45.9887188782662,1.,           727P    692
1.59868823793619,-0.9475,-0.8775,0.,0.,0.;                           727P    693
126,1,1,0,0,1,0,-0.1,-0.1,0.,0.,1.,1.,45.9887188782662,1.,           729P    694
1.59868823793619,45.9887188782662,0.,1.59868823793619,-0.1,0.,       729P    695
0.,0.,0.;                                                            729P    696
126,1,1,0,0,1,0,0.,0.,0.15,0.15,1.,1.,45.9887188782662,0.,           731P    697
0.0986882379361909,45.9887188782662,0.,1.59868823793619,0.,0.15,     731P    698
0.,0.,0.;                                                            731P    699
126,1,1,0,0,1,0,0.63,0.63,1.24,1.24,1.,1.,44.4887188782662,6.3,      733P    700
18.3486882379362,44.4887188782662,12.4,18.3486882379362,0.63,        733P    701
1.24,0.,0.,0.;                                                       733P    702
126,1,1,0,0,1,0,0.,0.,1.675,1.675,1.,1.,44.4887188782662,12.4,       735P    703
18.3486882379362,44.4887188782662,12.4,1.59868823793619,0.,          735P    704
1.675,0.,0.,0.;                                                      735P    705
126,1,1,0,0,1,0,0.63,0.63,1.24,1.24,1.,1.,44.4887188782662,6.3,      737P    706
1.59868823793619,44.4887188782662,12.4,1.59868823793619,0.63,        737P    707
1.24,0.,0.,0.;                                                       737P    708
126,1,1,0,0,1,0,-0.415,-0.415,-0.215,-0.215,1.,1.,                   739P    709
44.4887188782662,6.3,19.8486882379362,44.4887188782662,4.3,          739P    710
19.8486882379362,-0.415,-0.215,0.,0.,0.;                             739P    711
126,1,1,0,0,1,0,0.24,0.24,0.33,0.33,1.,1.,44.4887188782662,2.4,      741P    712
1.59868823793619,44.4887188782662,3.3,1.59868823793619,0.24,         741P    713
0.33,0.,0.,0.;                                                       741P    714
126,1,1,0,0,1,0,-1.785,-1.785,-0.11,-0.11,1.,1.,                     743P    715
44.4887188782662,2.4,1.59868823793619,44.4887188782662,2.4,          743P    716
18.3486882379362,-1.785,-0.11,0.,0.,0.;                              743P    717
126,1,1,0,0,1,0,0.24,0.24,0.33,0.33,1.,1.,44.4887188782662,2.4,      745P    718
18.3486882379362,44.4887188782662,3.3,18.3486882379362,0.24,         745P    719
0.33,0.,0.,0.;                                                       745P    720
126,1,1,0,0,1,0,-3.05,-3.05,3.05,3.05,1.,1.,44.4887188782662,        747P    721
2.4,18.3486882379362,-16.5112811217338,2.4,18.3486882379362,         747P    722
-3.05,3.05,0.,0.,0.;                                                 747P    723
126,1,1,0,0,1,0,0.24,0.24,0.33,0.33,1.,1.,-16.5112811217338,2.4,     749P    724
18.3486882379362,-16.5112811217338,3.3,18.3486882379362,0.24,        749P    725
0.33,0.,0.,0.;                                                       749P    726
126,1,1,0,0,1,0,0.63,0.63,1.24,1.24,1.,1.,-16.5112811217338,6.3,     751P    727
18.3486882379362,-16.5112811217338,12.4,18.3486882379362,0.63,       751P    728
1.24,0.,0.,0.;                                                       751P    729
126,1,1,0,0,1,0,0.,0.,6.1,6.1,1.,1.,-16.5112811217338,12.4,          753P    730
18.3486882379362,44.4887188782662,12.4,18.3486882379362,0.,6.1,      753P    731
0.,0.,0.;                                                            753P    732
126,1,1,0,0,1,0,0.259999999999996,0.259999999999996,                 755P    733
0.379999999999996,0.379999999999996,1.,1.,-4.41128112173378,5.2,     755P    734
18.3486882379362,-4.41128112173379,6.4,18.3486882379362,             755P    735
0.259999999999996,0.379999999999996,0.,0.,0.;                        755P    736
126,1,1,0,0,1,0,-0.68,-0.68,-0.360000000000001,                      757P    737
-0.360000000000001,1.,1.,-4.41128112173379,6.4,18.3486882379362,     757P    738
-7.61128112173378,6.4,18.3486882379362,-0.68,-0.360000000000001,     757P    739
0.,0.,0.;                                                            757P    740
126,1,1,0,0,1,0,-0.320000000000001,-0.320000000000001,               759P    741
-0.200000000000001,-0.200000000000001,1.,1.,-7.61128112173378,       759P    742
6.4,18.3486882379362,-7.61128112173378,5.2,18.3486882379362,         759P    743
-0.320000000000001,-0.200000000000001,0.,0.,0.;                      759P    744
126,1,1,0,0,1,0,0.52,0.52,0.84,0.84,1.,1.,-7.61128112173378,5.2,     761P    745
18.3486882379362,-4.41128112173378,5.2,18.3486882379362,0.52,        761P    746
0.84,0.,0.,0.;                                                       761P    747
126,1,1,0,0,1,0,0.25999999999999,0.25999999999999,                   763P    748
0.37999999999999,0.37999999999999,1.,1.,35.5887188782662,5.2,        763P    749
18.3486882379362,35.5887188782662,6.4,18.3486882379362,              763P    750
0.25999999999999,0.37999999999999,0.,0.,0.;                          763P    751
126,1,1,0,0,1,0,-2.68,-2.68,-2.36,-2.36,1.,1.,35.5887188782662,      765P    752
6.4,18.3486882379362,32.3887188782662,6.4,18.3486882379362,          765P    753
-2.68,-2.36,0.,0.,0.;                                                765P    754
126,1,1,0,0,1,0,-0.320000000000019,-0.320000000000019,               767P    755
-0.200000000000019,-0.200000000000019,1.,1.,32.3887188782662,        767P    756
6.4,18.3486882379362,32.3887188782662,5.2,18.3486882379362,          767P    757
-0.320000000000019,-0.200000000000019,0.,0.,0.;                      767P    758
126,1,1,0,0,1,0,2.52,2.52,2.84,2.84,1.,1.,32.3887188782662,5.2,      769P    759
18.3486882379362,35.5887188782662,5.2,18.3486882379362,2.52,         769P    760
2.84,0.,0.,0.;                                                       769P    761
126,1,1,0,0,1,0,-0.315,-0.315,-0.015,-0.015,1.,1.,                   771P    762
6.48871887826622,6.3,18.3486882379362,6.48871887826622,3.3,          771P    763
18.3486882379362,-0.315,-0.015,0.,0.,0.;                             771P    764
126,1,1,0,0,1,0,1.225,1.225,2.725,2.725,1.,1.,6.48871887826622,      773P    765
3.3,18.3486882379362,21.4887188782662,3.3,18.3486882379362,          773P    766
1.225,2.725,0.,0.,0.;                                                773P    767
126,1,1,0,0,1,0,0.165,0.165,0.465,0.465,1.,1.,21.4887188782662,      775P    768
3.3,18.3486882379362,21.4887188782662,6.3,18.3486882379362,          775P    769
0.165,0.465,0.,0.,0.;                                                775P    770
126,1,1,0,0,1,0,-1.975,-1.975,-0.475,-0.475,1.,1.,                   777P    771
21.4887188782662,6.3,18.3486882379362,6.48871887826622,6.3,          777P    772
18.3486882379362,-1.975,-0.475,0.,0.,0.;                             777P    773
126,1,1,0,0,1,0,0.63,0.63,1.24,1.24,1.,1.,-16.5112811217338,6.3,     779P    774
1.59868823793619,-16.5112811217338,12.4,1.59868823793619,0.63,       779P    775
1.24,0.,0.,0.;                                                       779P    776
126,1,1,0,0,1,0,0.,0.,1.675,1.675,1.,1.,-16.5112811217338,12.4,      781P    777
1.5986882379362,-16.5112811217338,12.4,18.3486882379362,0.,          781P    778
1.675,0.,0.,0.;                                                      781P    779
126,1,1,0,0,1,0,0.115,0.115,0.315,0.315,1.,1.,-16.5112811217338,     783P    780
4.3,19.8486882379362,-16.5112811217338,6.3,19.8486882379362,         783P    781
0.115,0.315,0.,0.,0.;                                                783P    782
126,1,1,0,0,1,0,-0.8775,-0.8775,0.7975,0.7975,1.,1.,                 785P    783
-16.5112811217338,2.4,18.3486882379362,-16.5112811217338,2.4,        785P    784
1.59868823793619,-0.8775,0.7975,0.,0.,0.;                            785P    785
126,1,1,0,0,1,0,0.24,0.24,0.33,0.33,1.,1.,-16.5112811217338,2.4,     787P    786
1.59868823793619,-16.5112811217338,3.3,1.59868823793619,0.24,        787P    787
0.33,0.,0.,0.;                                                       787P    788
126,1,1,0,0,1,0,0.43,0.43,1.2,1.2,1.,1.,-18.0112811217338,4.3,       789P    789
19.8486882379362,-18.0112811217338,12.,19.8486882379362,0.43,        789P    790
1.2,0.,0.,0.;                                                        789P    791
126,1,1,0,0,1,0,0.,0.,0.33,0.33,1.,1.,-18.0112811217338,0.,          791P    792
19.8486882379362,-18.0112811217338,3.3,19.8486882379362,0.,0.33,     791P    793
0.,0.,0.;                                                            791P    794
126,1,1,0,0,1,0,0.,0.,6.4,6.4,1.,1.,45.9887188782662,0.,             793P    795
19.8486882379362,-18.0112811217338,0.,19.8486882379362,0.,6.4,       793P    796
0.,0.,0.;                                                            793P    797
126,1,1,0,0,1,0,0.43,0.43,1.2,1.2,1.,1.,45.9887188782662,4.3,        795P    798
19.8486882379362,45.9887188782662,12.,19.8486882379362,0.43,1.2,     795P    799
0.,0.,0.;                                                            795P    800
126,1,1,0,0,1,0,0.015,0.015,0.315,0.315,1.,1.,6.48871887826622,      797P    801
3.3,19.8486882379362,6.48871887826622,6.3,19.8486882379362,          797P    802
0.015,0.315,0.,0.,0.;                                                797P    803
126,1,1,0,0,1,0,0.475,0.475,1.975,1.975,1.,1.,6.48871887826622,      799P    804
6.3,19.8486882379362,21.4887188782662,6.3,19.8486882379362,          799P    805
0.475,1.975,0.,0.,0.;                                                799P    806
126,1,1,0,0,1,0,-0.465,-0.465,-0.165,-0.165,1.,1.,                   801P    807
21.4887188782662,6.3,19.8486882379362,21.4887188782662,3.3,          801P    808
19.8486882379362,-0.465,-0.165,0.,0.,0.;                             801P    809
126,1,1,0,0,1,0,-2.725,-2.725,-1.225,-1.225,1.,1.,                   803P    810
21.4887188782662,3.3,19.8486882379362,6.48871887826622,3.3,          803P    811
19.8486882379362,-2.725,-1.225,0.,0.,0.;                             803P    812
126,1,1,0,0,1,0,-0.37999999999999,-0.37999999999999,                 805P    813
-0.25999999999999,-0.25999999999999,1.,1.,35.5887188782662,6.4,      805P    814
19.8486882379362,35.5887188782662,5.2,19.8486882379362,              805P    815
-0.37999999999999,-0.25999999999999,0.,0.,0.;                        805P    816
126,1,1,0,0,1,0,-2.84,-2.84,-2.52,-2.52,1.,1.,35.5887188782662,      807P    817
5.2,19.8486882379362,32.3887188782662,5.2,19.8486882379362,          807P    818
-2.84,-2.52,0.,0.,0.;                                                807P    819
126,1,1,0,0,1,0,0.200000000000019,0.200000000000019,                 809P    820
0.320000000000019,0.320000000000019,1.,1.,32.3887188782662,5.2,      809P    821
19.8486882379362,32.3887188782662,6.4,19.8486882379362,              809P    822
0.200000000000019,0.320000000000019,0.,0.,0.;                        809P    823
126,1,1,0,0,1,0,2.36,2.36,2.68,2.68,1.,1.,32.3887188782662,6.4,      811P    824
19.8486882379362,35.5887188782662,6.4,19.8486882379362,2.36,         811P    825
2.68,0.,0.,0.;                                                       811P    826
126,1,1,0,0,1,0,-0.379999999999996,-0.379999999999996,               813P    827
-0.259999999999996,-0.259999999999996,1.,1.,-4.41128112173379,       813P    828
6.4,19.8486882379362,-4.41128112173378,5.2,19.8486882379362,         813P    829
-0.379999999999996,-0.259999999999996,0.,0.,0.;                      813P    830
126,1,1,0,0,1,0,-0.84,-0.84,-0.52,-0.52,1.,1.,-4.41128112173378,     815P    831
5.2,19.8486882379362,-7.61128112173378,5.2,19.8486882379362,         815P    832
-0.84,-0.52,0.,0.,0.;                                                815P    833
126,1,1,0,0,1,0,0.200000000000001,0.200000000000001,                 817P    834
0.320000000000001,0.320000000000001,1.,1.,-7.61128112173378,5.2,     817P    835
19.8486882379362,-7.61128112173378,6.4,19.8486882379362,             817P    836
0.200000000000001,0.320000000000001,0.,0.,0.;                        817P    837
126,1,1,0,0,1,0,0.360000000000001,0.360000000000001,0.68,0.68,       819P    838
1.,1.,-7.61128112173378,6.4,19.8486882379362,-4.41128112173379,      819P    839
6.4,19.8486882379362,0.360000000000001,0.68,0.,0.,0.;                819P    840
126,1,1,0,0,1,0,0.,0.,1.975,1.975,1.,1.,-18.0112811217338,0.,        821P    841
19.8486882379362,-18.0112811217338,0.,0.0986882379361909,0.,         821P    842
1.975,0.,0.,0.;                                                      821P    843
126,1,1,0,0,1,0,0.,0.,6.25,6.25,1.,1.,45.9887188782662,1.,           823P    844
1.59868823793619,-16.5112811217338,1.,1.59868823793619,0.,6.25,      823P    845
0.,0.,0.;                                                            823P    846
126,1,1,0,0,1,0,0.,0.,6.32,6.32,1.,1.,45.9887188782662,1.,           825P    847
0.898688237936191,-17.2112811217338,1.,0.898688237936191,0.,         825P    848
6.32,0.,0.,0.;                                                       825P    849
126,1,1,0,0,1,0,0.,0.,1.815,1.815,1.,1.,-17.2112811217338,1.,        827P    850
0.898688237936191,-17.2112811217338,1.,19.0486882379362,0.,          827P    851
1.815,0.,0.,0.;                                                      827P    852
126,1,1,0,0,1,0,0.,0.,6.32,6.32,1.,1.,45.9887188782662,1.,           829P    853
19.0486882379362,-17.2112811217338,1.,19.0486882379362,0.,6.32,      829P    854
0.,0.,0.;                                                            829P    855
126,1,1,0,0,1,0,-3.05,-3.05,3.2,3.2,1.,1.,-16.5112811217338,1.,      831P    856
18.3486882379362,45.9887188782662,1.,18.3486882379362,-3.05,3.2,     831P    857
0.,0.,0.;                                                            831P    858
126,1,1,0,0,1,0,0.11,0.11,1.785,1.785,1.,1.,-16.5112811217338,       833P    859
1.,1.59868823793619,-16.5112811217338,1.,18.3486882379362,0.11,      833P    860
1.785,0.,0.,0.;                                                      833P    861
126,1,1,0,0,1,0,-4.575,-4.575,1.675,1.675,1.,1.,                     835P    862
-16.5112811217338,0.,18.3486882379362,45.9887188782662,0.,           835P    863
18.3486882379362,-4.575,1.675,0.,0.,0.;                              835P    864
126,1,1,0,0,1,0,-1.6,-1.6,4.65,4.65,1.,1.,45.9887188782662,0.,       837P    865
1.59868823793619,-16.5112811217338,0.,1.59868823793619,-1.6,         837P    866
4.65,0.,0.,0.;                                                       837P    867
126,1,1,0,0,1,0,-0.34375,-0.34375,1.33125,1.33125,1.,1.,             839P    868
-16.5112811217338,0.,1.59868823793619,-16.5112811217338,0.,          839P    869
18.3486882379362,-0.34375,1.33125,0.,0.,0.;                          839P    870
126,1,1,0,0,1,0,0.,0.,6.32,6.32,1.,1.,45.9887188782662,2.4,          841P    871
19.0486882379362,-17.2112811217338,2.4,19.0486882379362,0.,6.32,     841P    872
0.,0.,0.;                                                            841P    873
126,1,1,0,0,1,0,0.,0.,1.815,1.815,1.,1.,-17.2112811217338,2.4,       843P    874
19.0486882379362,-17.2112811217338,2.4,0.898688237936192,0.,         843P    875
1.815,0.,0.,0.;                                                      843P    876
126,1,1,0,0,1,0,0.,0.,6.32,6.32,1.,1.,45.9887188782662,2.4,          845P    877
0.898688237936191,-17.2112811217338,2.4,0.898688237936191,0.,        845P    878
6.32,0.,0.,0.;                                                       845P    879
126,1,1,0,0,1,0,-6.25,-6.25,-0.15,-0.15,1.,1.,-16.5112811217338,     847P    880
2.4,1.59868823793619,44.4887188782662,2.4,1.59868823793619,          847P    881
-6.25,-0.15,0.,0.,0.;                                                847P    882
126,1,1,0,0,1,0,0.,0.,0.14,0.14,1.,1.,-17.2112811217338,1.,          849P    883
19.0486882379362,-17.2112811217338,2.4,19.0486882379362,0.,0.14,     849P    884
0.,0.,0.;                                                            849P    885
126,1,1,0,0,1,0,0.,0.,0.14,0.14,1.,1.,-17.2112811217338,2.4,         851P    886
0.898688237936191,-17.2112811217338,1.,0.898688237936191,0.,         851P    887
0.14,0.,0.,0.;                                                       851P    888
126,1,1,0,0,1,0,0.,0.,0.1,0.1,1.,1.,-16.5112811217338,0.,            853P    889
18.3486882379362,-16.5112811217338,1.,18.3486882379362,0.,0.1,       853P    890
0.,0.,0.;                                                            853P    891
126,1,1,0,0,1,0,0.,0.,0.1,0.1,1.,1.,-16.5112811217338,0.,            855P    892
1.59868823793619,-16.5112811217338,1.,1.59868823793619,0.,0.1,       855P    893
0.,0.,0.;                                                            855P    894
126,1,1,0,0,1,0,0.,0.,0.15,0.15,1.,1.,-7.61128112173378,6.4,         857P    895
1.59868823793619,-7.61128112173378,6.4,0.0986882379361909,0.,        857P    896
0.15,0.,0.,0.;                                                       857P    897
126,1,1,0,0,1,0,0.199999999999995,0.199999999999995,                 859P    898
0.319999999999995,0.319999999999995,1.,1.,-7.61128112173378,5.2,     859P    899
1.59868823793619,-7.61128112173378,6.4,1.59868823793619,             859P    900
0.199999999999995,0.319999999999995,0.,0.,0.;                        859P    901
126,1,1,0,0,1,0,0.,0.,0.15,0.15,1.,1.,-7.61128112173378,5.2,         861P    902
1.59868823793619,-7.61128112173378,5.2,0.0986882379361909,0.,        861P    903
0.15,0.,0.,0.;                                                       861P    904
126,1,1,0,0,1,0,2.36,2.36,2.68,2.68,1.,1.,-4.41128112173378,5.2,     863P    905
1.59868823793619,-7.61128112173378,5.2,1.59868823793619,2.36,        863P    906
2.68,0.,0.,0.;                                                       863P    907
126,1,1,0,0,1,0,0.,0.,0.15,0.15,1.,1.,-4.41128112173378,5.2,         865P    908
1.59868823793619,-4.41128112173378,5.2,0.0986882379361909,0.,        865P    909
0.15,0.,0.,0.;                                                       865P    910
126,1,1,0,0,1,0,-0.380000000000014,-0.380000000000014,               867P    911
-0.260000000000014,-0.260000000000014,1.,1.,-4.41128112173379,       867P    912
6.4,1.59868823793619,-4.41128112173378,5.2,1.59868823793619,         867P    913
-0.380000000000014,-0.260000000000014,0.,0.,0.;                      867P    914
126,1,1,0,0,1,0,0.,0.,0.15,0.15,1.,1.,-4.41128112173379,6.4,         869P    915
1.59868823793619,-4.41128112173379,6.4,0.0986882379361909,0.,        869P    916
0.15,0.,0.,0.;                                                       869P    917
126,1,1,0,0,1,0,-2.84,-2.84,-2.52,-2.52,1.,1.,-7.61128112173378,     871P    918
6.4,1.59868823793619,-4.41128112173379,6.4,1.59868823793619,         871P    919
-2.84,-2.52,0.,0.,0.;                                                871P    920
126,1,1,0,0,1,0,0.,0.,0.15,0.15,1.,1.,32.3887188782662,6.4,          873P    921
1.59868823793619,32.3887188782662,6.4,0.0986882379361909,0.,         873P    922
0.15,0.,0.,0.;                                                       873P    923
126,1,1,0,0,1,0,0.199999999999995,0.199999999999995,                 875P    924
0.319999999999995,0.319999999999995,1.,1.,32.3887188782662,5.2,      875P    925
1.59868823793619,32.3887188782662,6.4,1.59868823793619,              875P    926
0.199999999999995,0.319999999999995,0.,0.,0.;                        875P    927
126,1,1,0,0,1,0,0.,0.,0.15,0.15,1.,1.,32.3887188782662,5.2,          877P    928
1.59868823793619,32.3887188782662,5.2,0.0986882379361909,0.,         877P    929
0.15,0.,0.,0.;                                                       877P    930
126,1,1,0,0,1,0,0.36,0.36,0.68,0.68,1.,1.,35.5887188782662,5.2,      879P    931
1.59868823793619,32.3887188782662,5.2,1.59868823793619,0.36,         879P    932
0.68,0.,0.,0.;                                                       879P    933
126,1,1,0,0,1,0,0.,0.,0.15,0.15,1.,1.,35.5887188782662,5.2,          881P    934
1.59868823793619,35.5887188782662,5.2,0.0986882379361909,0.,         881P    935
0.15,0.,0.,0.;                                                       881P    936
126,1,1,0,0,1,0,-0.380000000000002,-0.380000000000002,               883P    937
-0.260000000000002,-0.260000000000002,1.,1.,35.5887188782662,        883P    938
6.4,1.59868823793619,35.5887188782662,5.2,1.59868823793619,          883P    939
-0.380000000000002,-0.260000000000002,0.,0.,0.;                      883P    940
126,1,1,0,0,1,0,0.,0.,0.15,0.15,1.,1.,35.5887188782662,6.4,          885P    941
1.59868823793619,35.5887188782662,6.4,0.0986882379361909,0.,         885P    942
0.15,0.,0.,0.;                                                       885P    943
126,1,1,0,0,1,0,-0.839999999999999,-0.839999999999999,-0.52,         887P    944
-0.52,1.,1.,32.3887188782662,6.4,1.59868823793619,                   887P    945
35.5887188782662,6.4,1.59868823793619,-0.839999999999999,-0.52,      887P    946
0.,0.,0.;                                                            887P    947
126,1,1,0,0,1,0,0.,0.,0.15,0.15,1.,1.,-7.61128112173378,5.2,         889P    948
18.3486882379362,-7.61128112173378,5.2,19.8486882379362,0.,0.15,     889P    949
0.,0.,0.;                                                            889P    950
126,1,1,0,0,1,0,0.,0.,0.15,0.15,1.,1.,-7.61128112173378,6.4,         891P    951
18.3486882379362,-7.61128112173378,6.4,19.8486882379362,0.,0.15,     891P    952
0.,0.,0.;                                                            891P    953
126,1,1,0,0,1,0,0.,0.,0.15,0.15,1.,1.,-4.41128112173379,6.4,         893P    954
18.3486882379362,-4.41128112173379,6.4,19.8486882379362,0.,0.15,     893P    955
0.,0.,0.;                                                            893P    956
126,1,1,0,0,1,0,0.,0.,0.15,0.15,1.,1.,-4.41128112173378,5.2,         895P    957
18.3486882379362,-4.41128112173378,5.2,19.8486882379362,0.,0.15,     895P    958
0.,0.,0.;                                                            895P    959
126,1,1,0,0,1,0,0.,0.,0.15,0.15,1.,1.,32.3887188782662,5.2,          897P    960
18.3486882379362,32.3887188782662,5.2,19.8486882379362,0.,0.15,      897P    961
0.,0.,0.;                                                            897P    962
126,1,1,0,0,1,0,0.,0.,0.15,0.15,1.,1.,32.3887188782662,6.4,          899P    963
18.3486882379362,32.3887188782662,6.4,19.8486882379362,0.,0.15,      899P    964
0.,0.,0.;                                                            899P    965
126,1,1,0,0,1,0,0.,0.,0.15,0.15,1.,1.,35.5887188782662,6.4,          901P    966
18.3486882379362,35.5887188782662,6.4,19.8486882379362,0.,0.15,      901P    967
0.,0.,0.;                                                            901P    968
126,1,1,0,0,1,0,0.,0.,0.15,0.15,1.,1.,35.5887188782662,5.2,          903P    969
18.3486882379362,35.5887188782662,5.2,19.8486882379362,0.,0.15,      903P    970
0.,0.,0.;                                                            903P    971
126,1,1,0,0,1,0,0.,0.,0.0960000000000001,0.0960000000000001,1.,      905P    972
1.,0.238718878266218,13.,7.84868823793619,0.238718878266218,         905P    973
12.4,7.84868823793619,0.,0.0960000000000001,0.,0.,0.;                905P    974
126,6,2,0,0,0,0,-1.5707963267949,-1.5707963267949,                   907P    975
-1.5707963267949,0.,0.,1.5707963267949,1.5707963267949,              907P    976
3.14159265358979,3.14159265358979,3.14159265358979,1.,               907P    977
0.707106781186548,1.,0.707106781186548,1.,0.707106781186547,1.,      907P    978
-6.01128112173378,12.4,1.59868823793619,-12.2612811217338,12.4,      907P    979
1.59868823793619,-12.2612811217338,12.4,7.84868823793619,            907P    980
-12.2612811217338,12.4,14.0986882379362,-6.01128112173378,12.4,      907P    981
14.0986882379362,0.238718878266217,12.4,14.0986882379362,            907P    982
0.238718878266218,12.4,7.84868823793619,-1.5707963267949,            907P    983
3.14159265358979,0.,0.,0.;                                           907P    984
126,2,2,0,0,0,0,3.14159265358979,3.14159265358979,                   909P    985
3.14159265358979,4.71238898038469,4.71238898038469,                  909P    986
4.71238898038469,1.,0.707106781186548,1.,0.238718878266218,12.4,     909P    987
7.84868823793619,0.238718878266218,12.4,1.59868823793619,            909P    988
-6.01128112173378,12.4,1.59868823793619,3.14159265358979,            909P    989
4.71238898038469,0.,0.,0.;                                           909P    990
126,1,1,0,0,1,0,0.,0.,0.0960000000000001,0.0960000000000001,1.,      911P    991
1.,20.2387188782662,13.,7.84868823793619,20.2387188782662,12.4,      911P    992
7.84868823793619,0.,0.0960000000000001,0.,0.,0.;                     911P    993
126,6,2,0,0,0,0,-1.5707963267949,-1.5707963267949,                   913P    994
-1.5707963267949,0.,0.,1.5707963267949,1.5707963267949,              913P    995
3.14159265358979,3.14159265358979,3.14159265358979,1.,               913P    996
0.707106781186548,1.,0.707106781186548,1.,0.707106781186547,1.,      913P    997
13.9887188782662,12.4,1.59868823793619,7.73871887826622,12.4,        913P    998
1.59868823793619,7.73871887826622,12.4,7.84868823793619,             913P    999
7.73871887826622,12.4,14.0986882379362,13.9887188782662,12.4,        913P   1000
14.0986882379362,20.2387188782662,12.4,14.0986882379362,             913P   1001
20.2387188782662,12.4,7.84868823793619,-1.5707963267949,             913P   1002
3.14159265358979,0.,0.,0.;                                           913P   1003
126,2,2,0,0,0,0,3.14159265358979,3.14159265358979,                   915P   1004
3.14159265358979,4.71238898038469,4.71238898038469,                  915P   1005
4.71238898038469,1.,0.707106781186547,1.,20.2387188782662,12.4,      915P   1006
7.84868823793619,20.2387188782662,12.4,1.59868823793619,             915P   1007
13.9887188782662,12.4,1.59868823793619,3.14159265358979,             915P   1008
4.71238898038469,0.,0.,0.;                                           915P   1009
126,1,1,0,0,1,0,0.,0.,0.0960000000000001,0.0960000000000001,1.,      917P   1010
1.,40.2387188782662,13.,7.84868823793619,40.2387188782662,12.4,      917P   1011
7.84868823793619,0.,0.0960000000000001,0.,0.,0.;                     917P   1012
126,6,2,0,0,0,0,-1.5707963267949,-1.5707963267949,                   919P   1013
-1.5707963267949,0.,0.,1.5707963267949,1.5707963267949,              919P   1014
3.14159265358979,3.14159265358979,3.14159265358979,1.,               919P   1015
0.707106781186548,1.,0.707106781186548,1.,0.707106781186547,1.,      919P   1016
33.9887188782662,12.4,1.59868823793619,27.7387188782662,12.4,        919P   1017
1.59868823793619,27.7387188782662,12.4,7.84868823793619,             919P   1018
27.7387188782662,12.4,14.0986882379362,33.9887188782662,12.4,        919P   1019
14.0986882379362,40.2387188782662,12.4,14.0986882379362,             919P   1020
40.2387188782662,12.4,7.84868823793619,-1.5707963267949,             919P   1021
3.14159265358979,0.,0.,0.;                                           919P   1022
126,2,2,0,0,0,0,3.14159265358979,3.14159265358979,                   921P   1023
3.14159265358979,4.71238898038469,4.71238898038469,                  921P   1024
4.71238898038469,1.,0.707106781186548,1.,40.2387188782662,12.4,      921P   1025
7.84868823793619,40.2387188782662,12.4,1.59868823793619,             921P   1026
33.9887188782662,12.4,1.59868823793619,3.14159265358979,             921P   1027
4.71238898038469,0.,0.,0.;                                           921P   1028
126,1,1,0,0,1,0,0.,0.,1.05,1.05,1.,1.,44.4887188782662,12.4,         923P   1029
1.59868823793619,33.9887188782662,12.4,1.59868823793619,0.,1.05,     923P   1030
0.,0.,0.;                                                            923P   1031
126,1,1,0,0,1,0,5.05,5.05,6.1,6.1,1.,1.,-6.01128112173378,12.4,      925P   1032
1.5986882379362,-16.5112811217338,12.4,1.5986882379362,5.05,6.1,     925P   1033
0.,0.,0.;                                                            925P   1034
126,1,1,0,0,1,0,3.05,3.05,5.05,5.05,1.,1.,13.9887188782662,12.4,     927P   1035
1.59868823793619,-6.01128112173378,12.4,1.5986882379362,3.05,        927P   1036
5.05,0.,0.,0.;                                                       927P   1037
126,1,1,0,0,1,0,1.05,1.05,3.05,3.05,1.,1.,33.9887188782662,12.4,     929P   1038
1.59868823793619,13.9887188782662,12.4,1.59868823793619,1.05,        929P   1039
3.05,0.,0.,0.;                                                       929P   1040
126,1,1,0,0,1,0,1.825,1.825,1.975,1.975,1.,1.,21.4887188782662,      931P   1041
3.3,18.3486882379362,21.4887188782662,3.3,19.8486882379362,          931P   1042
1.825,1.975,0.,0.,0.;                                                931P   1043
126,1,1,0,0,1,0,1.825,1.825,1.975,1.975,1.,1.,21.4887188782662,      933P   1044
6.3,18.3486882379362,21.4887188782662,6.3,19.8486882379362,          933P   1045
1.825,1.975,0.,0.,0.;                                                933P   1046
126,1,1,0,0,1,0,-0.465,-0.465,-0.165,-0.165,1.,1.,                   935P   1047
21.4887188782662,6.3,1.59868823793619,21.4887188782662,3.3,          935P   1048
1.59868823793619,-0.465,-0.165,0.,0.,0.;                             935P   1049
126,1,1,0,0,1,0,0.,0.,0.15,0.15,1.,1.,21.4887188782662,6.3,          937P   1050
0.0986882379361909,21.4887188782662,6.3,1.59868823793619,0.,         937P   1051
0.15,0.,0.,0.;                                                       937P   1052
126,1,1,0,0,1,0,0.,0.,0.15,0.15,1.,1.,21.4887188782662,3.3,          939P   1053
0.0986882379361909,21.4887188782662,3.3,1.59868823793619,0.,         939P   1054
0.15,0.,0.,0.;                                                       939P   1055
126,1,1,0,0,1,0,1.825,1.825,1.975,1.975,1.,1.,6.48871887826622,      941P   1056
6.3,18.3486882379362,6.48871887826622,6.3,19.8486882379362,          941P   1057
1.825,1.975,0.,0.,0.;                                                941P   1058
126,1,1,0,0,1,0,1.825,1.825,1.975,1.975,1.,1.,6.48871887826622,      943P   1059
3.3,18.3486882379362,6.48871887826622,3.3,19.8486882379362,          943P   1060
1.825,1.975,0.,0.,0.;                                                943P   1061
126,1,1,0,0,1,0,0.475,0.475,1.975,1.975,1.,1.,21.4887188782662,      945P   1062
3.3,1.59868823793619,6.48871887826622,3.3,1.59868823793619,          945P   1063
0.475,1.975,0.,0.,0.;                                                945P   1064
126,1,1,0,0,1,0,0.,0.,0.15,0.15,1.,1.,6.48871887826622,3.3,          947P   1065
0.0986882379361909,6.48871887826622,3.3,1.59868823793619,0.,         947P   1066
0.15,0.,0.,0.;                                                       947P   1067
126,1,1,0,0,1,0,0.015,0.015,0.315,0.315,1.,1.,6.48871887826622,      949P   1068
3.3,1.59868823793619,6.48871887826622,6.3,1.59868823793619,          949P   1069
0.015,0.315,0.,0.,0.;                                                949P   1070
126,1,1,0,0,1,0,0.,0.,0.15,0.15,1.,1.,6.48871887826622,6.3,          951P   1071
0.0986882379361909,6.48871887826622,6.3,1.59868823793619,0.,         951P   1072
0.15,0.,0.,0.;                                                       951P   1073
126,1,1,0,0,1,0,-2.725,-2.725,-1.225,-1.225,1.,1.,                   953P   1074
6.48871887826622,6.3,1.59868823793619,21.4887188782662,6.3,          953P   1075
1.59868823793619,-2.725,-1.225,0.,0.,0.;                             953P   1076
126,1,1,0,0,1,0,-0.38125,-0.38125,1.14375,1.14375,1.,1.,67.5,        955P   1077
24.75,3.,67.5,40.,3.,-0.38125,1.14375,0.,0.,0.;                      955P   1078
126,1,1,0,0,1,0,-0.05,-0.05,0.15,0.15,1.,1.,67.5,24.75,1.,67.5,      957P   1079
24.75,3.,-0.05,0.15,0.,0.,0.;                                        957P   1080
126,1,1,0,0,1,0,-1.525,-1.525,0.,0.,1.,1.,67.5,24.75,1.,67.5,        959P   1081
40.,1.,-1.525,0.,0.,0.,0.;                                           959P   1082
126,1,1,0,0,1,0,-0.15,-0.15,0.05,0.05,1.,1.,67.5,40.,3.,67.5,        961P   1083
40.,1.,-0.15,0.05,0.,0.,0.;                                          961P   1084
126,1,1,0,0,1,0,-1.14375,-1.14375,0.38125,0.38125,1.,1.,70.,40.,     963P   1085
1.,70.,24.75,1.,-1.14375,0.38125,0.,0.,0.;                           963P   1086
126,1,1,0,0,1,0,-0.1875,-0.1875,0.0625,0.0625,1.,1.,67.5,40.,1.,     965P   1087
70.,40.,1.,-0.1875,0.0625,0.,0.,0.;                                  965P   1088
126,1,1,0,0,1,0,-3.0925,-3.0925,-2.8425,-2.8425,1.,1.,70.,24.75,     967P   1089
1.,67.5,24.75,1.,-3.0925,-2.8425,0.,0.,0.;                           967P   1090
126,1,1,0,0,1,0,-0.38125,-0.38125,1.14375,1.14375,1.,1.,11.9,        969P   1091
40.,3.,11.9,24.75,3.,-0.38125,1.14375,0.,0.,0.;                      969P   1092
126,1,1,0,0,1,0,-0.05,-0.05,0.15,0.15,1.,1.,11.9,40.,1.,11.9,        971P   1093
40.,3.,-0.05,0.15,0.,0.,0.;                                          971P   1094
126,1,1,0,0,1,0,0.,0.,1.525,1.525,1.,1.,11.9,40.,1.,11.9,24.75,      973P   1095
1.,0.,1.525,0.,0.,0.;                                                973P   1096
126,1,1,0,0,1,0,-0.15,-0.15,0.05,0.05,1.,1.,11.9,24.75,3.,11.9,      975P   1097
24.75,1.,-0.15,0.05,0.,0.,0.;                                        975P   1098
126,1,1,0,0,1,0,-1.14375,-1.14375,0.38125,0.38125,1.,1.,9.4,         977P   1099
24.75,1.,9.4,40.,1.,-1.14375,0.38125,0.,0.,0.;                       977P   1100
126,1,1,0,0,1,0,-0.1875,-0.1875,0.0625,0.0625,1.,1.,11.9,24.75,      979P   1101
1.,9.4,24.75,1.,-0.1875,0.0625,0.,0.,0.;                             979P   1102
126,1,1,0,0,1,0,-3.0925,-3.0925,-2.8425,-2.8425,1.,1.,9.4,40.,       981P   1103
1.,11.9,40.,1.,-3.0925,-2.8425,0.,0.,0.;                             981P   1104
126,1,1,0,0,1,0,-5.81,-5.81,-3.49,-3.49,1.,1.,67.5,40.,3.,44.3,      983P   1105
40.,3.,-5.81,-3.49,0.,0.,0.;                                         983P   1106
126,1,1,0,0,1,0,-0.38125,-0.38125,-0.261478219713414,                985P   1107
-0.261478219713414,1.,1.,44.3,40.,3.,44.3,38.8022821971341,3.,       985P   1108
-0.38125,-0.261478219713414,0.,0.,0.;                                985P   1109
126,2,2,0,0,0,0,0.182828716744077,0.182828716744077,                 987P   1110
0.182828716744077,1.5707963267949,1.5707963267949,                   987P   1111
1.5707963267949,1.,0.768704061579376,1.,44.3,38.8022821971341,       987P   1112
3.,44.5269164096941,37.575,3.,45.775,37.575,3.,                      987P   1113
0.182828716744077,1.5707963267949,0.,0.,0.;                          987P   1114
126,1,1,0,0,1,0,0.303750000000001,0.303750000000001,0.77875,         989P   1115
0.77875,1.,1.,45.775,37.575,3.,50.525,37.575,3.,                     989P   1116
0.303750000000001,0.77875,0.,0.,0.;                                  989P   1117
126,1,1,0,0,1,0,-0.26,-0.26,0.78,0.78,1.,1.,50.525,37.575,3.,        991P   1118
50.525,27.175,3.,-0.26,0.78,0.,0.,0.;                                991P   1119
126,1,1,0,0,1,0,-0.54125,-0.54125,-0.0662500000000001,               993P   1120
-0.0662500000000001,1.,1.,50.525,27.175,3.,45.775,27.175,3.,         993P   1121
-0.54125,-0.0662500000000001,0.,0.,0.;                               993P   1122
126,2,2,0,0,0,0,0.,0.,0.,1.38796761005084,1.38796761005084,          995P   1123
1.38796761005084,1.,0.768704061579371,1.,45.775,27.175,3.,           995P   1124
44.5269164096941,27.175,3.,44.3,25.9477178028658,3.,0.,              995P   1125
1.38796761005084,0.,0.,0.;                                           995P   1126
126,1,1,0,0,1,0,1.02397821971342,1.02397821971342,1.14375,           997P   1127
1.14375,1.,1.,44.3,25.9477178028658,3.,44.3,24.75,3.,                997P   1128
1.02397821971342,1.14375,0.,0.,0.;                                   997P   1129
126,1,1,0,0,1,0,-2.57,-2.57,-0.25,-0.25,1.,1.,44.3,24.75,3.,         999P   1130
67.5,24.75,3.,-2.57,-0.25,0.,0.,0.;                                  999P   1131
126,1,1,0,0,1,0,-0.25,-0.25,-0.05,-0.05,1.,1.,44.3,24.75,3.,        1001P   1132
44.3,24.75,1.,-0.25,-0.05,0.,0.,0.;                                 1001P   1133
126,1,1,0,0,1,0,-2.205,-2.205,-1.285,-1.285,1.,1.,44.3,24.75,1.,    1003P   1134
35.1,24.75,1.,-2.205,-1.285,0.,0.,0.;                               1003P   1135
126,1,1,0,0,1,0,-0.05,-0.05,0.15,0.15,1.,1.,35.1,24.75,1.,35.1,     1005P   1136
24.75,3.,-0.05,0.15,0.,0.,0.;                                       1005P   1137
126,1,1,0,0,1,0,-5.81,-5.81,-3.49,-3.49,1.,1.,11.9,24.75,3.,        1007P   1138
35.1,24.75,3.,-5.81,-3.49,0.,0.,0.;                                 1007P   1139
126,1,1,0,0,1,0,0.,0.,0.1,0.1,1.,1.,9.4,24.75,0.,9.4,24.75,1.,      1009P   1140
0.,0.1,0.,0.,0.;                                                    1009P   1141
126,1,1,0,0,1,0,0.,0.,6.06,6.06,1.,1.,70.,24.75,0.,9.4,24.75,0.,    1011P   1142
0.,6.06,0.,0.,0.;                                                   1011P   1143
126,1,1,0,0,1,0,0.,0.,0.1,0.1,1.,1.,70.,24.75,0.,70.,24.75,1.,      1013P   1144
0.,0.1,0.,0.,0.;                                                    1013P   1145
126,1,1,0,0,1,0,2.275,2.275,2.595,2.595,1.,1.,58.1,24.75,2.1,       1015P   1146
61.3,24.75,2.1,2.275,2.595,0.,0.,0.;                                1015P   1147
126,1,1,0,0,1,0,-0.165,-0.165,-0.045,-0.045,1.,1.,61.3,24.75,       1017P   1148
2.1,61.3,24.75,0.9,-0.165,-0.045,0.,0.,0.;                          1017P   1149
126,1,1,0,0,1,0,-2.755,-2.755,-2.435,-2.435,1.,1.,61.3,24.75,       1019P   1150
0.9,58.1,24.75,0.9,-2.755,-2.435,0.,0.,0.;                          1019P   1151
126,1,1,0,0,1,0,-0.015,-0.015,0.105,0.105,1.,1.,58.1,24.75,0.9,     1021P   1152
58.1,24.75,2.1,-0.015,0.105,0.,0.,0.;                               1021P   1153
126,1,1,0,0,1,0,-0.015,-0.015,0.105,0.105,1.,1.,18.1,24.75,0.9,     1023P   1154
18.1,24.75,2.1,-0.015,0.105,0.,0.,0.;                               1023P   1155
126,1,1,0,0,1,0,0.275,0.275,0.595,0.595,1.,1.,18.1,24.75,2.1,       1025P   1156
21.3,24.75,2.1,0.275,0.595,0.,0.,0.;                                1025P   1157
126,1,1,0,0,1,0,-0.165,-0.165,-0.045,-0.045,1.,1.,21.3,24.75,       1027P   1158
2.1,21.3,24.75,0.9,-0.165,-0.045,0.,0.,0.;                          1027P   1159
126,1,1,0,0,1,0,-0.755,-0.755,-0.435,-0.435,1.,1.,21.3,24.75,       1029P   1160
0.9,18.1,24.75,0.9,-0.755,-0.435,0.,0.,0.;                          1029P   1161
126,1,1,0,0,1,0,0.,0.,0.1,0.1,1.,1.,9.4,40.,0.,9.4,40.,1.,0.,       1031P   1162
0.1,0.,0.,0.;                                                       1031P   1163
126,1,1,0,0,1,0,0.,0.,1.525,1.525,1.,1.,9.4,24.75,0.,9.4,40.,0.,    1033P   1164
0.,1.525,0.,0.,0.;                                                  1033P   1165
126,1,1,0,0,1,0,0.,0.,0.2,0.2,1.,1.,35.1,25.9477178028659,3.,       1035P   1166
35.1,25.9477178028659,1.,0.,0.2,0.,0.,0.;                           1035P   1167
126,1,1,0,0,1,0,-1.14375,-1.14375,-1.02397821971341,                1037P   1168
-1.02397821971341,1.,1.,35.1,24.75,3.,35.1,25.9477178028659,3.,     1037P   1169
-1.14375,-1.02397821971341,0.,0.,0.;                                1037P   1170
126,1,1,0,0,1,0,1.40522821971341,1.40522821971341,1.525,1.525,      1039P   1171
1.,1.,35.1,25.9477178028659,1.,35.1,24.75,1.,1.40522821971341,      1039P   1172
1.525,0.,0.,0.;                                                     1039P   1173
126,1,1,0,0,1,0,-0.2,-0.2,0.,0.,1.,1.,44.3,25.9477178028658,1.,     1041P   1174
44.3,25.9477178028658,3.,-0.2,0.,0.,0.,0.;                          1041P   1175
126,1,1,0,0,1,0,1.40522821971342,1.40522821971342,1.525,1.525,      1043P   1176
1.,1.,44.3,25.9477178028658,1.,44.3,24.75,1.,1.40522821971342,      1043P   1177
1.525,0.,0.,0.;                                                     1043P   1178
126,1,1,0,0,1,0,0.,0.,0.2,0.2,1.,1.,44.3,38.8022821971341,3.,       1045P   1179
44.3,38.8022821971341,1.,0.,0.2,0.,0.,0.;                           1045P   1180
126,1,1,0,0,1,0,0.05,0.05,0.25,0.25,1.,1.,44.3,40.,1.,44.3,40.,     1047P   1181
3.,0.05,0.25,0.,0.,0.;                                              1047P   1182
126,1,1,0,0,1,0,0.,0.,0.119771780286587,0.119771780286587,1.,1.,    1049P   1183
44.3,40.,1.,44.3,38.8022821971341,1.,0.,0.119771780286587,0.,0.,    1049P   1184
0.;                                                                 1049P   1185
126,1,1,0,0,1,0,-0.2,-0.2,0.,0.,1.,1.,35.1,38.8022821971341,1.,     1051P   1186
35.1,38.8022821971341,3.,-0.2,0.,0.,0.,0.;                          1051P   1187
126,1,1,0,0,1,0,0.,0.,0.119771780286589,0.119771780286589,1.,1.,    1053P   1188
35.1,40.,1.,35.1,38.8022821971341,1.,0.,0.119771780286589,0.,0.,    1053P   1189
0.;                                                                 1053P   1190
126,1,1,0,0,1,0,-0.15,-0.15,0.05,0.05,1.,1.,35.1,40.,3.,35.1,       1055P   1191
40.,1.,-0.15,0.05,0.,0.,0.;                                         1055P   1192
126,1,1,0,0,1,0,0.261478219713411,0.261478219713411,0.38125,        1057P   1193
0.38125,1.,1.,35.1,38.8022821971341,3.,35.1,40.,3.,                 1057P   1194
0.261478219713411,0.38125,0.,0.,0.;                                 1057P   1195
126,1,1,0,0,1,0,0.,0.,1.525,1.525,1.,1.,21.3,40.,2.1,21.3,24.75,    1059P   1196
2.1,0.,1.525,0.,0.,0.;                                              1059P   1197
126,1,1,0,0,1,0,0.045,0.045,0.165,0.165,1.,1.,21.3,40.,0.9,21.3,    1061P   1198
40.,2.1,0.045,0.165,0.,0.,0.;                                       1061P   1199
126,1,1,0,0,1,0,0.,0.,1.525,1.525,1.,1.,21.3,40.,0.9,21.3,24.75,    1063P   1200
0.9,0.,1.525,0.,0.,0.;                                              1063P   1201
126,1,1,0,0,1,0,-2.595,-2.595,-2.275,-2.275,1.,1.,18.1,40.,0.9,     1065P   1202
21.3,40.,0.9,-2.595,-2.275,0.,0.,0.;                                1065P   1203
126,1,1,0,0,1,0,0.,0.,1.525,1.525,1.,1.,18.1,40.,0.9,18.1,24.75,    1067P   1204
0.9,0.,1.525,0.,0.,0.;                                              1067P   1205
126,1,1,0,0,1,0,-0.105,-0.105,0.015,0.015,1.,1.,18.1,40.,2.1,       1069P   1206
18.1,40.,0.9,-0.105,0.015,0.,0.,0.;                                 1069P   1207
126,1,1,0,0,1,0,0.,0.,1.525,1.525,1.,1.,18.1,40.,2.1,18.1,24.75,    1071P   1208
2.1,0.,1.525,0.,0.,0.;                                              1071P   1209
126,1,1,0,0,1,0,2.435,2.435,2.755,2.755,1.,1.,21.3,40.,2.1,18.1,    1073P   1210
40.,2.1,2.435,2.755,0.,0.,0.;                                       1073P   1211
126,1,1,0,0,1,0,0.,0.,1.525,1.525,1.,1.,61.3,40.,0.9,61.3,24.75,    1075P   1212
0.9,0.,1.525,0.,0.,0.;                                              1075P   1213
126,1,1,0,0,1,0,-0.595,-0.595,-0.274999999999999,                   1077P   1214
-0.274999999999999,1.,1.,58.1,40.,0.9,61.3,40.,0.9,-0.595,          1077P   1215
-0.274999999999999,0.,0.,0.;                                        1077P   1216
126,1,1,0,0,1,0,0.,0.,1.525,1.525,1.,1.,58.1,40.,0.9,58.1,24.75,    1079P   1217
0.9,0.,1.525,0.,0.,0.;                                              1079P   1218
126,1,1,0,0,1,0,-0.105,-0.105,0.015,0.015,1.,1.,58.1,40.,2.1,       1081P   1219
58.1,40.,0.9,-0.105,0.015,0.,0.,0.;                                 1081P   1220
126,1,1,0,0,1,0,0.,0.,1.525,1.525,1.,1.,58.1,40.,2.1,58.1,24.75,    1083P   1221
2.1,0.,1.525,0.,0.,0.;                                              1083P   1222
126,1,1,0,0,1,0,0.435,0.435,0.755,0.755,1.,1.,61.3,40.,2.1,58.1,    1085P   1223
40.,2.1,0.435,0.755,0.,0.,0.;                                       1085P   1224
126,1,1,0,0,1,0,0.,0.,1.525,1.525,1.,1.,61.3,40.,2.1,61.3,24.75,    1087P   1225
2.1,0.,1.525,0.,0.,0.;                                              1087P   1226
126,1,1,0,0,1,0,0.045,0.045,0.165,0.165,1.,1.,61.3,40.,0.9,61.3,    1089P   1227
40.,2.1,0.045,0.165,0.,0.,0.;                                       1089P   1228
126,2,2,0,0,0,0,0.182828716744077,0.182828716744077,                1091P   1229
0.182828716744077,1.5707963267949,1.5707963267949,                  1091P   1230
1.5707963267949,1.,0.768704061579369,1.,35.1,25.9477178028659,      1091P   1231
1.,34.8730835903059,27.175,1.,33.625,27.175,1.,                     1091P   1232
0.182828716744077,1.5707963267949,0.,0.,0.;                         1091P   1233
126,1,1,0,0,1,0,0.,0.,0.2,0.2,1.,1.,33.625,27.175,3.,33.625,        1093P   1234
27.175,1.,0.,0.2,0.,0.,0.;                                          1093P   1235
126,2,2,0,0,0,0,0.182828716744077,0.182828716744077,                1095P   1236
0.182828716744077,1.5707963267949,1.5707963267949,                  1095P   1237
1.5707963267949,1.,0.768704061579369,1.,35.1,25.9477178028659,      1095P   1238
3.,34.8730835903059,27.175,3.,33.625,27.175,3.,                     1095P   1239
0.182828716744077,1.5707963267949,0.,0.,0.;                         1095P   1240
126,2,2,0,0,0,0,0.182828716744077,0.182828716744077,                1097P   1241
0.182828716744077,1.5707963267949,1.5707963267949,                  1097P   1242
1.5707963267949,1.,0.768704061579376,1.,44.3,38.8022821971341,      1097P   1243
1.,44.5269164096941,37.575,1.,45.775,37.575,1.,                     1097P   1244
0.182828716744077,1.5707963267949,0.,0.,0.;                         1097P   1245
126,1,1,0,0,1,0,0.,0.,0.2,0.2,1.,1.,45.775,37.575,3.,45.775,        1099P   1246
37.575,1.,0.,0.2,0.,0.,0.;                                          1099P   1247
126,1,1,0,0,1,0,0.,0.,0.1,0.1,1.,1.,70.,40.,0.,70.,40.,1.,0.,       1101P   1248
0.1,0.,0.,0.;                                                       1101P   1249
126,1,1,0,0,1,0,0.,0.,6.06,6.06,1.,1.,9.4,40.,0.,70.,40.,0.,0.,     1103P   1250
6.06,0.,0.,0.;                                                      1103P   1251
126,1,1,0,0,1,0,-2.57,-2.57,-0.25,-0.25,1.,1.,35.1,40.,3.,11.9,     1105P   1252
40.,3.,-2.57,-0.25,0.,0.,0.;                                        1105P   1253
126,1,1,0,0,1,0,-1.745,-1.745,-0.825,-0.825,1.,1.,35.1,40.,1.,      1107P   1254
44.3,40.,1.,-1.745,-0.825,0.,0.,0.;                                 1107P   1255
126,1,1,0,0,1,0,0.,0.,0.3,0.3,1.,1.,28.875,37.575,1.,31.875,        1109P   1256
37.575,1.,0.,0.3,0.,0.,0.;                                          1109P   1257
126,1,1,0,0,1,0,0.,0.,0.2075,0.2075,1.,1.,28.875,39.65,1.,          1111P   1258
28.875,37.575,1.,0.,0.2075,0.,0.,0.;                                1111P   1259
126,1,1,0,0,1,0,0.,0.,0.3,0.3,1.,1.,31.875,39.65,1.,28.875,         1113P   1260
39.65,1.,0.,0.3,0.,0.,0.;                                           1113P   1261
126,1,1,0,0,1,0,1.04,1.04,1.2475,1.2475,1.,1.,31.875,37.575,1.,     1115P   1262
31.875,39.65,1.,1.04,1.2475,0.,0.,0.;                               1115P   1263
126,1,1,0,0,1,0,0.24125,0.24125,0.54125,0.54125,1.,1.,31.875,       1117P   1264
39.65,0.,28.875,39.65,0.,0.24125,0.54125,0.,0.,0.;                  1117P   1265
126,1,1,0,0,1,0,0.,0.,0.1,0.1,1.,1.,31.875,39.65,1.,31.875,         1119P   1266
39.65,0.,0.,0.1,0.,0.,0.;                                           1119P   1267
126,1,1,0,0,1,0,0.,0.,0.1,0.1,1.,1.,28.875,39.65,1.,28.875,         1121P   1268
39.65,0.,0.,0.1,0.,0.,0.;                                           1121P   1269
126,1,1,0,0,1,0,-0.88375,-0.88375,0.36375,0.36375,1.,1.,31.875,     1123P   1270
27.175,0.,31.875,39.65,0.,-0.88375,0.36375,0.,0.,0.;                1123P   1271
126,1,1,0,0,1,0,0.,0.,0.1,0.1,1.,1.,31.875,27.175,1.,31.875,        1125P   1272
27.175,0.,0.,0.1,0.,0.,0.;                                          1125P   1273
126,1,1,0,0,1,0,-0.15625,-0.15625,0.88375,0.88375,1.,1.,31.875,     1127P   1274
37.575,1.,31.875,27.175,1.,-0.15625,0.88375,0.,0.,0.;               1127P   1275
126,2,2,0,0,0,0,0.,0.,0.,1.3879676100508,1.3879676100508,           1129P   1276
1.3879676100508,1.,0.768704061579382,1.,33.625,37.575,1.,           1129P   1277
34.8730835903059,37.575,1.,35.1,38.8022821971341,1.,0.,             1129P   1278
1.3879676100508,0.,0.,0.;                                           1129P   1279
126,1,1,0,0,1,0,0.3,0.3,0.475000000000001,0.475000000000001,1.,     1131P   1280
1.,31.875,37.575,1.,33.625,37.575,1.,0.3,0.475000000000001,0.,      1131P   1281
0.,0.;                                                              1131P   1282
126,1,1,0,0,1,0,0.,0.,0.175,0.175,1.,1.,33.625,27.175,1.,31.875,    1133P   1283
27.175,1.,0.,0.175,0.,0.,0.;                                        1133P   1284
126,2,2,0,0,0,0,0.,0.,0.,1.38796761005084,1.38796761005084,         1135P   1285
1.38796761005084,1.,0.768704061579371,1.,45.775,27.175,1.,          1135P   1286
44.5269164096941,27.175,1.,44.3,25.9477178028658,1.,0.,             1135P   1287
1.38796761005084,0.,0.,0.;                                          1135P   1288
126,1,1,0,0,1,0,0.,0.,0.475,0.475,1.,1.,50.525,27.175,1.,45.775,    1137P   1289
27.175,1.,0.,0.475,0.,0.,0.;                                        1137P   1290
126,1,1,0,0,1,0,0.2625,0.2625,1.3025,1.3025,1.,1.,50.525,37.575,    1139P   1291
1.,50.525,27.175,1.,0.2625,1.3025,0.,0.,0.;                         1139P   1292
126,1,1,0,0,1,0,-0.475,-0.475,0.,0.,1.,1.,45.775,37.575,1.,         1141P   1293
50.525,37.575,1.,-0.475,0.,0.,0.,0.;                                1141P   1294
126,2,2,0,0,0,0,0.,0.,0.,1.3879676100508,1.3879676100508,           1143P   1295
1.3879676100508,1.,0.768704061579382,1.,33.625,37.575,3.,           1143P   1296
34.8730835903059,37.575,3.,35.1,38.8022821971341,3.,0.,             1143P   1297
1.3879676100508,0.,0.,0.;                                           1143P   1298
126,1,1,0,0,1,0,0.,0.,0.2,0.2,1.,1.,33.625,37.575,3.,33.625,        1145P   1299
37.575,1.,0.,0.2,0.,0.,0.;                                          1145P   1300
126,1,1,0,0,1,0,-0.54125,-0.54125,-0.0662499999999997,              1147P   1301
-0.0662499999999997,1.,1.,28.875,37.575,3.,33.625,37.575,3.,        1147P   1302
-0.54125,-0.0662499999999997,0.,0.,0.;                              1147P   1303
126,1,1,0,0,1,0,0.,0.,0.2,0.2,1.,1.,28.875,37.575,3.,28.875,        1149P   1304
37.575,1.,0.,0.2,0.,0.,0.;                                          1149P   1305
126,1,1,0,0,1,0,-0.26,-0.26,0.78,0.78,1.,1.,28.875,27.175,3.,       1151P   1306
28.875,37.575,3.,-0.26,0.78,0.,0.,0.;                               1151P   1307
126,1,1,0,0,1,0,0.,0.,0.3,0.3,1.,1.,28.875,27.175,3.,28.875,        1153P   1308
27.175,0.,0.,0.3,0.,0.,0.;                                          1153P   1309
126,1,1,0,0,1,0,-0.9875,-0.9875,0.26,0.26,1.,1.,28.875,39.65,0.,    1155P   1310
28.875,27.175,0.,-0.9875,0.26,0.,0.,0.;                             1155P   1311
126,1,1,0,0,1,0,0.30375,0.30375,0.77875,0.77875,1.,1.,33.625,       1157P   1312
27.175,3.,28.875,27.175,3.,0.30375,0.77875,0.,0.,0.;                1157P   1313
126,1,1,0,0,1,0,-0.69125,-0.69125,-0.39125,-0.39125,1.,1.,          1159P   1314
28.875,27.175,0.,31.875,27.175,0.,-0.69125,-0.39125,0.,0.,0.;       1159P   1315
126,1,1,0,0,1,0,0.,0.,0.2,0.2,1.,1.,45.775,27.175,3.,45.775,        1161P   1316
27.175,1.,0.,0.2,0.,0.,0.;                                          1161P   1317
126,1,1,0,0,1,0,0.,0.,0.2,0.2,1.,1.,50.525,27.175,3.,50.525,        1163P   1318
27.175,1.,0.,0.2,0.,0.,0.;                                          1163P   1319
126,1,1,0,0,1,0,0.,0.,0.2,0.2,1.,1.,50.525,37.575,3.,50.525,        1165P   1320
37.575,1.,0.,0.2,0.,0.,0.;                                          1165P   1321
126,1,1,0,0,1,0,0.,0.,1.525,1.525,1.,1.,70.,40.,0.,70.,24.75,0.,    1167P   1322
0.,1.525,0.,0.,0.;                                                  1167P   1323
126,1,1,0,0,1,0,-1.675,-1.675,-1.475,-1.475,1.,1.,                  1169P   1324
4.30537827248404,29.3,1.,6.30537827248404,29.3,1.,-1.675,-1.475,    1169P   1325
0.,0.,0.;                                                           1169P   1326
126,1,1,0,0,1,0,0.,0.,0.1,0.1,1.,1.,4.30537827248404,29.3,1.,       1171P   1327
4.30537827248404,29.3,2.,0.,0.1,0.,0.,0.;                           1171P   1328
126,1,1,0,0,1,0,0.,0.,0.2,0.2,1.,1.,6.30537827248404,29.3,2.,       1173P   1329
4.30537827248404,29.3,2.,0.,0.2,0.,0.,0.;                           1173P   1330
126,1,1,0,0,1,0,0.,0.,0.1,0.1,1.,1.,6.30537827248404,29.3,1.,       1175P   1331
6.30537827248404,29.3,2.,0.,0.1,0.,0.,0.;                           1175P   1332
126,1,1,0,0,1,0,-1.22625,-1.22625,0.40875,0.40875,1.,1.,            1177P   1333
6.30537827248404,29.3,1.,6.30537827248404,12.95,1.,-1.22625,        1177P   1334
0.40875,0.,0.,0.;                                                   1177P   1335
126,1,1,0,0,1,0,0.,0.,1.635,1.635,1.,1.,6.30537827248404,12.95,     1179P   1336
2.,6.30537827248404,29.3,2.,0.,1.635,0.,0.,0.;                      1179P   1337
126,1,1,0,0,1,0,0.,0.,0.1,0.1,1.,1.,6.30537827248404,12.95,1.,      1181P   1338
6.30537827248404,12.95,2.,0.,0.1,0.,0.,0.;                          1181P   1339
126,1,1,0,0,1,0,1.375,1.375,1.575,1.575,1.,1.,6.30537827248404,     1183P   1340
12.95,1.,4.30537827248404,12.95,1.,1.375,1.575,0.,0.,0.;            1183P   1341
126,1,1,0,0,1,0,0.,0.,0.2,0.2,1.,1.,4.30537827248404,12.95,2.,      1185P   1342
6.30537827248404,12.95,2.,0.,0.2,0.,0.,0.;                          1185P   1343
126,1,1,0,0,1,0,0.,0.,0.1,0.1,1.,1.,4.30537827248404,12.95,1.,      1187P   1344
4.30537827248404,12.95,2.,0.,0.1,0.,0.,0.;                          1187P   1345
126,1,1,0,0,1,0,0.,0.,1.635,1.635,1.,1.,4.30537827248404,29.3,      1189P   1346
2.,4.30537827248404,12.95,2.,0.,1.635,0.,0.,0.;                     1189P   1347
126,1,1,0,0,1,0,0.,0.,1.775,1.775,1.,1.,4.30537827248404,12.25,     1191P   1348
0.,4.30537827248404,30.,0.,0.,1.775,0.,0.,0.;                       1191P   1349
126,1,1,0,0,1,0,0.,0.,0.1,0.1,1.,1.,4.30537827248404,12.25,0.,      1193P   1350
4.30537827248404,12.25,1.,0.,0.1,0.,0.,0.;                          1193P   1351
126,1,1,0,0,1,0,-0.0699999999999998,-0.0699999999999998,0.,0.,      1195P   1352
1.,1.,4.30537827248404,12.95,1.,4.30537827248404,12.25,1.,          1195P   1353
-0.0699999999999998,0.,0.,0.,0.;                                    1195P   1354
126,1,1,0,0,1,0,-1.775,-1.775,-1.705,-1.705,1.,1.,                  1197P   1355
4.30537827248404,30.,1.,4.30537827248404,29.3,1.,-1.775,-1.705,     1197P   1356
0.,0.,0.;                                                           1197P   1357
126,1,1,0,0,1,0,0.,0.,0.1,0.1,1.,1.,4.30537827248404,30.,0.,        1199P   1358
4.30537827248404,30.,1.,0.,0.1,0.,0.,0.;                            1199P   1359
126,1,1,0,0,1,0,0.,0.,6.3,6.3,1.,1.,4.30537827248404,30.,0.,        1201P   1360
67.305378272484,30.,0.,0.,6.3,0.,0.,0.;                             1201P   1361
126,1,1,0,0,1,0,-6.3,-6.3,0.,0.,1.,1.,67.305378272484,30.,1.,       1203P   1362
4.30537827248404,30.,1.,-6.3,0.,0.,0.,0.;                           1203P   1363
126,1,1,0,0,1,0,0.,0.,0.1,0.1,1.,1.,67.305378272484,30.,0.,         1205P   1364
67.305378272484,30.,1.,0.,0.1,0.,0.,0.;                             1205P   1365
126,1,1,0,0,1,0,0.,0.,1.775,1.775,1.,1.,67.305378272484,30.,0.,     1207P   1366
67.305378272484,12.25,0.,0.,1.775,0.,0.,0.;                         1207P   1367
126,1,1,0,0,1,0,-1.775,-1.775,0.,0.,1.,1.,67.305378272484,12.25,    1209P   1368
1.,67.305378272484,30.,1.,-1.775,0.,0.,0.,0.;                       1209P   1369
126,1,1,0,0,1,0,0.,0.,0.1,0.1,1.,1.,67.305378272484,12.25,0.,       1211P   1370
67.305378272484,12.25,1.,0.,0.1,0.,0.,0.;                           1211P   1371
126,1,1,0,0,1,0,0.,0.,6.3,6.3,1.,1.,67.305378272484,12.25,0.,       1213P   1372
4.30537827248404,12.25,0.,0.,6.3,0.,0.,0.;                          1213P   1373
126,1,1,0,0,1,0,-6.3,-6.3,0.,0.,1.,1.,4.30537827248404,12.25,1.,    1215P   1374
67.305378272484,12.25,1.,-6.3,0.,0.,0.,0.;                          1215P   1375
126,1,1,0,0,1,0,0.,0.,0.29,0.29,1.,1.,12.9,0.,9.1,10.,0.,9.1,0.,    1217P   1376
0.29,0.,0.,0.;                                                      1217P   1377
126,1,1,0,0,1,0,0.,0.,1.975,1.975,1.,1.,10.,0.,9.1,10.,19.75,       1219P   1378
9.1,0.,1.975,0.,0.,0.;                                              1219P   1379
126,1,1,0,0,1,0,0.,0.,0.29,0.29,1.,1.,12.9,19.75,9.1,10.,19.75,     1221P   1380
9.1,0.,0.29,0.,0.,0.;                                               1221P   1381
126,1,1,0,0,1,0,0.,0.,1.975,1.975,1.,1.,12.9,0.,9.1,12.9,19.75,     1223P   1382
9.1,0.,1.975,0.,0.,0.;                                              1223P   1383
126,1,1,0,0,1,0,0.,0.,0.09,0.09,1.,1.,12.9,0.,10.,12.9,0.,9.1,      1225P   1384
0.,0.09,0.,0.,0.;                                                   1225P   1385
126,1,1,0,0,1,0,0.,0.,0.09,0.09,1.,1.,12.9,19.75,10.,12.9,19.75,    1227P   1386
9.1,0.,0.09,0.,0.,0.;                                               1227P   1387
126,1,1,0,0,1,0,0.,0.,1.975,1.975,1.,1.,12.9,0.,10.,12.9,19.75,     1229P   1388
10.,0.,1.975,0.,0.,0.;                                              1229P   1389
126,1,1,0,0,1,0,0.,0.,0.29,0.29,1.,1.,10.,0.,10.,12.9,0.,10.,0.,    1231P   1390
0.29,0.,0.,0.;                                                      1231P   1391
126,1,1,0,0,1,0,0.,0.,0.29,0.29,1.,1.,10.,19.75,10.,12.9,19.75,     1233P   1392
10.,0.,0.29,0.,0.,0.;                                               1233P   1393
126,1,1,0,0,1,0,0.,0.,1.975,1.975,1.,1.,10.,0.,10.,10.,19.75,       1235P   1394
10.,0.,1.975,0.,0.,0.;                                              1235P   1395
126,1,1,0,0,1,0,0.,0.,0.09,0.09,1.,1.,10.,0.,9.1,10.,0.,10.,0.,     1237P   1396
0.09,0.,0.,0.;                                                      1237P   1397
126,1,1,0,0,1,0,0.,0.,0.09,0.09,1.,1.,10.,19.75,9.1,10.,19.75,      1239P   1398
10.,0.,0.09,0.,0.,0.;                                               1239P   1399
128,1,2,1,2,0,0,0,0,0,-4.9375,-4.9375,14.8125,14.8125,              1241P   1400
-0.785398163397448,-0.785398163397448,-0.785398163397448,           1241P   1401
0.785398163397448,0.785398163397448,0.785398163397448,1.,1.,        1241P   1402
0.707106781186548,0.707106781186548,1.,1.,-17.0112811217338,13.,    1241P   1403
19.8486882379362,-17.0112811217338,13.,0.0986882379361909,          1241P   1404
-18.0112811217338,13.,19.8486882379362,-18.0112811217338,13.,       1241P   1405
0.0986882379361909,-18.0112811217338,12.,19.8486882379362,          1241P   1406
-18.0112811217338,12.,0.0986882379361909,-4.9375,14.8125,           1241P   1407
-0.785398163397448,0.785398163397448;                               1241P   1408
128,1,1,1,1,0,0,1,0,0,-0.001,-0.001,6.401,6.401,-0.001,-0.001,      1243P   1409
1.301,1.301,1.,1.,1.,1.,45.9987188782662,-0.01,                     1243P   1410
0.0986882379361909,-18.0212811217338,-0.01,0.0986882379361909,      1243P   1411
45.9987188782662,13.01,0.0986882379361909,-18.0212811217338,        1243P   1412
13.01,0.0986882379361909,-0.001,6.401,-0.001,1.301;                 1243P   1413
128,1,1,1,1,0,0,1,0,0,-0.9885,-0.9885,0.9885,0.9885,-3.101,         1245P   1414
-3.101,3.101,3.101,1.,1.,1.,1.,-17.0212811217338,13.,               1245P   1415
0.0886882379361909,-17.0212811217338,13.,19.8586882379362,          1245P   1416
44.9987188782662,13.,0.0886882379361909,44.9987188782662,13.,       1245P   1417
19.8586882379362,-0.9885,0.9885,-3.101,3.101;                       1245P   1418
128,1,2,1,2,0,0,0,0,0,-4.9375,-4.9375,14.8125,14.8125,              1247P   1419
-0.785398163397446,-0.785398163397446,-0.785398163397446,           1247P   1420
0.785398163397451,0.785398163397451,0.785398163397451,1.,1.,        1247P   1421
0.707106781186548,0.707106781186548,1.,1.,44.9887188782662,13.,     1247P   1422
0.0986882379361909,44.9887188782662,13.,19.8486882379362,           1247P   1423
45.9887188782662,13.,0.0986882379361909,45.9887188782662,13.,       1247P   1424
19.8486882379362,45.9887188782662,12.,0.0986882379361909,           1247P   1425
45.9887188782662,12.,19.8486882379362,-4.9375,14.8125,              1247P   1426
-0.785398163397446,0.785398163397451;                               1247P   1427
128,1,1,1,1,0,0,1,0,0,-0.001,-0.001,0.151,0.151,                    1249P   1428
-0.00100000000000011,-0.00100000000000011,1.976,1.976,1.,1.,1.,     1249P   1429
1.,44.4787188782662,4.3,0.0886882379361897,45.9987188782662,4.3,    1249P   1430
0.0886882379361897,44.4787188782662,4.3,19.8586882379362,           1249P   1431
45.9987188782662,4.3,19.8586882379362,-0.001,0.151,                 1249P   1432
-0.00100000000000011,1.976;                                         1249P   1433
128,1,1,1,1,0,0,1,0,0,-0.001,-0.001,0.251,0.251,-0.001,-0.001,      1251P   1434
0.151,0.151,1.,1.,1.,1.,41.9787188782662,6.3,0.0886882379361909,    1251P   1435
44.4987188782662,6.3,0.0886882379361909,41.9787188782662,6.3,       1251P   1436
1.60868823793619,44.4987188782662,6.3,1.60868823793619,-0.001,      1251P   1437
0.251,-0.001,0.151;                                                 1251P   1438
128,1,1,1,1,0,0,1,0,0,-0.001,-0.001,0.251,0.251,1.824,1.824,        1253P   1439
1.976,1.976,1.,1.,1.,1.,41.9787188782662,6.3,18.3386882379362,      1253P   1440
44.4987188782662,6.3,18.3386882379362,41.9787188782662,6.3,         1253P   1441
19.8586882379362,44.4987188782662,6.3,19.8586882379362,-0.001,      1253P   1442
0.251,1.824,1.976;                                                  1253P   1443
128,1,1,1,1,0,0,1,0,0,-0.001,-0.001,0.301,0.301,-0.001,-0.001,      1255P   1444
0.151,0.151,1.,1.,1.,1.,41.9887188782662,3.29,                      1255P   1445
0.0886882379361909,41.9887188782662,6.31,0.0886882379361909,        1255P   1446
41.9887188782662,3.29,1.60868823793619,41.9887188782662,6.31,       1255P   1447
1.60868823793619,-0.001,0.301,-0.001,0.151;                         1255P   1448
128,1,1,1,1,0,0,1,0,0,-0.001,-0.001,0.401,0.401,-0.001,-0.001,      1257P   1449
1.976,1.976,1.,1.,1.,1.,45.9987188782662,3.3,0.0886882379361909,    1257P   1450
41.9787188782662,3.3,0.0886882379361909,45.9987188782662,3.3,       1257P   1451
19.8586882379362,41.9787188782662,3.3,19.8586882379362,-0.001,      1257P   1452
0.401,-0.001,1.976;                                                 1257P   1453
128,1,1,1,1,0,0,1,0,0,-0.001,-0.001,0.301,0.301,1.824,1.824,        1259P   1454
1.976,1.976,1.,1.,1.,1.,41.9887188782662,3.29,18.3386882379362,     1259P   1455
41.9887188782662,6.31,18.3386882379362,41.9887188782662,3.29,       1259P   1456
19.8586882379362,41.9887188782662,6.31,19.8586882379362,-0.001,     1259P   1457
0.301,1.824,1.976;                                                  1259P   1458
128,1,1,1,1,0,0,1,0,0,-0.001,-0.001,0.251,0.251,1.824,1.824,        1261P   1459
1.976,1.976,1.,1.,1.,1.,-16.5212811217338,6.3,18.3386882379362,     1261P   1460
-14.0012811217338,6.3,18.3386882379362,-16.5212811217338,6.3,       1261P   1461
19.8586882379362,-14.0012811217338,6.3,19.8586882379362,-0.001,     1261P   1462
0.251,1.824,1.976;                                                  1261P   1463
128,1,1,1,1,0,0,1,0,0,-0.001,-0.001,0.301,0.301,1.824,1.824,        1263P   1464
1.976,1.976,1.,1.,1.,1.,-14.0112811217338,6.31,18.3386882379362,    1263P   1465
-14.0112811217338,3.29,18.3386882379362,-14.0112811217338,6.31,     1263P   1466
19.8586882379362,-14.0112811217338,3.29,19.8586882379362,-0.001,    1263P   1467
0.301,1.824,1.976;                                                  1263P   1468
128,1,1,1,1,0,0,1,0,0,-0.001,-0.001,0.401,0.401,-0.001,-0.001,      1265P   1469
1.976,1.976,1.,1.,1.,1.,-14.0012811217338,3.3,                      1265P   1470
0.0886882379361909,-18.0212811217338,3.3,0.0886882379361909,        1265P   1471
-14.0012811217338,3.3,19.8586882379362,-18.0212811217338,3.3,       1265P   1472
19.8586882379362,-0.001,0.401,-0.001,1.976;                         1265P   1473
128,1,1,1,1,0,0,1,0,0,-0.001,-0.001,0.151,0.151,-0.001,-0.001,      1267P   1474
1.976,1.976,1.,1.,1.,1.,-18.0212811217338,4.3,                      1267P   1475
0.0886882379361909,-16.5012811217338,4.3,0.0886882379361909,        1267P   1476
-18.0212811217338,4.3,19.8586882379362,-16.5012811217338,4.3,       1267P   1477
19.8586882379362,-0.001,0.151,-0.001,1.976;                         1267P   1478
128,1,1,1,1,0,0,1,0,0,-0.001,-0.001,0.251,0.251,-0.001,-0.001,      1269P   1479
0.151,0.151,1.,1.,1.,1.,-16.5212811217338,6.3,                      1269P   1480
0.0886882379361909,-14.0012811217338,6.3,0.0886882379361909,        1269P   1481
-16.5212811217338,6.3,1.60868823793619,-14.0012811217338,6.3,       1269P   1482
1.60868823793619,-0.001,0.251,-0.001,0.151;                         1269P   1483
128,1,1,1,1,0,0,1,0,0,-0.001,-0.001,0.301,0.301,-0.001,-0.001,      1271P   1484
0.151,0.151,1.,1.,1.,1.,-14.0112811217338,6.31,                     1271P   1485
0.0886882379361909,-14.0112811217338,3.29,0.0886882379361909,       1271P   1486
-14.0112811217338,6.31,1.60868823793619,-14.0112811217338,3.29,     1271P   1487
1.60868823793619,-0.001,0.301,-0.001,0.151;                         1271P   1488
128,1,1,1,1,0,0,1,0,0,-0.001,-0.001,1.976,1.976,-0.001,-0.001,      1273P   1489
0.331,0.331,1.,1.,1.,1.,45.9887188782662,-0.01,19.8586882379362,    1273P   1490
45.9887188782662,-0.01,0.088688237936192,45.9887188782662,3.31,     1273P   1491
19.8586882379362,45.9887188782662,3.31,0.088688237936192,-0.001,    1273P   1492
1.976,-0.001,0.331;                                                 1273P   1493
128,1,1,1,1,0,0,1,0,0,-0.001,-0.001,1.976,1.976,0.429,0.429,        1275P   1494
1.241,1.241,1.,1.,1.,1.,44.4887188782662,4.29,0.088688237936192,    1275P   1495
44.4887188782662,4.29,19.8586882379362,44.4887188782662,12.41,      1275P   1496
0.088688237936192,44.4887188782662,12.41,19.8586882379362,          1275P   1497
-0.001,1.976,0.429,1.241;                                           1275P   1498
128,1,1,1,1,0,0,1,0,0,0.149,0.149,1.826,1.826,0.239,0.239,0.331,    1277P   1499
0.331,1.,1.,1.,1.,44.4887188782662,2.39,1.58868823793619,           1277P   1500
44.4887188782662,2.39,18.3586882379362,44.4887188782662,3.31,       1277P   1501
1.58868823793619,44.4887188782662,3.31,18.3586882379362,0.149,      1277P   1502
1.826,0.239,0.331;                                                  1277P   1503
128,1,1,1,1,0,0,1,0,0,0.149,0.149,6.251,6.251,0.239,0.239,1.241,    1279P   1504
1.241,1.,1.,1.,1.,44.4987188782662,2.39,18.3486882379362,           1279P   1505
-16.5212811217338,2.39,18.3486882379362,44.4987188782662,12.41,     1279P   1506
18.3486882379362,-16.5212811217338,12.41,18.3486882379362,0.149,    1279P   1507
6.251,0.239,1.241;                                                  1279P   1508
128,1,1,1,1,0,0,1,0,0,-0.001,-0.001,1.976,1.976,0.429,0.429,        1281P   1509
1.241,1.241,1.,1.,1.,1.,-16.5112811217338,4.29,19.8586882379362,    1281P   1510
-16.5112811217338,4.29,0.0886882379361909,-16.5112811217338,        1281P   1511
12.41,19.8586882379362,-16.5112811217338,12.41,                     1281P   1512
0.0886882379361909,-0.001,1.976,0.429,1.241;                        1281P   1513
128,1,1,1,1,0,0,1,0,0,0.149,0.149,1.826,1.826,0.239,0.239,0.331,    1283P   1514
0.331,1.,1.,1.,1.,-16.5112811217338,2.39,18.3586882379362,          1283P   1515
-16.5112811217338,2.39,1.58868823793619,-16.5112811217338,3.31,     1283P   1516
18.3586882379362,-16.5112811217338,3.31,1.58868823793619,0.149,     1283P   1517
1.826,0.239,0.331;                                                  1283P   1518
128,1,1,1,1,0,0,1,0,0,-0.001,-0.001,6.401,6.401,-0.001,-0.001,      1285P   1519
1.301,1.301,1.,1.,1.,1.,-18.0212811217338,-0.01,                    1285P   1520
19.8486882379362,45.9987188782662,-0.01,19.8486882379362,           1285P   1521
-18.0212811217338,13.01,19.8486882379362,45.9987188782662,13.01,    1285P   1522
19.8486882379362,-0.001,6.401,-0.001,1.301;                         1285P   1523
128,1,1,1,1,0,0,1,0,0,-0.001,-0.001,1.976,1.976,-0.001,-0.001,      1287P   1524
0.331,0.331,1.,1.,1.,1.,-18.0112811217338,-0.01,                    1287P   1525
0.0886882379361909,-18.0112811217338,-0.01,19.8586882379362,        1287P   1526
-18.0112811217338,3.31,0.0886882379361909,-18.0112811217338,        1287P   1527
3.31,19.8586882379362,-0.001,1.976,-0.001,0.331;                    1287P   1528
128,1,1,1,1,0,0,1,0,0,-0.001,-0.001,1.816,1.816,-0.001,-0.001,      1289P   1529
6.321,6.321,1.,1.,1.,1.,45.9987188782662,1.,19.0586882379362,       1289P   1530
45.9987188782662,1.,0.888688237936191,-17.2212811217338,1.,         1289P   1531
19.0586882379362,-17.2212811217338,1.,0.888688237936191,-0.001,     1289P   1532
1.816,-0.001,6.321;                                                 1289P   1533
128,1,1,1,1,0,0,1,0,0,-3.201,-3.201,3.201,3.201,-0.9885,-0.9885,    1291P   1534
0.9885,0.9885,1.,1.,1.,1.,45.9987188782662,0.,19.8586882379362,     1291P   1535
-18.0212811217338,0.,19.8586882379362,45.9987188782662,0.,          1291P   1536
0.088688237936192,-18.0212811217338,0.,0.0886882379361909,          1291P   1537
-3.201,3.201,-0.9885,0.9885;                                        1291P   1538
128,1,1,1,1,0,0,1,0,0,-0.001,-0.001,1.976,1.976,0.429,0.429,        1293P   1539
1.201,1.201,1.,1.,1.,1.,45.9887188782662,4.29,19.8586882379362,     1293P   1540
45.9887188782662,4.29,0.088688237936192,45.9887188782662,12.01,     1293P   1541
19.8586882379362,45.9887188782662,12.01,0.088688237936192,          1293P   1542
-0.001,1.976,0.429,1.201;                                           1293P   1543
128,1,1,1,1,0,0,1,0,0,-0.001,-0.001,1.816,1.816,-0.001,-0.001,      1295P   1544
6.321,6.321,1.,1.,1.,1.,45.9987188782662,2.4,0.888688237936193,     1295P   1545
45.9987188782662,2.4,19.0586882379362,-17.2212811217338,2.4,        1295P   1546
0.888688237936193,-17.2212811217338,2.4,19.0586882379362,-0.001,    1295P   1547
1.816,-0.001,6.321;                                                 1295P   1548
128,1,1,1,1,0,0,1,0,0,-0.00100000000000001,-0.00100000000000001,    1297P   1549
0.141,0.141,-0.001,-0.001,6.321,6.321,1.,1.,1.,1.,                  1297P   1550
45.9987188782662,2.41,19.0486882379362,45.9987188782662,0.99,       1297P   1551
19.0486882379362,-17.2212811217338,2.41,19.0486882379362,           1297P   1552
-17.2212811217338,0.99,19.0486882379362,-0.00100000000000001,       1297P   1553
0.141,-0.001,6.321;                                                 1297P   1554
128,1,1,1,1,0,0,1,0,0,-0.001,-0.001,0.141,0.141,-0.001,-0.001,      1299P   1555
6.321,6.321,1.,1.,1.,1.,45.9987188782662,0.99,0.898688237936191,    1299P   1556
45.9987188782662,2.41,0.898688237936191,-17.2212811217338,0.99,     1299P   1557
0.898688237936191,-17.2212811217338,2.41,0.898688237936191,         1299P   1558
-0.001,0.141,-0.001,6.321;                                          1299P   1559
128,1,1,1,1,0,0,1,0,0,-0.9085,-0.9085,0.9085,0.9085,-0.071,         1301P   1560
-0.071,0.071,0.071,1.,1.,1.,1.,-17.2112811217338,0.99,              1301P   1561
19.0586882379362,-17.2112811217338,0.99,0.888688237936192,          1301P   1562
-17.2112811217338,2.41,19.0586882379362,-17.2112811217338,2.41,     1301P   1563
0.888688237936192,-0.9085,0.9085,-0.071,0.071;                      1301P   1564
128,1,1,1,1,0,0,1,0,0,0.148999999999999,0.148999999999999,6.401,    1303P   1565
6.401,-0.001,-0.001,0.101,0.101,1.,1.,1.,1.,45.9987188782662,       1303P   1566
-0.01,18.3486882379362,-16.5212811217338,-0.01,18.3486882379362,    1303P   1567
45.9987188782662,1.01,18.3486882379362,-16.5212811217338,1.01,      1303P   1568
18.3486882379362,0.148999999999999,6.401,-0.001,0.101;              1303P   1569
128,1,1,1,1,0,0,1,0,0,-0.001,-0.001,6.251,6.251,-0.001,-0.001,      1305P   1570
0.101,0.101,1.,1.,1.,1.,-16.5212811217338,-0.01,                    1305P   1571
1.59868823793619,45.9987188782662,-0.01,1.59868823793619,           1305P   1572
-16.5212811217338,1.01,1.59868823793619,45.9987188782662,1.01,      1305P   1573
1.59868823793619,-0.001,6.251,-0.001,0.101;                         1305P   1574
128,1,1,1,1,0,0,1,0,0,0.149,0.149,1.826,1.826,-0.001,-0.001,        1307P   1575
0.101,0.101,1.,1.,1.,1.,-16.5112811217338,-0.01,                    1307P   1576
18.3586882379362,-16.5112811217338,-0.01,1.58868823793619,          1307P   1577
-16.5112811217338,1.01,18.3586882379362,-16.5112811217338,1.01,     1307P   1578
1.58868823793619,0.149,1.826,-0.001,0.101;                          1307P   1579
128,1,1,1,1,0,0,1,0,0,-0.001,-0.001,0.121,0.121,-0.001,-0.001,      1309P   1580
0.151,0.151,1.,1.,1.,1.,-7.61128112173378,6.41,1.60868823793619,    1309P   1581
-7.61128112173378,5.19,1.60868823793619,-7.61128112173378,6.41,     1309P   1582
0.0886882379361909,-7.61128112173378,5.19,0.0886882379361909,       1309P   1583
-0.001,0.121,-0.001,0.151;                                          1309P   1584
128,1,1,1,1,0,0,1,0,0,-0.001,-0.001,0.321,0.321,-0.001,-0.001,      1311P   1585
0.151,0.151,1.,1.,1.,1.,-7.62128112173378,5.2,1.60868823793619,     1311P   1586
-4.40128112173378,5.2,1.60868823793619,-7.62128112173378,5.2,       1311P   1587
0.0886882379361909,-4.40128112173378,5.2,0.0886882379361909,        1311P   1588
-0.001,0.321,-0.001,0.151;                                          1311P   1589
128,1,1,1,1,0,0,1,0,0,-0.001,-0.001,0.121,0.121,-0.001,-0.001,      1313P   1590
0.151,0.151,1.,1.,1.,1.,-4.41128112173378,5.19,1.60868823793619,    1313P   1591
-4.41128112173379,6.41,1.60868823793619,-4.41128112173378,5.19,     1313P   1592
0.0886882379361909,-4.41128112173379,6.41,0.0886882379361909,       1313P   1593
-0.001,0.121,-0.001,0.151;                                          1313P   1594
128,1,1,1,1,0,0,1,0,0,-0.001,-0.001,0.321,0.321,-0.001,-0.001,      1315P   1595
0.151,0.151,1.,1.,1.,1.,-4.40128112173379,6.4,1.60868823793619,     1315P   1596
-7.62128112173378,6.4,1.60868823793619,-4.40128112173379,6.4,       1315P   1597
0.0886882379361909,-7.62128112173378,6.4,0.0886882379361909,        1315P   1598
-0.001,0.321,-0.001,0.151;                                          1315P   1599
128,1,1,1,1,0,0,1,0,0,-0.001,-0.001,0.121,0.121,-0.001,-0.001,      1317P   1600
0.151,0.151,1.,1.,1.,1.,32.3887188782662,6.41,1.60868823793619,     1317P   1601
32.3887188782662,5.19,1.60868823793619,32.3887188782662,6.41,       1317P   1602
0.0886882379361909,32.3887188782662,5.19,0.0886882379361909,        1317P   1603
-0.001,0.121,-0.001,0.151;                                          1317P   1604
128,1,1,1,1,0,0,1,0,0,-0.001,-0.001,0.321,0.321,-0.001,-0.001,      1319P   1605
0.151,0.151,1.,1.,1.,1.,32.3787188782662,5.2,1.60868823793619,      1319P   1606
35.5987188782662,5.2,1.60868823793619,32.3787188782662,5.2,         1319P   1607
0.0886882379361909,35.5987188782662,5.2,0.0886882379361909,         1319P   1608
-0.001,0.321,-0.001,0.151;                                          1319P   1609
128,1,1,1,1,0,0,1,0,0,-0.001,-0.001,0.121,0.121,-0.001,-0.001,      1321P   1610
0.151,0.151,1.,1.,1.,1.,35.5887188782662,5.19,1.60868823793619,     1321P   1611
35.5887188782662,6.41,1.60868823793619,35.5887188782662,5.19,       1321P   1612
0.0886882379361909,35.5887188782662,6.41,0.0886882379361909,        1321P   1613
-0.001,0.121,-0.001,0.151;                                          1321P   1614
128,1,1,1,1,0,0,1,0,0,-0.001,-0.001,0.320999999999999,              1323P   1615
0.320999999999999,-0.001,-0.001,0.151,0.151,1.,1.,1.,1.,            1323P   1616
35.5987188782662,6.4,1.60868823793619,32.3787188782662,6.4,         1323P   1617
1.60868823793619,35.5987188782662,6.4,0.0886882379361909,           1323P   1618
32.3787188782662,6.4,0.0886882379361909,-0.001,                     1323P   1619
0.320999999999999,-0.001,0.151;                                     1323P   1620
128,1,1,1,1,0,0,1,0,0,-0.001,-0.001,0.121,0.121,-0.001,-0.001,      1325P   1621
0.151,0.151,1.,1.,1.,1.,-7.61128112173378,5.19,18.3386882379362,    1325P   1622
-7.61128112173378,6.41,18.3386882379362,-7.61128112173378,5.19,     1325P   1623
19.8586882379362,-7.61128112173378,6.41,19.8586882379362,-0.001,    1325P   1624
0.121,-0.001,0.151;                                                 1325P   1625
128,1,1,1,1,0,0,1,0,0,-0.001,-0.001,0.320999999999999,              1327P   1626
0.320999999999999,-0.001,-0.001,0.151,0.151,1.,1.,1.,1.,            1327P   1627
-7.62128112173378,6.4,18.3386882379362,-4.40128112173379,6.4,       1327P   1628
18.3386882379362,-7.62128112173378,6.4,19.8586882379362,            1327P   1629
-4.40128112173379,6.4,19.8586882379362,-0.001,0.320999999999999,    1327P   1630
-0.001,0.151;                                                       1327P   1631
128,1,1,1,1,0,0,1,0,0,-0.001,-0.001,0.121,0.121,-0.001,-0.001,      1329P   1632
0.151,0.151,1.,1.,1.,1.,-4.41128112173379,6.41,18.3386882379362,    1329P   1633
-4.41128112173378,5.19,18.3386882379362,-4.41128112173379,6.41,     1329P   1634
19.8586882379362,-4.41128112173378,5.19,19.8586882379362,-0.001,    1329P   1635
0.121,-0.001,0.151;                                                 1329P   1636
128,1,1,1,1,0,0,1,0,0,-0.001,-0.001,0.321,0.321,-0.001,-0.001,      1331P   1637
0.151,0.151,1.,1.,1.,1.,-4.40128112173378,5.2,18.3386882379362,     1331P   1638
-7.62128112173378,5.2,18.3386882379362,-4.40128112173378,5.2,       1331P   1639
19.8586882379362,-7.62128112173378,5.2,19.8586882379362,-0.001,     1331P   1640
0.321,-0.001,0.151;                                                 1331P   1641
128,1,1,1,1,0,0,1,0,0,-0.001,-0.001,0.121,0.121,-0.001,-0.001,      1333P   1642
0.151,0.151,1.,1.,1.,1.,32.3887188782662,5.19,18.3386882379362,     1333P   1643
32.3887188782662,6.41,18.3386882379362,32.3887188782662,5.19,       1333P   1644
19.8586882379362,32.3887188782662,6.41,19.8586882379362,-0.001,     1333P   1645
0.121,-0.001,0.151;                                                 1333P   1646
128,1,1,1,1,0,0,1,0,0,-0.001,-0.001,0.320999999999999,              1335P   1647
0.320999999999999,-0.001,-0.001,0.151,0.151,1.,1.,1.,1.,            1335P   1648
32.3787188782662,6.4,18.3386882379362,35.5987188782662,6.4,         1335P   1649
18.3386882379362,32.3787188782662,6.4,19.8586882379362,             1335P   1650
35.5987188782662,6.4,19.8586882379362,-0.001,0.320999999999999,     1335P   1651
-0.001,0.151;                                                       1335P   1652
128,1,1,1,1,0,0,1,0,0,-0.001,-0.001,0.121,0.121,-0.001,-0.001,      1337P   1653
0.151,0.151,1.,1.,1.,1.,35.5887188782662,6.41,18.3386882379362,     1337P   1654
35.5887188782662,5.19,18.3386882379362,35.5887188782662,6.41,       1337P   1655
19.8586882379362,35.5887188782662,5.19,19.8586882379362,-0.001,     1337P   1656
0.121,-0.001,0.151;                                                 1337P   1657
128,1,1,1,1,0,0,1,0,0,-0.001,-0.001,0.321,0.321,-0.001,-0.001,      1339P   1658
0.151,0.151,1.,1.,1.,1.,35.5987188782662,5.2,18.3386882379362,      1339P   1659
32.3787188782662,5.2,18.3386882379362,35.5987188782662,5.2,         1339P   1660
19.8586882379362,32.3787188782662,5.2,19.8586882379362,-0.001,      1339P   1661
0.321,-0.001,0.151;                                                 1339P   1662
128,1,8,1,2,0,1,0,0,1,0.,0.,0.0960000000000001,                     1341P   1663
0.0960000000000001,-3.14159265358979,-3.14159265358979,             1341P   1664
-3.14159265358979,-1.5707963267949,-1.5707963267949,0.,0.,          1341P   1665
1.5707963267949,1.5707963267949,3.14159265358979,                   1341P   1666
3.14159265358979,3.14159265358979,1.,1.,0.707106781186548,          1341P   1667
0.707106781186548,1.,1.,0.707106781186548,0.707106781186548,1.,     1341P   1668
1.,0.707106781186548,0.707106781186548,1.,1.,0.707106781186548,     1341P   1669
0.707106781186548,1.,1.,0.238718878266218,13.,7.84868823793619,     1341P   1670
0.238718878266218,12.4,7.84868823793619,0.238718878266216,13.,      1341P   1671
14.0986882379362,0.238718878266216,12.4,14.0986882379362,           1341P   1672
-6.01128112173378,13.,14.0986882379362,-6.01128112173378,12.4,      1341P   1673
14.0986882379362,-12.2612811217338,13.,14.0986882379362,            1341P   1674
-12.2612811217338,12.4,14.0986882379362,-12.2612811217338,13.,      1341P   1675
7.84868823793619,-12.2612811217338,12.4,7.84868823793619,           1341P   1676
-12.2612811217338,13.,1.59868823793619,-12.2612811217338,12.4,      1341P   1677
1.59868823793619,-6.01128112173378,13.,1.59868823793619,            1341P   1678
-6.01128112173378,12.4,1.59868823793619,0.238718878266216,13.,      1341P   1679
1.59868823793619,0.238718878266216,12.4,1.59868823793619,           1341P   1680
0.238718878266218,13.,7.84868823793619,0.238718878266218,12.4,      1341P   1681
7.84868823793619,0.,0.0960000000000001,-3.14159265358979,           1341P   1682
3.14159265358979;                                                   1341P   1683
128,1,8,1,2,0,1,0,0,1,0.,0.,0.0960000000000001,                     1343P   1684
0.0960000000000001,-3.14159265358979,-3.14159265358979,             1343P   1685
-3.14159265358979,-1.5707963267949,-1.5707963267949,0.,0.,          1343P   1686
1.5707963267949,1.5707963267949,3.14159265358979,                   1343P   1687
3.14159265358979,3.14159265358979,1.,1.,0.707106781186548,          1343P   1688
0.707106781186548,1.,1.,0.707106781186548,0.707106781186548,1.,     1343P   1689
1.,0.707106781186548,0.707106781186548,1.,1.,0.707106781186548,     1343P   1690
0.707106781186548,1.,1.,20.2387188782662,13.,7.84868823793619,      1343P   1691
20.2387188782662,12.4,7.84868823793619,20.2387188782662,13.,        1343P   1692
14.0986882379362,20.2387188782662,12.4,14.0986882379362,            1343P   1693
13.9887188782662,13.,14.0986882379362,13.9887188782662,12.4,        1343P   1694
14.0986882379362,7.73871887826622,13.,14.0986882379362,             1343P   1695
7.73871887826622,12.4,14.0986882379362,7.73871887826622,13.,        1343P   1696
7.84868823793619,7.73871887826622,12.4,7.84868823793619,            1343P   1697
7.73871887826622,13.,1.59868823793619,7.73871887826622,12.4,        1343P   1698
1.59868823793619,13.9887188782662,13.,1.59868823793619,             1343P   1699
13.9887188782662,12.4,1.59868823793619,20.2387188782662,13.,        1343P   1700
1.59868823793619,20.2387188782662,12.4,1.59868823793619,            1343P   1701
20.2387188782662,13.,7.84868823793619,20.2387188782662,12.4,        1343P   1702
7.84868823793619,0.,0.0960000000000001,-3.14159265358979,           1343P   1703
3.14159265358979;                                                   1343P   1704
128,1,8,1,2,0,1,0,0,1,0.,0.,0.0960000000000001,                     1345P   1705
0.0960000000000001,-3.14159265358979,-3.14159265358979,             1345P   1706
-3.14159265358979,-1.5707963267949,-1.5707963267949,0.,0.,          1345P   1707
1.5707963267949,1.5707963267949,3.14159265358979,                   1345P   1708
3.14159265358979,3.14159265358979,1.,1.,0.707106781186548,          1345P   1709
0.707106781186548,1.,1.,0.707106781186548,0.707106781186548,1.,     1345P   1710
1.,0.707106781186548,0.707106781186548,1.,1.,0.707106781186548,     1345P   1711
0.707106781186548,1.,1.,40.2387188782662,13.,7.84868823793619,      1345P   1712
40.2387188782662,12.4,7.84868823793619,40.2387188782662,13.,        1345P   1713
14.0986882379362,40.2387188782662,12.4,14.0986882379362,            1345P   1714
33.9887188782662,13.,14.0986882379362,33.9887188782662,12.4,        1345P   1715
14.0986882379362,27.7387188782662,13.,14.0986882379362,             1345P   1716
27.7387188782662,12.4,14.0986882379362,27.7387188782662,13.,        1345P   1717
7.84868823793619,27.7387188782662,12.4,7.84868823793619,            1345P   1718
27.7387188782662,13.,1.59868823793619,27.7387188782662,12.4,        1345P   1719
1.59868823793619,33.9887188782662,13.,1.59868823793619,             1345P   1720
33.9887188782662,12.4,1.59868823793619,40.2387188782662,13.,        1345P   1721
1.59868823793619,40.2387188782662,12.4,1.59868823793619,            1345P   1722
40.2387188782662,13.,7.84868823793619,40.2387188782662,12.4,        1345P   1723
7.84868823793619,0.,0.0960000000000001,-3.14159265358979,           1345P   1724
3.14159265358979;                                                   1345P   1725
128,1,1,1,1,0,0,1,0,0,-0.8385,-0.8385,0.8385,0.8385,-3.051,         1347P   1726
-3.051,3.051,3.051,1.,1.,1.,1.,-16.5212811217338,12.4,              1347P   1727
18.3586882379362,-16.5212811217338,12.4,1.58868823793619,           1347P   1728
44.4987188782662,12.4,18.3586882379362,44.4987188782662,12.4,       1347P   1729
1.58868823793619,-0.8385,0.8385,-3.051,3.051;                       1347P   1730
128,1,1,1,1,0,0,1,0,0,-0.001,-0.001,0.301,0.301,1.824,1.824,        1349P   1731
1.976,1.976,1.,1.,1.,1.,21.4887188782662,6.31,18.3386882379362,     1349P   1732
21.4887188782662,3.29,18.3386882379362,21.4887188782662,6.31,       1349P   1733
19.8586882379362,21.4887188782662,3.29,19.8586882379362,-0.001,     1349P   1734
0.301,1.824,1.976;                                                  1349P   1735
128,1,1,1,1,0,0,1,0,0,-0.001,-0.001,0.301,0.301,-0.001,-0.001,      1351P   1736
0.151,0.151,1.,1.,1.,1.,21.4887188782662,6.31,                      1351P   1737
0.0886882379361909,21.4887188782662,3.29,0.0886882379361909,        1351P   1738
21.4887188782662,6.31,1.60868823793619,21.4887188782662,3.29,       1351P   1739
1.60868823793619,-0.001,0.301,-0.001,0.151;                         1351P   1740
128,1,1,1,1,0,0,1,0,0,-0.001,-0.001,1.501,1.501,1.824,1.824,        1353P   1741
1.976,1.976,1.,1.,1.,1.,6.47871887826622,6.3,18.3386882379362,      1353P   1742
21.4987188782662,6.3,18.3386882379362,6.47871887826622,6.3,         1353P   1743
19.8586882379362,21.4987188782662,6.3,19.8586882379362,-0.001,      1353P   1744
1.501,1.824,1.976;                                                  1353P   1745
128,1,1,1,1,0,0,1,0,0,-0.001,-0.001,1.501,1.501,1.824,1.824,        1355P   1746
1.976,1.976,1.,1.,1.,1.,21.4987188782662,3.3,18.3386882379362,      1355P   1747
6.47871887826622,3.3,18.3386882379362,21.4987188782662,3.3,         1355P   1748
19.8586882379362,6.47871887826622,3.3,19.8586882379362,-0.001,      1355P   1749
1.501,1.824,1.976;                                                  1355P   1750
128,1,1,1,1,0,0,1,0,0,-0.001,-0.001,1.501,1.501,-0.001,-0.001,      1357P   1751
0.151,0.151,1.,1.,1.,1.,21.4987188782662,3.3,0.0886882379361909,    1357P   1752
6.47871887826622,3.3,0.0886882379361909,21.4987188782662,3.3,       1357P   1753
1.60868823793619,6.47871887826622,3.3,1.60868823793619,-0.001,      1357P   1754
1.501,-0.001,0.151;                                                 1357P   1755
128,1,1,1,1,0,0,1,0,0,-0.001,-0.001,0.301,0.301,1.824,1.824,        1359P   1756
1.976,1.976,1.,1.,1.,1.,6.48871887826622,3.29,18.3386882379362,     1359P   1757
6.48871887826622,6.31,18.3386882379362,6.48871887826622,3.29,       1359P   1758
19.8586882379362,6.48871887826622,6.31,19.8586882379362,-0.001,     1359P   1759
0.301,1.824,1.976;                                                  1359P   1760
128,1,1,1,1,0,0,1,0,0,-0.001,-0.001,0.301,0.301,-0.001,-0.001,      1361P   1761
0.151,0.151,1.,1.,1.,1.,6.48871887826622,3.29,                      1361P   1762
0.0886882379361909,6.48871887826622,6.31,0.0886882379361909,        1361P   1763
6.48871887826622,3.29,1.60868823793619,6.48871887826622,6.31,       1361P   1764
1.60868823793619,-0.001,0.301,-0.001,0.151;                         1361P   1765
128,1,1,1,1,0,0,1,0,0,-0.001,-0.001,1.501,1.501,-0.001,-0.001,      1363P   1766
0.151,0.151,1.,1.,1.,1.,6.47871887826622,6.3,0.0886882379361909,    1363P   1767
21.4987188782662,6.3,0.0886882379361909,6.47871887826622,6.3,       1363P   1768
1.60868823793619,21.4987188782662,6.3,1.60868823793619,-0.001,      1363P   1769
1.501,-0.001,0.151;                                                 1363P   1770
128,1,1,1,1,0,0,1,0,0,0.149,0.149,6.251,6.251,0.239,0.239,1.241,    1365P   1771
1.241,1.,1.,1.,1.,-16.5212811217338,2.39,1.59868823793619,          1365P   1772
44.4987188782662,2.39,1.59868823793619,-16.5212811217338,12.41,     1365P   1773
1.59868823793619,44.4987188782662,12.41,1.59868823793619,0.149,     1365P   1774
6.251,0.239,1.241;                                                  1365P   1775
128,1,1,1,1,0,0,1,0,0,-0.001,-0.001,1.976,1.976,0.429,0.429,        1367P   1776
1.201,1.201,1.,1.,1.,1.,-18.0112811217338,4.29,                     1367P   1777
0.0886882379361909,-18.0112811217338,4.29,19.8586882379362,         1367P   1778
-18.0112811217338,12.01,0.0886882379361909,-18.0112811217338,       1367P   1779
12.01,19.8586882379362,-0.001,1.976,0.429,1.201;                    1367P   1780
128,1,1,1,1,0,0,1,0,0,-0.001,-0.001,1.526,1.526,-0.001,-0.001,      1369P   1781
0.201,0.201,1.,1.,1.,1.,67.5,40.01,3.01,67.5,24.74,3.01,67.5,       1369P   1782
40.01,0.99,67.5,24.74,0.99,-0.001,1.526,-0.001,0.201;               1369P   1783
128,1,1,1,1,0,0,1,0,0,-0.126,-0.126,0.126,0.126,-0.7635,-0.7635,    1371P   1784
0.7635,0.7635,1.,1.,1.,1.,67.49,24.74,1.,70.01,24.74,1.,67.49,      1371P   1785
40.01,1.,70.01,40.01,1.,-0.126,0.126,-0.7635,0.7635;                1371P   1786
128,1,1,1,1,0,0,1,0,0,-0.001,-0.001,1.526,1.526,-0.001,-0.001,      1373P   1787
0.201,0.201,1.,1.,1.,1.,11.9,24.74,3.01,11.9,40.01,3.01,11.9,       1373P   1788
24.74,0.99,11.9,40.01,0.99,-0.001,1.526,-0.001,0.201;               1373P   1789
128,1,1,1,1,0,0,1,0,0,-0.126,-0.126,0.126,0.126,-0.7635,-0.7635,    1375P   1790
0.7635,0.7635,1.,1.,1.,1.,9.39,24.74,1.,11.91,24.74,1.,9.39,        1375P   1791
40.01,1.,11.91,40.01,1.,-0.126,0.126,-0.7635,0.7635;                1375P   1792
128,1,1,1,1,0,0,1,0,0,0.459,0.459,2.781,2.781,-0.7635,-0.7635,      1377P   1793
0.7635,0.7635,1.,1.,1.,1.,44.29,24.74,3.,67.51,24.74,3.,44.29,      1377P   1794
40.01,3.,67.51,40.01,3.,0.459,2.781,-0.7635,0.7635;                 1377P   1795
128,1,1,1,1,0,0,1,0,0,-0.001,-0.001,6.061,6.061,-0.001,-0.001,      1379P   1796
0.301,0.301,1.,1.,1.,1.,9.39,24.75,-0.01,70.01,24.75,-0.01,9.39,    1379P   1797
24.75,3.01,70.01,24.75,3.01,-0.001,6.061,-0.001,0.301;              1379P   1798
128,1,1,1,1,0,0,1,0,0,-0.001,-0.001,1.526,1.526,-0.001,-0.001,      1381P   1799
0.101,0.101,1.,1.,1.,1.,9.4,40.01,-0.01,9.4,24.74,-0.01,9.4,        1381P   1800
40.01,1.01,9.4,24.74,1.01,-0.001,1.526,-0.001,0.101;                1381P   1801
128,1,1,1,1,0,0,1,0,0,-0.001,-0.001,0.201,0.201,                    1383P   1802
1.40422821971341,1.40422821971341,1.526,1.526,1.,1.,1.,1.,35.1,     1383P   1803
25.9577178028659,0.99,35.1,25.9577178028659,3.01,35.1,24.74,        1383P   1804
0.99,35.1,24.74,3.01,-0.001,0.201,1.40422821971341,1.526;           1383P   1805
128,1,1,1,1,0,0,1,0,0,-0.001,-0.001,0.201,0.201,                    1385P   1806
1.40422821971342,1.40422821971342,1.526,1.526,1.,1.,1.,1.,44.3,     1385P   1807
25.9577178028658,3.01,44.3,25.9577178028658,0.99,44.3,24.74,        1385P   1808
3.01,44.3,24.74,0.99,-0.001,0.201,1.40422821971342,1.526;           1385P   1809
128,1,1,1,1,0,0,1,0,0,-0.001,-0.001,0.201,0.201,-0.001,-0.001,      1387P   1810
0.120771780286587,0.120771780286587,1.,1.,1.,1.,44.3,40.01,3.01,    1387P   1811
44.3,40.01,0.99,44.3,38.7922821971341,3.01,44.3,                    1387P   1812
38.7922821971341,0.99,-0.001,0.201,-0.001,0.120771780286587;        1387P   1813
128,1,1,1,1,0,0,1,0,0,-0.001,-0.001,0.201,0.201,-0.001,-0.001,      1389P   1814
0.120771780286589,0.120771780286589,1.,1.,1.,1.,35.1,40.01,0.99,    1389P   1815
35.1,40.01,3.01,35.1,38.7922821971341,0.99,35.1,                    1389P   1816
38.7922821971341,3.01,-0.001,0.201,-0.001,0.120771780286589;        1389P   1817
128,1,1,1,1,0,0,1,0,0,-0.001,-0.001,0.121,0.121,-0.001,-0.001,      1391P   1818
1.526,1.526,1.,1.,1.,1.,21.3,40.01,2.11,21.3,40.01,0.89,21.3,       1391P   1819
24.74,2.11,21.3,24.74,0.89,-0.001,0.121,-0.001,1.526;               1391P   1820
128,1,1,1,1,0,0,1,0,0,-0.001,-0.001,0.321,0.321,-0.001,-0.001,      1393P   1821
1.526,1.526,1.,1.,1.,1.,21.31,40.01,0.9,18.09,40.01,0.9,21.31,      1393P   1822
24.74,0.9,18.09,24.74,0.9,-0.001,0.321,-0.001,1.526;                1393P   1823
128,1,1,1,1,0,0,1,0,0,-0.001,-0.001,0.121,0.121,-0.001,-0.001,      1395P   1824
1.526,1.526,1.,1.,1.,1.,18.1,40.01,0.89,18.1,40.01,2.11,18.1,       1395P   1825
24.74,0.89,18.1,24.74,2.11,-0.001,0.121,-0.001,1.526;               1395P   1826
128,1,1,1,1,0,0,1,0,0,-0.001,-0.001,0.321,0.321,-0.001,-0.001,      1397P   1827
1.526,1.526,1.,1.,1.,1.,18.09,40.01,2.1,21.31,40.01,2.1,18.09,      1397P   1828
24.74,2.1,21.31,24.74,2.1,-0.001,0.321,-0.001,1.526;                1397P   1829
128,1,1,1,1,0,0,1,0,0,-0.001,-0.001,0.321,0.321,-0.001,-0.001,      1399P   1830
1.526,1.526,1.,1.,1.,1.,61.31,40.01,0.9,58.09,40.01,0.9,61.31,      1399P   1831
24.74,0.9,58.09,24.74,0.9,-0.001,0.321,-0.001,1.526;                1399P   1832
128,1,1,1,1,0,0,1,0,0,-0.001,-0.001,0.121,0.121,-0.001,-0.001,      1401P   1833
1.526,1.526,1.,1.,1.,1.,58.1,40.01,0.89,58.1,40.01,2.11,58.1,       1401P   1834
24.74,0.89,58.1,24.74,2.11,-0.001,0.121,-0.001,1.526;               1401P   1835
128,1,1,1,1,0,0,1,0,0,-0.001,-0.001,0.321,0.321,-0.001,-0.001,      1403P   1836
1.526,1.526,1.,1.,1.,1.,58.09,40.01,2.1,61.31,40.01,2.1,58.09,      1403P   1837
24.74,2.1,61.31,24.74,2.1,-0.001,0.321,-0.001,1.526;                1403P   1838
128,1,1,1,1,0,0,1,0,0,-0.001,-0.001,0.121,0.121,-0.001,-0.001,      1405P   1839
1.526,1.526,1.,1.,1.,1.,61.3,40.01,2.11,61.3,40.01,0.89,61.3,       1405P   1840
24.74,2.11,61.3,24.74,0.89,-0.001,0.121,-0.001,1.526;               1405P   1841
128,1,2,1,2,0,0,0,0,0,0.,0.,1.33333333333333,1.33333333333333,      1407P   1842
-1.5707963267949,-1.5707963267949,-1.5707963267949,                 1407P   1843
-0.182828716744077,-0.182828716744077,-0.182828716744077,1.,1.,     1407P   1844
0.768704061579372,0.768704061579372,1.,1.,33.625,27.175,1.,         1407P   1845
33.625,27.175,3.,34.8730835903059,27.175,1.,34.8730835903059,       1407P   1846
27.175,3.,35.1,25.9477178028659,1.,35.1,25.9477178028659,3.,0.,     1407P   1847
1.33333333333333,-1.5707963267949,-0.182828716744077;               1407P   1848
128,1,2,1,2,0,0,0,0,0,0.,0.,1.33333333333333,1.33333333333333,      1409P   1849
-1.5707963267949,-1.5707963267949,-1.5707963267949,                 1409P   1850
-0.182828716744077,-0.182828716744077,-0.182828716744077,1.,1.,     1409P   1851
0.768704061579372,0.768704061579372,1.,1.,45.775,37.575,1.,         1409P   1852
45.775,37.575,3.,44.5269164096941,37.575,1.,44.5269164096941,       1409P   1853
37.575,3.,44.3,38.8022821971341,1.,44.3,38.8022821971341,3.,0.,     1409P   1854
1.33333333333333,-1.5707963267949,-0.182828716744077;               1409P   1855
128,1,1,1,1,0,0,1,0,0,-0.001,-0.001,6.061,6.061,-0.001,-0.001,      1411P   1856
0.301,0.301,1.,1.,1.,1.,70.01,40.,-0.01,9.38999999999999,40.,       1411P   1857
-0.01,70.01,40.,3.01,9.38999999999999,40.,3.01,-0.001,6.061,        1411P   1858
-0.001,0.301;                                                       1411P   1859
128,1,1,1,1,0,0,1,0,0,-0.151,-0.151,0.151,0.151,-0.62475,           1413P   1860
-0.62475,-0.41525,-0.41525,1.,1.,1.,1.,28.865,39.66,1.,31.885,      1413P   1861
39.66,1.,28.865,37.565,1.,31.885,37.565,1.,-0.151,0.151,            1413P   1862
-0.62475,-0.41525;                                                  1413P   1863
128,1,1,1,1,0,0,1,0,0,-0.001,-0.001,0.301,0.301,-0.001,-0.001,      1415P   1864
0.101,0.101,1.,1.,1.,1.,31.885,39.65,1.01,28.865,39.65,1.01,        1415P   1865
31.885,39.65,-0.01,28.865,39.65,-0.01,-0.001,0.301,-0.001,0.101;    1415P   1866
128,1,1,1,1,0,0,1,0,0,-0.001,-0.001,1.2485,1.2485,-0.001,-0.001,    1417P   1867
0.101,0.101,1.,1.,1.,1.,31.875,27.165,1.01,31.875,39.66,1.01,       1417P   1868
31.875,27.165,-0.01,31.875,39.66,-0.01,-0.001,1.2485,-0.001,        1417P   1869
0.101;                                                              1417P   1870
128,1,1,1,1,0,0,1,0,0,-1.0835,-1.0835,0.783500000000001,            1419P   1871
0.783500000000001,-0.7635,-0.7635,0.7635,0.7635,1.,1.,1.,1.,        1419P   1872
50.535,40.01,1.,31.865,40.01,1.,50.535,24.74,1.,31.865,24.74,1.,    1419P   1873
-1.0835,0.783500000000001,-0.7635,0.7635;                           1419P   1874
128,1,2,1,2,0,0,0,0,0,0.,0.,1.33333333333333,1.33333333333333,      1421P   1875
-1.3879676100508,-1.3879676100508,-1.3879676100508,0.,0.,0.,1.,     1421P   1876
1.,0.768704061579377,0.768704061579377,1.,1.,35.1,                  1421P   1877
38.8022821971341,1.,35.1,38.8022821971341,3.,34.8730835903059,      1421P   1878
37.575,1.,34.8730835903059,37.575,3.,33.625,37.575,1.,33.625,       1421P   1879
37.575,3.,0.,1.33333333333333,-1.3879676100508,0.;                  1421P   1880
128,1,1,1,1,0,0,1,0,0,-0.001,-0.001,0.476000000000001,              1423P   1881
0.476000000000001,-0.001,-0.001,0.201,0.201,1.,1.,1.,1.,33.635,     1423P   1882
37.575,3.01,28.865,37.575,3.01,33.635,37.575,0.99,28.865,37.575,    1423P   1883
0.99,-0.001,0.476000000000001,-0.001,0.201;                         1423P   1884
128,1,1,1,1,0,0,1,0,0,-0.001,-0.001,1.2485,1.2485,-0.001,-0.001,    1425P   1885
0.301,0.301,1.,1.,1.,1.,28.875,39.66,3.01,28.875,27.165,3.01,       1425P   1886
28.875,39.66,-0.01,28.875,27.165,-0.01,-0.001,1.2485,-0.001,        1425P   1887
0.301;                                                              1425P   1888
128,1,1,1,1,0,0,1,0,0,-0.001,-0.001,0.476,0.476,-0.001,-0.001,      1427P   1889
0.301,0.301,1.,1.,1.,1.,28.865,27.175,3.01,33.635,27.175,3.01,      1427P   1890
28.865,27.175,-0.01,33.635,27.175,-0.01,-0.001,0.476,-0.001,        1427P   1891
0.301;                                                              1427P   1892
128,1,2,1,2,0,0,0,0,0,0.,0.,1.33333333333333,1.33333333333333,      1429P   1893
-1.38796761005084,-1.38796761005084,-1.38796761005084,0.,0.,0.,     1429P   1894
1.,1.,0.768704061579366,0.768704061579366,1.,1.,44.3,               1429P   1895
25.9477178028658,1.,44.3,25.9477178028658,3.,44.5269164096941,      1429P   1896
27.175,1.,44.5269164096941,27.175,3.,45.775,27.175,1.,45.775,       1429P   1897
27.175,3.,0.,1.33333333333333,-1.38796761005084,0.;                 1429P   1898
128,1,1,1,1,0,0,1,0,0,-0.001,-0.001,0.476,0.476,-0.001,-0.001,      1431P   1899
0.201,0.201,1.,1.,1.,1.,45.765,27.175,3.01,50.535,27.175,3.01,      1431P   1900
45.765,27.175,0.99,50.535,27.175,0.99,-0.001,0.476,-0.001,0.201;    1431P   1901
128,1,1,1,1,0,0,1,0,0,-0.001,-0.001,1.041,1.041,-0.001,-0.001,      1433P   1902
0.201,0.201,1.,1.,1.,1.,50.525,27.165,3.01,50.525,37.585,3.01,      1433P   1903
50.525,27.165,0.99,50.525,37.585,0.99,-0.001,1.041,-0.001,0.201;    1433P   1904
128,1,1,1,1,0,0,1,0,0,-0.001,-0.001,0.476,0.476,-0.001,-0.001,      1435P   1905
0.201,0.201,1.,1.,1.,1.,50.535,37.575,3.01,45.765,37.575,3.01,      1435P   1906
50.535,37.575,0.99,45.765,37.575,0.99,-0.001,0.476,-0.001,0.201;    1435P   1907
128,1,1,1,1,0,0,1,0,0,-0.001,-0.001,1.526,1.526,-0.001,-0.001,      1437P   1908
0.101,0.101,1.,1.,1.,1.,70.,24.74,-0.01,70.,40.01,-0.01,70.,        1437P   1909
24.74,1.01,70.,40.01,1.01,-0.001,1.526,-0.001,0.101;                1437P   1910
128,1,1,1,1,0,0,1,0,0,-2.781,-2.781,-0.459,-0.459,-0.7635,          1439P   1911
-0.7635,0.7635,0.7635,1.,1.,1.,1.,11.89,24.74,3.,35.11,24.74,3.,    1439P   1912
11.89,40.01,3.,35.11,40.01,3.,-2.781,-0.459,-0.7635,0.7635;         1439P   1913
128,1,1,1,1,0,0,1,0,0,-3.031,-3.031,3.031,3.031,-0.7635,-0.7635,    1441P   1914
0.7635,0.7635,1.,1.,1.,1.,70.01,24.74,0.,9.39,24.74,0.,70.01,       1441P   1915
40.01,0.,9.39,40.01,0.,-3.031,3.031,-0.7635,0.7635;                 1441P   1916
128,1,1,1,1,0,0,1,0,0,-0.001,-0.001,0.201,0.201,-0.001,-0.001,      1443P   1917
0.101,0.101,1.,1.,1.,1.,6.31537827248404,29.3,0.99,                 1443P   1918
4.29537827248404,29.3,0.99,6.31537827248404,29.3,2.01,              1443P   1919
4.29537827248404,29.3,2.01,-0.001,0.201,-0.001,0.101;               1443P   1920
128,1,1,1,1,0,0,1,0,0,-0.001,-0.001,1.636,1.636,-0.001,-0.001,      1445P   1921
0.101,0.101,1.,1.,1.,1.,6.30537827248404,12.94,0.99,                1445P   1922
6.30537827248404,29.31,0.99,6.30537827248404,12.94,2.01,            1445P   1923
6.30537827248404,29.31,2.01,-0.001,1.636,-0.001,0.101;              1445P   1924
128,1,1,1,1,0,0,1,0,0,-0.001,-0.001,0.201,0.201,-0.001,-0.001,      1447P   1925
0.101,0.101,1.,1.,1.,1.,4.29537827248404,12.95,0.99,                1447P   1926
6.31537827248404,12.95,0.99,4.29537827248404,12.95,2.01,            1447P   1927
6.31537827248404,12.95,2.01,-0.001,0.201,-0.001,0.101;              1447P   1928
128,1,1,1,1,0,0,1,0,0,-0.101,-0.101,0.101,0.101,-0.8185,-0.8185,    1449P   1929
0.8185,0.8185,1.,1.,1.,1.,4.29537827248404,12.94,2.,                1449P   1930
6.31537827248404,12.94,2.,4.29537827248404,29.31,2.,                1449P   1931
6.31537827248404,29.31,2.,-0.101,0.101,-0.8185,0.8185;              1449P   1932
128,1,1,1,1,0,0,1,0,0,-0.001,-0.001,1.776,1.776,-0.001,-0.001,      1451P   1933
0.201,0.201,1.,1.,1.,1.,4.30537827248404,30.01,-0.01,               1451P   1934
4.30537827248404,12.24,-0.01,4.30537827248404,30.01,2.01,           1451P   1935
4.30537827248404,12.24,2.01,-0.001,1.776,-0.001,0.201;              1451P   1936
128,1,1,1,1,0,0,1,0,0,-0.001,-0.001,6.301,6.301,-0.001,-0.001,      1453P   1937
0.101,0.101,1.,1.,1.,1.,67.3153782724841,30.,-0.01,                 1453P   1938
4.29537827248404,30.,-0.01,67.3153782724841,30.,1.01,               1453P   1939
4.29537827248404,30.,1.01,-0.001,6.301,-0.001,0.101;                1453P   1940
128,1,1,1,1,0,0,1,0,0,-0.001,-0.001,1.776,1.776,-0.001,-0.001,      1455P   1941
0.101,0.101,1.,1.,1.,1.,67.305378272484,12.24,-0.01,                1455P   1942
67.305378272484,30.01,-0.01,67.305378272484,12.24,1.01,             1455P   1943
67.305378272484,30.01,1.01,-0.001,1.776,-0.001,0.101;               1455P   1944
128,1,1,1,1,0,0,1,0,0,-0.001,-0.001,6.301,6.301,-0.001,-0.001,      1457P   1945
0.101,0.101,1.,1.,1.,1.,4.29537827248404,12.25,-0.01,               1457P   1946
67.3153782724841,12.25,-0.01,4.29537827248404,12.25,1.01,           1457P   1947
67.3153782724841,12.25,1.01,-0.001,6.301,-0.001,0.101;              1457P   1948
128,1,1,1,1,0,0,1,0,0,-3.151,-3.151,3.151,3.151,-0.8885,-0.8885,    1459P   1949
0.8885,0.8885,1.,1.,1.,1.,4.29537827248404,12.24,1.,                1459P   1950
67.315378272484,12.24,1.,4.29537827248404,30.01,1.,                 1459P   1951
67.315378272484,30.01,1.,-3.151,3.151,-0.8885,0.8885;               1459P   1952
128,1,1,1,1,0,0,1,0,0,-3.151,-3.151,3.151,3.151,-0.8885,-0.8885,    1461P   1953
0.8885,0.8885,1.,1.,1.,1.,67.315378272484,12.24,0.,                 1461P   1954
4.29537827248404,12.24,0.,67.315378272484,30.01,0.,                 1461P   1955
4.29537827248404,30.01,0.,-3.151,3.151,-0.8885,0.8885;              1461P   1956
128,1,1,1,1,0,0,1,0,0,-0.001,-0.001,0.291,0.291,-0.001,-0.001,      1463P   1957
1.976,1.976,1.,1.,1.,1.,12.91,-0.01,9.1,9.99,-0.01,9.1,12.91,       1463P   1958
19.76,9.1,9.99,19.76,9.1,-0.001,0.291,-0.001,1.976;                 1463P   1959
128,1,1,1,1,0,0,1,0,0,-0.001,-0.001,0.091,0.091,-0.001,-0.001,      1465P   1960
1.976,1.976,1.,1.,1.,1.,12.9,-0.01,10.01,12.9,-0.01,9.09,12.9,      1465P   1961
19.76,10.01,12.9,19.76,9.09,-0.001,0.091,-0.001,1.976;              1465P   1962
128,1,1,1,1,0,0,1,0,0,-0.001,-0.001,0.291,0.291,-0.001,-0.001,      1467P   1963
1.976,1.976,1.,1.,1.,1.,9.99,-0.01,10.,12.91,-0.01,10.,9.99,        1467P   1964
19.76,10.,12.91,19.76,10.,-0.001,0.291,-0.001,1.976;                1467P   1965
128,1,1,1,1,0,0,1,0,0,-0.001,-0.001,0.091,0.091,-0.001,-0.001,      1469P   1966
1.976,1.976,1.,1.,1.,1.,10.,-0.01,9.09,10.,-0.01,10.01,10.,         1469P   1967
19.76,9.09,10.,19.76,10.01,-0.001,0.091,-0.001,1.976;               1469P   1968
128,1,1,1,1,0,0,1,0,0,-0.046,-0.046,0.0459999999999999,             1471P   1969
0.0459999999999999,-0.146,-0.146,0.146,0.146,1.,1.,1.,1.,9.99,      1471P   1970
19.75,9.09,9.99,19.75,10.01,12.91,19.75,9.09,12.91,19.75,10.01,     1471P   1971
-0.046,0.0459999999999999,-0.146,0.146;                             1471P   1972
128,1,1,1,1,0,0,1,0,0,-0.146,-0.146,0.146,0.146,                    1473P   1973
-0.0459999999999999,-0.0459999999999999,0.046,0.046,1.,1.,1.,1.,    1473P   1974
12.91,0.,10.01,9.99,0.,10.01,12.91,0.,9.09,9.99,0.,9.09,-0.146,     1473P   1975
0.146,-0.0459999999999999,0.046;                                    1473P   1976
502,133,-18.0112811217338,12.,19.8486882379362,                     1475P   1977
-17.0112811217338,13.,19.8486882379362,-17.0112811217338,13.,       1475P   1978
0.0986882379361909,-18.0112811217338,12.,0.0986882379361909,        1475P   1979
44.9887188782662,13.,0.0986882379361909,45.9887188782662,12.,       1475P   1980
0.0986882379361909,45.9887188782662,4.3,0.0986882379361909,         1475P   1981
44.4887188782662,4.3,0.0986882379361909,44.4887188782662,6.3,       1475P   1982
0.0986882379361909,41.9887188782662,6.3,0.0986882379361909,         1475P   1983
41.9887188782662,3.3,0.0986882379361909,45.9887188782662,3.3,       1475P   1984
0.0986882379361909,45.9887188782662,0.,0.0986882379361909,          1475P   1985
-18.0112811217338,0.,0.0986882379361909,-18.0112811217338,3.3,      1475P   1986
0.0986882379361909,-14.0112811217338,3.3,0.0986882379361909,        1475P   1987
-14.0112811217338,6.3,0.0986882379361909,-16.5112811217338,6.3,     1475P   1988
0.0986882379361909,-16.5112811217338,4.3,0.0986882379361909,        1475P   1989
-18.0112811217338,4.3,0.0986882379361909,6.48871887826622,6.3,      1475P   1990
0.0986882379361909,6.48871887826622,3.3,0.0986882379361909,         1475P   1991
21.4887188782662,3.3,0.0986882379361909,21.4887188782662,6.3,       1475P   1992
0.0986882379361909,35.5887188782662,5.2,0.0986882379361909,         1475P   1993
35.5887188782662,6.4,0.0986882379361909,32.3887188782662,6.4,       1475P   1994
0.0986882379361909,32.3887188782662,5.2,0.0986882379361909,         1475P   1995
-4.41128112173378,5.2,0.0986882379361909,-4.41128112173379,6.4,     1475P   1996
0.0986882379361909,-7.61128112173378,6.4,0.0986882379361909,        1475P   1997
-7.61128112173378,5.2,0.0986882379361909,44.9887188782662,13.,      1475P   1998
19.8486882379362,0.238718878266218,13.,7.84868823793619,            1475P   1999
20.2387188782662,13.,7.84868823793619,40.2387188782662,13.,         1475P   2000
7.84868823793619,45.9887188782662,12.,19.8486882379362,             1475P   2001
44.4887188782662,4.3,19.8486882379362,45.9887188782662,4.3,         1475P   2002
19.8486882379362,41.9887188782662,6.3,1.59868823793619,             1475P   2003
44.4887188782662,6.3,1.59868823793619,41.9887188782662,6.3,         1475P   2004
19.8486882379362,44.4887188782662,6.3,19.8486882379362,             1475P   2005
41.9887188782662,6.3,18.3486882379362,44.4887188782662,6.3,         1475P   2006
18.3486882379362,41.9887188782662,3.3,1.59868823793619,             1475P   2007
45.9887188782662,3.3,19.8486882379362,41.9887188782662,3.3,         1475P   2008
19.8486882379362,44.4887188782662,3.3,1.59868823793619,             1475P   2009
44.4887188782662,3.3,18.3486882379362,41.9887188782662,3.3,         1475P   2010
18.3486882379362,-14.0112811217338,6.3,18.3486882379362,            1475P   2011
-16.5112811217338,6.3,18.3486882379362,-14.0112811217338,6.3,       1475P   2012
19.8486882379362,-16.5112811217338,6.3,19.8486882379362,            1475P   2013
-14.0112811217338,3.3,18.3486882379362,-14.0112811217338,3.3,       1475P   2014
19.8486882379362,-14.0112811217338,3.3,1.59868823793619,            1475P   2015
-16.5112811217338,3.3,1.59868823793619,-18.0112811217338,3.3,       1475P   2016
19.8486882379362,-16.5112811217338,3.3,18.3486882379362,            1475P   2017
-18.0112811217338,4.3,19.8486882379362,-16.5112811217338,4.3,       1475P   2018
19.8486882379362,-16.5112811217338,6.3,1.59868823793619,            1475P   2019
-14.0112811217338,6.3,1.59868823793619,45.9887188782662,0.,         1475P   2020
19.8486882379362,45.9887188782662,0.,18.3486882379362,              1475P   2021
45.9887188782662,1.,18.3486882379362,45.9887188782662,1.,           1475P   2022
19.0486882379362,45.9887188782662,2.4,19.0486882379362,             1475P   2023
45.9887188782662,2.4,0.898688237936191,45.9887188782662,1.,         1475P   2024
0.898688237936191,45.9887188782662,1.,1.59868823793619,             1475P   2025
45.9887188782662,0.,1.59868823793619,44.4887188782662,12.4,         1475P   2026
18.3486882379362,44.4887188782662,12.4,1.59868823793619,            1475P   2027
44.4887188782662,2.4,1.59868823793619,44.4887188782662,2.4,         1475P   2028
18.3486882379362,-16.5112811217338,2.4,18.3486882379362,            1475P   2029
-16.5112811217338,12.4,18.3486882379362,-4.41128112173378,5.2,      1475P   2030
18.3486882379362,-4.41128112173379,6.4,18.3486882379362,            1475P   2031
-7.61128112173378,6.4,18.3486882379362,-7.61128112173378,5.2,       1475P   2032
18.3486882379362,35.5887188782662,5.2,18.3486882379362,             1475P   2033
35.5887188782662,6.4,18.3486882379362,32.3887188782662,6.4,         1475P   2034
18.3486882379362,32.3887188782662,5.2,18.3486882379362,             1475P   2035
6.48871887826622,6.3,18.3486882379362,6.48871887826622,3.3,         1475P   2036
18.3486882379362,21.4887188782662,3.3,18.3486882379362,             1475P   2037
21.4887188782662,6.3,18.3486882379362,-16.5112811217338,12.4,       1475P   2038
1.5986882379362,-16.5112811217338,2.4,1.59868823793619,             1475P   2039
-18.0112811217338,0.,19.8486882379362,6.48871887826622,3.3,         1475P   2040
19.8486882379362,6.48871887826622,6.3,19.8486882379362,             1475P   2041
21.4887188782662,6.3,19.8486882379362,21.4887188782662,3.3,         1475P   2042
19.8486882379362,35.5887188782662,6.4,19.8486882379362,             1475P   2043
35.5887188782662,5.2,19.8486882379362,32.3887188782662,5.2,         1475P   2044
19.8486882379362,32.3887188782662,6.4,19.8486882379362,             1475P   2045
-4.41128112173379,6.4,19.8486882379362,-4.41128112173378,5.2,       1475P   2046
19.8486882379362,-7.61128112173378,5.2,19.8486882379362,            1475P   2047
-7.61128112173378,6.4,19.8486882379362,-16.5112811217338,1.,        1475P   2048
1.59868823793619,-17.2112811217338,1.,0.898688237936191,            1475P   2049
-17.2112811217338,1.,19.0486882379362,-16.5112811217338,1.,         1475P   2050
18.3486882379362,-16.5112811217338,0.,18.3486882379362,             1475P   2051
-16.5112811217338,0.,1.59868823793619,-17.2112811217338,2.4,        1475P   2052
19.0486882379362,-17.2112811217338,2.4,0.898688237936191,           1475P   2053
-7.61128112173378,6.4,1.59868823793619,-7.61128112173378,5.2,       1475P   2054
1.59868823793619,-4.41128112173378,5.2,1.59868823793619,            1475P   2055
-4.41128112173379,6.4,1.59868823793619,32.3887188782662,6.4,        1475P   2056
1.59868823793619,32.3887188782662,5.2,1.59868823793619,             1475P   2057
35.5887188782662,5.2,1.59868823793619,35.5887188782662,6.4,         1475P   2058
1.59868823793619,0.238718878266218,12.4,7.84868823793619,           1475P   2059
-6.01128112173378,12.4,1.5986882379362,20.2387188782662,12.4,       1475P   2060
7.84868823793619,13.9887188782662,12.4,1.59868823793619,            1475P   2061
40.2387188782662,12.4,7.84868823793619,33.9887188782662,12.4,       1475P   2062
1.59868823793619,21.4887188782662,6.3,1.59868823793619,             1475P   2063
21.4887188782662,3.3,1.59868823793619,6.48871887826622,3.3,         1475P   2064
1.59868823793619,6.48871887826622,6.3,1.59868823793619;             1475P   2065
502,71,67.5,24.75,3.,67.5,40.,3.,67.5,24.75,1.,67.5,40.,1.,70.,     1477P   2066
40.,1.,70.,24.75,1.,11.9,40.,3.,11.9,24.75,3.,11.9,40.,1.,11.9,     1477P   2067
24.75,1.,9.4,24.75,1.,9.4,40.,1.,44.3,40.,3.,44.3,                  1477P   2068
38.8022821971341,3.,45.775,37.575,3.,50.525,37.575,3.,50.525,       1477P   2069
27.175,3.,45.775,27.175,3.,44.3,25.9477178028658,3.,44.3,24.75,     1477P   2070
3.,44.3,24.75,1.,35.1,24.75,1.,35.1,24.75,3.,9.4,24.75,0.,70.,      1477P   2071
24.75,0.,58.1,24.75,2.1,61.3,24.75,2.1,61.3,24.75,0.9,58.1,         1477P   2072
24.75,0.9,18.1,24.75,0.9,18.1,24.75,2.1,21.3,24.75,2.1,21.3,        1477P   2073
24.75,0.9,9.4,40.,0.,35.1,25.9477178028659,3.,35.1,                 1477P   2074
25.9477178028659,1.,44.3,25.9477178028658,1.,44.3,                  1477P   2075
38.8022821971341,1.,44.3,40.,1.,35.1,38.8022821971341,1.,35.1,      1477P   2076
38.8022821971341,3.,35.1,40.,1.,35.1,40.,3.,21.3,40.,2.1,21.3,      1477P   2077
40.,0.9,18.1,40.,0.9,18.1,40.,2.1,61.3,40.,0.9,58.1,40.,0.9,        1477P   2078
58.1,40.,2.1,61.3,40.,2.1,33.625,27.175,1.,33.625,27.175,3.,        1477P   2079
45.775,37.575,1.,70.,40.,0.,28.875,37.575,1.,31.875,37.575,1.,      1477P   2080
28.875,39.65,1.,31.875,39.65,1.,31.875,39.65,0.,28.875,39.65,0.,    1477P   2081
31.875,27.175,0.,31.875,27.175,1.,33.625,37.575,1.,45.775,          1477P   2082
27.175,1.,50.525,27.175,1.,50.525,37.575,1.,33.625,37.575,3.,       1477P   2083
28.875,37.575,3.,28.875,27.175,3.,28.875,27.175,0.;                 1477P   2084
502,16,4.30537827248404,29.3,1.,6.30537827248404,29.3,1.,           1479P   2085
4.30537827248404,29.3,2.,6.30537827248404,29.3,2.,                  1479P   2086
6.30537827248404,12.95,1.,6.30537827248404,12.95,2.,                1479P   2087
4.30537827248404,12.95,1.,4.30537827248404,12.95,2.,                1479P   2088
4.30537827248404,12.25,0.,4.30537827248404,30.,0.,                  1479P   2089
4.30537827248404,12.25,1.,4.30537827248404,30.,1.,                  1479P   2090
67.305378272484,30.,0.,67.305378272484,30.,1.,67.305378272484,      1479P   2091
12.25,0.,67.305378272484,12.25,1.;                                  1479P   2092
502,8,12.9,0.,9.1,10.,0.,9.1,10.,19.75,9.1,12.9,19.75,9.1,12.9,     1481P   2093
0.,10.,12.9,19.75,10.,10.,0.,10.,10.,19.75,10.;                     1481P   2094
504,201,553,1475,1,1475,2,555,1475,2,1475,3,557,1475,3,1475,4,      1483P   2095
559,1475,4,1475,1,561,1475,5,1475,3,563,1475,6,1475,5,565,1475,     1483P   2096
7,1475,6,567,1475,7,1475,8,569,1475,8,1475,9,571,1475,9,1475,10,    1483P   2097
573,1475,10,1475,11,575,1475,11,1475,12,577,1475,13,1475,12,579,    1483P   2098
1475,14,1475,13,581,1475,14,1475,15,583,1475,15,1475,16,585,        1483P   2099
1475,16,1475,17,587,1475,17,1475,18,589,1475,18,1475,19,591,        1483P   2100
1475,19,1475,20,593,1475,20,1475,4,595,1475,21,1475,22,597,1475,    1483P   2101
22,1475,23,599,1475,23,1475,24,601,1475,24,1475,21,603,1475,25,     1483P   2102
1475,26,605,1475,26,1475,27,607,1475,27,1475,28,609,1475,28,        1483P   2103
1475,25,611,1475,29,1475,30,613,1475,30,1475,31,615,1475,31,        1483P   2104
1475,32,617,1475,32,1475,29,619,1475,2,1475,33,621,1475,5,1475,     1483P   2105
33,623,1475,34,1475,34,625,1475,35,1475,35,627,1475,36,1475,36,     1483P   2106
629,1475,33,1475,37,631,1475,37,1475,6,633,1475,38,1475,39,635,     1483P   2107
1475,8,1475,38,637,1475,39,1475,7,639,1475,40,1475,41,641,1475,     1483P   2108
10,1475,40,643,1475,9,1475,41,645,1475,42,1475,43,647,1475,44,      1483P   2109
1475,42,649,1475,45,1475,44,651,1475,45,1475,43,653,1475,46,        1483P   2110
1475,40,655,1475,11,1475,46,657,1475,47,1475,48,659,1475,12,        1483P   2111
1475,47,661,1475,49,1475,46,663,1475,50,1475,49,665,1475,51,        1483P   2112
1475,50,667,1475,51,1475,48,669,1475,48,1475,42,671,1475,44,        1483P   2113
1475,51,673,1475,52,1475,53,675,1475,52,1475,54,677,1475,55,        1483P   2114
1475,54,679,1475,53,1475,55,681,1475,56,1475,52,683,1475,56,        1483P   2115
1475,57,685,1475,54,1475,57,687,1475,58,1475,59,689,1475,16,        1483P   2116
1475,58,691,1475,60,1475,15,693,1475,57,1475,60,695,1475,61,        1483P   2117
1475,56,697,1475,59,1475,61,699,1475,62,1475,63,701,1475,20,        1483P   2118
1475,62,703,1475,19,1475,63,705,1475,64,1475,65,707,1475,18,        1483P   2119
1475,64,709,1475,17,1475,65,711,1475,65,1475,58,713,1475,66,        1483P   2120
1475,47,715,1475,67,1475,66,717,1475,67,1475,68,719,1475,68,        1483P   2121
1475,69,721,1475,69,1475,70,723,1475,70,1475,71,725,1475,71,        1483P   2122
1475,72,727,1475,72,1475,73,729,1475,73,1475,74,731,1475,13,        1483P   2123
1475,74,733,1475,45,1475,75,735,1475,75,1475,76,737,1475,41,        1483P   2124
1475,76,739,1475,43,1475,38,741,1475,77,1475,49,743,1475,77,        1483P   2125
1475,78,745,1475,78,1475,50,747,1475,78,1475,79,749,1475,79,        1483P   2126
1475,61,751,1475,53,1475,80,753,1475,80,1475,75,755,1475,81,        1483P   2127
1475,82,757,1475,82,1475,83,759,1475,83,1475,84,761,1475,84,        1483P   2128
1475,81,763,1475,85,1475,86,765,1475,86,1475,87,767,1475,87,        1483P   2129
1475,88,769,1475,88,1475,85,771,1475,89,1475,90,773,1475,90,        1483P   2130
1475,91,775,1475,91,1475,92,777,1475,92,1475,89,779,1475,64,        1483P   2131
1475,93,781,1475,93,1475,80,783,1475,63,1475,55,785,1475,79,        1483P   2132
1475,94,787,1475,94,1475,59,789,1475,62,1475,1,791,1475,95,1475,    1483P   2133
60,793,1475,66,1475,95,795,1475,39,1475,37,797,1475,96,1475,97,     1483P   2134
799,1475,97,1475,98,801,1475,98,1475,99,803,1475,99,1475,96,805,    1483P   2135
1475,100,1475,101,807,1475,101,1475,102,809,1475,102,1475,103,      1483P   2136
811,1475,103,1475,100,813,1475,104,1475,105,815,1475,105,1475,      1483P   2137
106,817,1475,106,1475,107,819,1475,107,1475,104,821,1475,95,        1483P   2138
1475,14,823,1475,73,1475,108,825,1475,72,1475,109,827,1475,109,     1483P   2139
1475,110,829,1475,69,1475,110,831,1475,111,1475,68,833,1475,108,    1483P   2140
1475,111,835,1475,112,1475,67,837,1475,74,1475,113,839,1475,113,    1483P   2141
1475,112,841,1475,70,1475,114,843,1475,114,1475,115,845,1475,71,    1483P   2142
1475,115,847,1475,94,1475,77,849,1475,110,1475,114,851,1475,115,    1483P   2143
1475,109,853,1475,112,1475,111,855,1475,113,1475,108,857,1475,      1483P   2144
116,1475,31,859,1475,117,1475,116,861,1475,117,1475,32,863,1475,    1483P   2145
118,1475,117,865,1475,118,1475,29,867,1475,119,1475,118,869,        1483P   2146
1475,119,1475,30,871,1475,116,1475,119,873,1475,120,1475,27,875,    1483P   2147
1475,121,1475,120,877,1475,121,1475,28,879,1475,122,1475,121,       1483P   2148
881,1475,122,1475,25,883,1475,123,1475,122,885,1475,123,1475,26,    1483P   2149
887,1475,120,1475,123,889,1475,84,1475,106,891,1475,83,1475,107,    1483P   2150
893,1475,82,1475,104,895,1475,81,1475,105,897,1475,88,1475,102,     1483P   2151
899,1475,87,1475,103,901,1475,86,1475,100,903,1475,85,1475,101,     1483P   2152
905,1475,34,1475,124,907,1475,125,1475,124,909,1475,124,1475,       1483P   2153
125,911,1475,35,1475,126,913,1475,127,1475,126,915,1475,126,        1483P   2154
1475,127,917,1475,36,1475,128,919,1475,129,1475,128,921,1475,       1483P   2155
128,1475,129,923,1475,76,1475,129,925,1475,125,1475,93,927,1475,    1483P   2156
127,1475,125,929,1475,129,1475,127,931,1475,91,1475,99,933,1475,    1483P   2157
92,1475,98,935,1475,130,1475,131,937,1475,24,1475,130,939,1475,     1483P   2158
23,1475,131,941,1475,89,1475,97,943,1475,90,1475,96,945,1475,       1483P   2159
131,1475,132,947,1475,22,1475,132,949,1475,132,1475,133,951,        1483P   2160
1475,21,1475,133,953,1475,133,1475,130;                             1483P   2161
504,107,955,1477,1,1477,2,957,1477,3,1477,1,959,1477,3,1477,4,      1485P   2162
961,1477,2,1477,4,963,1477,5,1477,6,965,1477,4,1477,5,967,1477,     1485P   2163
6,1477,3,969,1477,7,1477,8,971,1477,9,1477,7,973,1477,9,1477,10,    1485P   2164
975,1477,8,1477,10,977,1477,11,1477,12,979,1477,10,1477,11,981,     1485P   2165
1477,12,1477,9,983,1477,2,1477,13,985,1477,13,1477,14,987,1477,     1485P   2166
14,1477,15,989,1477,15,1477,16,991,1477,16,1477,17,993,1477,17,     1485P   2167
1477,18,995,1477,18,1477,19,997,1477,19,1477,20,999,1477,20,        1485P   2168
1477,1,1001,1477,20,1477,21,1003,1477,21,1477,22,1005,1477,22,      1485P   2169
1477,23,1007,1477,8,1477,23,1009,1477,24,1477,11,1011,1477,25,      1485P   2170
1477,24,1013,1477,25,1477,6,1015,1477,26,1477,27,1017,1477,27,      1485P   2171
1477,28,1019,1477,28,1477,29,1021,1477,29,1477,26,1023,1477,30,     1485P   2172
1477,31,1025,1477,31,1477,32,1027,1477,32,1477,33,1029,1477,33,     1485P   2173
1477,30,1031,1477,34,1477,12,1033,1477,24,1477,34,1035,1477,35,     1485P   2174
1477,36,1037,1477,23,1477,35,1039,1477,36,1477,22,1041,1477,37,     1485P   2175
1477,19,1043,1477,37,1477,21,1045,1477,14,1477,38,1047,1477,39,     1485P   2176
1477,13,1049,1477,39,1477,38,1051,1477,40,1477,41,1053,1477,42,     1485P   2177
1477,40,1055,1477,43,1477,42,1057,1477,41,1477,43,1059,1477,44,     1485P   2178
1477,32,1061,1477,45,1477,44,1063,1477,45,1477,33,1065,1477,46,     1485P   2179
1477,45,1067,1477,46,1477,30,1069,1477,47,1477,46,1071,1477,47,     1485P   2180
1477,31,1073,1477,44,1477,47,1075,1477,48,1477,28,1077,1477,49,     1485P   2181
1477,48,1079,1477,49,1477,29,1081,1477,50,1477,49,1083,1477,50,     1485P   2182
1477,26,1085,1477,51,1477,50,1087,1477,51,1477,27,1089,1477,48,     1485P   2183
1477,51,1091,1477,36,1477,52,1093,1477,53,1477,52,1095,1477,35,     1485P   2184
1477,53,1097,1477,38,1477,54,1099,1477,15,1477,54,1101,1477,55,     1485P   2185
1477,5,1103,1477,34,1477,55,1105,1477,43,1477,7,1107,1477,42,       1485P   2186
1477,39,1109,1477,56,1477,57,1111,1477,58,1477,56,1113,1477,59,     1485P   2187
1477,58,1115,1477,57,1477,59,1117,1477,60,1477,61,1119,1477,59,     1485P   2188
1477,60,1121,1477,58,1477,61,1123,1477,62,1477,60,1125,1477,63,     1485P   2189
1477,62,1127,1477,57,1477,63,1129,1477,64,1477,40,1131,1477,57,     1485P   2190
1477,64,1133,1477,52,1477,63,1135,1477,65,1477,37,1137,1477,66,     1485P   2191
1477,65,1139,1477,67,1477,66,1141,1477,54,1477,67,1143,1477,68,     1485P   2192
1477,41,1145,1477,68,1477,64,1147,1477,69,1477,68,1149,1477,69,     1485P   2193
1477,56,1151,1477,70,1477,69,1153,1477,70,1477,71,1155,1477,61,     1485P   2194
1477,71,1157,1477,53,1477,70,1159,1477,71,1477,62,1161,1477,18,     1485P   2195
1477,65,1163,1477,17,1477,66,1165,1477,16,1477,67,1167,1477,55,     1485P   2196
1477,25;                                                            1485P   2197
504,24,1169,1479,1,1479,2,1171,1479,1,1479,3,1173,1479,4,1479,3,    1487P   2198
1175,1479,2,1479,4,1177,1479,2,1479,5,1179,1479,6,1479,4,1181,      1487P   2199
1479,5,1479,6,1183,1479,5,1479,7,1185,1479,8,1479,6,1187,1479,7,    1487P   2200
1479,8,1189,1479,3,1479,8,1191,1479,9,1479,10,1193,1479,9,1479,     1487P   2201
11,1195,1479,7,1479,11,1197,1479,12,1479,1,1199,1479,10,1479,12,    1487P   2202
1201,1479,10,1479,13,1203,1479,14,1479,12,1205,1479,13,1479,14,     1487P   2203
1207,1479,13,1479,15,1209,1479,16,1479,14,1211,1479,15,1479,16,     1487P   2204
1213,1479,15,1479,9,1215,1479,11,1479,16;                           1487P   2205
504,12,1217,1481,1,1481,2,1219,1481,2,1481,3,1221,1481,4,1481,3,    1489P   2206
1223,1481,1,1481,4,1225,1481,5,1481,1,1227,1481,6,1481,4,1229,      1489P   2207
1481,5,1481,6,1231,1481,7,1481,5,1233,1481,8,1481,6,1235,1481,7,    1489P   2208
1481,8,1237,1481,2,1481,7,1239,1481,3,1481,8;                       1489P   2209
406,1,5HBody1;                                                      1491P   2210
406,1,18HCanal - base v22:1;                                        1493P   2211
406,1,25HCanal - middle plate v8:1;                                 1495P   2212
406,1,22HCanal - top plate v3:1;                                    1497P   2213
406,1,20HCanal - blocker v2:1;                                      1499P   2214
406,1,20HCanal - blocker v2:2;                                      1501P   2215
314,62.7450980392157,62.7450980392157,62.7450980392157,13HSteel     1503P   2216
- Satin;                                                            1503P   2217
S      1G      3D   1504P   2217                                        T      1
