                                                                        S      1
,,27HAssembly - Control Board v1,27HAssembly - Control Board v1,7HunknowG      1
n,7Hunknown,32,38,7,99,15,,1.,2,2HMM,1,0.08,15H20260523.224122,0.01,    G      2
10000.,7Hunknown,7Hunknown,11,0,15H20251221.204722;                     G      3
     124       1                                                00000000D      1
     124                       4       0                               0D      2
     124       5                                                00000000D      3
     124                       3       0                               0D      4
     124       8                                                00000000D      5
     124                       3       0                               0D      6
     408      11                                                00000001D      7
     408       0               1       0                               0D      8
     408      12                                       1        00000001D      9
     408       0               1       0                               0D     10
     408      13                                       3        00000001D     11
     408       0               1       0                               0D     12
     408      14                                       5        00000001D     13
     408       0               1       0                               0D     14
     308      15                                                00010200D     15
     308       0               1       0                               0D     16
     308      16                                                00010200D     17
     308       0               1       0                               0D     18
     308      17                                                00010200D     19
     308       0               1       0                               0D     20
     186      18                                                00010000D     21
     186           -1777       1       0                               0D     22
     186      19                                                00010000D     23
     186           -1777       1       0                               0D     24
     186      20                                                00010000D     25
     186           -1777       1       0                               0D     26
     186      21                                                00010000D     27
     186           -1777       1       0                               0D     28
     514      22                                                00010000D     29
     514                       8       1                               0D     30
     514      30                                                00010000D     31
     514                       5       1                               0D     32
     514      35                                                00010000D     33
     514                       2       1                               0D     34
     514      37                                                00010000D     35
     514                       2       1                               0D     36
     510      39                                                00010000D     37
     510           -1777       1       1                               0D     38
     510      40                                                00010000D     39
     510           -1777       1       1                               0D     40
     510      41                                                00010000D     41
     510           -1777       1       1                               0D     42
     510      42                                                00010000D     43
     510           -1777       1       1                               0D     44
     510      43                                                00010000D     45
     510           -1777       1       1                               0D     46
     510      44                                                00010000D     47
     510           -1777       1       1                               0D     48
     510      45                                                00010000D     49
     510           -1777       1       1                               0D     50
     510      46                                                00010000D     51
     510           -1777       1       1                               0D     52
     510      47                                                00010000D     53
     510           -1777       1       1                               0D     54
     510      48                                                00010000D     55
     510           -1777       1       1                               0D     56
     510      49                                                00010000D     57
     510           -1777       1       1                               0D     58
     510      50                                                00010000D     59
     510           -1777       1       1                               0D     60
     510      51                                                00010000D     61
     510           -1777       1       1                               0D     62
     510      52                                                00010000D     63
     510           -1777       1       1                               0D     64
     510      53                                                00010000D     65
     510           -1777       1       1                               0D     66
     510      54                                                00010000D     67
     510           -1777       1       1                               0D     68
     510      55                                                00010000D     69
     510           -1777       1       1                               0D     70
     510      56                                                00010000D     71
     510           -1777       1       1                               0D     72
     510      57                                                00010000D     73
     510           -1777       1       1                               0D     74
     510      58                                                00010000D     75
     510           -1777       1       1                               0D     76
     510      59                                                00010000D     77
     510           -1777       1       1                               0D     78
     510      60                                                00010000D     79
     510           -1777       1       1                               0D     80
     510      61                                                00010000D     81
     510           -1777       1       1                               0D     82
     510      62                                                00010000D     83
     510           -1777       1       1                               0D     84
     510      63                                                00010000D     85
     510           -1777       1       1                               0D     86
     510      64                                                00010000D     87
     510           -1777       1       1                               0D     88
     510      65                                                00010000D     89
     510           -1777       1       1                               0D     90
     510      66                                                00010000D     91
     510           -1777       1       1                               0D     92
     510      67                                                00010000D     93
     510           -1777       1       1                               0D     94
     510      68                                                00010000D     95
     510           -1777       1       1                               0D     96
     510      69                                                00010000D     97
     510           -1777       1       1                               0D     98
     510      70                                                00010000D     99
     510           -1777       1       1                               0D    100
     510      71                                                00010000D    101
     510           -1777       1       1                               0D    102
     510      72                                                00010000D    103
     510           -1777       1       1                               0D    104
     510      73                                                00010000D    105
     510           -1777       1       1                               0D    106
     510      74                                                00010000D    107
     510           -1777       1       1                               0D    108
     510      75                                                00010000D    109
     510           -1777       1       1                               0D    110
     510      76                                                00010000D    111
     510           -1777       1       1                               0D    112
     510      77                                                00010000D    113
     510           -1777       1       1                               0D    114
     510      78                                                00010000D    115
     510           -1777       1       1                               0D    116
     510      79                                                00010000D    117
     510           -1777       1       1                               0D    118
     510      80                                                00010000D    119
     510           -1777       1       1                               0D    120
     510      81                                                00010000D    121
     510           -1777       1       1                               0D    122
     510      82                                                00010000D    123
     510           -1777       1       1                               0D    124
     510      83                                                00010000D    125
     510           -1777       1       1                               0D    126
     510      84                                                00010000D    127
     510           -1777       1       1                               0D    128
     510      85                                                00010000D    129
     510           -1777       1       1                               0D    130
     510      86                                                00010000D    131
     510           -1777       1       1                               0D    132
     510      87                                                00010000D    133
     510           -1777       1       1                               0D    134
     510      88                                                00010000D    135
     510           -1777       1       1                               0D    136
     510      89                                                00010000D    137
     510           -1777       1       1                               0D    138
     510      90                                                00010000D    139
     510           -1777       1       1                               0D    140
     510      91                                                00010000D    141
     510           -1777       1       1                               0D    142
     510      92                                                00010000D    143
     510           -1777       1       1                               0D    144
     510      93                                                00010000D    145
     510           -1777       1       1                               0D    146
     510      94                                                00010000D    147
     510           -1777       1       1                               0D    148
     510      95                                                00010000D    149
     510           -1777       1       1                               0D    150
     510      96                                                00010000D    151
     510           -1777       1       1                               0D    152
     510      97                                                00010000D    153
     510           -1777       1       1                               0D    154
     510      98                                                00010000D    155
     510           -1777       1       1                               0D    156
     510      99                                                00010000D    157
     510           -1777       1       1                               0D    158
     510     100                                                00010000D    159
     510           -1777       1       1                               0D    160
     510     101                                                00010000D    161
     510           -1777       1       1                               0D    162
     510     102                                                00010000D    163
     510           -1777       1       1                               0D    164
     510     103                                                00010000D    165
     510           -1777       1       1                               0D    166
     510     104                                                00010000D    167
     510           -1777       1       1                               0D    168
     510     105                                                00010000D    169
     510           -1777       1       1                               0D    170
     510     106                                                00010000D    171
     510           -1777       1       1                               0D    172
     510     107                                                00010000D    173
     510           -1777       1       1                               0D    174
     510     108                                                00010000D    175
     510           -1777       1       1                               0D    176
     510     109                                                00010000D    177
     510           -1777       1       1                               0D    178
     510     110                                                00010000D    179
     510           -1777       1       1                               0D    180
     510     111                                                00010000D    181
     510           -1777       1       1                               0D    182
     510     112                                                00010000D    183
     510           -1777       1       1                               0D    184
     510     113                                                00010000D    185
     510           -1777       1       1                               0D    186
     510     114                                                00010000D    187
     510           -1777       1       1                               0D    188
     510     115                                                00010000D    189
     510           -1777       1       1                               0D    190
     510     116                                                00010000D    191
     510           -1777       1       1                               0D    192
     510     117                                                00010000D    193
     510           -1777       1       1                               0D    194
     510     118                                                00010000D    195
     510           -1777       1       1                               0D    196
     510     119                                                00010000D    197
     510           -1777       1       1                               0D    198
     510     120                                                00010000D    199
     510           -1777       1       1                               0D    200
     510     121                                                00010000D    201
     510           -1777       1       1                               0D    202
     510     122                                                00010000D    203
     510           -1777       1       1                               0D    204
     510     123                                                00010000D    205
     510           -1777       1       1                               0D    206
     510     124                                                00010000D    207
     510           -1777       1       1                               0D    208
     510     125                                                00010000D    209
     510           -1777       1       1                               0D    210
     510     126                                                00010000D    211
     510           -1777       1       1                               0D    212
     510     127                                                00010000D    213
     510           -1777       1       1                               0D    214
     510     128                                                00010000D    215
     510           -1777       1       1                               0D    216
     510     129                                                00010000D    217
     510           -1777       1       1                               0D    218
     510     130                                                00010000D    219
     510           -1777       1       1                               0D    220
     510     131                                                00010000D    221
     510           -1777       1       1                               0D    222
     510     132                                                00010000D    223
     510           -1777       1       1                               0D    224
     510     133                                                00010000D    225
     510           -1777       1       1                               0D    226
     510     134                                                00010000D    227
     510           -1777       1       1                               0D    228
     510     135                                                00010000D    229
     510           -1777       1       1                               0D    230
     510     136                                                00010000D    231
     510           -1777       1       1                               0D    232
     510     137                                                00010000D    233
     510           -1777       1       1                               0D    234
     510     138                                                00010000D    235
     510           -1777       1       1                               0D    236
     510     139                                                00010000D    237
     510           -1777       1       1                               0D    238
     510     140                                                00010000D    239
     510           -1777       1       1                               0D    240
     510     141                                                00010000D    241
     510           -1777       1       1                               0D    242
     510     142                                                00010000D    243
     510           -1777       1       1                               0D    244
     510     143                                                00010000D    245
     510           -1777       1       1                               0D    246
     510     144                                                00010000D    247
     510           -1777       1       1                               0D    248
     510     145                                                00010000D    249
     510           -1777       1       1                               0D    250
     510     146                                                00010000D    251
     510           -1777       1       1                               0D    252
     510     147                                                00010000D    253
     510           -1777       1       1                               0D    254
     510     148                                                00010000D    255
     510           -1777       1       1                               0D    256
     510     149                                                00010000D    257
     510           -1777       1       1                               0D    258
     510     150                                                00010000D    259
     510           -1777       1       1                               0D    260
     510     151                                                00010000D    261
     510           -1777       1       1                               0D    262
     510     152                                                00010000D    263
     510           -1777       1       1                               0D    264
     510     153                                                00010000D    265
     510           -1777       1       1                               0D    266
     510     154                                                00010000D    267
     510           -1777       1       1                               0D    268
     510     155                                                00010000D    269
     510           -1777       1       1                               0D    270
     510     156                                                00010000D    271
     510           -1777       1       1                               0D    272
     510     157                                                00010000D    273
     510           -1777       1       1                               0D    274
     510     158                                                00010000D    275
     510           -1777       1       1                               0D    276
     510     159                                                00010000D    277
     510           -1777       1       1                               0D    278
     510     160                                                00010000D    279
     510           -1777       1       1                               0D    280
     510     161                                                00010000D    281
     510           -1777       1       1                               0D    282
     510     162                                                00010000D    283
     510           -1777       1       1                               0D    284
     510     163                                                00010000D    285
     510           -1777       1       1                               0D    286
     510     164                                                00010000D    287
     510           -1777       1       1                               0D    288
     510     165                                                00010000D    289
     510           -1777       1       1                               0D    290
     510     166                                                00010000D    291
     510           -1777       1       1                               0D    292
     510     167                                                00010000D    293
     510           -1777       1       1                               0D    294
     510     168                                                00010000D    295
     510           -1777       1       1                               0D    296
     510     169                                                00010000D    297
     510           -1777       1       1                               0D    298
     510     170                                                00010000D    299
     510           -1777       1       1                               0D    300
     510     171                                                00010000D    301
     510           -1777       1       1                               0D    302
     510     172                                                00010000D    303
     510           -1777       1       1                               0D    304
     510     173                                                00010000D    305
     510           -1777       1       1                               0D    306
     510     174                                                00010000D    307
     510           -1777       1       1                               0D    308
     510     175                                                00010000D    309
     510           -1777       1       1                               0D    310
     510     176                                                00010000D    311
     510           -1777       1       1                               0D    312
     510     177                                                00010000D    313
     510           -1777       1       1                               0D    314
     510     178                                                00010000D    315
     510           -1777       1       1                               0D    316
     510     179                                                00010000D    317
     510           -1777       1       1                               0D    318
     510     180                                                00010000D    319
     510           -1777       1       1                               0D    320
     510     181                                                00010000D    321
     510           -1777       1       1                               0D    322
     510     182                                                00010000D    323
     510           -1777       1       1                               0D    324
     510     183                                                00010000D    325
     510           -1777       1       1                               0D    326
     510     184                                                00010000D    327
     510           -1777       1       1                               0D    328
     510     185                                                00010000D    329
     510           -1777       1       1                               0D    330
     510     186                                                00010000D    331
     510           -1777       1       1                               0D    332
     510     187                                                00010000D    333
     510           -1777       1       1                               0D    334
     508     188                                                00010000D    335
     508                       1       1                               0D    336
     508     189                                                00010000D    337
     508                       1       1                               0D    338
     508     190                                                00010000D    339
     508                       1       1                               0D    340
     508     191                                                00010000D    341
     508                       1       1                               0D    342
     508     192                                                00010000D    343
     508                       1       1                               0D    344
     508     193                                                00010000D    345
     508                       1       1                               0D    346
     508     194                                                00010000D    347
     508                       1       1                               0D    348
     508     195                                                00010000D    349
     508                       2       1                               0D    350
     508     197                                                00010000D    351
     508                       2       1                               0D    352
     508     199                                                00010000D    353
     508                       1       1                               0D    354
     508     200                                                00010000D    355
     508                       1       1                               0D    356
     508     201                                                00010000D    357
     508                       1       1                               0D    358
     508     202                                                00010000D    359
     508                       1       1                               0D    360
     508     203                                                00010000D    361
     508                       1       1                               0D    362
     508     204                                                00010000D    363
     508                       1       1                               0D    364
     508     205                                                00010000D    365
     508                       1       1                               0D    366
     508     206                                                00010000D    367
     508                       2       1                               0D    368
     508     208                                                00010000D    369
     508                       2       1                               0D    370
     508     210                                                00010000D    371
     508                       1       1                               0D    372
     508     211                                                00010000D    373
     508                       1       1                               0D    374
     508     212                                                00010000D    375
     508                       1       1                               0D    376
     508     213                                                00010000D    377
     508                       1       1                               0D    378
     508     214                                                00010000D    379
     508                       1       1                               0D    380
     508     215                                                00010000D    381
     508                       1       1                               0D    382
     508     216                                                00010000D    383
     508                       1       1                               0D    384
     508     217                                                00010000D    385
     508                       2       1                               0D    386
     508     219                                                00010000D    387
     508                       2       1                               0D    388
     508     221                                                00010000D    389
     508                       1       1                               0D    390
     508     222                                                00010000D    391
     508                       1       1                               0D    392
     508     223                                                00010000D    393
     508                       1       1                               0D    394
     508     224                                                00010000D    395
     508                       1       1                               0D    396
     508     225                                                00010000D    397
     508                       1       1                               0D    398
     508     226                                                00010000D    399
     508                       1       1                               0D    400
     508     227                                                00010000D    401
     508                       1       1                               0D    402
     508     228                                                00010000D    403
     508                       2       1                               0D    404
     508     230                                                00010000D    405
     508                       2       1                               0D    406
     508     232                                                00010000D    407
     508                       1       1                               0D    408
     508     233                                                00010000D    409
     508                       2       1                               0D    410
     508     235                                                00010000D    411
     508                       2       1                               0D    412
     508     237                                                00010000D    413
     508                       2       1                               0D    414
     508     239                                                00010000D    415
     508                       2       1                               0D    416
     508     241                                                00010000D    417
     508                       2       1                               0D    418
     508     243                                                00010000D    419
     508                       2       1                               0D    420
     508     245                                                00010000D    421
     508                       2       1                               0D    422
     508     247                                                00010000D    423
     508                       2       1                               0D    424
     508     249                                                00010000D    425
     508                       2       1                               0D    426
     508     251                                                00010000D    427
     508                       2       1                               0D    428
     508     253                                                00010000D    429
     508                       2       1                               0D    430
     508     255                                                00010000D    431
     508                       2       1                               0D    432
     508     257                                                00010000D    433
     508                       2       1                               0D    434
     508     259                                                00010000D    435
     508                       2       1                               0D    436
     508     261                                                00010000D    437
     508                       2       1                               0D    438
     508     263                                                00010000D    439
     508                       2       1                               0D    440
     508     265                                                00010000D    441
     508                       2       1                               0D    442
     508     267                                                00010000D    443
     508                       2       1                               0D    444
     508     269                                                00010000D    445
     508                       2       1                               0D    446
     508     271                                                00010000D    447
     508                       2       1                               0D    448
     508     273                                                00010000D    449
     508                       2       1                               0D    450
     508     275                                                00010000D    451
     508                       2       1                               0D    452
     508     277                                                00010000D    453
     508                       2       1                               0D    454
     508     279                                                00010000D    455
     508                       2       1                               0D    456
     508     281                                                00010000D    457
     508                       2       1                               0D    458
     508     283                                                00010000D    459
     508                       2       1                               0D    460
     508     285                                                00010000D    461
     508                       2       1                               0D    462
     508     287                                                00010000D    463
     508                       2       1                               0D    464
     508     289                                                00010000D    465
     508                       2       1                               0D    466
     508     291                                                00010000D    467
     508                       2       1                               0D    468
     508     293                                                00010000D    469
     508                       2       1                               0D    470
     508     295                                                00010000D    471
     508                       2       1                               0D    472
     508     297                                                00010000D    473
     508                       2       1                               0D    474
     508     299                                                00010000D    475
     508                       2       1                               0D    476
     508     301                                                00010000D    477
     508                       2       1                               0D    478
     508     303                                                00010000D    479
     508                       2       1                               0D    480
     508     305                                                00010000D    481
     508                       1       1                               0D    482
     508     306                                                00010000D    483
     508                       1       1                               0D    484
     508     307                                                00010000D    485
     508                       1       1                               0D    486
     508     308                                                00010000D    487
     508                       1       1                               0D    488
     508     309                                                00010000D    489
     508                       2       1                               0D    490
     508     311                                                00010000D    491
     508                       2       1                               0D    492
     508     313                                                00010000D    493
     508                       2       1                               0D    494
     508     315                                                00010000D    495
     508                       2       1                               0D    496
     508     317                                                00010000D    497
     508                       2       1                               0D    498
     508     319                                                00010000D    499
     508                       2       1                               0D    500
     508     321                                                00010000D    501
     508                       2       1                               0D    502
     508     323                                                00010000D    503
     508                       2       1                               0D    504
     508     325                                                00010000D    505
     508                       2       1                               0D    506
     508     327                                                00010000D    507
     508                       1       1                               0D    508
     508     328                                                00010000D    509
     508                       1       1                               0D    510
     508     329                                                00010000D    511
     508                       1       1                               0D    512
     508     330                                                00010000D    513
     508                       1       1                               0D    514
     508     331                                                00010000D    515
     508                       1       1                               0D    516
     508     332                                                00010000D    517
     508                       1       1                               0D    518
     508     333                                                00010000D    519
     508                       1       1                               0D    520
     508     334                                                00010000D    521
     508                       1       1                               0D    522
     508     335                                                00010000D    523
     508                       1       1                               0D    524
     508     336                                                00010000D    525
     508                       3       1                               0D    526
     508     339                                                00010000D    527
     508                       1       1                               0D    528
     508     340                                                00010000D    529
     508                       1       1                               0D    530
     508     341                                                00010000D    531
     508                       1       1                               0D    532
     508     342                                                00010000D    533
     508                       1       1                               0D    534
     508     343                                                00010000D    535
     508                       2       1                               0D    536
     508     345                                                00010000D    537
     508                       2       1                               0D    538
     508     347                                                00010000D    539
     508                       1       1                               0D    540
     508     348                                                00010000D    541
     508                       1       1                               0D    542
     508     349                                                00010000D    543
     508                       1       1                               0D    544
     508     350                                                00010000D    545
     508                       1       1                               0D    546
     508     351                                                00010000D    547
     508                       1       1                               0D    548
     508     352                                                00010000D    549
     508                       1       1                               0D    550
     508     353                                                00010000D    551
     508                       1       1                               0D    552
     508     354                                                00010000D    553
     508                       1       1                               0D    554
     508     355                                                00010000D    555
     508                       1       1                               0D    556
     508     356                                                00010000D    557
     508                       1       1                               0D    558
     508     357                                                00010000D    559
     508                       1       1                               0D    560
     508     358                                                00010000D    561
     508                       1       1                               0D    562
     508     359                                                00010000D    563
     508                       1       1                               0D    564
     508     360                                                00010000D    565
     508                       1       1                               0D    566
     508     361                                                00010000D    567
     508                       1       1                               0D    568
     508     362                                                00010000D    569
     508                       1       1                               0D    570
     508     363                                                00010000D    571
     508                       1       1                               0D    572
     508     364                                                00010000D    573
     508                       1       1                               0D    574
     508     365                                                00010000D    575
     508                       1       1                               0D    576
     508     366                                                00010000D    577
     508                       1       1                               0D    578
     508     367                                                00010000D    579
     508                       2       1                               0D    580
     508     369                                                00010000D    581
     508                       2       1                               0D    582
     508     371                                                00010000D    583
     508                       1       1                               0D    584
     508     372                                                00010000D    585
     508                       1       1                               0D    586
     508     373                                                00010000D    587
     508                       1       1                               0D    588
     508     374                                                00010000D    589
     508                       2       1                               0D    590
     508     376                                                00010000D    591
     508                       1       1                               0D    592
     508     377                                                00010000D    593
     508                       2       1                               0D    594
     508     379                                                00010000D    595
     508                       1       1                               0D    596
     508     380                                                00010000D    597
     508                       1       1                               0D    598
     508     381                                                00010000D    599
     508                       1       1                               0D    600
     508     382                                                00010000D    601
     508                       1       1                               0D    602
     508     383                                                00010000D    603
     508                       2       1                               0D    604
     508     385                                                00010000D    605
     508                       1       1                               0D    606
     508     386                                                00010000D    607
     508                       1       1                               0D    608
     508     387                                                00010000D    609
     508                       1       1                               0D    610
     508     388                                                00010000D    611
     508                       2       1                               0D    612
     508     390                                                00010000D    613
     508                       1       1                               0D    614
     508     391                                                00010000D    615
     508                       1       1                               0D    616
     508     392                                                00010000D    617
     508                       1       1                               0D    618
     508     393                                                00010000D    619
     508                       1       1                               0D    620
     508     394                                                00010000D    621
     508                       1       1                               0D    622
     508     395                                                00010000D    623
     508                       1       1                               0D    624
     508     396                                                00010000D    625
     508                       1       1                               0D    626
     508     397                                                00010000D    627
     508                       1       1                               0D    628
     508     398                                                00010000D    629
     508                       1       1                               0D    630
     508     399                                                00010000D    631
     508                       1       1                               0D    632
     508     400                                                00010000D    633
     508                       1       1                               0D    634
     508     401                                                00010000D    635
     508                       1       1                               0D    636
     508     402                                                00010000D    637
     508                       1       1                               0D    638
     508     403                                                00010000D    639
     508                       1       1                               0D    640
     508     404                                                00010000D    641
     508                       1       1                               0D    642
     508     405                                                00010000D    643
     508                       1       1                               0D    644
     508     406                                                00010000D    645
     508                       1       1                               0D    646
     508     407                                                00010000D    647
     508                       4       1                               0D    648
     508     411                                                00010000D    649
     508                       4       1                               0D    650
     508     415                                                00010000D    651
     508                       1       1                               0D    652
     508     416                                                00010000D    653
     508                       1       1                               0D    654
     508     417                                                00010000D    655
     508                       1       1                               0D    656
     508     418                                                00010000D    657
     508                       1       1                               0D    658
     508     419                                                00010000D    659
     508                       1       1                               0D    660
     508     420                                                00010000D    661
     508                       1       1                               0D    662
     508     421                                                00010000D    663
     508                       2       1                               0D    664
     508     423                                                00010000D    665
     508                       1       1                               0D    666
     508     424                                                00010000D    667
     508                       2       1                               0D    668
     508     426                                                00010000D    669
     508                       1       1                               0D    670
     126     427                                                00010000D    671
     126       0               3       0                               0D    672
     126     430                                                00010000D    673
     126       0               3       0                               0D    674
     126     433                                                00010000D    675
     126       0               3       0                               0D    676
     126     436                                                00010000D    677
     126       0               3       0                               0D    678
     126     439                                                00010000D    679
     126       0               3       0                               0D    680
     126     442                                                00010000D    681
     126       0               3       0                               0D    682
     126     445                                                00010000D    683
     126       0               3       0                               0D    684
     126     448                                                00010000D    685
     126       0               4       0                               0D    686
     126     452                                                00010000D    687
     126       0               4       0                               0D    688
     126     456                                                00010000D    689
     126       0               3       0                               0D    690
     126     459                                                00010000D    691
     126       0               5       0                               0D    692
     126     464                                                00010000D    693
     126       0               5       0                               0D    694
     126     469                                                00010000D    695
     126       0               3       0                               0D    696
     126     472                                                00010000D    697
     126       0               3       0                               0D    698
     126     475                                                00010000D    699
     126       0               3       0                               0D    700
     126     478                                                00010000D    701
     126       0               3       0                               0D    702
     126     481                                                00010000D    703
     126       0               5       0                               0D    704
     126     486                                                00010000D    705
     126       0               5       0                               0D    706
     126     491                                                00010000D    707
     126       0               3       0                               0D    708
     126     494                                                00010000D    709
     126       0               3       0                               0D    710
     126     497                                                00010000D    711
     126       0               3       0                               0D    712
     126     500                                                00010000D    713
     126       0               3       0                               0D    714
     126     503                                                00010000D    715
     126       0               3       0                               0D    716
     126     506                                                00010000D    717
     126       0               3       0                               0D    718
     126     509                                                00010000D    719
     126       0               3       0                               0D    720
     126     512                                                00010000D    721
     126       0               3       0                               0D    722
     126     515                                                00010000D    723
     126       0               3       0                               0D    724
     126     518                                                00010000D    725
     126       0               3       0                               0D    726
     126     521                                                00010000D    727
     126       0               3       0                               0D    728
     126     524                                                00010000D    729
     126       0               3       0                               0D    730
     126     527                                                00010000D    731
     126       0               3       0                               0D    732
     126     530                                                00010000D    733
     126       0               4       0                               0D    734
     126     534                                                00010000D    735
     126       0               3       0                               0D    736
     126     537                                                00010000D    737
     126       0               4       0                               0D    738
     126     541                                                00010000D    739
     126       0               3       0                               0D    740
     126     544                                                00010000D    741
     126       0               5       0                               0D    742
     126     549                                                00010000D    743
     126       0               5       0                               0D    744
     126     554                                                00010000D    745
     126       0               3       0                               0D    746
     126     557                                                00010000D    747
     126       0               3       0                               0D    748
     126     560                                                00010000D    749
     126       0               3       0                               0D    750
     126     563                                                00010000D    751
     126       0               3       0                               0D    752
     126     566                                                00010000D    753
     126       0               5       0                               0D    754
     126     571                                                00010000D    755
     126       0               5       0                               0D    756
     126     576                                                00010000D    757
     126       0               3       0                               0D    758
     126     579                                                00010000D    759
     126       0               4       0                               0D    760
     126     583                                                00010000D    761
     126       0               5       0                               0D    762
     126     588                                                00010000D    763
     126       0               3       0                               0D    764
     126     591                                                00010000D    765
     126       0               3       0                               0D    766
     126     594                                                00010000D    767
     126       0               3       0                               0D    768
     126     597                                                00010000D    769
     126       0               3       0                               0D    770
     126     600                                                00010000D    771
     126       0               3       0                               0D    772
     126     603                                                00010000D    773
     126       0               3       0                               0D    774
     126     606                                                00010000D    775
     126       0               3       0                               0D    776
     126     609                                                00010000D    777
     126       0               3       0                               0D    778
     126     612                                                00010000D    779
     126       0               3       0                               0D    780
     126     615                                                00010000D    781
     126       0               4       0                               0D    782
     126     619                                                00010000D    783
     126       0               3       0                               0D    784
     126     622                                                00010000D    785
     126       0               4       0                               0D    786
     126     626                                                00010000D    787
     126       0               5       0                               0D    788
     126     631                                                00010000D    789
     126       0               3       0                               0D    790
     126     634                                                00010000D    791
     126       0               5       0                               0D    792
     126     639                                                00010000D    793
     126       0               3       0                               0D    794
     126     642                                                00010000D    795
     126       0               3       0                               0D    796
     126     645                                                00010000D    797
     126       0               3       0                               0D    798
     126     648                                                00010000D    799
     126       0               5       0                               0D    800
     126     653                                                00010000D    801
     126       0               3       0                               0D    802
     126     656                                                00010000D    803
     126       0               5       0                               0D    804
     126     661                                                00010000D    805
     126       0               3       0                               0D    806
     126     664                                                00010000D    807
     126       0               3       0                               0D    808
     126     667                                                00010000D    809
     126       0               3       0                               0D    810
     126     670                                                00010000D    811
     126       0               3       0                               0D    812
     126     673                                                00010000D    813
     126       0               3       0                               0D    814
     126     676                                                00010000D    815
     126       0               3       0                               0D    816
     126     679                                                00010000D    817
     126       0               3       0                               0D    818
     126     682                                                00010000D    819
     126       0               3       0                               0D    820
     126     685                                                00010000D    821
     126       0               3       0                               0D    822
     126     688                                                00010000D    823
     126       0               3       0                               0D    824
     126     691                                                00010000D    825
     126       0               3       0                               0D    826
     126     694                                                00010000D    827
     126       0               3       0                               0D    828
     126     697                                                00010000D    829
     126       0               4       0                               0D    830
     126     701                                                00010000D    831
     126       0               3       0                               0D    832
     126     704                                                00010000D    833
     126       0               4       0                               0D    834
     126     708                                                00010000D    835
     126       0               3       0                               0D    836
     126     711                                                00010000D    837
     126       0               5       0                               0D    838
     126     716                                                00010000D    839
     126       0               3       0                               0D    840
     126     719                                                00010000D    841
     126       0               5       0                               0D    842
     126     724                                                00010000D    843
     126       0               3       0                               0D    844
     126     727                                                00010000D    845
     126       0               3       0                               0D    846
     126     730                                                00010000D    847
     126       0               3       0                               0D    848
     126     733                                                00010000D    849
     126       0               5       0                               0D    850
     126     738                                                00010000D    851
     126       0               3       0                               0D    852
     126     741                                                00010000D    853
     126       0               5       0                               0D    854
     126     746                                                00010000D    855
     126       0               4       0                               0D    856
     126     750                                                00010000D    857
     126       0               4       0                               0D    858
     126     754                                                00010000D    859
     126       0               3       0                               0D    860
     126     757                                                00010000D    861
     126       0               3       0                               0D    862
     126     760                                                00010000D    863
     126       0               3       0                               0D    864
     126     763                                                00010000D    865
     126       0               3       0                               0D    866
     126     766                                                00010000D    867
     126       0               3       0                               0D    868
     126     769                                                00010000D    869
     126       0               3       0                               0D    870
     126     772                                                00010000D    871
     126       0               3       0                               0D    872
     126     775                                                00010000D    873
     126       0               3       0                               0D    874
     126     778                                                00010000D    875
     126       0               3       0                               0D    876
     126     781                                                00010000D    877
     126       0               4       0                               0D    878
     126     785                                                00010000D    879
     126       0               3       0                               0D    880
     126     788                                                00010000D    881
     126       0               4       0                               0D    882
     126     792                                                00010000D    883
     126       0               5       0                               0D    884
     126     797                                                00010000D    885
     126       0               3       0                               0D    886
     126     800                                                00010000D    887
     126       0               5       0                               0D    888
     126     805                                                00010000D    889
     126       0               3       0                               0D    890
     126     808                                                00010000D    891
     126       0               3       0                               0D    892
     126     811                                                00010000D    893
     126       0               3       0                               0D    894
     126     814                                                00010000D    895
     126       0               5       0                               0D    896
     126     819                                                00010000D    897
     126       0               3       0                               0D    898
     126     822                                                00010000D    899
     126       0               5       0                               0D    900
     126     827                                                00010000D    901
     126       0               3       0                               0D    902
     126     830                                                00010000D    903
     126       0               3       0                               0D    904
     126     833                                                00010000D    905
     126       0               3       0                               0D    906
     126     836                                                00010000D    907
     126       0               3       0                               0D    908
     126     839                                                00010000D    909
     126       0               3       0                               0D    910
     126     842                                                00010000D    911
     126       0               3       0                               0D    912
     126     845                                                00010000D    913
     126       0               3       0                               0D    914
     126     848                                                00010000D    915
     126       0               3       0                               0D    916
     126     851                                                00010000D    917
     126       0               3       0                               0D    918
     126     854                                                00010000D    919
     126       0               3       0                               0D    920
     126     857                                                00010000D    921
     126       0               3       0                               0D    922
     126     860                                                00010000D    923
     126       0               3       0                               0D    924
     126     863                                                00010000D    925
     126       0               4       0                               0D    926
     126     867                                                00010000D    927
     126       0               3       0                               0D    928
     126     870                                                00010000D    929
     126       0               4       0                               0D    930
     126     874                                                00010000D    931
     126       0               3       0                               0D    932
     126     877                                                00010000D    933
     126       0               5       0                               0D    934
     126     882                                                00010000D    935
     126       0               3       0                               0D    936
     126     885                                                00010000D    937
     126       0               5       0                               0D    938
     126     890                                                00010000D    939
     126       0               3       0                               0D    940
     126     893                                                00010000D    941
     126       0               3       0                               0D    942
     126     896                                                00010000D    943
     126       0               3       0                               0D    944
     126     899                                                00010000D    945
     126       0               5       0                               0D    946
     126     904                                                00010000D    947
     126       0               3       0                               0D    948
     126     907                                                00010000D    949
     126       0               5       0                               0D    950
     126     912                                                00010000D    951
     126       0               4       0                               0D    952
     126     916                                                00010000D    953
     126       0               5       0                               0D    954
     126     921                                                00010000D    955
     126       0               3       0                               0D    956
     126     924                                                00010000D    957
     126       0               3       0                               0D    958
     126     927                                                00010000D    959
     126       0               3       0                               0D    960
     126     930                                                00010000D    961
     126       0               3       0                               0D    962
     126     933                                                00010000D    963
     126       0               3       0                               0D    964
     126     936                                                00010000D    965
     126       0               3       0                               0D    966
     126     939                                                00010000D    967
     126       0               3       0                               0D    968
     126     942                                                00010000D    969
     126       0               3       0                               0D    970
     126     945                                                00010000D    971
     126       0               3       0                               0D    972
     126     948                                                00010000D    973
     126       0               4       0                               0D    974
     126     952                                                00010000D    975
     126       0               4       0                               0D    976
     126     956                                                00010000D    977
     126       0               3       0                               0D    978
     126     959                                                00010000D    979
     126       0               5       0                               0D    980
     126     964                                                00010000D    981
     126       0               5       0                               0D    982
     126     969                                                00010000D    983
     126       0               3       0                               0D    984
     126     972                                                00010000D    985
     126       0               3       0                               0D    986
     126     975                                                00010000D    987
     126       0               3       0                               0D    988
     126     978                                                00010000D    989
     126       0               3       0                               0D    990
     126     981                                                00010000D    991
     126       0               5       0                               0D    992
     126     986                                                00010000D    993
     126       0               5       0                               0D    994
     126     991                                                00010000D    995
     126       0               3       0                               0D    996
     126     994                                                00010000D    997
     126       0               3       0                               0D    998
     126     997                                                00010000D    999
     126       0               3       0                               0D   1000
     126    1000                                                00010000D   1001
     126       0               3       0                               0D   1002
     126    1003                                                00010000D   1003
     126       0               3       0                               0D   1004
     126    1006                                                00010000D   1005
     126       0               3       0                               0D   1006
     126    1009                                                00010000D   1007
     126       0               3       0                               0D   1008
     126    1012                                                00010000D   1009
     126       0               3       0                               0D   1010
     126    1015                                                00010000D   1011
     126       0               3       0                               0D   1012
     126    1018                                                00010000D   1013
     126       0               3       0                               0D   1014
     126    1021                                                00010000D   1015
     126       0               3       0                               0D   1016
     126    1024                                                00010000D   1017
     126       0               3       0                               0D   1018
     126    1027                                                00010000D   1019
     126       0               3       0                               0D   1020
     126    1030                                                00010000D   1021
     126       0               4       0                               0D   1022
     126    1034                                                00010000D   1023
     126       0               3       0                               0D   1024
     126    1037                                                00010000D   1025
     126       0               4       0                               0D   1026
     126    1041                                                00010000D   1027
     126       0               3       0                               0D   1028
     126    1044                                                00010000D   1029
     126       0               5       0                               0D   1030
     126    1049                                                00010000D   1031
     126       0               5       0                               0D   1032
     126    1054                                                00010000D   1033
     126       0               3       0                               0D   1034
     126    1057                                                00010000D   1035
     126       0               3       0                               0D   1036
     126    1060                                                00010000D   1037
     126       0               3       0                               0D   1038
     126    1063                                                00010000D   1039
     126       0               3       0                               0D   1040
     126    1066                                                00010000D   1041
     126       0               5       0                               0D   1042
     126    1071                                                00010000D   1043
     126       0               5       0                               0D   1044
     126    1076                                                00010000D   1045
     126       0               3       0                               0D   1046
     126    1079                                                00010000D   1047
     126       0               4       0                               0D   1048
     126    1083                                                00010000D   1049
     126       0               4       0                               0D   1050
     126    1087                                                00010000D   1051
     126       0               3       0                               0D   1052
     126    1090                                                00010000D   1053
     126       0               3       0                               0D   1054
     126    1093                                                00010000D   1055
     126       0               3       0                               0D   1056
     126    1096                                                00010000D   1057
     126       0               3       0                               0D   1058
     126    1099                                                00010000D   1059
     126       0               3       0                               0D   1060
     126    1102                                                00010000D   1061
     126       0               3       0                               0D   1062
     126    1105                                                00010000D   1063
     126       0               3       0                               0D   1064
     126    1108                                                00010000D   1065
     126       0               3       0                               0D   1066
     126    1111                                                00010000D   1067
     126       0               3       0                               0D   1068
     126    1114                                                00010000D   1069
     126       0               3       0                               0D   1070
     126    1117                                                00010000D   1071
     126       0               3       0                               0D   1072
     126    1120                                                00010000D   1073
     126       0               3       0                               0D   1074
     126    1123                                                00010000D   1075
     126       0               3       0                               0D   1076
     126    1126                                                00010000D   1077
     126       0               3       0                               0D   1078
     126    1129                                                00010000D   1079
     126       0               3       0                               0D   1080
     126    1132                                                00010000D   1081
     126       0               3       0                               0D   1082
     126    1135                                                00010000D   1083
     126       0               3       0                               0D   1084
     126    1138                                                00010000D   1085
     126       0               3       0                               0D   1086
     126    1141                                                00010000D   1087
     126       0               3       0                               0D   1088
     126    1144                                                00010000D   1089
     126       0               4       0                               0D   1090
     126    1148                                                00010000D   1091
     126       0               3       0                               0D   1092
     126    1151                                                00010000D   1093
     126       0               4       0                               0D   1094
     126    1155                                                00010000D   1095
     126       0               3       0                               0D   1096
     126    1158                                                00010000D   1097
     126       0               3       0                               0D   1098
     126    1161                                                00010000D   1099
     126       0               3       0                               0D   1100
     126    1164                                                00010000D   1101
     126       0               3       0                               0D   1102
     126    1167                                                00010000D   1103
     126       0               4       0                               0D   1104
     126    1171                                                00010000D   1105
     126       0               4       0                               0D   1106
     126    1175                                                00010000D   1107
     126       0               3       0                               0D   1108
     126    1178                                                00010000D   1109
     126       0               3       0                               0D   1110
     126    1181                                                00010000D   1111
     126       0               3       0                               0D   1112
     126    1184                                                00010000D   1113
     126       0               3       0                               0D   1114
     126    1187                                                00010000D   1115
     126       0               3       0                               0D   1116
     126    1190                                                00010000D   1117
     126       0               3       0                               0D   1118
     126    1193                                                00010000D   1119
     126       0               3       0                               0D   1120
     126    1196                                                00010000D   1121
     126       0               4       0                               0D   1122
     126    1200                                                00010000D   1123
     126       0               3       0                               0D   1124
     126    1203                                                00010000D   1125
     126       0               3       0                               0D   1126
     126    1206                                                00010000D   1127
     126       0               3       0                               0D   1128
     126    1209                                                00010000D   1129
     126       0               3       0                               0D   1130
     126    1212                                                00010000D   1131
     126       0               3       0                               0D   1132
     126    1215                                                00010000D   1133
     126       0               3       0                               0D   1134
     126    1218                                                00010000D   1135
     126       0               3       0                               0D   1136
     126    1221                                                00010000D   1137
     126       0               3       0                               0D   1138
     126    1224                                                00010000D   1139
     126       0               3       0                               0D   1140
     126    1227                                                00010000D   1141
     126       0               3       0                               0D   1142
     126    1230                                                00010000D   1143
     126       0               3       0                               0D   1144
     126    1233                                                00010000D   1145
     126       0               3       0                               0D   1146
     126    1236                                                00010000D   1147
     126       0               3       0                               0D   1148
     126    1239                                                00010000D   1149
     126       0               4       0                               0D   1150
     126    1243                                                00010000D   1151
     126       0               3       0                               0D   1152
     126    1246                                                00010000D   1153
     126       0               3       0                               0D   1154
     126    1249                                                00010000D   1155
     126       0               3       0                               0D   1156
     126    1252                                                00010000D   1157
     126       0               4       0                               0D   1158
     126    1256                                                00010000D   1159
     126       0               3       0                               0D   1160
     126    1259                                                00010000D   1161
     126       0               3       0                               0D   1162
     126    1262                                                00010000D   1163
     126       0               3       0                               0D   1164
     126    1265                                                00010000D   1165
     126       0               3       0                               0D   1166
     126    1268                                                00010000D   1167
     126       0               3       0                               0D   1168
     126    1271                                                00010000D   1169
     126       0               4       0                               0D   1170
     126    1275                                                00010000D   1171
     126       0               3       0                               0D   1172
     126    1278                                                00010000D   1173
     126       0               3       0                               0D   1174
     126    1281                                                00010000D   1175
     126       0               3       0                               0D   1176
     126    1284                                                00010000D   1177
     126       0               3       0                               0D   1178
     126    1287                                                00010000D   1179
     126       0               3       0                               0D   1180
     126    1290                                                00010000D   1181
     126       0               3       0                               0D   1182
     126    1293                                                00010000D   1183
     126       0               3       0                               0D   1184
     126    1296                                                00010000D   1185
     126       0               3       0                               0D   1186
     126    1299                                                00010000D   1187
     126       0               3       0                               0D   1188
     126    1302                                                00010000D   1189
     126       0               3       0                               0D   1190
     126    1305                                                00010000D   1191
     126       0               3       0                               0D   1192
     126    1308                                                00010000D   1193
     126       0               3       0                               0D   1194
     126    1311                                                00010000D   1195
     126       0               3       0                               0D   1196
     126    1314                                                00010000D   1197
     126       0               3       0                               0D   1198
     126    1317                                                00010000D   1199
     126       0               3       0                               0D   1200
     126    1320                                                00010000D   1201
     126       0               3       0                               0D   1202
     126    1323                                                00010000D   1203
     126       0               3       0                               0D   1204
     126    1326                                                00010000D   1205
     126       0               3       0                               0D   1206
     126    1329                                                00010000D   1207
     126       0               3       0                               0D   1208
     126    1332                                                00010000D   1209
     126       0               3       0                               0D   1210
     126    1335                                                00010000D   1211
     126       0               3       0                               0D   1212
     126    1338                                                00010000D   1213
     126       0               3       0                               0D   1214
     126    1341                                                00010000D   1215
     126       0               3       0                               0D   1216
     126    1344                                                00010000D   1217
     126       0               3       0                               0D   1218
     126    1347                                                00010000D   1219
     126       0               3       0                               0D   1220
     126    1350                                                00010000D   1221
     126       0               3       0                               0D   1222
     126    1353                                                00010000D   1223
     126       0               3       0                               0D   1224
     126    1356                                                00010000D   1225
     126       0               3       0                               0D   1226
     126    1359                                                00010000D   1227
     126       0               3       0                               0D   1228
     126    1362                                                00010000D   1229
     126       0               3       0                               0D   1230
     126    1365                                                00010000D   1231
     126       0               3       0                               0D   1232
     126    1368                                                00010000D   1233
     126       0               3       0                               0D   1234
     126    1371                                                00010000D   1235
     126       0               3       0                               0D   1236
     126    1374                                                00010000D   1237
     126       0               3       0                               0D   1238
     126    1377                                                00010000D   1239
     126       0               3       0                               0D   1240
     126    1380                                                00010000D   1241
     126       0               3       0                               0D   1242
     126    1383                                                00010000D   1243
     126       0               3       0                               0D   1244
     126    1386                                                00010000D   1245
     126       0               3       0                               0D   1246
     126    1389                                                00010000D   1247
     126       0               3       0                               0D   1248
     126    1392                                                00010000D   1249
     126       0               3       0                               0D   1250
     126    1395                                                00010000D   1251
     126       0               3       0                               0D   1252
     126    1398                                                00010000D   1253
     126       0               3       0                               0D   1254
     126    1401                                                00010000D   1255
     126       0               3       0                               0D   1256
     126    1404                                                00010000D   1257
     126       0               3       0                               0D   1258
     126    1407                                                00010000D   1259
     126       0               3       0                               0D   1260
     126    1410                                                00010000D   1261
     126       0               3       0                               0D   1262
     126    1413                                                00010000D   1263
     126       0               3       0                               0D   1264
     126    1416                                                00010000D   1265
     126       0               3       0                               0D   1266
     126    1419                                                00010000D   1267
     126       0               3       0                               0D   1268
     126    1422                                                00010000D   1269
     126       0               3       0                               0D   1270
     126    1425                                                00010000D   1271
     126       0               3       0                               0D   1272
     126    1428                                                00010000D   1273
     126       0               3       0                               0D   1274
     126    1431                                                00010000D   1275
     126       0               3       0                               0D   1276
     126    1434                                                00010000D   1277
     126       0               3       0                               0D   1278
     126    1437                                                00010000D   1279
     126       0               3       0                               0D   1280
     126    1440                                                00010000D   1281
     126       0               3       0                               0D   1282
     126    1443                                                00010000D   1283
     126       0               3       0                               0D   1284
     126    1446                                                00010000D   1285
     126       0               3       0                               0D   1286
     126    1449                                                00010000D   1287
     126       0               3       0                               0D   1288
     126    1452                                                00010000D   1289
     126       0               3       0                               0D   1290
     126    1455                                                00010000D   1291
     126       0               3       0                               0D   1292
     126    1458                                                00010000D   1293
     126       0               3       0                               0D   1294
     126    1461                                                00010000D   1295
     126       0               3       0                               0D   1296
     126    1464                                                00010000D   1297
     126       0               3       0                               0D   1298
     126    1467                                                00010000D   1299
     126       0               3       0                               0D   1300
     126    1470                                                00010000D   1301
     126       0               3       0                               0D   1302
     126    1473                                                00010000D   1303
     126       0               3       0                               0D   1304
     126    1476                                                00010000D   1305
     126       0               3       0                               0D   1306
     126    1479                                                00010000D   1307
     126       0               3       0                               0D   1308
     126    1482                                                00010000D   1309
     126       0               3       0                               0D   1310
     126    1485                                                00010000D   1311
     126       0               3       0                               0D   1312
     126    1488                                                00010000D   1313
     126       0               3       0                               0D   1314
     126    1491                                                00010000D   1315
     126       0               3       0                               0D   1316
     126    1494                                                00010000D   1317
     126       0               3       0                               0D   1318
     126    1497                                                00010000D   1319
     126       0               3       0                               0D   1320
     126    1500                                                00010000D   1321
     126       0               3       0                               0D   1322
     126    1503                                                00010000D   1323
     126       0               3       0                               0D   1324
     126    1506                                                00010000D   1325
     126       0               3       0                               0D   1326
     126    1509                                                00010000D   1327
     126       0               3       0                               0D   1328
     126    1512                                                00010000D   1329
     126       0               3       0                               0D   1330
     126    1515                                                00010000D   1331
     126       0               3       0                               0D   1332
     126    1518                                                00010000D   1333
     126       0               3       0                               0D   1334
     126    1521                                                00010000D   1335
     126       0               3       0                               0D   1336
     126    1524                                                00010000D   1337
     126       0               3       0                               0D   1338
     126    1527                                                00010000D   1339
     126       0               5       0                               0D   1340
     126    1532                                                00010000D   1341
     126       0               5       0                               0D   1342
     126    1537                                                00010000D   1343
     126       0               3       0                               0D   1344
     126    1540                                                00010000D   1345
     126       0               3       0                               0D   1346
     126    1543                                                00010000D   1347
     126       0               3       0                               0D   1348
     126    1546                                                00010000D   1349
     126       0               3       0                               0D   1350
     126    1549                                                00010000D   1351
     126       0               5       0                               0D   1352
     126    1554                                                00010000D   1353
     126       0               5       0                               0D   1354
     126    1559                                                00010000D   1355
     126       0               3       0                               0D   1356
     126    1562                                                00010000D   1357
     126       0               3       0                               0D   1358
     126    1565                                                00010000D   1359
     126       0               3       0                               0D   1360
     126    1568                                                00010000D   1361
     126       0               3       0                               0D   1362
     126    1571                                                00010000D   1363
     126       0               3       0                               0D   1364
     126    1574                                                00010000D   1365
     126       0               3       0                               0D   1366
     126    1577                                                00010000D   1367
     126       0               3       0                               0D   1368
     126    1580                                                00010000D   1369
     126       0               3       0                               0D   1370
     126    1583                                                00010000D   1371
     126       0               3       0                               0D   1372
     126    1586                                                00010000D   1373
     126       0               3       0                               0D   1374
     126    1589                                                00010000D   1375
     126       0               3       0                               0D   1376
     126    1592                                                00010000D   1377
     126       0               3       0                               0D   1378
     126    1595                                                00010000D   1379
     126       0               3       0                               0D   1380
     126    1598                                                00010000D   1381
     126       0               3       0                               0D   1382
     126    1601                                                00010000D   1383
     126       0               3       0                               0D   1384
     126    1604                                                00010000D   1385
     126       0               3       0                               0D   1386
     126    1607                                                00010000D   1387
     126       0               3       0                               0D   1388
     126    1610                                                00010000D   1389
     126       0               3       0                               0D   1390
     126    1613                                                00010000D   1391
     126       0               3       0                               0D   1392
     126    1616                                                00010000D   1393
     126       0               3       0                               0D   1394
     126    1619                                                00010000D   1395
     126       0               3       0                               0D   1396
     126    1622                                                00010000D   1397
     126       0               3       0                               0D   1398
     126    1625                                                00010000D   1399
     126       0               3       0                               0D   1400
     126    1628                                                00010000D   1401
     126       0               3       0                               0D   1402
     126    1631                                                00010000D   1403
     126       0               2       0                               0D   1404
     126    1633                                                00010000D   1405
     126       0               2       0                               0D   1406
     126    1635                                                00010000D   1407
     126       0               2       0                               0D   1408
     126    1637                                                00010000D   1409
     126       0               2       0                               0D   1410
     126    1639                                                00010000D   1411
     126       0               2       0                               0D   1412
     126    1641                                                00010000D   1413
     126       0               2       0                               0D   1414
     126    1643                                                00010000D   1415
     126       0               2       0                               0D   1416
     126    1645                                                00010000D   1417
     126       0               2       0                               0D   1418
     126    1647                                                00010000D   1419
     126       0               2       0                               0D   1420
     126    1649                                                00010000D   1421
     126       0               2       0                               0D   1422
     126    1651                                                00010000D   1423
     126       0               2       0                               0D   1424
     126    1653                                                00010000D   1425
     126       0               2       0                               0D   1426
     126    1655                                                00010000D   1427
     126       0               2       0                               0D   1428
     126    1657                                                00010000D   1429
     126       0               2       0                               0D   1430
     126    1659                                                00010000D   1431
     126       0               2       0                               0D   1432
     126    1661                                                00010000D   1433
     126       0               2       0                               0D   1434
     126    1663                                                00010000D   1435
     126       0               2       0                               0D   1436
     126    1665                                                00010000D   1437
     126       0               2       0                               0D   1438
     126    1667                                                00010000D   1439
     126       0               2       0                               0D   1440
     126    1669                                                00010000D   1441
     126       0               2       0                               0D   1442
     126    1671                                                00010000D   1443
     126       0               2       0                               0D   1444
     126    1673                                                00010000D   1445
     126       0               2       0                               0D   1446
     126    1675                                                00010000D   1447
     126       0               2       0                               0D   1448
     126    1677                                                00010000D   1449
     126       0               2       0                               0D   1450
     128    1679                                                00010000D   1451
     128       0   -1777       5       0                               0D   1452
     128    1684                                                00010000D   1453
     128       0   -1777       5       0                               0D   1454
     128    1689                                                00010000D   1455
     128       0   -1777       7       0                               0D   1456
     128    1696                                                00010000D   1457
     128       0   -1777       9       0                               0D   1458
     128    1705                                                00010000D   1459
     128       0   -1777       6       0                               0D   1460
     128    1711                                                00010000D   1461
     128       0   -1777       8       0                               0D   1462
     128    1719                                                00010000D   1463
     128       0   -1777       5       0                               0D   1464
     128    1724                                                00010000D   1465
     128       0   -1777       6       0                               0D   1466
     128    1730                                                00010000D   1467
     128       0   -1777       6       0                               0D   1468
     128    1736                                                00010000D   1469
     128       0   -1777       5       0                               0D   1470
     128    1741                                                00010000D   1471
     128       0   -1777       5       0                               0D   1472
     128    1746                                                00010000D   1473
     128       0   -1777       6       0                               0D   1474
     128    1752                                                00010000D   1475
     128       0   -1777       8       0                               0D   1476
     128    1760                                                00010000D   1477
     128       0   -1777       6       0                               0D   1478
     128    1766                                                00010000D   1479
     128       0   -1777       8       0                               0D   1480
     128    1774                                                00010000D   1481
     128       0   -1777       7       0                               0D   1482
     128    1781                                                00010000D   1483
     128       0   -1777       6       0                               0D   1484
     128    1787                                                00010000D   1485
     128       0   -1777       6       0                               0D   1486
     128    1793                                                00010000D   1487
     128       0   -1777       5       0                               0D   1488
     128    1798                                                00010000D   1489
     128       0   -1777       5       0                               0D   1490
     128    1803                                                00010000D   1491
     128       0   -1777       7       0                               0D   1492
     128    1810                                                00010000D   1493
     128       0   -1777       9       0                               0D   1494
     128    1819                                                00010000D   1495
     128       0   -1777       5       0                               0D   1496
     128    1824                                                00010000D   1497
     128       0   -1777       8       0                               0D   1498
     128    1832                                                00010000D   1499
     128       0   -1777       5       0                               0D   1500
     128    1837                                                00010000D   1501
     128       0   -1777       5       0                               0D   1502
     128    1842                                                00010000D   1503
     128       0   -1777       5       0                               0D   1504
     128    1847                                                00010000D   1505
     128       0   -1777       5       0                               0D   1506
     128    1852                                                00010000D   1507
     128       0   -1777       5       0                               0D   1508
     128    1857                                                00010000D   1509
     128       0   -1777       6       0                               0D   1510
     128    1863                                                00010000D   1511
     128       0   -1777       8       0                               0D   1512
     128    1871                                                00010000D   1513
     128       0   -1777       5       0                               0D   1514
     128    1876                                                00010000D   1515
     128       0   -1777       8       0                               0D   1516
     128    1884                                                00010000D   1517
     128       0   -1777       7       0                               0D   1518
     128    1891                                                00010000D   1519
     128       0   -1777       5       0                               0D   1520
     128    1896                                                00010000D   1521
     128       0   -1777       5       0                               0D   1522
     128    1901                                                00010000D   1523
     128       0   -1777       5       0                               0D   1524
     128    1906                                                00010000D   1525
     128       0   -1777       5       0                               0D   1526
     128    1911                                                00010000D   1527
     128       0   -1777       7       0                               0D   1528
     128    1918                                                00010000D   1529
     128       0   -1777       9       0                               0D   1530
     128    1927                                                00010000D   1531
     128       0   -1777       6       0                               0D   1532
     128    1933                                                00010000D   1533
     128       0   -1777       8       0                               0D   1534
     128    1941                                                00010000D   1535
     128       0   -1777       5       0                               0D   1536
     128    1946                                                00010000D   1537
     128       0   -1777       6       0                               0D   1538
     128    1952                                                00010000D   1539
     128       0   -1777       6       0                               0D   1540
     128    1958                                                00010000D   1541
     128       0   -1777       5       0                               0D   1542
     128    1963                                                00010000D   1543
     128       0   -1777       5       0                               0D   1544
     128    1968                                                00010000D   1545
     128       0   -1777       6       0                               0D   1546
     128    1974                                                00010000D   1547
     128       0   -1777       8       0                               0D   1548
     128    1982                                                00010000D   1549
     128       0   -1777       6       0                               0D   1550
     128    1988                                                00010000D   1551
     128       0   -1777       8       0                               0D   1552
     128    1996                                                00010000D   1553
     128       0   -1777       7       0                               0D   1554
     128    2003                                                00010000D   1555
     128       0   -1777       6       0                               0D   1556
     128    2009                                                00010000D   1557
     128       0   -1777       6       0                               0D   1558
     128    2015                                                00010000D   1559
     128       0   -1777       5       0                               0D   1560
     128    2020                                                00010000D   1561
     128       0   -1777       5       0                               0D   1562
     128    2025                                                00010000D   1563
     128       0   -1777       7       0                               0D   1564
     128    2032                                                00010000D   1565
     128       0   -1777       9       0                               0D   1566
     128    2041                                                00010000D   1567
     128       0   -1777       5       0                               0D   1568
     128    2046                                                00010000D   1569
     128       0   -1777       8       0                               0D   1570
     128    2054                                                00010000D   1571
     128       0   -1777       5       0                               0D   1572
     128    2059                                                00010000D   1573
     128       0   -1777       5       0                               0D   1574
     128    2064                                                00010000D   1575
     128       0   -1777       5       0                               0D   1576
     128    2069                                                00010000D   1577
     128       0   -1777       5       0                               0D   1578
     128    2074                                                00010000D   1579
     128       0   -1777       5       0                               0D   1580
     128    2079                                                00010000D   1581
     128       0   -1777       6       0                               0D   1582
     128    2085                                                00010000D   1583
     128       0   -1777       8       0                               0D   1584
     128    2093                                                00010000D   1585
     128       0   -1777       5       0                               0D   1586
     128    2098                                                00010000D   1587
     128       0   -1777       8       0                               0D   1588
     128    2106                                                00010000D   1589
     128       0   -1777       7       0                               0D   1590
     128    2113                                                00010000D   1591
     128       0   -1777       5       0                               0D   1592
     128    2118                                                00010000D   1593
     128       0   -1777       5       0                               0D   1594
     128    2123                                                00010000D   1595
     128       0   -1777       5       0                               0D   1596
     128    2128                                                00010000D   1597
     128       0   -1777       5       0                               0D   1598
     128    2133                                                00010000D   1599
     128       0   -1777       5       0                               0D   1600
     128    2138                                                00010000D   1601
     128       0   -1777       5       0                               0D   1602
     128    2143                                                00010000D   1603
     128       0   -1777       5       0                               0D   1604
     128    2148                                                00010000D   1605
     128       0   -1777       5       0                               0D   1606
     128    2153                                                00010000D   1607
     128       0   -1777       7       0                               0D   1608
     128    2160                                                00010000D   1609
     128       0   -1777       7       0                               0D   1610
     128    2167                                                00010000D   1611
     128       0   -1777       7       0                               0D   1612
     128    2174                                                00010000D   1613
     128       0   -1777       7       0                               0D   1614
     128    2181                                                00010000D   1615
     128       0   -1777       7       0                               0D   1616
     128    2188                                                00010000D   1617
     128       0   -1777       7       0                               0D   1618
     128    2195                                                00010000D   1619
     128       0   -1777       7       0                               0D   1620
     128    2202                                                00010000D   1621
     128       0   -1777       7       0                               0D   1622
     128    2209                                                00010000D   1623
     128       0   -1777       5       0                               0D   1624
     128    2214                                                00010000D   1625
     128       0   -1777       6       0                               0D   1626
     128    2220                                                00010000D   1627
     128       0   -1777       6       0                               0D   1628
     128    2226                                                00010000D   1629
     128       0   -1777       5       0                               0D   1630
     128    2231                                                00010000D   1631
     128       0   -1777       5       0                               0D   1632
     128    2236                                                00010000D   1633
     128       0   -1777       5       0                               0D   1634
     128    2241                                                00010000D   1635
     128       0   -1777       5       0                               0D   1636
     128    2246                                                00010000D   1637
     128       0   -1777       6       0                               0D   1638
     128    2252                                                00010000D   1639
     128       0   -1777       5       0                               0D   1640
     128    2257                                                00010000D   1641
     128       0   -1777       7       0                               0D   1642
     128    2264                                                00010000D   1643
     128       0   -1777       6       0                               0D   1644
     128    2270                                                00010000D   1645
     128       0   -1777       5       0                               0D   1646
     128    2275                                                00010000D   1647
     128       0   -1777       5       0                               0D   1648
     128    2280                                                00010000D   1649
     128       0   -1777       5       0                               0D   1650
     128    2285                                                00010000D   1651
     128       0   -1777       7       0                               0D   1652
     128    2292                                                00010000D   1653
     128       0   -1777       5       0                               0D   1654
     128    2297                                                00010000D   1655
     128       0   -1777       6       0                               0D   1656
     128    2303                                                00010000D   1657
     128       0   -1777       5       0                               0D   1658
     128    2308                                                00010000D   1659
     128       0   -1777       7       0                               0D   1660
     128    2315                                                00010000D   1661
     128       0   -1777       5       0                               0D   1662
     128    2320                                                00010000D   1663
     128       0   -1777       5       0                               0D   1664
     128    2325                                                00010000D   1665
     128       0   -1777       5       0                               0D   1666
     128    2330                                                00010000D   1667
     128       0   -1777       5       0                               0D   1668
     128    2335                                                00010000D   1669
     128       0   -1777       5       0                               0D   1670
     128    2340                                                00010000D   1671
     128       0   -1777       5       0                               0D   1672
     128    2345                                                00010000D   1673
     128       0   -1777       5       0                               0D   1674
     128    2350                                                00010000D   1675
     128       0   -1777       5       0                               0D   1676
     128    2355                                                00010000D   1677
     128       0   -1777       5       0                               0D   1678
     128    2360                                                00010000D   1679
     128       0   -1777       5       0                               0D   1680
     128    2365                                                00010000D   1681
     128       0   -1777       5       0                               0D   1682
     128    2370                                                00010000D   1683
     128       0   -1777       5       0                               0D   1684
     128    2375                                                00010000D   1685
     128       0   -1777       5       0                               0D   1686
     128    2380                                                00010000D   1687
     128       0   -1777       5       0                               0D   1688
     128    2385                                                00010000D   1689
     128       0   -1777       5       0                               0D   1690
     128    2390                                                00010000D   1691
     128       0   -1777       5       0                               0D   1692
     128    2395                                                00010000D   1693
     128       0   -1777       6       0                               0D   1694
     128    2401                                                00010000D   1695
     128       0   -1777       6       0                               0D   1696
     128    2407                                                00010000D   1697
     128       0   -1777       6       0                               0D   1698
     128    2413                                                00010000D   1699
     128       0   -1777       5       0                               0D   1700
     128    2418                                                00010000D   1701
     128       0   -1777       5       0                               0D   1702
     128    2423                                                00010000D   1703
     128       0   -1777       8       0                               0D   1704
     128    2431                                                00010000D   1705
     128       0   -1777       5       0                               0D   1706
     128    2436                                                00010000D   1707
     128       0   -1777       8       0                               0D   1708
     128    2444                                                00010000D   1709
     128       0   -1777       5       0                               0D   1710
     128    2449                                                00010000D   1711
     128       0   -1777       5       0                               0D   1712
     128    2454                                                00010000D   1713
     128       0   -1777       5       0                               0D   1714
     128    2459                                                00010000D   1715
     128       0   -1777       5       0                               0D   1716
     128    2464                                                00010000D   1717
     128       0   -1777       5       0                               0D   1718
     128    2469                                                00010000D   1719
     128       0   -1777       5       0                               0D   1720
     128    2474                                                00010000D   1721
     128       0   -1777       5       0                               0D   1722
     128    2479                                                00010000D   1723
     128       0   -1777       5       0                               0D   1724
     128    2484                                                00010000D   1725
     128       0   -1777       5       0                               0D   1726
     128    2489                                                00010000D   1727
     128       0   -1777       5       0                               0D   1728
     128    2494                                                00010000D   1729
     128       0   -1777       3       0                               0D   1730
     128    2497                                                00010000D   1731
     128       0   -1777       3       0                               0D   1732
     128    2500                                                00010000D   1733
     128       0   -1777       3       0                               0D   1734
     128    2503                                                00010000D   1735
     128       0   -1777       4       0                               0D   1736
     128    2507                                                00010000D   1737
     128       0   -1777       3       0                               0D   1738
     128    2510                                                00010000D   1739
     128       0   -1777       4       0                               0D   1740
     128    2514                                                00010000D   1741
     128       0   -1777       3       0                               0D   1742
     128    2517                                                00010000D   1743
     128       0   -1777       3       0                               0D   1744
     128    2520                                                00010000D   1745
     128       0   -1777       4       0                               0D   1746
     128    2524                                                00010000D   1747
     128       0   -1777       4       0                               0D   1748
     502    2528                                                00010000D   1749
     502                     100       1                               0D   1750
     502    2628                                                00010000D   1751
     502                      54       1                               0D   1752
     502    2682                                                00010000D   1753
     502                      19       1                               0D   1754
     502    2701                                                00010000D   1755
     502                       4       1                               0D   1756
     504    2705                                                00010001D   1757
     504                      70       1                               0D   1758
     504    2775                                                00010001D   1759
     504                      40       1                               0D   1760
     504    2815                                                00010001D   1761
     504                      14       1                               0D   1762
     504    2829                                                00010001D   1763
     504                       8       1                               0D   1764
     406    2837                                                00000000D   1765
     406                       1      15                               0D   1766
     406    2838                                                00000000D   1767
     406                       1      15                               0D   1768
     406    2839                                                00000000D   1769
     406                       1      15                               0D   1770
     406    2840                                                00000000D   1771
     406                       1      15                               0D   1772
     406    2841                                                00000000D   1773
     406                       1      15                               0D   1774
     406    2842                                                00000000D   1775
     406                       1      15                               0D   1776
     314    2843                                                00000200D   1777
     314                       2       0                               0D   1778
124,-1.,6.3282712403634D-15,-1.53188156283235D-16,                     1P      1
61.4683438499242,1.10727081174291D-31,4.18479777997154D-17,            1P      2
0.999999999999999,28.6,8.32667268468868D-16,1.,0.,                     1P      3
-1.20154199681638;                                                     1P      4
124,1.,-9.86076131526265D-32,-6.12323399573671D-17,                    3P      5
-10.5316571484533,6.12323399573671D-17,0.,1.,35.,                      3P      6
-9.48582136959719D-32,-1.,0.,31.3960647138086;                         3P      7
124,-1.,0.,-6.12323399573677D-17,61.4683438499245,                     5P      8
-6.12323399573677D-17,0.,1.,22.2,-3.74939945665464D-33,1.,0.,          5P      9
-1.20154199681634;                                                     5P     10
408,15,0.,0.,0.,1.,0,1,1769;                                           7P     11
408,17,0.,0.,0.,0.999999999999999,0,1,1771;                            9P     12
408,19,0.,0.,0.,1.,0,1,1773;                                          11P     13
408,17,0.,0.,0.,1.,0,1,1775;                                          13P     14
308,0,23HControl board - base v9,2,21,23;                             15P     15
308,0,35HControl board - middle low plate v2,1,25;                    17P     16
308,0,28HControl board - top plate v1,1,27;                           19P     17
186,29,1,0,0,1,1765;                                                  21P     18
186,31,1,0,0,1,1767;                                                  23P     19
186,33,1,0,0,1,1765;                                                  25P     20
186,35,1,0,0,1,1765;                                                  27P     21
514,78,37,1,39,1,41,1,43,1,45,1,47,1,49,1,51,1,53,1,55,1,57,1,        29P     22
59,1,61,1,63,1,65,1,67,1,69,1,71,1,73,1,75,1,77,1,79,1,81,1,83,       29P     23
1,85,1,87,1,89,1,91,1,93,1,95,1,97,1,99,1,101,1,103,1,105,1,107,      29P     24
1,109,1,111,1,113,1,115,1,117,1,119,1,121,1,123,1,125,1,127,1,        29P     25
129,1,131,1,133,1,135,1,137,1,139,1,141,1,143,1,145,1,147,1,149,      29P     26
1,151,1,153,1,155,1,157,1,159,1,161,1,163,1,165,1,167,1,169,1,        29P     27
171,1,173,1,175,1,177,1,179,1,181,1,183,1,185,1,187,1,189,1,191,      29P     28
1;                                                                    29P     29
514,45,193,1,195,1,197,1,199,1,201,1,203,1,205,1,207,1,209,1,         31P     30
211,1,213,1,215,1,217,1,219,1,221,1,223,1,225,1,227,1,229,1,231,      31P     31
1,233,1,235,1,237,1,239,1,241,1,243,1,245,1,247,1,249,1,251,1,        31P     32
253,1,255,1,257,1,259,1,261,1,263,1,265,1,267,1,269,1,271,1,273,      31P     33
1,275,1,277,1,279,1,281,1;                                            31P     34
514,16,283,1,285,1,287,1,289,1,291,1,293,1,295,1,297,1,299,1,         33P     35
301,1,303,1,305,1,307,1,309,1,311,1,313,1;                            33P     36
514,10,315,1,317,1,319,1,321,1,323,1,325,1,327,1,329,1,331,1,         35P     37
333,1;                                                                35P     38
510,1451,1,1,335;                                                     37P     39
510,1453,1,1,337;                                                     39P     40
510,1455,1,1,339;                                                     41P     41
510,1457,1,1,341;                                                     43P     42
510,1459,1,1,343;                                                     45P     43
510,1461,1,1,345;                                                     47P     44
510,1463,1,1,347;                                                     49P     45
510,1465,1,1,349;                                                     51P     46
510,1467,1,1,351;                                                     53P     47
510,1469,1,1,353;                                                     55P     48
510,1471,1,1,355;                                                     57P     49
510,1473,1,1,357;                                                     59P     50
510,1475,1,1,359;                                                     61P     51
510,1477,1,1,361;                                                     63P     52
510,1479,1,1,363;                                                     65P     53
510,1481,1,1,365;                                                     67P     54
510,1483,1,1,367;                                                     69P     55
510,1485,1,1,369;                                                     71P     56
510,1487,1,1,371;                                                     73P     57
510,1489,1,1,373;                                                     75P     58
510,1491,1,1,375;                                                     77P     59
510,1493,1,1,377;                                                     79P     60
510,1495,1,1,379;                                                     81P     61
510,1497,1,1,381;                                                     83P     62
510,1499,1,1,383;                                                     85P     63
510,1501,1,1,385;                                                     87P     64
510,1503,1,1,387;                                                     89P     65
510,1505,1,1,389;                                                     91P     66
510,1507,1,1,391;                                                     93P     67
510,1509,1,1,393;                                                     95P     68
510,1511,1,1,395;                                                     97P     69
510,1513,1,1,397;                                                     99P     70
510,1515,1,1,399;                                                    101P     71
510,1517,1,1,401;                                                    103P     72
510,1519,1,1,403;                                                    105P     73
510,1521,1,1,405;                                                    107P     74
510,1523,1,1,407;                                                    109P     75
510,1525,1,1,409;                                                    111P     76
510,1527,1,1,411;                                                    113P     77
510,1529,1,1,413;                                                    115P     78
510,1531,1,1,415;                                                    117P     79
510,1533,1,1,417;                                                    119P     80
510,1535,1,1,419;                                                    121P     81
510,1537,1,1,421;                                                    123P     82
510,1539,1,1,423;                                                    125P     83
510,1541,1,1,425;                                                    127P     84
510,1543,1,1,427;                                                    129P     85
510,1545,1,1,429;                                                    131P     86
510,1547,1,1,431;                                                    133P     87
510,1549,1,1,433;                                                    135P     88
510,1551,1,1,435;                                                    137P     89
510,1553,1,1,437;                                                    139P     90
510,1555,1,1,439;                                                    141P     91
510,1557,1,1,441;                                                    143P     92
510,1559,1,1,443;                                                    145P     93
510,1561,1,1,445;                                                    147P     94
510,1563,1,1,447;                                                    149P     95
510,1565,1,1,449;                                                    151P     96
510,1567,1,1,451;                                                    153P     97
510,1569,1,1,453;                                                    155P     98
510,1571,1,1,455;                                                    157P     99
510,1573,1,1,457;                                                    159P    100
510,1575,1,1,459;                                                    161P    101
510,1577,1,1,461;                                                    163P    102
510,1579,1,1,463;                                                    165P    103
510,1581,1,1,465;                                                    167P    104
510,1583,1,1,467;                                                    169P    105
510,1585,1,1,469;                                                    171P    106
510,1587,1,1,471;                                                    173P    107
510,1589,1,1,473;                                                    175P    108
510,1591,1,1,475;                                                    177P    109
510,1593,1,1,477;                                                    179P    110
510,1595,9,1,479,481,483,485,487,489,491,493,495;                    181P    111
510,1597,1,1,497;                                                    183P    112
510,1599,1,1,499;                                                    185P    113
510,1601,1,1,501;                                                    187P    114
510,1603,1,1,503;                                                    189P    115
510,1605,1,1,505;                                                    191P    116
510,1607,1,1,507;                                                    193P    117
510,1609,1,1,509;                                                    195P    118
510,1611,1,1,511;                                                    197P    119
510,1613,1,1,513;                                                    199P    120
510,1615,1,1,515;                                                    201P    121
510,1617,1,1,517;                                                    203P    122
510,1619,1,1,519;                                                    205P    123
510,1621,1,1,521;                                                    207P    124
510,1623,1,1,523;                                                    209P    125
510,1625,3,1,525,527,529;                                            211P    126
510,1627,2,1,531,533;                                                213P    127
510,1629,1,1,535;                                                    215P    128
510,1631,1,1,537;                                                    217P    129
510,1633,2,1,539,541;                                                219P    130
510,1635,1,1,543;                                                    221P    131
510,1637,2,1,545,547;                                                223P    132
510,1639,1,1,549;                                                    225P    133
510,1641,1,1,551;                                                    227P    134
510,1643,2,1,553,555;                                                229P    135
510,1645,1,1,557;                                                    231P    136
510,1647,2,1,559,561;                                                233P    137
510,1649,1,1,563;                                                    235P    138
510,1651,1,1,565;                                                    237P    139
510,1653,1,1,567;                                                    239P    140
510,1655,2,1,569,571;                                                241P    141
510,1657,1,1,573;                                                    243P    142
510,1659,1,1,575;                                                    245P    143
510,1661,1,1,577;                                                    247P    144
510,1663,1,1,579;                                                    249P    145
510,1665,1,1,581;                                                    251P    146
510,1667,2,1,583,585;                                                253P    147
510,1669,1,1,587;                                                    255P    148
510,1671,1,1,589;                                                    257P    149
510,1673,1,1,591;                                                    259P    150
510,1675,1,1,593;                                                    261P    151
510,1677,1,1,595;                                                    263P    152
510,1679,1,1,597;                                                    265P    153
510,1681,1,1,599;                                                    267P    154
510,1683,1,1,601;                                                    269P    155
510,1685,1,1,603;                                                    271P    156
510,1687,1,1,605;                                                    273P    157
510,1689,2,1,607,609;                                                275P    158
510,1691,1,1,611;                                                    277P    159
510,1693,1,1,613;                                                    279P    160
510,1695,2,1,615,617;                                                281P    161
510,1697,1,1,619;                                                    283P    162
510,1699,1,1,621;                                                    285P    163
510,1701,1,1,623;                                                    287P    164
510,1703,1,1,625;                                                    289P    165
510,1705,1,1,627;                                                    291P    166
510,1707,1,1,629;                                                    293P    167
510,1709,1,1,631;                                                    295P    168
510,1711,1,1,633;                                                    297P    169
510,1713,1,1,635;                                                    299P    170
510,1715,1,1,637;                                                    301P    171
510,1717,1,1,639;                                                    303P    172
510,1719,1,1,641;                                                    305P    173
510,1721,1,1,643;                                                    307P    174
510,1723,1,1,645;                                                    309P    175
510,1725,1,1,647;                                                    311P    176
510,1727,1,1,649;                                                    313P    177
510,1729,1,1,651;                                                    315P    178
510,1731,1,1,653;                                                    317P    179
510,1733,1,1,655;                                                    319P    180
510,1735,1,1,657;                                                    321P    181
510,1737,1,1,659;                                                    323P    182
510,1739,1,1,661;                                                    325P    183
510,1741,1,1,663;                                                    327P    184
510,1743,1,1,665;                                                    329P    185
510,1745,1,1,667;                                                    331P    186
510,1747,1,1,669;                                                    333P    187
508,4,0,1757,1,0,0,0,1757,2,0,0,0,1757,3,0,0,0,1757,4,0,0;           335P    188
508,4,0,1757,5,0,0,0,1757,4,1,0,0,1757,6,0,0,0,1757,7,0,0;           337P    189
508,4,0,1757,8,0,0,0,1757,7,1,0,0,1757,9,0,0,0,1757,10,0,0;          339P    190
508,4,0,1757,11,1,0,0,1757,10,1,0,0,1757,12,0,0,0,1757,13,0,0;       341P    191
508,4,0,1757,14,0,0,0,1757,13,1,0,0,1757,15,0,0,0,1757,16,0,0;       343P    192
508,4,0,1757,17,1,0,0,1757,16,1,0,0,1757,18,0,0,0,1757,19,0,0;       345P    193
508,4,0,1757,20,0,0,0,1757,19,1,0,0,1757,21,0,0,0,1757,22,0,0;       347P    194
508,8,0,1757,21,1,0,0,1757,18,1,0,0,1757,15,1,0,0,1757,12,1,0,0,     349P    195
1757,9,1,0,0,1757,6,1,0,0,1757,3,1,0,0,1757,23,0,0;                  349P    196
508,8,0,1757,20,1,0,0,1757,24,0,0,0,1757,1,1,0,0,1757,5,1,0,0,       351P    197
1757,8,1,0,0,1757,11,0,0,0,1757,14,1,0,0,1757,17,0,0;                351P    198
508,4,0,1757,25,0,0,0,1757,26,1,0,0,1757,27,0,0,0,1757,28,0,0;       353P    199
508,4,0,1757,29,0,0,0,1757,28,1,0,0,1757,30,0,0,0,1757,31,0,0;       355P    200
508,4,0,1757,32,0,0,0,1757,33,0,0,0,1757,34,0,0,0,1757,35,0,0;       357P    201
508,4,0,1757,36,1,0,0,1757,35,1,0,0,1757,37,0,0,0,1757,38,0,0;       359P    202
508,4,0,1757,39,0,0,0,1757,38,1,0,0,1757,40,0,0,0,1757,41,0,0;       361P    203
508,4,0,1757,42,1,0,0,1757,41,1,0,0,1757,43,0,0,0,1757,44,0,0;       363P    204
508,4,0,1757,45,0,0,0,1757,44,1,0,0,1757,46,0,0,0,1757,26,0,0;       365P    205
508,8,0,1757,46,1,0,0,1757,43,1,0,0,1757,40,1,0,0,1757,37,1,0,0,     367P    206
1757,34,1,0,0,1757,47,0,0,0,1757,30,1,0,0,1757,27,1,0;               367P    207
508,8,0,1757,45,1,0,0,1757,25,1,0,0,1757,29,1,0,0,1757,48,0,0,0,     369P    208
1757,32,1,0,0,1757,36,0,0,0,1757,39,1,0,0,1757,42,0,0;               369P    209
508,4,0,1757,49,1,0,0,1757,50,1,0,0,1757,51,1,0,0,1757,52,0,0;       371P    210
508,4,0,1757,53,1,0,0,1757,54,1,0,0,1757,55,1,0,0,1757,50,0,0;       373P    211
508,4,0,1757,56,1,0,0,1757,57,1,0,0,1757,58,1,0,0,1757,54,0,0;       375P    212
508,4,0,1757,59,0,0,0,1757,60,1,0,0,1757,61,1,0,0,1757,57,0,0;       377P    213
508,4,0,1757,62,1,0,0,1757,63,1,0,0,1757,64,1,0,0,1757,60,0,0;       379P    214
508,4,0,1757,65,0,0,0,1757,66,1,0,0,1757,67,1,0,0,1757,63,0,0;       381P    215
508,4,0,1757,68,1,0,0,1757,69,0,0,0,1757,70,1,0,0,1757,66,0,0;       383P    216
508,8,0,1757,70,0,0,0,1757,71,0,0,0,1757,51,0,0,0,1757,55,0,0,0,     385P    217
1757,58,0,0,0,1757,61,0,0,0,1757,64,0,0,0,1757,67,0,0;               385P    218
508,8,0,1757,68,0,0,0,1757,65,1,0,0,1757,62,0,0,0,1757,59,1,0,0,     387P    219
1757,56,0,0,0,1757,53,0,0,0,1757,49,0,0,0,1757,72,0,0;               387P    220
508,4,0,1757,73,1,0,0,1757,74,1,0,0,1757,75,1,0,0,1757,76,0,0;       389P    221
508,4,0,1757,77,1,0,0,1757,78,0,0,0,1757,79,1,0,0,1757,74,0,0;       391P    222
508,4,0,1757,80,1,0,0,1757,81,1,0,0,1757,82,1,0,0,1757,83,0,0;       393P    223
508,4,0,1757,84,0,0,0,1757,85,1,0,0,1757,86,1,0,0,1757,81,0,0;       395P    224
508,4,0,1757,87,1,0,0,1757,88,1,0,0,1757,89,1,0,0,1757,85,0,0;       397P    225
508,4,0,1757,90,0,0,0,1757,91,1,0,0,1757,92,1,0,0,1757,88,0,0;       399P    226
508,4,0,1757,93,1,0,0,1757,76,1,0,0,1757,94,1,0,0,1757,91,0,0;       401P    227
508,8,0,1757,94,0,0,0,1757,75,0,0,0,1757,79,0,0,0,1757,95,0,0,0,     403P    228
1757,82,0,0,0,1757,86,0,0,0,1757,89,0,0,0,1757,92,0,0;               403P    229
508,8,0,1757,93,0,0,0,1757,90,1,0,0,1757,87,0,0,0,1757,84,1,0,0,     405P    230
1757,80,0,0,0,1757,96,0,0,0,1757,77,0,0,0,1757,73,0,0;               405P    231
508,4,0,1757,97,1,0,0,1757,98,1,0,0,1757,99,1,0,0,1757,100,0,0;      407P    232
508,4,0,1757,101,1,0,0,1757,102,1,0,0,1757,103,1,0,0,1757,98,0,      409P    233
0;                                                                   409P    234
508,4,0,1757,104,1,0,0,1757,105,1,0,0,1757,106,1,0,0,1757,102,0,     411P    235
0;                                                                   411P    236
508,4,0,1757,107,0,0,0,1757,108,1,0,0,1757,109,1,0,0,1757,105,0,     413P    237
0;                                                                   413P    238
508,4,0,1757,110,1,0,0,1757,111,1,0,0,1757,112,1,0,0,1757,108,0,     415P    239
0;                                                                   415P    240
508,4,0,1757,113,0,0,0,1757,114,1,0,0,1757,115,1,0,0,1757,111,0,     417P    241
0;                                                                   417P    242
508,4,0,1757,116,1,0,0,1757,117,0,0,0,1757,118,1,0,0,1757,114,0,     419P    243
0;                                                                   419P    244
508,8,0,1757,118,0,0,0,1757,119,0,0,0,1757,99,0,0,0,1757,103,0,      421P    245
0,0,1757,106,0,0,0,1757,109,0,0,0,1757,112,0,0,0,1757,115,0,0;       421P    246
508,8,0,1757,116,0,0,0,1757,113,1,0,0,1757,110,0,0,0,1757,107,1,     423P    247
0,0,1757,104,0,0,0,1757,101,0,0,0,1757,97,0,0,0,1757,120,0,0;        423P    248
508,4,0,1757,121,1,0,0,1757,122,1,0,0,1757,123,1,0,0,1757,124,0,     425P    249
0;                                                                   425P    250
508,4,0,1757,125,1,0,0,1757,126,0,0,0,1757,127,1,0,0,1757,122,0,     427P    251
0;                                                                   427P    252
508,4,0,1757,128,1,0,0,1757,129,1,0,0,1757,130,1,0,0,1757,131,0,     429P    253
0;                                                                   429P    254
508,4,0,1757,132,0,0,0,1757,133,1,0,0,1757,134,1,0,0,1757,129,0,     431P    255
0;                                                                   431P    256
508,4,0,1757,135,1,0,0,1757,136,1,0,0,1757,137,1,0,0,1757,133,0,     433P    257
0;                                                                   433P    258
508,4,0,1757,138,0,0,0,1757,139,1,0,0,1757,140,1,0,0,1757,136,0,     435P    259
0;                                                                   435P    260
508,4,0,1757,141,1,0,0,1757,124,1,0,0,1757,142,1,0,0,1757,139,0,     437P    261
0;                                                                   437P    262
508,8,0,1757,142,0,0,0,1757,123,0,0,0,1757,127,0,0,0,1757,143,0,     439P    263
0,0,1757,130,0,0,0,1757,134,0,0,0,1757,137,0,0,0,1757,140,0,0;       439P    264
508,8,0,1757,141,0,0,0,1757,138,1,0,0,1757,135,0,0,0,1757,132,1,     441P    265
0,0,1757,128,0,0,0,1757,144,0,0,0,1757,125,0,0,0,1757,121,0,0;       441P    266
508,4,0,1757,145,0,0,0,1757,146,0,0,0,1757,147,0,0,0,1757,148,0,     443P    267
0;                                                                   443P    268
508,4,0,1757,149,0,0,0,1757,148,1,0,0,1757,150,0,0,0,1757,151,0,     445P    269
0;                                                                   445P    270
508,4,0,1757,152,0,0,0,1757,151,1,0,0,1757,153,0,0,0,1757,154,0,     447P    271
0;                                                                   447P    272
508,4,0,1757,155,1,0,0,1757,154,1,0,0,1757,156,0,0,0,1757,157,0,     449P    273
0;                                                                   449P    274
508,4,0,1757,158,0,0,0,1757,157,1,0,0,1757,159,0,0,0,1757,160,0,     451P    275
0;                                                                   451P    276
508,4,0,1757,161,1,0,0,1757,160,1,0,0,1757,162,0,0,0,1757,163,0,     453P    277
0;                                                                   453P    278
508,4,0,1757,164,0,0,0,1757,163,1,0,0,1757,165,0,0,0,1757,166,0,     455P    279
0;                                                                   455P    280
508,8,0,1757,165,1,0,0,1757,162,1,0,0,1757,159,1,0,0,1757,156,1,     457P    281
0,0,1757,153,1,0,0,1757,150,1,0,0,1757,147,1,0,0,1757,167,0,0;       457P    282
508,8,0,1757,164,1,0,0,1757,168,0,0,0,1757,145,1,0,0,1757,149,1,     459P    283
0,0,1757,152,1,0,0,1757,155,0,0,0,1757,158,1,0,0,1757,161,0,0;       459P    284
508,4,0,1757,169,0,0,0,1757,170,1,0,0,1757,171,0,0,0,1757,172,0,     461P    285
0;                                                                   461P    286
508,4,0,1757,173,0,0,0,1757,172,1,0,0,1757,174,0,0,0,1757,175,0,     463P    287
0;                                                                   463P    288
508,4,0,1757,176,0,0,0,1757,177,0,0,0,1757,178,0,0,0,1757,179,0,     465P    289
0;                                                                   465P    290
508,4,0,1757,180,1,0,0,1757,179,1,0,0,1757,181,0,0,0,1757,182,0,     467P    291
0;                                                                   467P    292
508,4,0,1757,183,0,0,0,1757,182,1,0,0,1757,184,0,0,0,1757,185,0,     469P    293
0;                                                                   469P    294
508,4,0,1757,186,1,0,0,1757,185,1,0,0,1757,187,0,0,0,1757,188,0,     471P    295
0;                                                                   471P    296
508,4,0,1757,189,0,0,0,1757,188,1,0,0,1757,190,0,0,0,1757,170,0,     473P    297
0;                                                                   473P    298
508,8,0,1757,190,1,0,0,1757,187,1,0,0,1757,184,1,0,0,1757,181,1,     475P    299
0,0,1757,178,1,0,0,1757,191,0,0,0,1757,174,1,0,0,1757,171,1,0;       475P    300
508,8,0,1757,189,1,0,0,1757,169,1,0,0,1757,173,1,0,0,1757,192,0,     477P    301
0,0,1757,176,1,0,0,1757,180,0,0,0,1757,183,1,0,0,1757,186,0,0;       477P    302
508,4,0,1757,193,1,0,0,1757,194,1,0,0,1757,195,1,0,0,1757,196,1,     479P    303
0;                                                                   479P    304
508,4,0,1757,22,1,0,0,1757,23,1,0,0,1757,2,1,0,0,1757,24,1,0;        481P    305
508,4,0,1757,33,1,0,0,1757,48,1,0,0,1757,31,1,0,0,1757,47,1,0;       483P    306
508,4,0,1757,69,1,0,0,1757,72,1,0,0,1757,52,1,0,0,1757,71,1,0;       485P    307
508,4,0,1757,83,1,0,0,1757,95,1,0,0,1757,78,1,0,0,1757,96,1,0;       487P    308
508,4,0,1757,117,1,0,0,1757,120,1,0,0,1757,100,1,0,0,1757,119,1,     489P    309
0;                                                                   489P    310
508,4,0,1757,131,1,0,0,1757,143,1,0,0,1757,126,1,0,0,1757,144,1,     491P    311
0;                                                                   491P    312
508,4,0,1757,166,1,0,0,1757,167,1,0,0,1757,146,1,0,0,1757,168,1,     493P    313
0;                                                                   493P    314
508,4,0,1757,177,1,0,0,1757,192,1,0,0,1757,175,1,0,0,1757,191,1,     495P    315
0;                                                                   495P    316
508,4,0,1757,197,0,0,0,1757,198,0,0,0,1757,195,0,0,0,1757,199,1,     497P    317
0;                                                                   497P    318
508,4,0,1757,200,0,0,0,1757,201,0,0,0,1757,196,0,0,0,1757,198,1,     499P    319
0;                                                                   499P    320
508,4,0,1757,202,0,0,0,1757,199,0,0,0,1757,194,0,0,0,1757,203,1,     501P    321
0;                                                                   501P    322
508,4,0,1757,204,0,0,0,1757,203,0,0,0,1757,193,0,0,0,1757,201,1,     503P    323
0;                                                                   503P    324
508,4,0,1757,202,1,0,0,1757,204,1,0,0,1757,200,1,0,0,1757,197,1,     505P    325
0;                                                                   505P    326
508,4,0,1759,1,0,0,0,1759,2,0,0,0,1759,3,0,0,0,1759,4,1,0;           507P    327
508,4,0,1759,5,0,0,0,1759,6,0,0,0,1759,7,0,0,0,1759,8,1,0;           509P    328
508,4,0,1759,9,0,0,0,1759,4,0,0,0,1759,10,0,0,0,1759,11,1,0;         511P    329
508,4,0,1759,12,0,0,0,1759,8,0,0,0,1759,13,0,0,0,1759,14,1,0;        513P    330
508,4,0,1759,15,0,0,0,1759,16,0,0,0,1759,17,0,0,0,1759,2,1,0;        515P    331
508,4,0,1759,18,0,0,0,1759,11,0,0,0,1759,19,0,0,0,1759,16,1,0;       517P    332
508,4,0,1759,20,0,0,0,1759,14,0,0,0,1759,21,0,0,0,1759,22,1,0;       519P    333
508,4,0,1759,23,0,0,0,1759,22,0,0,0,1759,24,0,0,0,1759,6,1,0;        521P    334
508,4,0,1759,25,0,0,0,1759,26,0,0,0,1759,27,0,0,0,1759,28,0,0;       523P    335
508,12,0,1759,27,1,0,0,1759,29,1,0,0,1759,30,0,0,0,1759,31,1,0,      525P    336
0,1759,32,1,0,0,1759,33,1,0,0,1759,34,1,0,0,1759,35,1,0,0,1759,      525P    337
36,1,0,0,1759,37,1,0,0,1759,38,0,0,0,1759,39,0,0;                    525P    338
508,4,0,1759,40,1,0,0,1759,41,1,0,0,1759,42,1,0,0,1759,43,1,0;       527P    339
508,4,0,1759,44,1,0,0,1759,45,1,0,0,1759,46,1,0,0,1759,47,1,0;       529P    340
508,4,0,1759,26,1,0,0,1759,48,1,0,0,1759,49,0,0,0,1759,29,0,0;       531P    341
508,4,0,1759,20,1,0,0,1759,23,1,0,0,1759,5,1,0,0,1759,12,1,0;        533P    342
508,8,0,1759,50,0,0,0,1759,36,0,0,0,1759,51,1,0,0,1759,52,1,0,0,     535P    343
1759,53,0,0,0,1759,32,0,0,0,1759,54,1,0,0,1759,55,0,0;               535P    344
508,8,0,1759,56,1,0,0,1759,30,1,0,0,1759,49,1,0,0,1759,57,1,0,0,     537P    345
1759,58,1,0,0,1759,38,1,0,0,1759,59,1,0,0,1759,60,1,0;               537P    346
508,4,0,1759,40,0,0,0,1759,61,1,0,0,1759,62,1,0,0,1759,63,0,0;       539P    347
508,4,0,1759,64,0,0,0,1759,65,0,0,0,1759,66,0,0,0,1759,67,0,0;       541P    348
508,4,0,1759,43,0,0,0,1759,68,1,0,0,1759,69,1,0,0,1759,61,0,0;       543P    349
508,4,0,1759,42,0,0,0,1759,70,1,0,0,1759,71,1,0,0,1759,68,0,0;       545P    350
508,4,0,1759,72,0,0,0,1759,73,0,0,0,1759,74,0,0,0,1759,75,0,0;       547P    351
508,4,0,1759,41,0,0,0,1759,63,1,0,0,1759,76,1,0,0,1759,70,0,0;       549P    352
508,4,0,1759,76,0,0,0,1759,62,0,0,0,1759,69,0,0,0,1759,71,0,0;       551P    353
508,4,0,1759,44,0,0,0,1759,77,1,0,0,1759,78,1,0,0,1759,79,0,0;       553P    354
508,4,0,1759,80,0,0,0,1759,81,0,0,0,1759,82,0,0,0,1759,83,0,0;       555P    355
508,4,0,1759,47,0,0,0,1759,84,1,0,0,1759,85,1,0,0,1759,77,0,0;       557P    356
508,4,0,1759,46,0,0,0,1759,86,1,0,0,1759,87,1,0,0,1759,84,0,0;       559P    357
508,4,0,1759,88,0,0,0,1759,89,0,0,0,1759,90,0,0,0,1759,91,0,0;       561P    358
508,4,0,1759,45,0,0,0,1759,79,1,0,0,1759,92,1,0,0,1759,86,0,0;       563P    359
508,4,0,1759,92,0,0,0,1759,78,0,0,0,1759,85,0,0,0,1759,87,0,0;       565P    360
508,4,0,1759,35,0,0,0,1759,93,1,0,0,1759,94,1,0,0,1759,51,0,0;       567P    361
508,4,0,1759,34,0,0,0,1759,95,1,0,0,1759,96,1,0,0,1759,93,0,0;       569P    362
508,4,0,1759,97,0,0,0,1759,98,0,0,0,1759,99,0,0,0,1759,100,0,0;      571P    363
508,4,0,1759,33,0,0,0,1759,53,1,0,0,1759,101,1,0,0,1759,95,0,0;      573P    364
508,4,0,1759,101,0,0,0,1759,52,0,0,0,1759,94,0,0,0,1759,96,0,0;      575P    365
508,4,0,1759,50,1,0,0,1759,102,1,0,0,1759,59,0,0,0,1759,37,0,0;      577P    366
508,4,0,1759,89,1,0,0,1759,103,1,0,0,1759,100,1,0,0,1759,104,0,      579P    367
0;                                                                   579P    368
508,4,0,1759,75,1,0,0,1759,105,0,0,0,1759,106,1,0,0,1759,107,1,      581P    369
0;                                                                   581P    370
508,4,0,1759,65,1,0,0,1759,108,1,0,0,1759,83,1,0,0,1759,109,0,0;     583P    371
508,4,0,1759,18,1,0,0,1759,15,1,0,0,1759,1,1,0,0,1759,9,1,0;         585P    372
508,4,0,1759,90,1,0,0,1759,104,1,0,0,1759,99,1,0,0,1759,110,0,0;     587P    373
508,4,0,1759,74,1,0,0,1759,111,0,0,0,1759,112,1,0,0,1759,105,1,      589P    374
0;                                                                   589P    375
508,4,0,1759,66,1,0,0,1759,109,1,0,0,1759,82,1,0,0,1759,113,0,0;     591P    376
508,4,0,1759,73,1,0,0,1759,114,0,0,0,1759,115,1,0,0,1759,111,1,      593P    377
0;                                                                   593P    378
508,4,0,1759,54,0,0,0,1759,31,0,0,0,1759,56,0,0,0,1759,116,0,0;      595P    379
508,4,0,1759,91,1,0,0,1759,110,1,0,0,1759,98,1,0,0,1759,117,0,0;     597P    380
508,4,0,1759,55,1,0,0,1759,116,1,0,0,1759,60,0,0,0,1759,102,0,0;     599P    381
508,4,0,1759,88,1,0,0,1759,117,1,0,0,1759,97,1,0,0,1759,103,0,0;     601P    382
508,4,0,1759,72,1,0,0,1759,107,0,0,0,1759,118,1,0,0,1759,114,1,      603P    383
0;                                                                   603P    384
508,4,0,1759,64,1,0,0,1759,119,1,0,0,1759,80,1,0,0,1759,108,0,0;     605P    385
508,4,0,1759,67,1,0,0,1759,113,1,0,0,1759,81,1,0,0,1759,119,0,0;     607P    386
508,4,0,1759,21,1,0,0,1759,13,1,0,0,1759,7,1,0,0,1759,24,1,0;        609P    387
508,4,0,1759,106,0,0,0,1759,112,0,0,0,1759,115,0,0,0,1759,118,0,     611P    388
0;                                                                   611P    389
508,4,0,1759,25,1,0,0,1759,120,1,0,0,1759,57,0,0,0,1759,48,0,0;      613P    390
508,4,0,1759,28,1,0,0,1759,39,1,0,0,1759,58,0,0,0,1759,120,0,0;      615P    391
508,4,0,1759,19,1,0,0,1759,10,1,0,0,1759,3,1,0,0,1759,17,1,0;        617P    392
508,4,0,1761,1,0,0,0,1761,2,1,0,0,1761,3,0,0,0,1761,4,0,0;           619P    393
508,4,0,1761,5,0,0,0,1761,4,1,0,0,1761,6,0,0,0,1761,7,0,0;           621P    394
508,4,0,1761,8,1,0,0,1761,7,1,0,0,1761,9,0,0,0,1761,10,0,0;          623P    395
508,4,0,1761,11,1,0,0,1761,10,1,0,0,1761,12,0,0,0,1761,13,0,0;       625P    396
508,4,0,1761,14,1,0,0,1761,13,1,0,0,1761,15,0,0,0,1761,16,0,0;       627P    397
508,4,0,1761,17,1,0,0,1761,16,1,0,0,1761,18,0,0,0,1761,19,0,0;       629P    398
508,4,0,1761,20,1,0,0,1761,19,1,0,0,1761,21,0,0,0,1761,22,0,0;       631P    399
508,4,0,1761,23,0,0,0,1761,22,1,0,0,1761,24,0,0,0,1761,25,0,0;       633P    400
508,4,0,1761,26,0,0,0,1761,25,1,0,0,1761,27,0,0,0,1761,28,0,0;       635P    401
508,4,0,1761,29,0,0,0,1761,28,1,0,0,1761,30,0,0,0,1761,31,0,0;       637P    402
508,4,0,1761,32,1,0,0,1761,31,1,0,0,1761,33,0,0,0,1761,34,0,0;       639P    403
508,4,0,1761,35,1,0,0,1761,34,1,0,0,1761,36,0,0,0,1761,37,0,0;       641P    404
508,4,0,1761,38,1,0,0,1761,37,1,0,0,1761,39,0,0,0,1761,40,0,0;       643P    405
508,4,0,1761,41,0,0,0,1761,40,1,0,0,1761,42,0,0,0,1761,2,0,0;        645P    406
508,14,0,1761,42,1,0,0,1761,39,1,0,0,1761,36,1,0,0,1761,33,1,0,      647P    407
0,1761,30,1,0,0,1761,27,1,0,0,1761,24,1,0,0,1761,21,1,0,0,1761,      647P    408
18,1,0,0,1761,15,1,0,0,1761,12,1,0,0,1761,9,1,0,0,1761,6,1,0,0,      647P    409
1761,3,1,0;                                                          647P    410
508,14,0,1761,41,1,0,0,1761,1,1,0,0,1761,5,1,0,0,1761,8,0,0,0,       649P    411
1761,11,0,0,0,1761,14,0,0,0,1761,17,0,0,0,1761,20,0,0,0,1761,23,     649P    412
1,0,0,1761,26,1,0,0,1761,29,1,0,0,1761,32,0,0,0,1761,35,0,0,0,       649P    413
1761,38,0,0;                                                         649P    414
508,4,0,1763,1,0,0,0,1763,2,1,0,0,1763,3,0,0,0,1763,4,0,0;           651P    415
508,4,0,1763,5,0,0,0,1763,4,1,0,0,1763,6,0,0,0,1763,7,0,0;           653P    416
508,4,0,1763,8,0,0,0,1763,7,1,0,0,1763,9,0,0,0,1763,10,0,0;          655P    417
508,4,0,1763,11,1,0,0,1763,9,1,0,0,1763,6,1,0,0,1763,3,1,0;          657P    418
508,4,0,1763,12,0,0,0,1763,13,1,0,0,1763,14,0,0,0,1763,15,0,0;       659P    419
508,4,0,1763,16,0,0,0,1763,15,1,0,0,1763,17,0,0,0,1763,18,0,0;       661P    420
508,8,0,1763,19,0,0,0,1763,18,1,0,0,1763,20,0,0,0,1763,10,1,0,0,     663P    421
1763,11,0,0,0,1763,2,0,0,0,1763,21,0,0,0,1763,22,0,0;                663P    422
508,4,0,1763,23,0,0,0,1763,22,1,0,0,1763,24,0,0,0,1763,13,0,0;       665P    423
508,8,0,1763,8,1,0,0,1763,20,1,0,0,1763,17,1,0,0,1763,14,1,0,0,      667P    424
1763,24,1,0,0,1763,21,1,0,0,1763,1,1,0,0,1763,5,1,0;                 667P    425
508,4,0,1763,23,1,0,0,1763,12,1,0,0,1763,16,1,0,0,1763,19,1,0;       669P    426
126,1,1,0,0,1,0,0.,0.,0.52,0.52,1.,1.,45.5683428515467,              671P    427
-3.85185988877447D-33,12.0960647138086,45.5683428515467,-5.2,        671P    428
12.0960647138086,0.,0.52,0.,0.,0.;                                   671P    429
126,1,1,0,0,1,0,-0.91,-0.91,-0.51,-0.51,1.,1.,45.5683428515467,      673P    430
0.,8.09606471380858,45.5683428515467,0.,12.0960647138086,-0.91,      673P    431
-0.51,0.,0.,0.;                                                      673P    432
126,1,1,0,0,1,0,-0.52,-0.52,0.,0.,1.,1.,45.5683428515467,-5.2,       675P    433
8.09606471380858,45.5683428515467,-3.85185988877447D-33,             675P    434
8.09606471380858,-0.52,0.,0.,0.,0.;                                  675P    435
126,1,1,0,0,1,0,0.,0.,0.4,0.4,1.,1.,45.5683428515467,-5.2,           677P    436
12.0960647138086,45.5683428515467,-5.2,8.09606471380858,0.,0.4,      677P    437
0.,0.,0.;                                                            677P    438
126,1,1,0,0,1,0,0.,0.,0.1,0.1,1.,1.,45.5683428515467,-5.2,           679P    439
12.0960647138086,44.5683428515467,-5.2,12.0960647138086,0.,0.1,      679P    440
0.,0.,0.;                                                            679P    441
126,1,1,0,0,1,0,-0.1,-0.1,0.,0.,1.,1.,44.5683428515467,-5.2,         681P    442
8.09606471380858,45.5683428515467,-5.2,8.09606471380858,-0.1,0.,     681P    443
0.,0.,0.;                                                            681P    444
126,1,1,0,0,1,0,0.,0.,0.4,0.4,1.,1.,44.5683428515467,-5.2,           683P    445
12.0960647138086,44.5683428515467,-5.2,8.09606471380858,0.,0.4,      683P    446
0.,0.,0.;                                                            683P    447
126,1,1,0,0,1,0,0.,0.,0.087840765023991,0.087840765023991,1.,1.,     685P    448
44.5683428515467,-5.2,12.0960647138086,45.1017741741233,             685P    449
-5.89789040980238,12.0960647138086,0.,0.087840765023991,0.,0.,       685P    450
0.;                                                                  685P    451
126,1,1,0,0,1,0,-0.087840765023991,-0.087840765023991,0.,0.,1.,      687P    452
1.,45.1017741741233,-5.89789040980238,8.09606471380858,              687P    453
44.5683428515467,-5.2,8.09606471380858,-0.087840765023991,0.,0.,     687P    454
0.,0.;                                                               687P    455
126,1,1,0,0,1,0,0.,0.,0.4,0.4,1.,1.,45.1017741741233,                689P    456
-5.89789040980238,12.0960647138086,45.1017741741233,                 689P    457
-5.89789040980238,8.09606471380858,0.,0.4,0.,0.,0.;                  689P    458
126,2,2,0,0,0,0,0.,0.,0.,0.918175393938636,0.918175393938636,        691P    459
0.918175393938636,1.,0.896457139781917,1.,45.3083428515467,-6.,      691P    460
12.0960647138086,45.1798214620382,-6.,12.0960647138086,              691P    461
45.1017741741233,-5.89789040980238,12.0960647138086,0.,              691P    462
0.918175393938636,0.,0.,0.;                                          691P    463
126,2,2,0,0,0,0,0.,0.,0.,0.918175393938636,0.918175393938636,        693P    464
0.918175393938636,1.,0.896457139781917,1.,45.3083428515467,-6.,      693P    465
8.09606471380858,45.1798214620382,-6.,8.09606471380858,              693P    466
45.1017741741233,-5.89789040980238,8.09606471380858,0.,              693P    467
0.918175393938636,0.,0.,0.;                                          693P    468
126,1,1,0,0,1,0,0.,0.,0.4,0.4,1.,1.,45.3083428515467,-6.,            695P    469
12.0960647138086,45.3083428515467,-6.,8.09606471380858,0.,0.4,       695P    470
0.,0.,0.;                                                            695P    471
126,1,1,0,0,1,0,0.,0.,0.08,0.08,1.,1.,45.3083428515467,-6.,          697P    472
12.0960647138086,46.1083428515467,-6.,12.0960647138086,0.,0.08,      697P    473
0.,0.,0.;                                                            697P    474
126,1,1,0,0,1,0,-0.08,-0.08,0.,0.,1.,1.,46.1083428515467,-6.,        699P    475
8.09606471380858,45.3083428515467,-6.,8.09606471380858,-0.08,0.,     699P    476
0.,0.,0.;                                                            699P    477
126,1,1,0,0,1,0,0.,0.,0.4,0.4,1.,1.,46.1083428515467,-6.,            701P    478
12.0960647138086,46.1083428515467,-6.,8.09606471380858,0.,0.4,       701P    479
0.,0.,0.;                                                            701P    480
126,2,2,0,0,0,0,0.,0.,0.,1.5707963267949,1.5707963267949,            703P    481
1.5707963267949,1.,0.707106781186597,1.,46.3683428515467,-5.74,      703P    482
12.0960647138086,46.3683428515467,-6.,12.0960647138086,              703P    483
46.1083428515467,-6.,12.0960647138086,0.,1.5707963267949,0.,0.,      703P    484
0.;                                                                  703P    485
126,2,2,0,0,0,0,0.,0.,0.,1.5707963267949,1.5707963267949,            705P    486
1.5707963267949,1.,0.707106781186597,1.,46.3683428515467,-5.74,      705P    487
8.09606471380858,46.3683428515467,-6.,8.09606471380858,              705P    488
46.1083428515467,-6.,8.09606471380858,0.,1.5707963267949,0.,0.,      705P    489
0.;                                                                  705P    490
126,1,1,0,0,1,0,0.,0.,0.4,0.4,1.,1.,46.3683428515467,-5.74,          707P    491
12.0960647138086,46.3683428515467,-5.74,8.09606471380858,0.,0.4,     707P    492
0.,0.,0.;                                                            707P    493
126,1,1,0,0,1,0,0.,0.,0.574,0.574,1.,1.,46.3683428515467,-5.74,      709P    494
12.0960647138086,46.3683428515467,0.,12.0960647138086,0.,0.574,      709P    495
0.,0.,0.;                                                            709P    496
126,1,1,0,0,1,0,-0.574,-0.574,0.,0.,1.,1.,46.3683428515467,0.,       711P    497
8.09606471380858,46.3683428515467,-5.74,8.09606471380858,-0.574,     711P    498
0.,0.,0.,0.;                                                         711P    499
126,1,1,0,0,1,0,0.51,0.51,0.91,0.91,1.,1.,46.3683428515467,0.,       713P    500
12.0960647138086,46.3683428515467,0.,8.09606471380858,0.51,0.91,     713P    501
0.,0.,0.;                                                            713P    502
126,1,1,0,0,1,0,-1.085,-1.085,-1.005,-1.005,1.,1.,                   715P    503
46.3683428515467,0.,8.09606471380858,45.5683428515467,0.,            715P    504
8.09606471380858,-1.085,-1.005,0.,0.,0.;                             715P    505
126,1,1,0,0,1,0,1.005,1.005,1.085,1.085,1.,1.,45.5683428515467,      717P    506
0.,12.0960647138086,46.3683428515467,0.,12.0960647138086,1.005,      717P    507
1.085,0.,0.,0.;                                                      717P    508
126,1,1,0,0,1,0,0.,0.,0.1,0.1,1.,1.,50.5683428515467,-5.2,           719P    509
12.0960647138086,49.5683428515467,-5.2,12.0960647138086,0.,0.1,      719P    510
0.,0.,0.;                                                            719P    511
126,1,1,0,0,1,0,0.,0.,0.4,0.4,1.,1.,50.5683428515467,-5.2,           721P    512
12.0960647138086,50.5683428515467,-5.2,8.09606471380858,0.,0.4,      721P    513
0.,0.,0.;                                                            721P    514
126,1,1,0,0,1,0,-0.1,-0.1,0.,0.,1.,1.,49.5683428515467,-5.2,         723P    515
8.09606471380858,50.5683428515467,-5.2,8.09606471380858,-0.1,0.,     723P    516
0.,0.,0.;                                                            723P    517
126,1,1,0,0,1,0,0.,0.,0.4,0.4,1.,1.,49.5683428515467,-5.2,           725P    518
12.0960647138086,49.5683428515467,-5.2,8.09606471380858,0.,0.4,      725P    519
0.,0.,0.;                                                            725P    520
126,1,1,0,0,1,0,0.,0.,0.52,0.52,1.,1.,49.5683428515467,-5.2,         727P    521
12.0960647138086,49.5683428515467,0.,12.0960647138086,0.,0.52,       727P    522
0.,0.,0.;                                                            727P    523
126,1,1,0,0,1,0,-0.52,-0.52,0.,0.,1.,1.,49.5683428515467,0.,         729P    524
8.09606471380858,49.5683428515467,-5.2,8.09606471380858,-0.52,       729P    525
0.,0.,0.,0.;                                                         729P    526
126,1,1,0,0,1,0,0.51,0.51,0.91,0.91,1.,1.,49.5683428515467,0.,       731P    527
12.0960647138086,49.5683428515467,0.,8.09606471380858,0.51,0.91,     731P    528
0.,0.,0.;                                                            731P    529
126,1,1,0,0,1,0,0.,0.,0.574000000000026,0.574000000000026,1.,1.,     733P    530
48.7683428515467,-4.89858719658941D-17,12.0960647138086,             733P    531
48.7683428515467,-5.74000000000026,12.0960647138086,0.,              733P    532
0.574000000000026,0.,0.,0.;                                          733P    533
126,1,1,0,0,1,0,-0.91,-0.91,-0.51,-0.51,1.,1.,48.7683428515467,      735P    534
0.,8.09606471380858,48.7683428515467,0.,12.0960647138086,-0.91,      735P    535
-0.51,0.,0.,0.;                                                      735P    536
126,1,1,0,0,1,0,-0.574000000000026,-0.574000000000026,0.,0.,1.,      737P    537
1.,48.7683428515467,-5.74000000000026,8.09606471380858,              737P    538
48.7683428515467,-4.89858719658941D-17,8.09606471380858,             737P    539
-0.574000000000026,0.,0.,0.,0.;                                      737P    540
126,1,1,0,0,1,0,0.,0.,0.4,0.4,1.,1.,48.7683428515467,                739P    541
-5.74000000000026,12.0960647138086,48.7683428515467,                 739P    542
-5.74000000000026,8.09606471380858,0.,0.4,0.,0.,0.;                  739P    543
126,2,2,0,0,0,0,0.,0.,0.,1.5707963267949,1.5707963267949,            741P    544
1.5707963267949,1.,0.707106781186532,1.,49.0283428515464,-6.,        741P    545
12.0960647138086,48.7683428515467,-6.,12.0960647138086,              741P    546
48.7683428515467,-5.74000000000026,12.0960647138086,0.,              741P    547
1.5707963267949,0.,0.,0.;                                            741P    548
126,2,2,0,0,0,0,0.,0.,0.,1.5707963267949,1.5707963267949,            743P    549
1.5707963267949,1.,0.707106781186532,1.,49.0283428515464,-6.,        743P    550
8.09606471380858,48.7683428515467,-6.,8.09606471380858,              743P    551
48.7683428515467,-5.74000000000026,8.09606471380858,0.,              743P    552
1.5707963267949,0.,0.,0.;                                            743P    553
126,1,1,0,0,1,0,0.,0.,0.4,0.4,1.,1.,49.0283428515464,-6.,            745P    554
12.0960647138086,49.0283428515464,-6.,8.09606471380858,0.,0.4,       745P    555
0.,0.,0.;                                                            745P    556
126,1,1,0,0,1,0,0.,0.,0.08,0.08,1.,1.,49.0283428515464,-6.,          747P    557
12.0960647138086,49.8283428515464,-6.,12.0960647138086,0.,0.08,      747P    558
0.,0.,0.;                                                            747P    559
126,1,1,0,0,1,0,-0.08,-0.08,0.,0.,1.,1.,49.8283428515464,-6.,        749P    560
8.09606471380858,49.0283428515464,-6.,8.09606471380858,-0.08,0.,     749P    561
0.,0.,0.;                                                            749P    562
126,1,1,0,0,1,0,0.,0.,0.4,0.4,1.,1.,49.8283428515464,-6.,            751P    563
12.0960647138086,49.8283428515464,-6.,8.09606471380858,0.,0.4,       751P    564
0.,0.,0.;                                                            751P    565
126,2,2,0,0,0,0,0.,0.,0.,0.9181753939384,0.9181753939384,            753P    566
0.9181753939384,1.,0.896457139781974,1.,50.0349115289698,            753P    567
-5.89789040980243,12.0960647138086,49.9568642410549,-6.,             753P    568
12.0960647138086,49.8283428515464,-6.,12.0960647138086,0.,           753P    569
0.9181753939384,0.,0.,0.;                                            753P    570
126,2,2,0,0,0,0,0.,0.,0.,0.9181753939384,0.9181753939384,            755P    571
0.9181753939384,1.,0.896457139781974,1.,50.0349115289698,            755P    572
-5.89789040980243,8.09606471380858,49.9568642410549,-6.,             755P    573
8.09606471380858,49.8283428515464,-6.,8.09606471380858,0.,           755P    574
0.9181753939384,0.,0.,0.;                                            755P    575
126,1,1,0,0,1,0,0.,0.,0.4,0.4,1.,1.,50.0349115289698,                757P    576
-5.89789040980243,12.0960647138086,50.0349115289698,                 757P    577
-5.89789040980243,8.09606471380858,0.,0.4,0.,0.,0.;                  757P    578
126,1,1,0,0,1,0,0.,0.,0.0878407650240132,0.0878407650240132,1.,      759P    579
1.,50.0349115289698,-5.89789040980243,12.0960647138086,              759P    580
50.5683428515467,-5.2,12.0960647138086,0.,0.0878407650240132,0.,     759P    581
0.,0.;                                                               759P    582
126,1,1,0,0,1,0,-0.0878407650240132,-0.0878407650240132,             761P    583
1.38777878078145D-17,1.38777878078145D-17,1.,1.,                     761P    584
50.5683428515467,-5.2,8.09606471380858,50.0349115289698,             761P    585
-5.89789040980243,8.09606471380858,-0.0878407650240132,              761P    586
1.38777878078145D-17,0.,0.,0.;                                       761P    587
126,1,1,0,0,1,0,-1.195,-1.195,-1.115,-1.115,1.,1.,                   763P    588
49.5683428515467,0.,8.09606471380858,48.7683428515467,0.,            763P    589
8.09606471380858,-1.195,-1.115,0.,0.,0.;                             763P    590
126,1,1,0,0,1,0,1.115,1.115,1.195,1.195,1.,1.,48.7683428515467,      765P    591
0.,12.0960647138086,49.5683428515467,0.,12.0960647138086,1.115,      765P    592
1.195,0.,0.,0.;                                                      765P    593
126,1,1,0,0,1,0,0.,0.,0.52,0.52,1.,1.,5.56834285154671,              767P    594
-3.85185988877447D-33,12.0960647138086,5.56834285154671,-5.2,        767P    595
12.0960647138086,0.,0.52,0.,0.,0.;                                   767P    596
126,1,1,0,0,1,0,0.,0.,0.4,0.4,1.,1.,5.56834285154671,-5.2,           769P    597
12.0960647138086,5.56834285154671,-5.2,8.09606471380858,0.,0.4,      769P    598
0.,0.,0.;                                                            769P    599
126,1,1,0,0,1,0,-0.52,-0.52,0.,0.,1.,1.,5.56834285154671,-5.2,       771P    600
8.09606471380858,5.56834285154671,-3.85185988877447D-33,             771P    601
8.09606471380858,-0.52,0.,0.,0.,0.;                                  771P    602
126,1,1,0,0,1,0,0.51,0.51,0.91,0.91,1.,1.,5.56834285154671,0.,       773P    603
12.0960647138086,5.56834285154671,0.,8.09606471380858,0.51,0.91,     773P    604
0.,0.,0.;                                                            773P    605
126,1,1,0,0,1,0,0.,0.,0.1,0.1,1.,1.,5.56834285154671,-5.2,           775P    606
12.0960647138086,6.56834285154671,-5.2,12.0960647138086,0.,0.1,      775P    607
0.,0.,0.;                                                            775P    608
126,1,1,0,0,1,0,0.,0.,0.4,0.4,1.,1.,6.56834285154671,-5.2,           777P    609
12.0960647138086,6.56834285154671,-5.2,8.09606471380858,0.,0.4,      777P    610
0.,0.,0.;                                                            777P    611
126,1,1,0,0,1,0,-0.1,-0.1,0.,0.,1.,1.,6.56834285154671,-5.2,         779P    612
8.09606471380858,5.56834285154671,-5.2,8.09606471380858,-0.1,0.,     779P    613
0.,0.,0.;                                                            779P    614
126,1,1,0,0,1,0,0.,0.,0.087840765023991,0.087840765023991,1.,1.,     781P    615
6.56834285154671,-5.2,12.0960647138086,6.03491152897007,             781P    616
-5.89789040980238,12.0960647138086,0.,0.087840765023991,0.,0.,       781P    617
0.;                                                                  781P    618
126,1,1,0,0,1,0,0.,0.,0.4,0.4,1.,1.,6.03491152897007,                783P    619
-5.89789040980238,12.0960647138086,6.03491152897007,                 783P    620
-5.89789040980238,8.09606471380858,0.,0.4,0.,0.,0.;                  783P    621
126,1,1,0,0,1,0,-0.087840765023991,-0.087840765023991,0.,0.,1.,      785P    622
1.,6.03491152897007,-5.89789040980238,8.09606471380858,              785P    623
6.56834285154671,-5.2,8.09606471380858,-0.087840765023991,0.,0.,     785P    624
0.,0.;                                                               785P    625
126,2,2,0,0,0,0,0.,0.,0.,0.918175393938636,0.918175393938636,        787P    626
0.918175393938636,1.,0.896457139781993,1.,5.82834285154671,-6.,      787P    627
12.0960647138086,5.95686424105519,-6.,12.0960647138086,              787P    628
6.03491152897007,-5.89789040980238,12.0960647138086,0.,              787P    629
0.918175393938636,0.,0.,0.;                                          787P    630
126,1,1,0,0,1,0,0.,0.,0.4,0.4,1.,1.,5.82834285154671,-6.,            789P    631
12.0960647138086,5.82834285154671,-6.,8.09606471380858,0.,0.4,       789P    632
0.,0.,0.;                                                            789P    633
126,2,2,0,0,0,0,0.,0.,0.,0.918175393938636,0.918175393938636,        791P    634
0.918175393938636,1.,0.896457139781993,1.,5.82834285154671,-6.,      791P    635
8.09606471380858,5.95686424105519,-6.,8.09606471380858,              791P    636
6.03491152897007,-5.89789040980238,8.09606471380858,0.,              791P    637
0.918175393938636,0.,0.,0.;                                          791P    638
126,1,1,0,0,1,0,0.,0.,0.08,0.08,1.,1.,5.82834285154671,-6.,          793P    639
12.0960647138086,5.02834285154671,-6.,12.0960647138086,0.,0.08,      793P    640
0.,0.,0.;                                                            793P    641
126,1,1,0,0,1,0,0.,0.,0.4,0.4,1.,1.,5.02834285154671,-6.,            795P    642
12.0960647138086,5.02834285154671,-6.,8.09606471380858,0.,0.4,       795P    643
0.,0.,0.;                                                            795P    644
126,1,1,0,0,1,0,-0.08,-0.08,0.,0.,1.,1.,5.02834285154671,-6.,        797P    645
8.09606471380858,5.82834285154671,-6.,8.09606471380858,-0.08,0.,     797P    646
0.,0.,0.;                                                            797P    647
126,2,2,0,0,0,0,0.,0.,0.,1.5707963267949,1.5707963267949,            799P    648
1.5707963267949,1.,0.707106781186556,1.,4.76834285154671,-5.74,      799P    649
12.0960647138086,4.76834285154671,-6.,12.0960647138086,              799P    650
5.02834285154671,-6.,12.0960647138086,0.,1.5707963267949,0.,0.,      799P    651
0.;                                                                  799P    652
126,1,1,0,0,1,0,0.,0.,0.4,0.4,1.,1.,4.76834285154671,-5.74,          801P    653
12.0960647138086,4.76834285154671,-5.74,8.09606471380858,0.,0.4,     801P    654
0.,0.,0.;                                                            801P    655
126,2,2,0,0,0,0,0.,0.,0.,1.5707963267949,1.5707963267949,            803P    656
1.5707963267949,1.,0.707106781186556,1.,4.76834285154671,-5.74,      803P    657
8.09606471380858,4.76834285154671,-6.,8.09606471380858,              803P    658
5.02834285154671,-6.,8.09606471380858,0.,1.5707963267949,0.,0.,      803P    659
0.;                                                                  803P    660
126,1,1,0,0,1,0,0.,0.,0.574,0.574,1.,1.,4.76834285154671,-5.74,      805P    661
12.0960647138086,4.76834285154671,0.,12.0960647138086,0.,0.574,      805P    662
0.,0.,0.;                                                            805P    663
126,1,1,0,0,1,0,-0.91,-0.91,-0.51,-0.51,1.,1.,4.76834285154671,      807P    664
0.,8.09606471380858,4.76834285154671,0.,12.0960647138086,-0.91,      807P    665
-0.51,0.,0.,0.;                                                      807P    666
126,1,1,0,0,1,0,-0.574,-0.574,0.,0.,1.,1.,4.76834285154671,0.,       809P    667
8.09606471380858,4.76834285154671,-5.74,8.09606471380858,-0.574,     809P    668
0.,0.,0.,0.;                                                         809P    669
126,1,1,0,0,1,0,1.005,1.005,1.085,1.085,1.,1.,5.56834285154671,      811P    670
0.,8.09606471380858,4.76834285154671,0.,8.09606471380858,1.005,      811P    671
1.085,0.,0.,0.;                                                      811P    672
126,1,1,0,0,1,0,-1.085,-1.085,-1.005,-1.005,1.,1.,                   813P    673
4.76834285154671,0.,12.0960647138086,5.56834285154671,0.,            813P    674
12.0960647138086,-1.085,-1.005,0.,0.,0.;                             813P    675
126,1,1,0,0,1,0,0.,0.,0.1,0.1,1.,1.,0.568342851546707,-5.2,          815P    676
12.0960647138086,1.56834285154671,-5.2,12.0960647138086,0.,0.1,      815P    677
0.,0.,0.;                                                            815P    678
126,1,1,0,0,1,0,0.,0.,0.4,0.4,1.,1.,1.56834285154671,-5.2,           817P    679
12.0960647138086,1.56834285154671,-5.2,8.09606471380858,0.,0.4,      817P    680
0.,0.,0.;                                                            817P    681
126,1,1,0,0,1,0,-0.1,-0.1,0.,0.,1.,1.,1.56834285154671,-5.2,         819P    682
8.09606471380858,0.568342851546707,-5.2,8.09606471380858,-0.1,       819P    683
0.,0.,0.,0.;                                                         819P    684
126,1,1,0,0,1,0,0.,0.,0.4,0.4,1.,1.,0.568342851546707,-5.2,          821P    685
12.0960647138086,0.568342851546707,-5.2,8.09606471380858,0.,0.4,     821P    686
0.,0.,0.;                                                            821P    687
126,1,1,0,0,1,0,0.,0.,0.52,0.52,1.,1.,1.56834285154671,-5.2,         823P    688
12.0960647138086,1.56834285154671,0.,12.0960647138086,0.,0.52,       823P    689
0.,0.,0.;                                                            823P    690
126,1,1,0,0,1,0,-0.91,-0.91,-0.51,-0.51,1.,1.,1.56834285154671,      825P    691
0.,8.09606471380858,1.56834285154671,0.,12.0960647138086,-0.91,      825P    692
-0.51,0.,0.,0.;                                                      825P    693
126,1,1,0,0,1,0,-0.52,-0.52,0.,0.,1.,1.,1.56834285154671,0.,         827P    694
8.09606471380858,1.56834285154671,-5.2,8.09606471380858,-0.52,       827P    695
0.,0.,0.,0.;                                                         827P    696
126,1,1,0,0,1,0,0.,0.,0.574000000000026,0.574000000000026,1.,1.,     829P    697
2.36834285154671,-4.89858719658941D-17,12.0960647138086,             829P    698
2.36834285154671,-5.74000000000026,12.0960647138086,0.,              829P    699
0.574000000000026,0.,0.,0.;                                          829P    700
126,1,1,0,0,1,0,0.,0.,0.4,0.4,1.,1.,2.36834285154671,                831P    701
-5.74000000000026,12.0960647138086,2.36834285154671,                 831P    702
-5.74000000000026,8.09606471380858,0.,0.4,0.,0.,0.;                  831P    703
126,1,1,0,0,1,0,-0.574000000000026,-0.574000000000026,0.,0.,1.,      833P    704
1.,2.36834285154671,-5.74000000000026,8.09606471380858,              833P    705
2.36834285154671,-4.89858719658941D-17,8.09606471380858,             833P    706
-0.574000000000026,0.,0.,0.,0.;                                      833P    707
126,1,1,0,0,1,0,0.51,0.51,0.91,0.91,1.,1.,2.36834285154671,0.,       835P    708
12.0960647138086,2.36834285154671,0.,8.09606471380858,0.51,0.91,     835P    709
0.,0.,0.;                                                            835P    710
126,2,2,0,0,0,0,0.,0.,0.,1.5707963267949,1.5707963267949,            837P    711
1.5707963267949,1.,0.707106781186542,1.,2.10834285154697,-6.,        837P    712
12.0960647138086,2.36834285154671,-6.,12.0960647138086,              837P    713
2.36834285154671,-5.74000000000026,12.0960647138086,0.,              837P    714
1.5707963267949,0.,0.,0.;                                            837P    715
126,1,1,0,0,1,0,0.,0.,0.4,0.4,1.,1.,2.10834285154697,-6.,            839P    716
12.0960647138086,2.10834285154697,-6.,8.09606471380858,0.,0.4,       839P    717
0.,0.,0.;                                                            839P    718
126,2,2,0,0,0,0,0.,0.,0.,1.5707963267949,1.5707963267949,            841P    719
1.5707963267949,1.,0.707106781186542,1.,2.10834285154697,-6.,        841P    720
8.09606471380858,2.36834285154671,-6.,8.09606471380858,              841P    721
2.36834285154671,-5.74000000000026,8.09606471380858,0.,              841P    722
1.5707963267949,0.,0.,0.;                                            841P    723
126,1,1,0,0,1,0,0.,0.,0.08,0.08,1.,1.,2.10834285154697,-6.,          843P    724
12.0960647138086,1.30834285154697,-6.,12.0960647138086,0.,0.08,      843P    725
0.,0.,0.;                                                            843P    726
126,1,1,0,0,1,0,0.,0.,0.4,0.4,1.,1.,1.30834285154697,-6.,            845P    727
12.0960647138086,1.30834285154697,-6.,8.09606471380858,0.,0.4,       845P    728
0.,0.,0.;                                                            845P    729
126,1,1,0,0,1,0,-0.08,-0.08,0.,0.,1.,1.,1.30834285154697,-6.,        847P    730
8.09606471380858,2.10834285154697,-6.,8.09606471380858,-0.08,0.,     847P    731
0.,0.,0.;                                                            847P    732
126,2,2,0,0,0,0,0.,0.,0.,0.9181753939384,0.9181753939384,            849P    733
0.9181753939384,1.,0.896457139782067,1.,1.10177417412365,            849P    734
-5.89789040980243,12.0960647138086,1.17982146203852,-6.,             849P    735
12.0960647138086,1.30834285154697,-6.,12.0960647138086,0.,           849P    736
0.9181753939384,0.,0.,0.;                                            849P    737
126,1,1,0,0,1,0,0.,0.,0.4,0.4,1.,1.,1.10177417412365,                851P    738
-5.89789040980243,12.0960647138086,1.10177417412365,                 851P    739
-5.89789040980243,8.09606471380858,0.,0.4,0.,0.,0.;                  851P    740
126,2,2,0,0,0,0,0.,0.,0.,0.9181753939384,0.9181753939384,            853P    741
0.9181753939384,1.,0.896457139782067,1.,1.10177417412365,            853P    742
-5.89789040980243,8.09606471380858,1.17982146203852,-6.,             853P    743
8.09606471380858,1.30834285154697,-6.,8.09606471380858,0.,           853P    744
0.9181753939384,0.,0.,0.;                                            853P    745
126,1,1,0,0,1,0,0.,0.,0.0878407650240132,0.0878407650240132,1.,      855P    746
1.,1.10177417412365,-5.89789040980243,12.0960647138086,              855P    747
0.568342851546707,-5.2,12.0960647138086,0.,0.0878407650240132,       855P    748
0.,0.,0.;                                                            855P    749
126,1,1,0,0,1,0,-0.0878407650240132,-0.0878407650240132,0.,0.,       857P    750
1.,1.,0.568342851546707,-5.2,8.09606471380858,1.10177417412365,      857P    751
-5.89789040980243,8.09606471380858,-0.0878407650240132,0.,0.,0.,     857P    752
0.;                                                                  857P    753
126,1,1,0,0,1,0,1.115,1.115,1.195,1.195,1.,1.,2.36834285154671,      859P    754
0.,8.09606471380858,1.5683428515467,0.,8.09606471380858,1.115,       859P    755
1.195,0.,0.,0.;                                                      859P    756
126,1,1,0,0,1,0,-1.195,-1.195,-1.115,-1.115,1.,1.,                   861P    757
1.5683428515467,0.,12.0960647138086,2.36834285154671,0.,             861P    758
12.0960647138086,-1.195,-1.115,0.,0.,0.;                             861P    759
126,1,1,0,0,1,0,0.,0.,0.52,0.52,1.,1.,45.5683428515467,              863P    760
-3.85185988877447D-33,32.4960647138086,45.5683428515467,-5.2,        863P    761
32.4960647138086,0.,0.52,0.,0.,0.;                                   863P    762
126,1,1,0,0,1,0,0.,0.,0.4,0.4,1.,1.,45.5683428515467,-5.2,           865P    763
32.4960647138086,45.5683428515467,-5.2,36.4960647138086,0.,0.4,      865P    764
0.,0.,0.;                                                            865P    765
126,1,1,0,0,1,0,-0.52,-0.52,0.,0.,1.,1.,45.5683428515467,-5.2,       867P    766
36.4960647138086,45.5683428515467,-3.85185988877447D-33,             867P    767
36.4960647138086,-0.52,0.,0.,0.,0.;                                  867P    768
126,1,1,0,0,1,0,0.51,0.51,0.91,0.91,1.,1.,45.5683428515467,0.,       869P    769
32.4960647138086,45.5683428515467,0.,36.4960647138086,0.51,0.91,     869P    770
0.,0.,0.;                                                            869P    771
126,1,1,0,0,1,0,0.,0.,0.1,0.1,1.,1.,45.5683428515467,-5.2,           871P    772
32.4960647138086,44.5683428515467,-5.2,32.4960647138086,0.,0.1,      871P    773
0.,0.,0.;                                                            871P    774
126,1,1,0,0,1,0,0.,0.,0.4,0.4,1.,1.,44.5683428515467,-5.2,           873P    775
32.4960647138086,44.5683428515467,-5.2,36.4960647138086,0.,0.4,      873P    776
0.,0.,0.;                                                            873P    777
126,1,1,0,0,1,0,-0.1,-0.1,0.,0.,1.,1.,44.5683428515467,-5.2,         875P    778
36.4960647138086,45.5683428515467,-5.2,36.4960647138086,-0.1,0.,     875P    779
0.,0.,0.;                                                            875P    780
126,1,1,0,0,1,0,0.,0.,0.087840765023991,0.087840765023991,1.,1.,     877P    781
44.5683428515467,-5.2,32.4960647138086,45.1017741741233,             877P    782
-5.89789040980238,32.4960647138086,0.,0.087840765023991,0.,0.,       877P    783
0.;                                                                  877P    784
126,1,1,0,0,1,0,0.,0.,0.4,0.4,1.,1.,45.1017741741233,                879P    785
-5.89789040980238,32.4960647138086,45.1017741741233,                 879P    786
-5.89789040980238,36.4960647138086,0.,0.4,0.,0.,0.;                  879P    787
126,1,1,0,0,1,0,-0.087840765023991,-0.087840765023991,0.,0.,1.,      881P    788
1.,45.1017741741233,-5.89789040980238,36.4960647138086,              881P    789
44.5683428515467,-5.2,36.4960647138086,-0.087840765023991,0.,0.,     881P    790
0.,0.;                                                               881P    791
126,2,2,0,0,0,0,0.,0.,0.,0.918175393938636,0.918175393938636,        883P    792
0.918175393938636,1.,0.896457139781917,1.,45.3083428515467,-6.,      883P    793
32.4960647138086,45.1798214620382,-6.,32.4960647138086,              883P    794
45.1017741741233,-5.89789040980238,32.4960647138086,0.,              883P    795
0.918175393938636,0.,0.,0.;                                          883P    796
126,1,1,0,0,1,0,0.,0.,0.4,0.4,1.,1.,45.3083428515467,-6.,            885P    797
32.4960647138086,45.3083428515467,-6.,36.4960647138086,0.,0.4,       885P    798
0.,0.,0.;                                                            885P    799
126,2,2,0,0,0,0,0.,0.,0.,0.918175393938636,0.918175393938636,        887P    800
0.918175393938636,1.,0.896457139781917,1.,45.3083428515467,-6.,      887P    801
36.4960647138086,45.1798214620382,-6.,36.4960647138086,              887P    802
45.1017741741233,-5.89789040980238,36.4960647138086,0.,              887P    803
0.918175393938636,0.,0.,0.;                                          887P    804
126,1,1,0,0,1,0,0.,0.,0.08,0.08,1.,1.,45.3083428515467,-6.,          889P    805
32.4960647138086,46.1083428515467,-6.,32.4960647138086,0.,0.08,      889P    806
0.,0.,0.;                                                            889P    807
126,1,1,0,0,1,0,0.,0.,0.4,0.4,1.,1.,46.1083428515467,-6.,            891P    808
32.4960647138086,46.1083428515467,-6.,36.4960647138086,0.,0.4,       891P    809
0.,0.,0.;                                                            891P    810
126,1,1,0,0,1,0,-0.08,-0.08,0.,0.,1.,1.,46.1083428515467,-6.,        893P    811
36.4960647138086,45.3083428515467,-6.,36.4960647138086,-0.08,0.,     893P    812
0.,0.,0.;                                                            893P    813
126,2,2,0,0,0,0,0.,0.,0.,1.5707963267949,1.5707963267949,            895P    814
1.5707963267949,1.,0.707106781186597,1.,46.3683428515467,-5.74,      895P    815
32.4960647138086,46.3683428515467,-6.,32.4960647138086,              895P    816
46.1083428515467,-6.,32.4960647138086,0.,1.5707963267949,0.,0.,      895P    817
0.;                                                                  895P    818
126,1,1,0,0,1,0,0.,0.,0.4,0.4,1.,1.,46.3683428515467,-5.74,          897P    819
32.4960647138086,46.3683428515467,-5.74,36.4960647138086,0.,0.4,     897P    820
0.,0.,0.;                                                            897P    821
126,2,2,0,0,0,0,0.,0.,0.,1.5707963267949,1.5707963267949,            899P    822
1.5707963267949,1.,0.707106781186597,1.,46.3683428515467,-5.74,      899P    823
36.4960647138086,46.3683428515467,-6.,36.4960647138086,              899P    824
46.1083428515467,-6.,36.4960647138086,0.,1.5707963267949,0.,0.,      899P    825
0.;                                                                  899P    826
126,1,1,0,0,1,0,0.,0.,0.574,0.574,1.,1.,46.3683428515467,-5.74,      901P    827
32.4960647138086,46.3683428515467,0.,32.4960647138086,0.,0.574,      901P    828
0.,0.,0.;                                                            901P    829
126,1,1,0,0,1,0,-0.91,-0.91,-0.51,-0.51,1.,1.,46.3683428515467,      903P    830
0.,36.4960647138086,46.3683428515467,0.,32.4960647138086,-0.91,      903P    831
-0.51,0.,0.,0.;                                                      903P    832
126,1,1,0,0,1,0,-0.574,-0.574,0.,0.,1.,1.,46.3683428515467,0.,       905P    833
36.4960647138086,46.3683428515467,-5.74,36.4960647138086,-0.574,     905P    834
0.,0.,0.,0.;                                                         905P    835
126,1,1,0,0,1,0,1.005,1.005,1.085,1.085,1.,1.,45.5683428515467,      907P    836
0.,36.4960647138086,46.3683428515467,0.,36.4960647138086,1.005,      907P    837
1.085,0.,0.,0.;                                                      907P    838
126,1,1,0,0,1,0,-1.085,-1.085,-1.005,-1.005,1.,1.,                   909P    839
46.3683428515467,0.,32.4960647138086,45.5683428515467,0.,            909P    840
32.4960647138086,-1.085,-1.005,0.,0.,0.;                             909P    841
126,1,1,0,0,1,0,0.,0.,0.1,0.1,1.,1.,50.5683428515467,-5.2,           911P    842
32.4960647138086,49.5683428515467,-5.2,32.4960647138086,0.,0.1,      911P    843
0.,0.,0.;                                                            911P    844
126,1,1,0,0,1,0,0.,0.,0.4,0.4,1.,1.,49.5683428515467,-5.2,           913P    845
32.4960647138086,49.5683428515467,-5.2,36.4960647138086,0.,0.4,      913P    846
0.,0.,0.;                                                            913P    847
126,1,1,0,0,1,0,-0.1,-0.1,0.,0.,1.,1.,49.5683428515467,-5.2,         915P    848
36.4960647138086,50.5683428515467,-5.2,36.4960647138086,-0.1,0.,     915P    849
0.,0.,0.;                                                            915P    850
126,1,1,0,0,1,0,0.,0.,0.4,0.4,1.,1.,50.5683428515467,-5.2,           917P    851
32.4960647138086,50.5683428515467,-5.2,36.4960647138086,0.,0.4,      917P    852
0.,0.,0.;                                                            917P    853
126,1,1,0,0,1,0,0.,0.,0.52,0.52,1.,1.,49.5683428515467,-5.2,         919P    854
32.4960647138086,49.5683428515467,0.,32.4960647138086,0.,0.52,       919P    855
0.,0.,0.;                                                            919P    856
126,1,1,0,0,1,0,-0.91,-0.91,-0.51,-0.51,1.,1.,49.5683428515467,      921P    857
0.,36.4960647138086,49.5683428515467,0.,32.4960647138086,-0.91,      921P    858
-0.51,0.,0.,0.;                                                      921P    859
126,1,1,0,0,1,0,-0.52,-0.52,0.,0.,1.,1.,49.5683428515467,0.,         923P    860
36.4960647138086,49.5683428515467,-5.2,36.4960647138086,-0.52,       923P    861
0.,0.,0.,0.;                                                         923P    862
126,1,1,0,0,1,0,0.,0.,0.574000000000026,0.574000000000026,1.,1.,     925P    863
48.7683428515467,-4.89858719658941D-17,32.4960647138086,             925P    864
48.7683428515467,-5.74000000000026,32.4960647138086,0.,              925P    865
0.574000000000026,0.,0.,0.;                                          925P    866
126,1,1,0,0,1,0,0.,0.,0.4,0.4,1.,1.,48.7683428515467,                927P    867
-5.74000000000026,32.4960647138086,48.7683428515467,                 927P    868
-5.74000000000026,36.4960647138086,0.,0.4,0.,0.,0.;                  927P    869
126,1,1,0,0,1,0,-0.574000000000026,-0.574000000000026,0.,0.,1.,      929P    870
1.,48.7683428515467,-5.74000000000026,36.4960647138086,              929P    871
48.7683428515467,-4.89858719658941D-17,36.4960647138086,             929P    872
-0.574000000000026,0.,0.,0.,0.;                                      929P    873
126,1,1,0,0,1,0,0.51,0.51,0.91,0.91,1.,1.,48.7683428515467,0.,       931P    874
32.4960647138086,48.7683428515467,0.,36.4960647138086,0.51,0.91,     931P    875
0.,0.,0.;                                                            931P    876
126,2,2,0,0,0,0,0.,0.,0.,1.5707963267949,1.5707963267949,            933P    877
1.5707963267949,1.,0.707106781186532,1.,49.0283428515464,-6.,        933P    878
32.4960647138086,48.7683428515467,-6.,32.4960647138086,              933P    879
48.7683428515467,-5.74000000000026,32.4960647138086,0.,              933P    880
1.5707963267949,0.,0.,0.;                                            933P    881
126,1,1,0,0,1,0,0.,0.,0.4,0.4,1.,1.,49.0283428515464,-6.,            935P    882
32.4960647138086,49.0283428515464,-6.,36.4960647138086,0.,0.4,       935P    883
0.,0.,0.;                                                            935P    884
126,2,2,0,0,0,0,0.,0.,0.,1.5707963267949,1.5707963267949,            937P    885
1.5707963267949,1.,0.707106781186532,1.,49.0283428515464,-6.,        937P    886
36.4960647138086,48.7683428515467,-6.,36.4960647138086,              937P    887
48.7683428515467,-5.74000000000026,36.4960647138086,0.,              937P    888
1.5707963267949,0.,0.,0.;                                            937P    889
126,1,1,0,0,1,0,0.,0.,0.08,0.08,1.,1.,49.0283428515464,-6.,          939P    890
32.4960647138086,49.8283428515464,-6.,32.4960647138086,0.,0.08,      939P    891
0.,0.,0.;                                                            939P    892
126,1,1,0,0,1,0,0.,0.,0.4,0.4,1.,1.,49.8283428515464,-6.,            941P    893
32.4960647138086,49.8283428515464,-6.,36.4960647138086,0.,0.4,       941P    894
0.,0.,0.;                                                            941P    895
126,1,1,0,0,1,0,-0.08,-0.08,0.,0.,1.,1.,49.8283428515464,-6.,        943P    896
36.4960647138086,49.0283428515464,-6.,36.4960647138086,-0.08,0.,     943P    897
0.,0.,0.;                                                            943P    898
126,2,2,0,0,0,0,0.,0.,0.,0.9181753939384,0.9181753939384,            945P    899
0.9181753939384,1.,0.896457139781974,1.,50.0349115289698,            945P    900
-5.89789040980243,32.4960647138086,49.9568642410549,-6.,             945P    901
32.4960647138086,49.8283428515464,-6.,32.4960647138086,0.,           945P    902
0.9181753939384,0.,0.,0.;                                            945P    903
126,1,1,0,0,1,0,0.,0.,0.4,0.4,1.,1.,50.0349115289698,                947P    904
-5.89789040980243,32.4960647138086,50.0349115289698,                 947P    905
-5.89789040980243,36.4960647138086,0.,0.4,0.,0.,0.;                  947P    906
126,2,2,0,0,0,0,0.,0.,0.,0.9181753939384,0.9181753939384,            949P    907
0.9181753939384,1.,0.896457139781974,1.,50.0349115289698,            949P    908
-5.89789040980243,36.4960647138086,49.9568642410549,-6.,             949P    909
36.4960647138086,49.8283428515464,-6.,36.4960647138086,0.,           949P    910
0.9181753939384,0.,0.,0.;                                            949P    911
126,1,1,0,0,1,0,0.,0.,0.0878407650240132,0.0878407650240132,1.,      951P    912
1.,50.0349115289698,-5.89789040980243,32.4960647138086,              951P    913
50.5683428515467,-5.2,32.4960647138086,0.,0.0878407650240132,0.,     951P    914
0.,0.;                                                               951P    915
126,1,1,0,0,1,0,-0.0878407650240132,-0.0878407650240132,             953P    916
1.38777878078145D-17,1.38777878078145D-17,1.,1.,                     953P    917
50.5683428515467,-5.2,36.4960647138086,50.0349115289698,             953P    918
-5.89789040980243,36.4960647138086,-0.0878407650240132,              953P    919
1.38777878078145D-17,0.,0.,0.;                                       953P    920
126,1,1,0,0,1,0,1.115,1.115,1.195,1.195,1.,1.,48.7683428515467,      955P    921
0.,36.4960647138086,49.5683428515467,0.,36.4960647138086,1.115,      955P    922
1.195,0.,0.,0.;                                                      955P    923
126,1,1,0,0,1,0,-1.195,-1.195,-1.115,-1.115,1.,1.,                   957P    924
49.5683428515467,0.,32.4960647138086,48.7683428515467,0.,            957P    925
32.4960647138086,-1.195,-1.115,0.,0.,0.;                             957P    926
126,1,1,0,0,1,0,0.,0.,0.52,0.52,1.,1.,5.56834285154671,              959P    927
-3.85185988877447D-33,32.4960647138086,5.56834285154671,-5.2,        959P    928
32.4960647138086,0.,0.52,0.,0.,0.;                                   959P    929
126,1,1,0,0,1,0,-0.91,-0.91,-0.51,-0.51,1.,1.,5.56834285154671,      961P    930
0.,36.4960647138086,5.56834285154671,0.,32.4960647138086,-0.91,      961P    931
-0.51,0.,0.,0.;                                                      961P    932
126,1,1,0,0,1,0,-0.52,-0.52,0.,0.,1.,1.,5.56834285154671,-5.2,       963P    933
36.4960647138086,5.56834285154671,-3.85185988877447D-33,             963P    934
36.4960647138086,-0.52,0.,0.,0.,0.;                                  963P    935
126,1,1,0,0,1,0,0.,0.,0.4,0.4,1.,1.,5.56834285154671,-5.2,           965P    936
32.4960647138086,5.56834285154671,-5.2,36.4960647138086,0.,0.4,      965P    937
0.,0.,0.;                                                            965P    938
126,1,1,0,0,1,0,0.,0.,0.1,0.1,1.,1.,5.56834285154671,-5.2,           967P    939
32.4960647138086,6.56834285154671,-5.2,32.4960647138086,0.,0.1,      967P    940
0.,0.,0.;                                                            967P    941
126,1,1,0,0,1,0,-0.1,-0.1,0.,0.,1.,1.,6.56834285154671,-5.2,         969P    942
36.4960647138086,5.56834285154671,-5.2,36.4960647138086,-0.1,0.,     969P    943
0.,0.,0.;                                                            969P    944
126,1,1,0,0,1,0,0.,0.,0.4,0.4,1.,1.,6.56834285154671,-5.2,           971P    945
32.4960647138086,6.56834285154671,-5.2,36.4960647138086,0.,0.4,      971P    946
0.,0.,0.;                                                            971P    947
126,1,1,0,0,1,0,0.,0.,0.087840765023991,0.087840765023991,1.,1.,     973P    948
6.56834285154671,-5.2,32.4960647138086,6.03491152897007,             973P    949
-5.89789040980238,32.4960647138086,0.,0.087840765023991,0.,0.,       973P    950
0.;                                                                  973P    951
126,1,1,0,0,1,0,-0.087840765023991,-0.087840765023991,0.,0.,1.,      975P    952
1.,6.03491152897007,-5.89789040980238,36.4960647138086,              975P    953
6.56834285154671,-5.2,36.4960647138086,-0.087840765023991,0.,0.,     975P    954
0.,0.;                                                               975P    955
126,1,1,0,0,1,0,0.,0.,0.4,0.4,1.,1.,6.03491152897007,                977P    956
-5.89789040980238,32.4960647138086,6.03491152897007,                 977P    957
-5.89789040980238,36.4960647138086,0.,0.4,0.,0.,0.;                  977P    958
126,2,2,0,0,0,0,0.,0.,0.,0.918175393938636,0.918175393938636,        979P    959
0.918175393938636,1.,0.896457139781993,1.,5.82834285154671,-6.,      979P    960
32.4960647138086,5.95686424105519,-6.,32.4960647138086,              979P    961
6.03491152897007,-5.89789040980238,32.4960647138086,0.,              979P    962
0.918175393938636,0.,0.,0.;                                          979P    963
126,2,2,0,0,0,0,0.,0.,0.,0.918175393938636,0.918175393938636,        981P    964
0.918175393938636,1.,0.896457139781993,1.,5.82834285154671,-6.,      981P    965
36.4960647138086,5.95686424105519,-6.,36.4960647138086,              981P    966
6.03491152897007,-5.89789040980238,36.4960647138086,0.,              981P    967
0.918175393938636,0.,0.,0.;                                          981P    968
126,1,1,0,0,1,0,0.,0.,0.4,0.4,1.,1.,5.82834285154671,-6.,            983P    969
32.4960647138086,5.82834285154671,-6.,36.4960647138086,0.,0.4,       983P    970
0.,0.,0.;                                                            983P    971
126,1,1,0,0,1,0,0.,0.,0.08,0.08,1.,1.,5.82834285154671,-6.,          985P    972
32.4960647138086,5.02834285154671,-6.,32.4960647138086,0.,0.08,      985P    973
0.,0.,0.;                                                            985P    974
126,1,1,0,0,1,0,-0.08,-0.08,0.,0.,1.,1.,5.02834285154671,-6.,        987P    975
36.4960647138086,5.82834285154671,-6.,36.4960647138086,-0.08,0.,     987P    976
0.,0.,0.;                                                            987P    977
126,1,1,0,0,1,0,0.,0.,0.4,0.4,1.,1.,5.02834285154671,-6.,            989P    978
32.4960647138086,5.02834285154671,-6.,36.4960647138086,0.,0.4,       989P    979
0.,0.,0.;                                                            989P    980
126,2,2,0,0,0,0,0.,0.,0.,1.5707963267949,1.5707963267949,            991P    981
1.5707963267949,1.,0.707106781186556,1.,4.76834285154671,-5.74,      991P    982
32.4960647138086,4.76834285154671,-6.,32.4960647138086,              991P    983
5.02834285154671,-6.,32.4960647138086,0.,1.5707963267949,0.,0.,      991P    984
0.;                                                                  991P    985
126,2,2,0,0,0,0,0.,0.,0.,1.5707963267949,1.5707963267949,            993P    986
1.5707963267949,1.,0.707106781186556,1.,4.76834285154671,-5.74,      993P    987
36.4960647138086,4.76834285154671,-6.,36.4960647138086,              993P    988
5.02834285154671,-6.,36.4960647138086,0.,1.5707963267949,0.,0.,      993P    989
0.;                                                                  993P    990
126,1,1,0,0,1,0,0.,0.,0.4,0.4,1.,1.,4.76834285154671,-5.74,          995P    991
32.4960647138086,4.76834285154671,-5.74,36.4960647138086,0.,0.4,     995P    992
0.,0.,0.;                                                            995P    993
126,1,1,0,0,1,0,0.,0.,0.574,0.574,1.,1.,4.76834285154671,-5.74,      997P    994
32.4960647138086,4.76834285154671,0.,32.4960647138086,0.,0.574,      997P    995
0.,0.,0.;                                                            997P    996
126,1,1,0,0,1,0,-0.574,-0.574,0.,0.,1.,1.,4.76834285154671,0.,       999P    997
36.4960647138086,4.76834285154671,-5.74,36.4960647138086,-0.574,     999P    998
0.,0.,0.,0.;                                                         999P    999
126,1,1,0,0,1,0,0.51,0.51,0.91,0.91,1.,1.,4.76834285154671,0.,      1001P   1000
32.4960647138086,4.76834285154671,0.,36.4960647138086,0.51,0.91,    1001P   1001
0.,0.,0.;                                                           1001P   1002
126,1,1,0,0,1,0,-1.085,-1.085,-1.005,-1.005,1.,1.,                  1003P   1003
4.76834285154671,0.,36.4960647138086,5.56834285154671,0.,           1003P   1004
36.4960647138086,-1.085,-1.005,0.,0.,0.;                            1003P   1005
126,1,1,0,0,1,0,1.005,1.005,1.085,1.085,1.,1.,5.56834285154671,     1005P   1006
0.,32.4960647138086,4.76834285154671,0.,32.4960647138086,1.005,     1005P   1007
1.085,0.,0.,0.;                                                     1005P   1008
126,1,1,0,0,1,0,0.,0.,0.1,0.1,1.,1.,0.568342851546707,-5.2,         1007P   1009
32.4960647138086,1.56834285154671,-5.2,32.4960647138086,0.,0.1,     1007P   1010
0.,0.,0.;                                                           1007P   1011
126,1,1,0,0,1,0,0.,0.,0.4,0.4,1.,1.,0.568342851546707,-5.2,         1009P   1012
32.4960647138086,0.568342851546707,-5.2,36.4960647138086,0.,0.4,    1009P   1013
0.,0.,0.;                                                           1009P   1014
126,1,1,0,0,1,0,-0.1,-0.1,0.,0.,1.,1.,1.56834285154671,-5.2,        1011P   1015
36.4960647138086,0.568342851546707,-5.2,36.4960647138086,-0.1,      1011P   1016
0.,0.,0.,0.;                                                        1011P   1017
126,1,1,0,0,1,0,0.,0.,0.4,0.4,1.,1.,1.56834285154671,-5.2,          1013P   1018
32.4960647138086,1.56834285154671,-5.2,36.4960647138086,0.,0.4,     1013P   1019
0.,0.,0.;                                                           1013P   1020
126,1,1,0,0,1,0,0.,0.,0.52,0.52,1.,1.,1.56834285154671,-5.2,        1015P   1021
32.4960647138086,1.56834285154671,0.,32.4960647138086,0.,0.52,      1015P   1022
0.,0.,0.;                                                           1015P   1023
126,1,1,0,0,1,0,-0.52,-0.52,0.,0.,1.,1.,1.56834285154671,0.,        1017P   1024
36.4960647138086,1.56834285154671,-5.2,36.4960647138086,-0.52,      1017P   1025
0.,0.,0.,0.;                                                        1017P   1026
126,1,1,0,0,1,0,0.51,0.51,0.91,0.91,1.,1.,1.56834285154671,0.,      1019P   1027
32.4960647138086,1.56834285154671,0.,36.4960647138086,0.51,0.91,    1019P   1028
0.,0.,0.;                                                           1019P   1029
126,1,1,0,0,1,0,0.,0.,0.574000000000026,0.574000000000026,1.,1.,    1021P   1030
2.36834285154671,-4.89858719658941D-17,32.4960647138086,            1021P   1031
2.36834285154671,-5.74000000000026,32.4960647138086,0.,             1021P   1032
0.574000000000026,0.,0.,0.;                                         1021P   1033
126,1,1,0,0,1,0,-0.91,-0.91,-0.51,-0.51,1.,1.,2.36834285154671,     1023P   1034
0.,36.4960647138086,2.36834285154671,0.,32.4960647138086,-0.91,     1023P   1035
-0.51,0.,0.,0.;                                                     1023P   1036
126,1,1,0,0,1,0,-0.574000000000026,-0.574000000000026,0.,0.,1.,     1025P   1037
1.,2.36834285154671,-5.74000000000026,36.4960647138086,             1025P   1038
2.36834285154671,-4.89858719658941D-17,36.4960647138086,            1025P   1039
-0.574000000000026,0.,0.,0.,0.;                                     1025P   1040
126,1,1,0,0,1,0,0.,0.,0.4,0.4,1.,1.,2.36834285154671,               1027P   1041
-5.74000000000026,32.4960647138086,2.36834285154671,                1027P   1042
-5.74000000000026,36.4960647138086,0.,0.4,0.,0.,0.;                 1027P   1043
126,2,2,0,0,0,0,0.,0.,0.,1.5707963267949,1.5707963267949,           1029P   1044
1.5707963267949,1.,0.707106781186542,1.,2.10834285154697,-6.,       1029P   1045
32.4960647138086,2.36834285154671,-6.,32.4960647138086,             1029P   1046
2.36834285154671,-5.74000000000026,32.4960647138086,0.,             1029P   1047
1.5707963267949,0.,0.,0.;                                           1029P   1048
126,2,2,0,0,0,0,0.,0.,0.,1.5707963267949,1.5707963267949,           1031P   1049
1.5707963267949,1.,0.707106781186542,1.,2.10834285154697,-6.,       1031P   1050
36.4960647138086,2.36834285154671,-6.,36.4960647138086,             1031P   1051
2.36834285154671,-5.74000000000026,36.4960647138086,0.,             1031P   1052
1.5707963267949,0.,0.,0.;                                           1031P   1053
126,1,1,0,0,1,0,0.,0.,0.4,0.4,1.,1.,2.10834285154697,-6.,           1033P   1054
32.4960647138086,2.10834285154697,-6.,36.4960647138086,0.,0.4,      1033P   1055
0.,0.,0.;                                                           1033P   1056
126,1,1,0,0,1,0,0.,0.,0.08,0.08,1.,1.,2.10834285154697,-6.,         1035P   1057
32.4960647138086,1.30834285154697,-6.,32.4960647138086,0.,0.08,     1035P   1058
0.,0.,0.;                                                           1035P   1059
126,1,1,0,0,1,0,-0.08,-0.08,0.,0.,1.,1.,1.30834285154697,-6.,       1037P   1060
36.4960647138086,2.10834285154697,-6.,36.4960647138086,-0.08,0.,    1037P   1061
0.,0.,0.;                                                           1037P   1062
126,1,1,0,0,1,0,0.,0.,0.4,0.4,1.,1.,1.30834285154697,-6.,           1039P   1063
32.4960647138086,1.30834285154697,-6.,36.4960647138086,0.,0.4,      1039P   1064
0.,0.,0.;                                                           1039P   1065
126,2,2,0,0,0,0,0.,0.,0.,0.9181753939384,0.9181753939384,           1041P   1066
0.9181753939384,1.,0.896457139782067,1.,1.10177417412365,           1041P   1067
-5.89789040980243,32.4960647138086,1.17982146203852,-6.,            1041P   1068
32.4960647138086,1.30834285154697,-6.,32.4960647138086,0.,          1041P   1069
0.9181753939384,0.,0.,0.;                                           1041P   1070
126,2,2,0,0,0,0,0.,0.,0.,0.9181753939384,0.9181753939384,           1043P   1071
0.9181753939384,1.,0.896457139782067,1.,1.10177417412365,           1043P   1072
-5.89789040980243,36.4960647138086,1.17982146203852,-6.,            1043P   1073
36.4960647138086,1.30834285154697,-6.,36.4960647138086,0.,          1043P   1074
0.9181753939384,0.,0.,0.;                                           1043P   1075
126,1,1,0,0,1,0,0.,0.,0.4,0.4,1.,1.,1.10177417412365,               1045P   1076
-5.89789040980243,32.4960647138086,1.10177417412365,                1045P   1077
-5.89789040980243,36.4960647138086,0.,0.4,0.,0.,0.;                 1045P   1078
126,1,1,0,0,1,0,0.,0.,0.0878407650240132,0.0878407650240132,1.,     1047P   1079
1.,1.10177417412365,-5.89789040980243,32.4960647138086,             1047P   1080
0.568342851546707,-5.2,32.4960647138086,0.,0.0878407650240132,      1047P   1081
0.,0.,0.;                                                           1047P   1082
126,1,1,0,0,1,0,-0.0878407650240132,-0.0878407650240132,0.,0.,      1049P   1083
1.,1.,0.568342851546707,-5.2,36.4960647138086,1.10177417412365,     1049P   1084
-5.89789040980243,36.4960647138086,-0.0878407650240132,0.,0.,0.,    1049P   1085
0.;                                                                 1049P   1086
126,1,1,0,0,1,0,-1.195,-1.195,-1.115,-1.115,1.,1.,                  1051P   1087
1.5683428515467,0.,36.4960647138086,2.36834285154671,0.,            1051P   1088
36.4960647138086,-1.195,-1.115,0.,0.,0.;                            1051P   1089
126,1,1,0,0,1,0,1.115,1.115,1.195,1.195,1.,1.,2.36834285154671,     1053P   1090
0.,32.4960647138086,1.5683428515467,0.,32.4960647138086,1.115,      1053P   1091
1.195,0.,0.,0.;                                                     1053P   1092
126,1,1,0,0,1,0,0.,0.,7.4,7.4,1.,1.,62.5683428515467,0.,            1055P   1093
44.2960647138086,-11.4316571484533,0.,44.2960647138086,0.,7.4,      1055P   1094
0.,0.,0.;                                                           1055P   1095
126,1,1,0,0,1,0,0.,0.,4.4,4.4,1.,1.,-11.4316571484533,0.,           1057P   1096
44.2960647138086,-11.4316571484533,0.,0.296064713808573,0.,4.4,     1057P   1097
0.,0.,0.;                                                           1057P   1098
126,1,1,0,0,1,0,0.,0.,7.4,7.4,1.,1.,-11.4316571484533,0.,           1059P   1099
0.296064713808573,62.5683428515467,0.,0.296064713808573,0.,7.4,     1059P   1100
0.,0.,0.;                                                           1059P   1101
126,1,1,0,0,1,0,0.,0.,4.4,4.4,1.,1.,62.5683428515467,0.,            1061P   1102
0.296064713808573,62.5683428515467,0.,44.2960647138086,0.,4.4,      1061P   1103
0.,0.,0.;                                                           1061P   1104
126,1,1,0,0,1,0,-1.85,-1.85,5.55,5.55,1.,1.,62.5683428515467,1.,    1063P   1105
0.296064713808573,-11.4316571484533,1.,0.296064713808573,-1.85,     1063P   1106
5.55,0.,0.,0.;                                                      1063P   1107
126,1,1,0,0,1,0,0.,0.,0.1,0.1,1.,1.,62.5683428515467,0.,            1065P   1108
0.296064713808573,62.5683428515467,1.,0.296064713808573,0.,0.1,     1065P   1109
0.,0.,0.;                                                           1065P   1110
126,1,1,0,0,1,0,0.,0.,0.1,0.1,1.,1.,-11.4316571484533,0.,           1067P   1111
0.296064713808573,-11.4316571484533,1.,0.296064713808573,0.,0.1,    1067P   1112
0.,0.,0.;                                                           1067P   1113
126,1,1,0,0,1,0,-1.1,-1.1,3.3,3.3,1.,1.,62.5683428515467,1.,        1069P   1114
44.2960647138086,62.5683428515467,1.,0.296064713808573,-1.1,3.3,    1069P   1115
0.,0.,0.;                                                           1069P   1116
126,1,1,0,0,1,0,0.,0.,0.1,0.1,1.,1.,62.5683428515467,0.,            1071P   1117
44.2960647138086,62.5683428515467,1.,44.2960647138086,0.,0.1,0.,    1071P   1118
0.,0.;                                                              1071P   1119
126,1,1,0,0,1,0,-1.1,-1.1,3.3,3.3,1.,1.,-11.4316571484533,1.,       1073P   1120
0.296064713808573,-11.4316571484533,1.,44.2960647138086,-1.1,       1073P   1121
3.3,0.,0.,0.;                                                       1073P   1122
126,1,1,0,0,1,0,0.,0.,0.1,0.1,1.,1.,-11.4316571484533,0.,           1075P   1123
44.2960647138086,-11.4316571484533,1.,44.2960647138086,0.,0.1,      1075P   1124
0.,0.,0.;                                                           1075P   1125
126,1,1,0,0,1,0,-1.85,-1.85,5.55,5.55,1.,1.,-11.4316571484533,      1077P   1126
1.,44.2960647138086,62.5683428515467,1.,44.2960647138086,-1.85,     1077P   1127
5.55,0.,0.,0.;                                                      1077P   1128
126,1,1,0,0,1,0,1.07,1.07,1.37,1.37,1.,1.,33.0683428515467,24.4,    1079P   1129
42.2960647138086,33.0683428515467,27.4,42.2960647138086,1.07,       1079P   1130
1.37,0.,0.,0.;                                                      1079P   1131
126,1,1,0,0,1,0,0.,0.,0.199999999999993,0.199999999999993,1.,1.,    1081P   1132
33.0683428515467,24.4,44.2960647138085,33.0683428515467,24.4,       1081P   1133
42.2960647138086,0.,0.199999999999993,0.,0.,0.;                     1081P   1134
126,1,1,0,0,1,0,-1.37,-1.37,-1.07,-1.07,1.,1.,33.0683428515467,     1083P   1135
27.4,44.2960647138086,33.0683428515467,24.4,44.2960647138086,       1083P   1136
-1.37,-1.07,0.,0.,0.;                                               1083P   1137
126,1,1,0,0,1,0,0.,0.,0.199999999999993,0.199999999999993,1.,1.,    1085P   1138
33.0683428515467,27.4,44.2960647138085,33.0683428515467,27.4,       1085P   1139
42.2960647138086,0.,0.199999999999993,0.,0.,0.;                     1085P   1140
126,1,1,0,0,1,0,1.07,1.07,1.37,1.37,1.,1.,33.0683428515467,24.4,    1087P   1141
0.296064713808573,33.0683428515467,27.4,0.296064713808573,1.07,     1087P   1142
1.37,0.,0.,0.;                                                      1087P   1143
126,1,1,0,0,1,0,4.19999999999999,4.19999999999999,                  1089P   1144
4.39999999999999,4.39999999999999,1.,1.,33.0683428515467,24.4,      1089P   1145
2.29606471380857,33.0683428515467,24.4,0.296064713808573,           1089P   1146
4.19999999999999,4.39999999999999,0.,0.,0.;                         1089P   1147
126,1,1,0,0,1,0,-1.37,-1.37,-1.07,-1.07,1.,1.,33.0683428515467,     1091P   1148
27.4,2.29606471380857,33.0683428515467,24.4,2.29606471380857,       1091P   1149
-1.37,-1.07,0.,0.,0.;                                               1091P   1150
126,1,1,0,0,1,0,4.19999999999999,4.19999999999999,                  1093P   1151
4.39999999999999,4.39999999999999,1.,1.,33.0683428515467,27.4,      1093P   1152
2.29606471380857,33.0683428515467,27.4,0.296064713808573,           1093P   1153
4.19999999999999,4.39999999999999,0.,0.,0.;                         1093P   1154
126,1,1,0,0,1,0,-2.975,-2.975,-1.475,-1.475,1.,1.,                  1095P   1155
33.0683428515467,27.4,42.2960647138086,18.0683428515467,27.4,       1095P   1156
42.2960647138086,-2.975,-1.475,0.,0.,0.;                            1095P   1157
126,1,1,0,0,1,0,1.475,1.475,2.975,2.975,1.,1.,18.0683428515467,     1097P   1158
27.4,44.2960647138086,33.0683428515467,27.4,44.2960647138086,       1097P   1159
1.475,2.975,0.,0.,0.;                                               1097P   1160
126,1,1,0,0,1,0,0.,0.,0.199999999999993,0.199999999999993,1.,1.,    1099P   1161
18.0683428515467,27.4,44.2960647138085,18.0683428515467,27.4,       1099P   1162
42.2960647138086,0.,0.199999999999993,0.,0.,0.;                     1099P   1163
126,1,1,0,0,1,0,0.725000000000001,0.725000000000001,2.225,2.225,    1101P   1164
1.,1.,33.0683428515467,27.4,0.296064713808573,18.0683428515467,     1101P   1165
27.4,0.296064713808573,0.725000000000001,2.225,0.,0.,0.;            1101P   1166
126,1,1,0,0,1,0,-2.225,-2.225,-0.725000000000001,                   1103P   1167
-0.725000000000001,1.,1.,18.0683428515467,27.4,2.29606471380857,    1103P   1168
33.0683428515467,27.4,2.29606471380857,-2.225,                      1103P   1169
-0.725000000000001,0.,0.,0.;                                        1103P   1170
126,1,1,0,0,1,0,4.19999999999999,4.19999999999999,                  1105P   1171
4.39999999999999,4.39999999999999,1.,1.,18.0683428515467,27.4,      1105P   1172
2.29606471380857,18.0683428515467,27.4,0.296064713808573,           1105P   1173
4.19999999999999,4.39999999999999,0.,0.,0.;                         1105P   1174
126,1,1,0,0,1,0,0.725,0.725,2.225,2.225,1.,1.,18.0683428515467,     1107P   1175
24.4,42.2960647138086,33.0683428515467,24.4,42.2960647138086,       1107P   1176
0.725,2.225,0.,0.,0.;                                               1107P   1177
126,1,1,0,0,1,0,0.,0.,0.199999999999993,0.199999999999993,1.,1.,    1109P   1178
18.0683428515467,24.4,44.2960647138085,18.0683428515467,24.4,       1109P   1179
42.2960647138086,0.,0.199999999999993,0.,0.,0.;                     1109P   1180
126,1,1,0,0,1,0,-2.225,-2.225,-0.725,-0.725,1.,1.,                  1111P   1181
33.0683428515467,24.4,44.2960647138086,18.0683428515467,24.4,       1111P   1182
44.2960647138086,-2.225,-0.725,0.,0.,0.;                            1111P   1183
126,1,1,0,0,1,0,-1.52,-1.52,-1.22,-1.22,1.,1.,18.0683428515467,     1113P   1184
27.4,42.2960647138086,18.0683428515467,24.4,42.2960647138086,       1113P   1185
-1.52,-1.22,0.,0.,0.;                                               1113P   1186
126,1,1,0,0,1,0,1.22,1.22,1.52,1.52,1.,1.,18.0683428515467,24.4,    1115P   1187
44.2960647138086,18.0683428515467,27.4,44.2960647138086,1.22,       1115P   1188
1.52,0.,0.,0.;                                                      1115P   1189
126,1,1,0,0,1,0,-1.52,-1.52,-1.22,-1.22,1.,1.,18.0683428515467,     1117P   1190
27.4,0.296064713808573,18.0683428515467,24.4,0.296064713808573,     1117P   1191
-1.52,-1.22,0.,0.,0.;                                               1117P   1192
126,1,1,0,0,1,0,1.22,1.22,1.52,1.52,1.,1.,18.0683428515467,24.4,    1119P   1193
2.29606471380857,18.0683428515467,27.4,2.29606471380857,1.22,       1119P   1194
1.52,0.,0.,0.;                                                      1119P   1195
126,1,1,0,0,1,0,4.19999999999999,4.19999999999999,                  1121P   1196
4.39999999999999,4.39999999999999,1.,1.,18.0683428515467,24.4,      1121P   1197
2.29606471380857,18.0683428515467,24.4,0.296064713808573,           1121P   1198
4.19999999999999,4.39999999999999,0.,0.,0.;                         1121P   1199
126,1,1,0,0,1,0,-2.975,-2.975,-1.475,-1.475,1.,1.,                  1123P   1200
18.0683428515467,24.4,0.296064713808573,33.0683428515467,24.4,      1123P   1201
0.296064713808573,-2.975,-1.475,0.,0.,0.;                           1123P   1202
126,1,1,0,0,1,0,1.475,1.475,2.975,2.975,1.,1.,33.0683428515467,     1125P   1203
24.4,2.29606471380857,18.0683428515467,24.4,2.29606471380857,       1125P   1204
1.475,2.975,0.,0.,0.;                                               1125P   1205
126,1,1,0,0,1,0,-1.1,-1.1,3.3,3.3,1.,1.,-11.4316571484533,1.,       1127P   1206
0.296064713808573,-11.4316571484533,1.,44.2960647138086,-1.1,       1127P   1207
3.3,0.,0.,0.;                                                       1127P   1208
126,1,1,0,0,1,0,-1.85,-1.85,5.55,5.55,1.,1.,62.5683428515467,1.,    1129P   1209
0.296064713808573,-11.4316571484533,1.,0.296064713808573,-1.85,     1129P   1210
5.55,0.,0.,0.;                                                      1129P   1211
126,1,1,0,0,1,0,-1.1,-1.1,3.3,3.3,1.,1.,62.5683428515467,1.,        1131P   1212
44.2960647138086,62.5683428515467,1.,0.296064713808573,-1.1,3.3,    1131P   1213
0.,0.,0.;                                                           1131P   1214
126,1,1,0,0,1,0,-1.85,-1.85,5.55,5.55,1.,1.,-11.4316571484533,      1133P   1215
1.,44.2960647138086,62.5683428515467,1.,44.2960647138086,-1.85,     1133P   1216
5.55,0.,0.,0.;                                                      1133P   1217
126,1,1,0,0,1,0,0.1,0.1,3.72,3.72,1.,1.,62.5683428515467,1.,        1135P   1218
0.296064713808573,62.5683428515467,37.2,0.296064713808573,0.1,      1135P   1219
3.72,0.,0.,0.;                                                      1135P   1220
126,1,1,0,0,1,0,-0.2,-0.2,0.,0.,1.,1.,62.5683428515467,37.2,        1137P   1221
2.29606471380857,62.5683428515467,37.2,0.296064713808573,-0.2,      1137P   1222
0.,0.,0.,0.;                                                        1137P   1223
126,1,1,0,0,1,0,-1.86,-1.86,-1.76,-1.76,1.,1.,62.5683428515467,     1139P   1224
37.2,2.29606471380857,62.5683428515467,36.2,2.29606471380857,       1139P   1225
-1.86,-1.76,0.,0.,0.;                                               1139P   1226
126,1,1,0,0,1,0,4.155,4.155,4.265,4.265,1.,1.,62.5683428515467,     1141P   1227
36.2,2.29606471380857,62.5683428515467,36.2,1.19606471380857,       1141P   1228
4.155,4.265,0.,0.,0.;                                               1141P   1229
126,1,1,0,0,1,0,-1.81,-1.81,-1.67,-1.67,1.,1.,62.5683428515467,     1143P   1230
36.2,1.19606471380857,62.5683428515467,34.8,1.19606471380857,       1143P   1231
-1.81,-1.67,0.,0.,0.;                                               1143P   1232
126,1,1,0,0,1,0,-2.155,-2.155,2.065,2.065,1.,1.,                    1145P   1233
62.5683428515467,34.8,1.19606471380857,62.5683428515467,34.8,       1145P   1234
43.3960647138086,-2.155,2.065,0.,0.,0.;                             1145P   1235
126,1,1,0,0,1,0,1.74,1.74,1.88,1.88,1.,1.,62.5683428515467,34.8,    1147P   1236
43.3960647138086,62.5683428515467,36.2,43.3960647138086,1.74,       1147P   1237
1.88,0.,0.,0.;                                                      1147P   1238
126,1,1,0,0,1,0,0.0449999999999999,0.0449999999999999,0.155,        1149P   1239
0.155,1.,1.,62.5683428515467,36.2,43.3960647138086,                 1149P   1240
62.5683428515467,36.2,42.2960647138086,0.0449999999999999,0.155,    1149P   1241
0.,0.,0.;                                                           1149P   1242
126,1,1,0,0,1,0,1.76,1.76,1.86,1.86,1.,1.,62.5683428515467,36.2,    1151P   1243
42.2960647138086,62.5683428515467,37.2,42.2960647138086,1.76,       1151P   1244
1.86,0.,0.,0.;                                                      1151P   1245
126,1,1,0,0,1,0,-4.4,-4.4,-4.2,-4.2,1.,1.,62.5683428515467,37.2,    1153P   1246
44.2960647138086,62.5683428515467,37.2,42.2960647138086,-4.4,       1153P   1247
-4.2,0.,0.,0.;                                                      1153P   1248
126,1,1,0,0,1,0,0.1,0.1,3.72,3.72,1.,1.,62.5683428515467,1.,        1155P   1249
44.2960647138086,62.5683428515467,37.2,44.2960647138086,0.1,        1155P   1250
3.72,0.,0.,0.;                                                      1155P   1251
126,1,1,0,0,1,0,0.0449999999999999,0.0449999999999999,4.265,        1157P   1252
4.265,1.,1.,62.5683428515467,23.4,43.3960647138086,                 1157P   1253
62.5683428515467,23.4,1.19606471380857,0.0449999999999999,4.265,    1157P   1254
0.,0.,0.;                                                           1157P   1255
126,1,1,0,0,1,0,-1.17,-1.17,-1.03,-1.03,1.,1.,62.5683428515467,     1159P   1256
23.4,1.19606471380857,62.5683428515467,22.,1.19606471380857,        1159P   1257
-1.17,-1.03,0.,0.,0.;                                               1159P   1258
126,1,1,0,0,1,0,-2.155,-2.155,2.065,2.065,1.,1.,                    1161P   1259
62.5683428515467,22.,1.19606471380857,62.5683428515467,22.,         1161P   1260
43.3960647138086,-2.155,2.065,0.,0.,0.;                             1161P   1261
126,1,1,0,0,1,0,1.1,1.1,1.24,1.24,1.,1.,62.5683428515467,22.,       1163P   1262
43.3960647138086,62.5683428515467,23.4,43.3960647138086,1.1,        1163P   1263
1.24,0.,0.,0.;                                                      1163P   1264
126,1,1,0,0,1,0,-2.155,-2.155,2.065,2.065,1.,1.,                    1165P   1265
62.5683428515467,28.4,1.19606471380857,62.5683428515467,28.4,       1165P   1266
43.3960647138086,-2.155,2.065,0.,0.,0.;                             1165P   1267
126,1,1,0,0,1,0,1.42,1.42,1.56,1.56,1.,1.,62.5683428515467,28.4,    1167P   1268
43.3960647138086,62.5683428515467,29.8,43.3960647138086,1.42,       1167P   1269
1.56,0.,0.,0.;                                                      1167P   1270
126,1,1,0,0,1,0,0.0449999999999999,0.0449999999999999,4.265,        1169P   1271
4.265,1.,1.,62.5683428515467,29.8,43.3960647138086,                 1169P   1272
62.5683428515467,29.8,1.19606471380857,0.0449999999999999,4.265,    1169P   1273
0.,0.,0.;                                                           1169P   1274
126,1,1,0,0,1,0,-1.49,-1.49,-1.35,-1.35,1.,1.,62.5683428515467,     1171P   1275
29.8,1.19606471380857,62.5683428515467,28.4,1.19606471380857,       1171P   1276
-1.49,-1.35,0.,0.,0.;                                               1171P   1277
126,1,1,0,0,1,0,0.1,0.1,3.72,3.72,1.,1.,-11.4316571484533,1.,       1173P   1278
0.296064713808573,-11.4316571484533,37.2,0.296064713808573,0.1,     1173P   1279
3.72,0.,0.,0.;                                                      1173P   1280
126,1,1,0,0,1,0,-7.4,-7.4,0.,0.,1.,1.,62.5683428515467,37.2,        1175P   1281
0.296064713808573,-11.4316571484533,37.2,0.296064713808573,-7.4,    1175P   1282
0.,0.,0.,0.;                                                        1175P   1283
126,1,1,0,0,1,0,-3.7,-3.7,3.5,3.5,1.,1.,62.5683428515467,36.2,      1177P   1284
42.2960647138086,-9.43165714845329,36.2,42.2960647138086,-3.7,      1177P   1285
3.5,0.,0.,0.;                                                       1177P   1286
126,1,1,0,0,1,0,0.,0.,7.31,7.31,1.,1.,62.5683428515467,36.2,        1179P   1287
43.3960647138086,-10.5316571484533,36.2,43.3960647138086,0.,        1179P   1288
7.31,0.,0.,0.;                                                      1179P   1289
126,1,1,0,0,1,0,0.,0.,4.22,4.22,1.,1.,-10.5316571484533,36.2,       1181P   1290
43.3960647138086,-10.5316571484533,36.2,1.19606471380857,0.,        1181P   1291
4.22,0.,0.,0.;                                                      1181P   1292
126,1,1,0,0,1,0,0.,0.,7.31,7.31,1.,1.,62.5683428515467,36.2,        1183P   1293
1.19606471380857,-10.5316571484533,36.2,1.19606471380857,0.,        1183P   1294
7.31,0.,0.,0.;                                                      1183P   1295
126,1,1,0,0,1,0,-0.100000000000001,-0.100000000000001,7.1,7.1,      1185P   1296
1.,1.,62.5683428515467,36.2,2.29606471380857,-9.43165714845329,     1185P   1297
36.2,2.29606471380857,-0.100000000000001,7.1,0.,0.,0.;              1185P   1298
126,1,1,0,0,1,0,-2.045,-2.045,1.955,1.955,1.,1.,                    1187P   1299
-9.4316571484533,36.2,42.2960647138086,-9.4316571484533,36.2,       1187P   1300
2.29606471380857,-2.045,1.955,0.,0.,0.;                             1187P   1301
126,1,1,0,0,1,0,-5.35,-5.35,1.85,1.85,1.,1.,-9.43165714845329,      1189P   1302
37.2,2.29606471380857,62.5683428515467,37.2,2.29606471380857,       1189P   1303
-5.35,1.85,0.,0.,0.;                                                1189P   1304
126,1,1,0,0,1,0,-4.4,-4.4,0.,0.,1.,1.,-11.4316571484533,37.2,       1191P   1305
0.296064713808573,-11.4316571484533,37.2,44.2960647138086,-4.4,     1191P   1306
0.,0.,0.,0.;                                                        1191P   1307
126,1,1,0,0,1,0,-7.4,-7.4,0.,0.,1.,1.,-11.4316571484533,37.2,       1193P   1308
44.2960647138086,62.5683428515467,37.2,44.2960647138086,-7.4,0.,    1193P   1309
0.,0.,0.;                                                           1193P   1310
126,1,1,0,0,1,0,-1.85,-1.85,5.35,5.35,1.,1.,62.5683428515467,       1195P   1311
37.2,42.2960647138086,-9.4316571484533,37.2,42.2960647138086,       1195P   1312
-1.85,5.35,0.,0.,0.;                                                1195P   1313
126,1,1,0,0,1,0,-3.1,-3.1,0.9,0.9,1.,1.,-9.43165714845329,37.2,     1197P   1314
42.2960647138086,-9.43165714845329,37.2,2.29606471380857,-3.1,      1197P   1315
0.9,0.,0.,0.;                                                       1197P   1316
126,1,1,0,0,1,0,0.,0.,7.31,7.31,1.,1.,62.5683428515467,23.4,        1199P   1317
43.3960647138086,-10.5316571484533,23.4,43.3960647138086,0.,        1199P   1318
7.31,0.,0.,0.;                                                      1199P   1319
126,1,1,0,0,1,0,0.,0.,4.22,4.22,1.,1.,-10.5316571484533,23.4,       1201P   1320
43.3960647138086,-10.5316571484533,23.4,1.19606471380857,0.,        1201P   1321
4.22,0.,0.,0.;                                                      1201P   1322
126,1,1,0,0,1,0,0.,0.,7.31,7.31,1.,1.,62.5683428515467,23.4,        1203P   1323
1.19606471380857,-10.5316571484533,23.4,1.19606471380857,0.,        1203P   1324
7.31,0.,0.,0.;                                                      1203P   1325
126,1,1,0,0,1,0,-2.045,-2.045,1.955,1.955,1.,1.,                    1205P   1326
-9.4316571484533,23.4,42.2960647138086,-9.4316571484533,23.4,       1205P   1327
2.29606471380857,-2.045,1.955,0.,0.,0.;                             1205P   1328
126,1,1,0,0,1,0,-3.5,-3.5,3.5,3.5,1.,1.,60.5683428515467,23.4,      1207P   1329
42.2960647138086,-9.43165714845329,23.4,42.2960647138086,-3.5,      1207P   1330
3.5,0.,0.,0.;                                                       1207P   1331
126,1,1,0,0,1,0,-4.155,-4.155,-0.155,-0.155,1.,1.,                  1209P   1332
60.5683428515467,23.4,2.29606471380857,60.5683428515467,23.4,       1209P   1333
42.2960647138086,-4.155,-0.155,0.,0.,0.;                            1209P   1334
126,1,1,0,0,1,0,-7.2,-7.2,-0.2,-0.2,1.,1.,-9.43165714845329,        1211P   1335
23.4,2.29606471380857,60.5683428515467,23.4,2.29606471380857,       1211P   1336
-7.2,-0.2,0.,0.,0.;                                                 1211P   1337
126,1,1,0,0,1,0,0.,0.,7.31,7.31,1.,1.,62.5683428515467,22.,         1213P   1338
43.3960647138086,-10.5316571484533,22.,43.3960647138086,0.,7.31,    1213P   1339
0.,0.,0.;                                                           1213P   1340
126,1,1,0,0,1,0,0.,0.,0.14,0.14,1.,1.,-10.5316571484533,22.,        1215P   1341
43.3960647138086,-10.5316571484533,23.4,43.3960647138086,0.,        1215P   1342
0.14,0.,0.,0.;                                                      1215P   1343
126,1,1,0,0,1,0,0.,0.,7.31,7.31,1.,1.,62.5683428515467,22.,         1217P   1344
1.19606471380857,-10.5316571484533,22.,1.19606471380857,0.,7.31,    1217P   1345
0.,0.,0.;                                                           1217P   1346
126,1,1,0,0,1,0,0.,0.,4.22,4.22,1.,1.,-10.5316571484533,22.,        1219P   1347
1.19606471380857,-10.5316571484533,22.,43.3960647138086,0.,4.22,    1219P   1348
0.,0.,0.;                                                           1219P   1349
126,1,1,0,0,1,0,0.155,0.155,4.155,4.155,1.,1.,-9.4316571484533,     1221P   1350
22.,2.29606471380857,-9.4316571484533,22.,42.2960647138086,         1221P   1351
0.155,4.155,0.,0.,0.;                                               1221P   1352
126,1,1,0,0,1,0,0.2,0.2,7.2,7.2,1.,1.,60.5683428515467,22.,         1223P   1353
2.29606471380857,-9.43165714845329,22.,2.29606471380857,0.2,7.2,    1223P   1354
0.,0.,0.;                                                           1223P   1355
126,1,1,0,0,1,0,-1.955,-1.955,2.045,2.045,1.,1.,                    1225P   1356
60.5683428515467,22.,42.2960647138086,60.5683428515467,22.,         1225P   1357
2.29606471380857,-1.955,2.045,0.,0.,0.;                             1225P   1358
126,1,1,0,0,1,0,-3.5,-3.5,3.5,3.5,1.,1.,-9.43165714845329,22.,      1227P   1359
42.2960647138086,60.5683428515467,22.,42.2960647138086,-3.5,3.5,    1227P   1360
0.,0.,0.;                                                           1227P   1361
126,1,1,0,0,1,0,0.,0.,0.14,0.14,1.,1.,-10.5316571484533,23.4,       1229P   1362
1.19606471380857,-10.5316571484533,22.,1.19606471380857,0.,0.14,    1229P   1363
0.,0.,0.;                                                           1229P   1364
126,1,1,0,0,1,0,0.,0.,7.31,7.31,1.,1.,62.5683428515467,28.4,        1231P   1365
1.19606471380857,-10.5316571484533,28.4,1.19606471380857,0.,        1231P   1366
7.31,0.,0.,0.;                                                      1231P   1367
126,1,1,0,0,1,0,0.,0.,4.22,4.22,1.,1.,-10.5316571484533,28.4,       1233P   1368
1.19606471380857,-10.5316571484533,28.4,43.3960647138086,0.,        1233P   1369
4.22,0.,0.,0.;                                                      1233P   1370
126,1,1,0,0,1,0,0.,0.,7.31,7.31,1.,1.,62.5683428515467,28.4,        1235P   1371
43.3960647138086,-10.5316571484533,28.4,43.3960647138086,0.,        1235P   1372
7.31,0.,0.,0.;                                                      1235P   1373
126,1,1,0,0,1,0,0.155,0.155,4.155,4.155,1.,1.,-9.4316571484533,     1237P   1374
28.4,2.29606471380857,-9.4316571484533,28.4,42.2960647138086,       1237P   1375
0.155,4.155,0.,0.,0.;                                               1237P   1376
126,1,1,0,0,1,0,0.2,0.2,7.2,7.2,1.,1.,60.5683428515467,28.4,        1239P   1377
2.29606471380857,-9.43165714845329,28.4,2.29606471380857,0.2,       1239P   1378
7.2,0.,0.,0.;                                                       1239P   1379
126,1,1,0,0,1,0,-1.955,-1.955,2.045,2.045,1.,1.,                    1241P   1380
60.5683428515467,28.4,42.2960647138086,60.5683428515467,28.4,       1241P   1381
2.29606471380857,-1.955,2.045,0.,0.,0.;                             1241P   1382
126,1,1,0,0,1,0,-3.5,-3.5,3.5,3.5,1.,1.,-9.43165714845329,28.4,     1243P   1383
42.2960647138086,60.5683428515467,28.4,42.2960647138086,-3.5,       1243P   1384
3.5,0.,0.,0.;                                                       1243P   1385
126,1,1,0,0,1,0,0.,0.,7.31,7.31,1.,1.,62.5683428515467,29.8,        1245P   1386
1.19606471380857,-10.5316571484533,29.8,1.19606471380857,0.,        1245P   1387
7.31,0.,0.,0.;                                                      1245P   1388
126,1,1,0,0,1,0,0.,0.,0.14,0.14,1.,1.,-10.5316571484533,29.8,       1247P   1389
1.19606471380857,-10.5316571484533,28.4,1.19606471380857,0.,        1247P   1390
0.14,0.,0.,0.;                                                      1247P   1391
126,1,1,0,0,1,0,0.,0.,7.31,7.31,1.,1.,62.5683428515467,29.8,        1249P   1392
43.3960647138086,-10.5316571484533,29.8,43.3960647138086,0.,        1249P   1393
7.31,0.,0.,0.;                                                      1249P   1394
126,1,1,0,0,1,0,0.,0.,4.22,4.22,1.,1.,-10.5316571484533,29.8,       1251P   1395
43.3960647138086,-10.5316571484533,29.8,1.19606471380857,0.,        1251P   1396
4.22,0.,0.,0.;                                                      1251P   1397
126,1,1,0,0,1,0,-2.045,-2.045,1.955,1.955,1.,1.,                    1253P   1398
-9.4316571484533,29.8,42.2960647138086,-9.4316571484533,29.8,       1253P   1399
2.29606471380857,-2.045,1.955,0.,0.,0.;                             1253P   1400
126,1,1,0,0,1,0,-3.5,-3.5,3.5,3.5,1.,1.,60.5683428515467,29.8,      1255P   1401
42.2960647138086,-9.43165714845329,29.8,42.2960647138086,-3.5,      1255P   1402
3.5,0.,0.,0.;                                                       1255P   1403
126,1,1,0,0,1,0,-4.155,-4.155,-0.155,-0.155,1.,1.,                  1257P   1404
60.5683428515467,29.8,2.29606471380857,60.5683428515467,29.8,       1257P   1405
42.2960647138086,-4.155,-0.155,0.,0.,0.;                            1257P   1406
126,1,1,0,0,1,0,-7.2,-7.2,-0.2,-0.2,1.,1.,-9.43165714845329,        1259P   1407
29.8,2.29606471380857,60.5683428515467,29.8,2.29606471380857,       1259P   1408
-7.2,-0.2,0.,0.,0.;                                                 1259P   1409
126,1,1,0,0,1,0,0.,0.,0.14,0.14,1.,1.,-10.5316571484533,28.4,       1261P   1410
43.3960647138086,-10.5316571484533,29.8,43.3960647138086,0.,        1261P   1411
0.14,0.,0.,0.;                                                      1261P   1412
126,1,1,0,0,1,0,0.,0.,7.31,7.31,1.,1.,62.5683428515467,34.8,        1263P   1413
43.3960647138086,-10.5316571484533,34.8,43.3960647138086,0.,        1263P   1414
7.31,0.,0.,0.;                                                      1263P   1415
126,1,1,0,0,1,0,0.,0.,0.14,0.14,1.,1.,-10.5316571484533,34.8,       1265P   1416
43.3960647138086,-10.5316571484533,36.2,43.3960647138086,0.,        1265P   1417
0.14,0.,0.,0.;                                                      1265P   1418
126,1,1,0,0,1,0,0.,0.,7.31,7.31,1.,1.,62.5683428515467,34.8,        1267P   1419
1.19606471380857,-10.5316571484533,34.8,1.19606471380857,0.,        1267P   1420
7.31,0.,0.,0.;                                                      1267P   1421
126,1,1,0,0,1,0,0.,0.,4.22,4.22,1.,1.,-10.5316571484533,34.8,       1269P   1422
1.19606471380857,-10.5316571484533,34.8,43.3960647138086,0.,        1269P   1423
4.22,0.,0.,0.;                                                      1269P   1424
126,1,1,0,0,1,0,0.155,0.155,4.155,4.155,1.,1.,-9.4316571484533,     1271P   1425
34.8,2.29606471380857,-9.4316571484533,34.8,42.2960647138086,       1271P   1426
0.155,4.155,0.,0.,0.;                                               1271P   1427
126,1,1,0,0,1,0,0.2,0.2,7.2,7.2,1.,1.,60.5683428515467,34.8,        1273P   1428
2.29606471380857,-9.43165714845329,34.8,2.29606471380857,0.2,       1273P   1429
7.2,0.,0.,0.;                                                       1273P   1430
126,1,1,0,0,1,0,-1.955,-1.955,2.045,2.045,1.,1.,                    1275P   1431
60.5683428515467,34.8,42.2960647138086,60.5683428515467,34.8,       1275P   1432
2.29606471380857,-1.955,2.045,0.,0.,0.;                             1275P   1433
126,1,1,0,0,1,0,-3.5,-3.5,3.5,3.5,1.,1.,-9.43165714845329,34.8,     1277P   1434
42.2960647138086,60.5683428515467,34.8,42.2960647138086,-3.5,       1277P   1435
3.5,0.,0.,0.;                                                       1277P   1436
126,1,1,0,0,1,0,0.,0.,0.14,0.14,1.,1.,-10.5316571484533,36.2,       1279P   1437
1.19606471380857,-10.5316571484533,34.8,1.19606471380857,0.,        1279P   1438
0.14,0.,0.,0.;                                                      1279P   1439
126,1,1,0,0,1,0,3.62,3.62,3.72,3.72,1.,1.,-9.43165714845329,        1281P   1440
36.2,42.2960647138086,-9.43165714845329,37.2,42.2960647138086,      1281P   1441
3.62,3.72,0.,0.,0.;                                                 1281P   1442
126,1,1,0,0,1,0,2.98,2.98,3.48,3.48,1.,1.,-9.43165714845329,        1283P   1443
29.8,42.2960647138086,-9.43165714845329,34.8,42.2960647138086,      1283P   1444
2.98,3.48,0.,0.,0.;                                                 1283P   1445
126,1,1,0,0,1,0,2.98,2.98,3.48,3.48,1.,1.,60.5683428515467,29.8,    1285P   1446
42.2960647138086,60.5683428515467,34.8,42.2960647138086,2.98,       1285P   1447
3.48,0.,0.,0.;                                                      1285P   1448
126,1,1,0,0,1,0,0.2,0.2,2.2,2.2,1.,1.,60.5683428515467,2.,          1287P   1449
42.2960647138086,60.5683428515467,22.,42.2960647138086,0.2,2.2,     1287P   1450
0.,0.,0.;                                                           1287P   1451
126,1,1,0,0,1,0,-5.35,-5.35,1.65,1.65,1.,1.,60.5683428515467,2.,    1289P   1452
42.2960647138086,-9.43165714845329,2.,42.2960647138086,-5.35,       1289P   1453
1.65,0.,0.,0.;                                                      1289P   1454
126,1,1,0,0,1,0,0.2,0.2,2.2,2.2,1.,1.,-9.43165714845329,2.,         1291P   1455
42.2960647138086,-9.43165714845329,22.,42.2960647138086,0.2,2.2,    1291P   1456
0.,0.,0.;                                                           1291P   1457
126,1,1,0,0,1,0,2.34,2.34,2.84,2.84,1.,1.,-9.43165714845329,        1293P   1458
23.4,42.2960647138086,-9.43165714845329,28.4,42.2960647138086,      1293P   1459
2.34,2.84,0.,0.,0.;                                                 1293P   1460
126,1,1,0,0,1,0,2.34,2.34,2.84,2.84,1.,1.,60.5683428515467,23.4,    1295P   1461
42.2960647138086,60.5683428515467,28.4,42.2960647138086,2.34,       1295P   1462
2.84,0.,0.,0.;                                                      1295P   1463
126,1,1,0,0,1,0,2.98,2.98,3.48,3.48,1.,1.,60.5683428515467,29.8,    1297P   1464
2.29606471380857,60.5683428515467,34.8,2.29606471380857,2.98,       1297P   1465
3.48,0.,0.,0.;                                                      1297P   1466
126,1,1,0,0,1,0,0.2,0.2,2.2,2.2,1.,1.,60.5683428515467,2.,          1299P   1467
2.29606471380857,60.5683428515467,22.,2.29606471380857,0.2,2.2,     1299P   1468
0.,0.,0.;                                                           1299P   1469
126,1,1,0,0,1,0,-3.1,-3.1,0.899999999999999,0.899999999999999,      1301P   1470
1.,1.,60.5683428515467,2.,2.29606471380857,60.5683428515467,2.,     1301P   1471
42.2960647138086,-3.1,0.899999999999999,0.,0.,0.;                   1301P   1472
126,1,1,0,0,1,0,2.34,2.34,2.84,2.84,1.,1.,60.5683428515467,23.4,    1303P   1473
2.29606471380857,60.5683428515467,28.4,2.29606471380857,2.34,       1303P   1474
2.84,0.,0.,0.;                                                      1303P   1475
126,1,1,0,0,1,0,0.2,0.2,2.2,2.2,1.,1.,-9.43165714845329,2.,         1305P   1476
2.29606471380857,-9.43165714845329,22.,2.29606471380857,0.2,2.2,    1305P   1477
0.,0.,0.;                                                           1305P   1478
126,1,1,0,0,1,0,-5.35,-5.35,1.65,1.65,1.,1.,-9.43165714845329,      1307P   1479
2.,2.29606471380857,60.5683428515467,2.,2.29606471380857,-5.35,     1307P   1480
1.65,0.,0.,0.;                                                      1307P   1481
126,1,1,0,0,1,0,3.62,3.62,3.72,3.72,1.,1.,-9.43165714845329,        1309P   1482
36.2,2.29606471380857,-9.43165714845329,37.2,2.29606471380857,      1309P   1483
3.62,3.72,0.,0.,0.;                                                 1309P   1484
126,1,1,0,0,1,0,2.98,2.98,3.48,3.48,1.,1.,-9.43165714845329,        1311P   1485
29.8,2.29606471380857,-9.43165714845329,34.8,2.29606471380857,      1311P   1486
2.98,3.48,0.,0.,0.;                                                 1311P   1487
126,1,1,0,0,1,0,-3.1,-3.1,0.9,0.9,1.,1.,-9.43165714845329,2.,       1313P   1488
42.2960647138086,-9.43165714845329,2.,2.29606471380857,-3.1,0.9,    1313P   1489
0.,0.,0.;                                                           1313P   1490
126,1,1,0,0,1,0,2.34,2.34,2.84,2.84,1.,1.,-9.43165714845329,        1315P   1491
23.4,2.29606471380857,-9.43165714845329,28.4,2.29606471380857,      1315P   1492
2.34,2.84,0.,0.,0.;                                                 1315P   1493
126,1,1,0,0,1,0,0.1,0.1,3.72,3.72,1.,1.,-11.4316571484533,1.,       1317P   1494
44.2960647138086,-11.4316571484533,37.2,44.2960647138086,0.1,       1317P   1495
3.72,0.,0.,0.;                                                      1317P   1496
126,1,1,0,0,1,0,0.,0.,7.29,7.29,1.,1.,72.0000009983778,             1319P   1497
2.64760671062493,0.,-0.899999001622209,2.64760671062493,0.,0.,      1319P   1498
7.29,0.,0.,0.;                                                      1319P   1499
126,1,1,0,0,1,0,0.,0.,0.1,0.1,1.,1.,72.0000009983778,               1321P   1500
2.64760671062493,0.,72.0000009983778,2.64760671062493,1.,0.,0.1,    1321P   1501
0.,0.,0.;                                                           1321P   1502
126,1,1,0,0,1,0,-7.29,-7.29,0.,0.,1.,1.,-0.899999001622209,         1323P   1503
2.64760671062493,1.,72.0000009983778,2.64760671062493,1.,-7.29,     1323P   1504
0.,0.,0.,0.;                                                        1323P   1505
126,1,1,0,0,1,0,0.,0.,0.1,0.1,1.,1.,-0.899999001622211,             1325P   1506
2.64760671062493,0.,-0.899999001622211,2.64760671062493,1.,0.,      1325P   1507
0.1,0.,0.,0.;                                                       1325P   1508
126,1,1,0,0,1,0,0.,0.,1.59,1.59,1.,1.,-0.899999001622211,           1327P   1509
2.64760671062493,0.,-0.899999001622211,18.5476067106249,0.,0.,      1327P   1510
1.59,0.,0.,0.;                                                      1327P   1511
126,1,1,0,0,1,0,-1.59,-1.59,0.,0.,1.,1.,-0.899999001622211,         1329P   1512
18.5476067106249,1.,-0.899999001622211,2.64760671062493,1.,         1329P   1513
-1.59,0.,0.,0.,0.;                                                  1329P   1514
126,1,1,0,0,1,0,0.,0.,0.1,0.1,1.,1.,-0.899999001622211,             1331P   1515
18.5476067106249,0.,-0.899999001622211,18.5476067106249,1.,0.,      1331P   1516
0.1,0.,0.,0.;                                                       1331P   1517
126,1,1,0,0,1,0,0.,0.,0.37,0.37,1.,1.,-4.59999900162221,            1333P   1518
18.5476067106249,0.,-0.899999001622211,18.5476067106249,0.,0.,      1333P   1519
0.37,0.,0.,0.;                                                      1333P   1520
126,1,1,0,0,1,0,0.,0.,0.37,0.37,1.,1.,-4.59999900162221,            1335P   1521
18.5476067106249,1.,-0.899999001622211,18.5476067106249,1.,0.,      1335P   1522
0.37,0.,0.,0.;                                                      1335P   1523
126,1,1,0,0,1,0,0.,0.,0.1,0.1,1.,1.,-4.59999900162221,              1337P   1524
18.5476067106249,0.,-4.59999900162221,18.5476067106249,1.,0.,       1337P   1525
0.1,0.,0.,0.;                                                       1337P   1526
126,2,2,0,0,0,0,0.,0.,0.,1.5707963267949,1.5707963267949,           1339P   1527
1.5707963267949,1.,0.707106781186547,1.,-5.89999900162221,          1339P   1528
19.8476067106249,0.,-5.89999900162221,18.5476067106249,0.,          1339P   1529
-4.59999900162221,18.5476067106249,0.,0.,1.5707963267949,0.,0.,     1339P   1530
0.;                                                                 1339P   1531
126,2,2,0,0,0,0,0.,0.,0.,1.5707963267949,1.5707963267949,           1341P   1532
1.5707963267949,1.,0.707106781186547,1.,-5.89999900162221,          1341P   1533
19.8476067106249,1.,-5.89999900162221,18.5476067106249,1.,          1341P   1534
-4.59999900162221,18.5476067106249,1.,0.,1.5707963267949,0.,0.,     1341P   1535
0.;                                                                 1341P   1536
126,1,1,0,0,1,0,0.,0.,0.1,0.1,1.,1.,-5.89999900162221,              1343P   1537
19.8476067106249,0.,-5.89999900162221,19.8476067106249,1.,0.,       1343P   1538
0.1,0.,0.,0.;                                                       1343P   1539
126,1,1,0,0,1,0,0.,0.,0.74,0.74,1.,1.,-5.89999900162221,            1345P   1540
27.2476067106249,0.,-5.89999900162221,19.8476067106249,0.,0.,       1345P   1541
0.74,0.,0.,0.;                                                      1345P   1542
126,1,1,0,0,1,0,0.,0.,0.74,0.74,1.,1.,-5.89999900162221,            1347P   1543
27.2476067106249,1.,-5.89999900162221,19.8476067106249,1.,0.,       1347P   1544
0.74,0.,0.,0.;                                                      1347P   1545
126,1,1,0,0,1,0,0.,0.,0.1,0.1,1.,1.,-5.89999900162221,              1349P   1546
27.2476067106249,0.,-5.89999900162221,27.2476067106249,1.,0.,       1349P   1547
0.1,0.,0.,0.;                                                       1349P   1548
126,2,2,0,0,0,0,0.,0.,0.,1.5707963267949,1.5707963267949,           1351P   1549
1.5707963267949,1.,0.707106781186549,1.,-4.59999900162221,          1351P   1550
28.5476067106249,0.,-5.89999900162222,28.5476067106249,0.,          1351P   1551
-5.89999900162221,27.2476067106249,0.,0.,1.5707963267949,0.,0.,     1351P   1552
0.;                                                                 1351P   1553
126,2,2,0,0,0,0,0.,0.,0.,1.5707963267949,1.5707963267949,           1353P   1554
1.5707963267949,1.,0.707106781186549,1.,-4.59999900162221,          1353P   1555
28.5476067106249,1.,-5.89999900162222,28.5476067106249,1.,          1353P   1556
-5.89999900162221,27.2476067106249,1.,0.,1.5707963267949,0.,0.,     1353P   1557
0.;                                                                 1353P   1558
126,1,1,0,0,1,0,0.,0.,0.1,0.1,1.,1.,-4.59999900162221,              1355P   1559
28.5476067106249,0.,-4.59999900162221,28.5476067106249,1.,0.,       1355P   1560
0.1,0.,0.,0.;                                                       1355P   1561
126,1,1,0,0,1,0,0.,0.,0.37,0.37,1.,1.,-0.899999001622211,           1357P   1562
28.5476067106249,0.,-4.59999900162221,28.5476067106249,0.,0.,       1357P   1563
0.37,0.,0.,0.;                                                      1357P   1564
126,1,1,0,0,1,0,0.,0.,0.37,0.37,1.,1.,-0.899999001622211,           1359P   1565
28.5476067106249,1.,-4.59999900162221,28.5476067106249,1.,0.,       1359P   1566
0.37,0.,0.,0.;                                                      1359P   1567
126,1,1,0,0,1,0,0.,0.,0.1,0.1,1.,1.,-0.899999001622211,             1361P   1568
28.5476067106249,0.,-0.899999001622211,28.5476067106249,1.,0.,      1361P   1569
0.1,0.,0.,0.;                                                       1361P   1570
126,1,1,0,0,1,0,2.59,2.59,4.18,4.18,1.,1.,-0.899999001622211,       1363P   1571
28.5476067106249,0.,-0.899999001622211,44.4476067106249,0.,2.59,    1363P   1572
4.18,0.,0.,0.;                                                      1363P   1573
126,1,1,0,0,1,0,-4.18,-4.18,-2.59,-2.59,1.,1.,                      1365P   1574
-0.899999001622211,44.4476067106249,1.,-0.899999001622211,          1365P   1575
28.5476067106249,1.,-4.18,-2.59,0.,0.,0.;                           1365P   1576
126,1,1,0,0,1,0,0.,0.,0.1,0.1,1.,1.,-0.899999001622211,             1367P   1577
44.4476067106249,0.,-0.899999001622211,44.4476067106249,1.,0.,      1367P   1578
0.1,0.,0.,0.;                                                       1367P   1579
126,1,1,0,0,1,0,0.,0.,7.29,7.29,1.,1.,-0.899999001622211,           1369P   1580
44.4476067106249,0.,72.0000009983778,44.4476067106249,0.,0.,        1369P   1581
7.29,0.,0.,0.;                                                      1369P   1582
126,1,1,0,0,1,0,-7.29,-7.29,0.,0.,1.,1.,72.0000009983778,           1371P   1583
44.4476067106249,1.,-0.899999001622211,44.4476067106249,1.,         1371P   1584
-7.29,0.,0.,0.,0.;                                                  1371P   1585
126,1,1,0,0,1,0,0.,0.,0.1,0.1,1.,1.,72.0000009983778,               1373P   1586
44.4476067106249,0.,72.0000009983778,44.4476067106249,1.,0.,0.1,    1373P   1587
0.,0.,0.;                                                           1373P   1588
126,1,1,0,0,1,0,0.,0.,1.09,1.09,1.,1.,72.0000009983778,             1375P   1589
44.4476067106249,0.,72.0000009983778,33.5476067106249,0.,0.,        1375P   1590
1.09,0.,0.,0.;                                                      1375P   1591
126,1,1,0,0,1,0,-1.09,-1.09,0.,0.,1.,1.,72.0000009983778,           1377P   1592
33.5476067106249,1.,72.0000009983778,44.4476067106249,1.,-1.09,     1377P   1593
0.,0.,0.,0.;                                                        1377P   1594
126,1,1,0,0,1,0,0.,0.,0.1,0.1,1.,1.,72.0000009983778,               1379P   1595
33.5476067106249,0.,72.0000009983778,33.5476067106249,1.,0.,0.1,    1379P   1596
0.,0.,0.;                                                           1379P   1597
126,1,1,0,0,1,0,0.,0.,0.5,0.5,1.,1.,67.0000009983778,               1381P   1598
33.5476067106249,0.,72.0000009983778,33.5476067106249,0.,0.,0.5,    1381P   1599
0.,0.,0.;                                                           1381P   1600
126,1,1,0,0,1,0,0.,0.,0.5,0.5,1.,1.,67.0000009983778,               1383P   1601
33.5476067106249,1.,72.0000009983778,33.5476067106249,1.,0.,0.5,    1383P   1602
0.,0.,0.;                                                           1383P   1603
126,1,1,0,0,1,0,0.,0.,0.1,0.1,1.,1.,67.0000009983778,               1385P   1604
33.5476067106249,0.,67.0000009983778,33.5476067106249,1.,0.,0.1,    1385P   1605
0.,0.,0.;                                                           1385P   1606
126,1,1,0,0,1,0,0.,0.,2.,2.,1.,1.,67.0000009983778,                 1387P   1607
13.5476067106249,0.,67.0000009983778,33.5476067106249,0.,0.,2.,     1387P   1608
0.,0.,0.;                                                           1387P   1609
126,1,1,0,0,1,0,0.,0.,2.,2.,1.,1.,67.0000009983778,                 1389P   1610
13.5476067106249,1.,67.0000009983778,33.5476067106249,1.,0.,2.,     1389P   1611
0.,0.,0.;                                                           1389P   1612
126,1,1,0,0,1,0,0.,0.,0.1,0.1,1.,1.,67.0000009983778,               1391P   1613
13.5476067106249,0.,67.0000009983778,13.5476067106249,1.,0.,0.1,    1391P   1614
0.,0.,0.;                                                           1391P   1615
126,1,1,0,0,1,0,0.,0.,0.5,0.5,1.,1.,72.0000009983778,               1393P   1616
13.5476067106249,0.,67.0000009983778,13.5476067106249,0.,0.,0.5,    1393P   1617
0.,0.,0.;                                                           1393P   1618
126,1,1,0,0,1,0,0.,0.,0.5,0.5,1.,1.,72.0000009983778,               1395P   1619
13.5476067106249,1.,67.0000009983778,13.5476067106249,1.,0.,0.5,    1395P   1620
0.,0.,0.;                                                           1395P   1621
126,1,1,0,0,1,0,0.,0.,0.1,0.1,1.,1.,72.0000009983778,               1397P   1622
13.5476067106249,0.,72.0000009983778,13.5476067106249,1.,0.,0.1,    1397P   1623
0.,0.,0.;                                                           1397P   1624
126,1,1,0,0,1,0,3.09,3.09,4.18,4.18,1.,1.,72.0000009983778,         1399P   1625
13.5476067106249,0.,72.0000009983778,2.64760671062493,0.,3.09,      1399P   1626
4.18,0.,0.,0.;                                                      1399P   1627
126,1,1,0,0,1,0,-4.18,-4.18,-3.09,-3.09,1.,1.,72.0000009983778,     1401P   1628
2.64760671062493,1.,72.0000009983778,13.5476067106249,1.,-4.18,     1401P   1629
-3.09,0.,0.,0.;                                                     1401P   1630
126,1,1,0,0,1,0,-1.9225,-1.9225,-1.7225,-1.7225,1.,1.,72.9,         1403P   1631
-10.7,1.,70.9,-10.7,1.,-1.9225,-1.7225,0.,0.,0.;                    1403P   1632
126,1,1,0,0,1,0,0.,0.,0.1,0.1,1.,1.,72.9,-10.7,1.,72.9,-10.7,2.,    1405P   1633
0.,0.1,0.,0.,0.;                                                    1405P   1634
126,1,1,0,0,1,0,0.,0.,0.2,0.2,1.,1.,70.9,-10.7,2.,72.9,-10.7,2.,    1407P   1635
0.,0.2,0.,0.,0.;                                                    1407P   1636
126,1,1,0,0,1,0,0.,0.,0.1,0.1,1.,1.,70.9,-10.7,1.,70.9,-10.7,2.,    1409P   1637
0.,0.1,0.,0.,0.;                                                    1409P   1638
126,1,1,0,0,1,0,-2.97,-2.97,0.99,0.99,1.,1.,70.9,-10.7,1.,70.9,     1411P   1639
28.9,1.,-2.97,0.99,0.,0.,0.;                                        1411P   1640
126,1,1,0,0,1,0,0.,0.,3.96,3.96,1.,1.,70.9,28.9,2.,70.9,-10.7,      1413P   1641
2.,0.,3.96,0.,0.,0.;                                                1413P   1642
126,1,1,0,0,1,0,0.,0.,0.1,0.1,1.,1.,70.9,28.9,1.,70.9,28.9,2.,      1415P   1643
0.,0.1,0.,0.,0.;                                                    1415P   1644
126,1,1,0,0,1,0,1.6225,1.6225,1.8225,1.8225,1.,1.,70.9,28.9,1.,     1417P   1645
72.9,28.9,1.,1.6225,1.8225,0.,0.,0.;                                1417P   1646
126,1,1,0,0,1,0,0.,0.,0.2,0.2,1.,1.,72.9,28.9,2.,70.9,28.9,2.,      1419P   1647
0.,0.2,0.,0.,0.;                                                    1419P   1648
126,1,1,0,0,1,0,0.,0.,0.1,0.1,1.,1.,72.9,28.9,1.,72.9,28.9,2.,      1421P   1649
0.,0.1,0.,0.,0.;                                                    1421P   1650
126,1,1,0,0,1,0,0.,0.,3.96,3.96,1.,1.,72.9,-10.7,2.,72.9,28.9,      1423P   1651
2.,0.,3.96,0.,0.,0.;                                                1423P   1652
126,1,1,0,0,1,0,0.,0.,4.18,4.18,1.,1.,0.,-11.8,0.,0.,30.,0.,0.,     1425P   1653
4.18,0.,0.,0.;                                                      1425P   1654
126,1,1,0,0,1,0,0.,0.,0.1,0.1,1.,1.,0.,-11.8,0.,0.,-11.8,1.,0.,     1427P   1655
0.1,0.,0.,0.;                                                       1427P   1656
126,1,1,0,0,1,0,-4.18,-4.18,0.,0.,1.,1.,0.,30.,1.,0.,-11.8,1.,      1429P   1657
-4.18,0.,0.,0.,0.;                                                  1429P   1658
126,1,1,0,0,1,0,0.,0.,0.1,0.1,1.,1.,0.,30.,0.,0.,30.,1.,0.,0.1,     1431P   1659
0.,0.,0.;                                                           1431P   1660
126,1,1,0,0,1,0,0.,0.,7.29,7.29,1.,1.,0.,30.,0.,72.9,30.,0.,0.,     1433P   1661
7.29,0.,0.,0.;                                                      1433P   1662
126,1,1,0,0,1,0,-7.29,-7.29,0.,0.,1.,1.,72.9,30.,1.,0.,30.,1.,      1435P   1663
-7.29,0.,0.,0.,0.;                                                  1435P   1664
126,1,1,0,0,1,0,0.,0.,0.1,0.1,1.,1.,72.9,30.,0.,72.9,30.,1.,0.,     1437P   1665
0.1,0.,0.,0.;                                                       1437P   1666
126,1,1,0,0,1,0,0.,0.,4.18,4.18,1.,1.,72.9,30.,0.,72.9,-11.8,0.,    1439P   1667
0.,4.18,0.,0.,0.;                                                   1439P   1668
126,1,1,0,0,1,0,-0.109999999999999,-0.109999999999999,0.,0.,1.,     1441P   1669
1.,72.9,28.9,1.,72.9,30.,1.,-0.109999999999999,0.,0.,0.,0.;         1441P   1670
126,1,1,0,0,1,0,-4.18,-4.18,-4.07,-4.07,1.,1.,72.9,-11.8,1.,        1443P   1671
72.9,-10.7,1.,-4.18,-4.07,0.,0.,0.;                                 1443P   1672
126,1,1,0,0,1,0,0.,0.,0.1,0.1,1.,1.,72.9,-11.8,0.,72.9,-11.8,1.,    1445P   1673
0.,0.1,0.,0.,0.;                                                    1445P   1674
126,1,1,0,0,1,0,0.,0.,7.29,7.29,1.,1.,72.9,-11.8,0.,0.,-11.8,0.,    1447P   1675
0.,7.29,0.,0.,0.;                                                   1447P   1676
126,1,1,0,0,1,0,-7.29,-7.29,0.,0.,1.,1.,0.,-11.8,1.,72.9,-11.8,     1449P   1677
1.,-7.29,0.,0.,0.,0.;                                               1449P   1678
128,1,1,1,1,0,0,1,0,0,-0.001,-0.001,0.521,0.521,-0.001,-0.001,      1451P   1679
0.401,0.401,1.,1.,1.,1.,45.5683428515467,-5.21,12.1060647138086,    1451P   1680
45.5683428515467,0.01,12.1060647138086,45.5683428515467,-5.21,      1451P   1681
8.08606471380858,45.5683428515467,0.01,8.08606471380858,-0.001,     1451P   1682
0.521,-0.001,0.401;                                                 1451P   1683
128,1,1,1,1,0,0,1,0,0,-0.001,-0.001,0.101,0.101,-0.001,-0.001,      1453P   1684
0.401,0.401,1.,1.,1.,1.,44.5583428515467,-5.2,12.1060647138086,     1453P   1685
45.5783428515467,-5.2,12.1060647138086,44.5583428515467,-5.2,       1453P   1686
8.08606471380858,45.5783428515467,-5.2,8.08606471380858,-0.001,     1453P   1687
0.101,-0.001,0.401;                                                 1453P   1688
128,1,1,1,1,0,0,1,0,0,-0.001,-0.001,0.0888407650239913,             1455P   1689
0.0888407650239913,-0.001,-0.001,0.401,0.401,1.,1.,1.,1.,           1455P   1690
45.1078468821927,-5.90583535893405,12.1060647138086,                1455P   1691
44.5622701434774,-5.19205505086833,12.1060647138086,                1455P   1692
45.1078468821927,-5.90583535893405,8.08606471380858,                1455P   1693
44.5622701434774,-5.19205505086833,8.08606471380858,-0.001,         1455P   1694
0.0888407650239913,-0.001,0.401;                                    1455P   1695
128,1,2,1,2,0,0,0,0,0,0.,0.,15.3846153846154,15.3846153846154,      1457P   1696
0.,0.,0.,0.918175393938653,0.918175393938653,0.918175393938653,     1457P   1697
1.,1.,0.896457139781993,0.896457139781993,1.,1.,                    1457P   1698
45.3083428515467,-6.,8.09606471380858,45.3083428515467,-6.,         1457P   1699
12.0960647138086,45.1798214620382,-6.,8.09606471380858,             1457P   1700
45.1798214620382,-6.,12.0960647138086,45.1017741741233,             1457P   1701
-5.89789040980238,8.09606471380858,45.1017741741233,                1457P   1702
-5.89789040980238,12.0960647138086,0.,15.3846153846154,0.,          1457P   1703
0.918175393938653;                                                  1457P   1704
128,1,1,1,1,0,0,1,0,0,-0.001,-0.001,0.0810000000000001,             1459P   1705
0.0810000000000001,-0.001,-0.001,0.401,0.401,1.,1.,1.,1.,           1459P   1706
46.1183428515467,-6.,12.1060647138086,45.2983428515467,-6.,         1459P   1707
12.1060647138086,46.1183428515467,-6.,8.08606471380858,             1459P   1708
45.2983428515467,-6.,8.08606471380858,-0.001,0.0810000000000001,    1459P   1709
-0.001,0.401;                                                       1459P   1710
128,1,2,1,2,0,0,0,0,0,0.,0.,15.3846153846153,15.3846153846153,      1461P   1711
0.,0.,0.,1.5707963267949,1.5707963267949,1.5707963267949,1.,1.,     1461P   1712
0.707106781186548,0.707106781186548,1.,1.,46.3683428515467,         1461P   1713
-5.74,8.09606471380858,46.3683428515467,-5.74,12.0960647138086,     1461P   1714
46.3683428515467,-6.,8.09606471380858,46.3683428515467,-6.,         1461P   1715
12.0960647138086,46.1083428515467,-6.,8.09606471380858,             1461P   1716
46.1083428515467,-6.,12.0960647138086,0.,15.3846153846153,0.,       1461P   1717
1.5707963267949;                                                    1461P   1718
128,1,1,1,1,0,0,1,0,0,-0.001,-0.001,0.575,0.575,-0.001,-0.001,      1463P   1719
0.401,0.401,1.,1.,1.,1.,46.3683428515467,0.01,12.1060647138086,     1463P   1720
46.3683428515467,-5.75,12.1060647138086,46.3683428515467,0.01,      1463P   1721
8.08606471380858,46.3683428515467,-5.75,8.08606471380858,-0.001,    1463P   1722
0.575,-0.001,0.401;                                                 1463P   1723
128,1,1,1,1,0,0,1,0,0,-0.0909999999999999,-0.0909999999999999,      1465P   1724
0.0909999999999999,0.0909999999999999,-0.301,-0.301,0.301,0.301,    1465P   1725
1.,1.,1.,1.,46.3783428515467,-6.01,8.09606471380858,                1465P   1726
44.5583428515467,-6.01,8.09606471380858,46.3783428515467,0.01,      1465P   1727
8.09606471380858,44.5583428515467,0.01,8.09606471380858,            1465P   1728
-0.0909999999999999,0.0909999999999999,-0.301,0.301;                1465P   1729
128,1,1,1,1,0,0,1,0,0,-0.0909999999999999,-0.0909999999999999,      1467P   1730
0.0909999999999999,0.0909999999999999,-0.301,-0.301,0.301,0.301,    1467P   1731
1.,1.,1.,1.,44.5583428515467,-6.01,12.0960647138086,                1467P   1732
46.3783428515467,-6.01,12.0960647138086,44.5583428515467,0.01,      1467P   1733
12.0960647138086,46.3783428515467,0.01,12.0960647138086,            1467P   1734
-0.0909999999999999,0.0909999999999999,-0.301,0.301;                1467P   1735
128,1,1,1,1,0,0,1,0,0,-0.001,-0.001,0.101,0.101,-0.001,-0.001,      1469P   1736
0.401,0.401,1.,1.,1.,1.,49.5583428515467,-5.2,12.1060647138086,     1469P   1737
50.5783428515467,-5.2,12.1060647138086,49.5583428515467,-5.2,       1469P   1738
8.08606471380858,50.5783428515467,-5.2,8.08606471380858,-0.001,     1469P   1739
0.101,-0.001,0.401;                                                 1469P   1740
128,1,1,1,1,0,0,1,0,0,-0.001,-0.001,0.521,0.521,-0.001,-0.001,      1471P   1741
0.401,0.401,1.,1.,1.,1.,49.5683428515467,0.01,12.1060647138086,     1471P   1742
49.5683428515467,-5.21,12.1060647138086,49.5683428515467,0.01,      1471P   1743
8.08606471380858,49.5683428515467,-5.21,8.08606471380858,-0.001,    1471P   1744
0.521,-0.001,0.401;                                                 1471P   1745
128,1,1,1,1,0,0,1,0,0,-0.001,-0.001,0.575000000000026,              1473P   1746
0.575000000000026,-0.001,-0.001,0.401,0.401,1.,1.,1.,1.,            1473P   1747
48.7683428515467,-5.75000000000026,12.1060647138086,                1473P   1748
48.7683428515467,0.01,12.1060647138086,48.7683428515467,            1473P   1749
-5.75000000000026,8.08606471380858,48.7683428515467,0.01,           1473P   1750
8.08606471380858,-0.001,0.575000000000026,-0.001,0.401;             1473P   1751
128,1,2,1,2,0,0,0,0,0,0.,0.,15.3846153846307,15.3846153846307,      1475P   1752
0.,0.,0.,1.5707963267949,1.5707963267949,1.5707963267949,1.,1.,     1475P   1753
0.707106781186548,0.707106781186548,1.,1.,49.0283428515464,-6.,     1475P   1754
8.09606471380858,49.0283428515464,-6.,12.0960647138086,             1475P   1755
48.7683428515467,-6.,8.09606471380858,48.7683428515467,-6.,         1475P   1756
12.0960647138086,48.7683428515467,-5.74000000000026,                1475P   1757
8.09606471380858,48.7683428515467,-5.74000000000026,                1475P   1758
12.0960647138086,0.,15.3846153846307,0.,1.5707963267949;            1475P   1759
128,1,1,1,1,0,0,1,0,0,-0.001,-0.001,0.0810000000000001,             1477P   1760
0.0810000000000001,-0.001,-0.001,0.401,0.401,1.,1.,1.,1.,           1477P   1761
49.8383428515464,-6.,12.1060647138086,49.0183428515464,-6.,         1477P   1762
12.1060647138086,49.8383428515464,-6.,8.08606471380858,             1477P   1763
49.0183428515464,-6.,8.08606471380858,-0.001,0.0810000000000001,    1477P   1764
-0.001,0.401;                                                       1477P   1765
128,1,2,1,2,0,0,0,0,0,0.,0.,15.3846153846155,15.3846153846155,      1479P   1766
0.,0.,0.,0.9181753939384,0.9181753939384,0.9181753939384,1.,1.,     1479P   1767
0.896457139782049,0.896457139782049,1.,1.,50.0349115289698,         1479P   1768
-5.89789040980243,8.09606471380858,50.0349115289698,                1479P   1769
-5.89789040980243,12.0960647138086,49.9568642410549,-6.,            1479P   1770
8.09606471380858,49.9568642410549,-6.,12.0960647138086,             1479P   1771
49.8283428515464,-6.,8.09606471380858,49.8283428515464,-6.,         1479P   1772
12.0960647138086,0.,15.3846153846155,0.,0.9181753939384;            1479P   1773
128,1,1,1,1,0,0,1,0,0,-0.001,-0.001,0.0888407650240129,             1481P   1774
0.0888407650240129,-0.001,-0.001,0.401,0.401,1.,1.,1.,1.,           1481P   1775
50.574415559616,-5.19205505086833,12.1060647138086,                 1481P   1776
50.0288388209004,-5.9058353589341,12.1060647138086,                 1481P   1777
50.574415559616,-5.19205505086833,8.08606471380857,                 1481P   1778
50.0288388209004,-5.9058353589341,8.08606471380857,-0.001,          1481P   1779
0.0888407650240129,-0.001,0.401;                                    1481P   1780
128,1,1,1,1,0,0,1,0,0,-0.0909999999999999,-0.0909999999999999,      1483P   1781
0.0909999999999999,0.0909999999999999,-0.301,-0.301,0.301,0.301,    1483P   1782
1.,1.,1.,1.,50.5783428515467,-6.01,8.09606471380858,                1483P   1783
48.7583428515467,-6.01,8.09606471380858,50.5783428515467,0.01,      1483P   1784
8.09606471380858,48.7583428515467,0.01,8.09606471380858,            1483P   1785
-0.0909999999999999,0.0909999999999999,-0.301,0.301;                1483P   1786
128,1,1,1,1,0,0,1,0,0,-0.0909999999999999,-0.0909999999999999,      1485P   1787
0.0909999999999999,0.0909999999999999,-0.301,-0.301,0.301,0.301,    1485P   1788
1.,1.,1.,1.,48.7583428515467,-6.01,12.0960647138086,                1485P   1789
50.5783428515467,-6.01,12.0960647138086,48.7583428515467,0.01,      1485P   1790
12.0960647138086,50.5783428515467,0.01,12.0960647138086,            1485P   1791
-0.0909999999999999,0.0909999999999999,-0.301,0.301;                1485P   1792
128,1,1,1,1,0,0,1,0,0,-0.001,-0.001,0.521,0.521,-0.001,-0.001,      1487P   1793
0.401,0.401,1.,1.,1.,1.,5.56834285154671,0.01,12.1060647138086,     1487P   1794
5.56834285154671,-5.21,12.1060647138086,5.56834285154671,0.01,      1487P   1795
8.08606471380858,5.56834285154671,-5.21,8.08606471380858,-0.001,    1487P   1796
0.521,-0.001,0.401;                                                 1487P   1797
128,1,1,1,1,0,0,1,0,0,-0.001,-0.001,0.101,0.101,-0.001,-0.001,      1489P   1798
0.401,0.401,1.,1.,1.,1.,5.55834285154671,-5.2,12.1060647138086,     1489P   1799
6.57834285154671,-5.2,12.1060647138086,5.55834285154671,-5.2,       1489P   1800
8.08606471380858,6.57834285154671,-5.2,8.08606471380858,-0.001,     1489P   1801
0.101,-0.001,0.401;                                                 1489P   1802
128,1,1,1,1,0,0,1,0,0,-0.00100000000000006,-0.00100000000000006,    1491P   1803
0.088840765023991,0.088840765023991,-0.001,-0.001,0.401,0.401,      1491P   1804
1.,1.,1.,1.,6.57441555961603,-5.19205505086833,12.1060647138086,    1491P   1805
6.02883882090074,-5.90583535893405,12.1060647138086,                1491P   1806
6.57441555961603,-5.19205505086833,8.08606471380858,                1491P   1807
6.02883882090074,-5.90583535893405,8.08606471380858,                1491P   1808
-0.00100000000000006,0.088840765023991,-0.001,0.401;                1491P   1809
128,1,2,1,2,0,0,0,0,0,0.,0.,15.3846153846154,15.3846153846154,      1493P   1810
0.,0.,0.,0.918175393938635,0.918175393938635,0.918175393938635,     1493P   1811
1.,1.,0.896457139781997,0.896457139781997,1.,1.,                    1493P   1812
5.82834285154671,-6.,12.0960647138086,5.82834285154671,-6.,         1493P   1813
8.09606471380858,5.95686424105519,-6.,12.0960647138086,             1493P   1814
5.95686424105519,-6.,8.09606471380858,6.03491152897007,             1493P   1815
-5.89789040980238,12.0960647138086,6.03491152897007,                1493P   1816
-5.89789040980238,8.09606471380858,0.,15.3846153846154,0.,          1493P   1817
0.918175393938635;                                                  1493P   1818
128,1,1,1,1,0,0,1,0,0,-0.001,-0.001,0.081,0.081,-0.001,-0.001,      1495P   1819
0.401,0.401,1.,1.,1.,1.,5.83834285154671,-6.,12.1060647138086,      1495P   1820
5.01834285154671,-6.,12.1060647138086,5.83834285154671,-6.,         1495P   1821
8.08606471380858,5.01834285154671,-6.,8.08606471380858,-0.001,      1495P   1822
0.081,-0.001,0.401;                                                 1495P   1823
128,1,2,1,2,0,0,0,0,0,0.,0.,15.3846153846153,15.3846153846153,      1497P   1824
0.,0.,0.,1.5707963267949,1.5707963267949,1.5707963267949,1.,1.,     1497P   1825
0.707106781186548,0.707106781186548,1.,1.,4.76834285154671,         1497P   1826
-5.74,12.0960647138086,4.76834285154671,-5.74,8.09606471380858,     1497P   1827
4.76834285154671,-6.,12.0960647138086,4.76834285154671,-6.,         1497P   1828
8.09606471380858,5.02834285154671,-6.,12.0960647138086,             1497P   1829
5.02834285154671,-6.,8.09606471380858,0.,15.3846153846153,0.,       1497P   1830
1.5707963267949;                                                    1497P   1831
128,1,1,1,1,0,0,1,0,0,-0.001,-0.001,0.575,0.575,-0.001,-0.001,      1499P   1832
0.401,0.401,1.,1.,1.,1.,4.76834285154671,-5.75,12.1060647138086,    1499P   1833
4.76834285154671,0.01,12.1060647138086,4.76834285154671,-5.75,      1499P   1834
8.08606471380858,4.76834285154671,0.01,8.08606471380858,-0.001,     1499P   1835
0.575,-0.001,0.401;                                                 1499P   1836
128,1,1,1,1,0,0,1,0,0,-0.091,-0.091,0.091,0.091,-0.301,-0.301,      1501P   1837
0.301,0.301,1.,1.,1.,1.,6.57834285154671,-6.01,8.09606471380858,    1501P   1838
4.75834285154671,-6.01,8.09606471380858,6.57834285154671,0.01,      1501P   1839
8.09606471380858,4.75834285154671,0.01,8.09606471380858,-0.091,     1501P   1840
0.091,-0.301,0.301;                                                 1501P   1841
128,1,1,1,1,0,0,1,0,0,-0.091,-0.091,0.091,0.091,-0.301,-0.301,      1503P   1842
0.301,0.301,1.,1.,1.,1.,4.75834285154671,-6.01,12.0960647138086,    1503P   1843
6.57834285154671,-6.01,12.0960647138086,4.75834285154671,0.01,      1503P   1844
12.0960647138086,6.57834285154671,0.01,12.0960647138086,-0.091,     1503P   1845
0.091,-0.301,0.301;                                                 1503P   1846
128,1,1,1,1,0,0,1,0,0,-0.001,-0.001,0.101,0.101,-0.001,-0.001,      1505P   1847
0.401,0.401,1.,1.,1.,1.,0.558342851546707,-5.2,12.1060647138086,    1505P   1848
1.57834285154671,-5.2,12.1060647138086,0.558342851546707,-5.2,      1505P   1849
8.08606471380858,1.57834285154671,-5.2,8.08606471380858,-0.001,     1505P   1850
0.101,-0.001,0.401;                                                 1505P   1851
128,1,1,1,1,0,0,1,0,0,-0.001,-0.001,0.521,0.521,-0.001,-0.001,      1507P   1852
0.401,0.401,1.,1.,1.,1.,1.56834285154671,-5.21,12.1060647138086,    1507P   1853
1.56834285154671,0.01,12.1060647138086,1.56834285154671,-5.21,      1507P   1854
8.08606471380858,1.56834285154671,0.01,8.08606471380858,-0.001,     1507P   1855
0.521,-0.001,0.401;                                                 1507P   1856
128,1,1,1,1,0,0,1,0,0,-0.001,-0.001,0.575000000000026,              1509P   1857
0.575000000000026,-0.001,-0.001,0.401,0.401,1.,1.,1.,1.,            1509P   1858
2.36834285154671,0.01,12.1060647138086,2.36834285154671,            1509P   1859
-5.75000000000026,12.1060647138086,2.36834285154671,0.01,           1509P   1860
8.08606471380858,2.36834285154671,-5.75000000000026,                1509P   1861
8.08606471380858,-0.001,0.575000000000026,-0.001,0.401;             1509P   1862
128,1,2,1,2,0,0,0,0,0,0.,0.,15.3846153846307,15.3846153846307,      1511P   1863
0.,0.,0.,1.5707963267949,1.5707963267949,1.5707963267949,1.,1.,     1511P   1864
0.707106781186548,0.707106781186548,1.,1.,2.10834285154697,-6.,     1511P   1865
12.0960647138086,2.10834285154697,-6.,8.09606471380858,             1511P   1866
2.36834285154671,-6.,12.0960647138086,2.36834285154671,-6.,         1511P   1867
8.09606471380858,2.36834285154671,-5.74000000000026,                1511P   1868
12.0960647138086,2.36834285154671,-5.74000000000026,                1511P   1869
8.09606471380858,0.,15.3846153846307,0.,1.5707963267949;            1511P   1870
128,1,1,1,1,0,0,1,0,0,-0.001,-0.001,0.081,0.081,-0.001,-0.001,      1513P   1871
0.401,0.401,1.,1.,1.,1.,2.11834285154697,-6.,12.1060647138086,      1513P   1872
1.29834285154697,-6.,12.1060647138086,2.11834285154697,-6.,         1513P   1873
8.08606471380858,1.29834285154697,-6.,8.08606471380858,-0.001,      1513P   1874
0.081,-0.001,0.401;                                                 1513P   1875
128,1,2,1,2,0,0,0,0,0,0.,0.,15.3846153846155,15.3846153846155,      1515P   1876
0.,0.,0.,0.9181753939384,0.9181753939384,0.9181753939384,1.,1.,     1515P   1877
0.896457139782049,0.896457139782049,1.,1.,1.10177417412365,         1515P   1878
-5.89789040980243,12.0960647138086,1.10177417412365,                1515P   1879
-5.89789040980243,8.09606471380858,1.17982146203852,-6.,            1515P   1880
12.0960647138086,1.17982146203852,-6.,8.09606471380858,             1515P   1881
1.30834285154697,-6.,12.0960647138086,1.30834285154697,-6.,         1515P   1882
8.09606471380858,0.,15.3846153846155,0.,0.9181753939384;            1515P   1883
128,1,1,1,1,0,0,1,0,0,-0.001,-0.001,0.0888407650240132,             1517P   1884
0.0888407650240132,-0.001,-0.001,0.401,0.401,1.,1.,1.,1.,           1517P   1885
1.10784688219297,-5.9058353589341,12.1060647138086,                 1517P   1886
0.562270143477383,-5.19205505086833,12.1060647138086,               1517P   1887
1.10784688219297,-5.9058353589341,8.08606471380857,                 1517P   1888
0.562270143477383,-5.19205505086833,8.08606471380857,-0.001,        1517P   1889
0.0888407650240132,-0.001,0.401;                                    1517P   1890
128,1,1,1,1,0,0,1,0,0,-0.091,-0.091,0.091,0.091,-0.301,-0.301,      1519P   1891
0.301,0.301,1.,1.,1.,1.,2.37834285154671,-6.01,8.09606471380858,    1519P   1892
0.558342851546707,-6.01,8.09606471380858,2.37834285154671,0.01,     1519P   1893
8.09606471380858,0.558342851546707,0.01,8.09606471380858,-0.091,    1519P   1894
0.091,-0.301,0.301;                                                 1519P   1895
128,1,1,1,1,0,0,1,0,0,-0.091,-0.091,0.091,0.091,-0.301,-0.301,      1521P   1896
0.301,0.301,1.,1.,1.,1.,0.558342851546707,-6.01,                    1521P   1897
12.0960647138086,2.37834285154671,-6.01,12.0960647138086,           1521P   1898
0.558342851546707,0.01,12.0960647138086,2.37834285154671,0.01,      1521P   1899
12.0960647138086,-0.091,0.091,-0.301,0.301;                         1521P   1900
128,1,1,1,1,0,0,1,0,0,-0.001,-0.001,0.521,0.521,-0.001,-0.001,      1523P   1901
0.401,0.401,1.,1.,1.,1.,45.5683428515467,0.01,32.4860647138086,     1523P   1902
45.5683428515467,-5.21,32.4860647138086,45.5683428515467,0.01,      1523P   1903
36.5060647138086,45.5683428515467,-5.21,36.5060647138086,-0.001,    1523P   1904
0.521,-0.001,0.401;                                                 1523P   1905
128,1,1,1,1,0,0,1,0,0,-0.001,-0.001,0.101,0.101,-0.001,-0.001,      1525P   1906
0.401,0.401,1.,1.,1.,1.,45.5783428515467,-5.2,32.4860647138086,     1525P   1907
44.5583428515467,-5.2,32.4860647138086,45.5783428515467,-5.2,       1525P   1908
36.5060647138086,44.5583428515467,-5.2,36.5060647138086,-0.001,     1525P   1909
0.101,-0.001,0.401;                                                 1525P   1910
128,1,1,1,1,0,0,1,0,0,-0.001,-0.001,0.0888407650239913,             1527P   1911
0.0888407650239913,-0.001,-0.001,0.401,0.401,1.,1.,1.,1.,           1527P   1912
44.5622701434774,-5.19205505086833,32.4860647138086,                1527P   1913
45.1078468821927,-5.90583535893405,32.4860647138086,                1527P   1914
44.5622701434774,-5.19205505086833,36.5060647138086,                1527P   1915
45.1078468821927,-5.90583535893405,36.5060647138086,-0.001,         1527P   1916
0.0888407650239913,-0.001,0.401;                                    1527P   1917
128,1,2,1,2,0,0,0,0,0,0.,0.,15.3846153846154,15.3846153846154,      1529P   1918
0.,0.,0.,0.918175393938653,0.918175393938653,0.918175393938653,     1529P   1919
1.,1.,0.896457139781993,0.896457139781993,1.,1.,                    1529P   1920
45.3083428515467,-6.,32.4960647138086,45.3083428515467,-6.,         1529P   1921
36.4960647138086,45.1798214620382,-6.,32.4960647138086,             1529P   1922
45.1798214620382,-6.,36.4960647138086,45.1017741741233,             1529P   1923
-5.89789040980238,32.4960647138086,45.1017741741233,                1529P   1924
-5.89789040980238,36.4960647138086,0.,15.3846153846154,0.,          1529P   1925
0.918175393938653;                                                  1529P   1926
128,1,1,1,1,0,0,1,0,0,-0.001,-0.001,0.0810000000000001,             1531P   1927
0.0810000000000001,-0.001,-0.001,0.401,0.401,1.,1.,1.,1.,           1531P   1928
45.2983428515467,-6.,32.4860647138086,46.1183428515467,-6.,         1531P   1929
32.4860647138086,45.2983428515467,-6.,36.5060647138086,             1531P   1930
46.1183428515467,-6.,36.5060647138086,-0.001,0.0810000000000001,    1531P   1931
-0.001,0.401;                                                       1531P   1932
128,1,2,1,2,0,0,0,0,0,0.,0.,15.3846153846153,15.3846153846153,      1533P   1933
0.,0.,0.,1.5707963267949,1.5707963267949,1.5707963267949,1.,1.,     1533P   1934
0.707106781186548,0.707106781186548,1.,1.,46.3683428515467,         1533P   1935
-5.74,32.4960647138086,46.3683428515467,-5.74,36.4960647138086,     1533P   1936
46.3683428515467,-6.,32.4960647138086,46.3683428515467,-6.,         1533P   1937
36.4960647138086,46.1083428515467,-6.,32.4960647138086,             1533P   1938
46.1083428515467,-6.,36.4960647138086,0.,15.3846153846153,0.,       1533P   1939
1.5707963267949;                                                    1533P   1940
128,1,1,1,1,0,0,1,0,0,-0.001,-0.001,0.575,0.575,-0.001,-0.001,      1535P   1941
0.401,0.401,1.,1.,1.,1.,46.3683428515467,-5.75,32.4860647138086,    1535P   1942
46.3683428515467,0.01,32.4860647138086,46.3683428515467,-5.75,      1535P   1943
36.5060647138086,46.3683428515467,0.01,36.5060647138086,-0.001,     1535P   1944
0.575,-0.001,0.401;                                                 1535P   1945
128,1,1,1,1,0,0,1,0,0,-0.0909999999999999,-0.0909999999999999,      1537P   1946
0.0909999999999999,0.0909999999999999,-0.301,-0.301,0.301,0.301,    1537P   1947
1.,1.,1.,1.,44.5583428515467,-6.01,36.4960647138086,                1537P   1948
46.3783428515467,-6.01,36.4960647138086,44.5583428515467,0.01,      1537P   1949
36.4960647138086,46.3783428515467,0.01,36.4960647138086,            1537P   1950
-0.0909999999999999,0.0909999999999999,-0.301,0.301;                1537P   1951
128,1,1,1,1,0,0,1,0,0,-0.0909999999999999,-0.0909999999999999,      1539P   1952
0.0909999999999999,0.0909999999999999,-0.301,-0.301,0.301,0.301,    1539P   1953
1.,1.,1.,1.,46.3783428515467,-6.01,32.4960647138086,                1539P   1954
44.5583428515467,-6.01,32.4960647138086,46.3783428515467,0.01,      1539P   1955
32.4960647138086,44.5583428515467,0.01,32.4960647138086,            1539P   1956
-0.0909999999999999,0.0909999999999999,-0.301,0.301;                1539P   1957
128,1,1,1,1,0,0,1,0,0,-0.001,-0.001,0.101,0.101,-0.001,-0.001,      1541P   1958
0.401,0.401,1.,1.,1.,1.,50.5783428515467,-5.2,32.4860647138086,     1541P   1959
49.5583428515467,-5.2,32.4860647138086,50.5783428515467,-5.2,       1541P   1960
36.5060647138086,49.5583428515467,-5.2,36.5060647138086,-0.001,     1541P   1961
0.101,-0.001,0.401;                                                 1541P   1962
128,1,1,1,1,0,0,1,0,0,-0.001,-0.001,0.521,0.521,-0.001,-0.001,      1543P   1963
0.401,0.401,1.,1.,1.,1.,49.5683428515467,-5.21,32.4860647138086,    1543P   1964
49.5683428515467,0.01,32.4860647138086,49.5683428515467,-5.21,      1543P   1965
36.5060647138086,49.5683428515467,0.01,36.5060647138086,-0.001,     1543P   1966
0.521,-0.001,0.401;                                                 1543P   1967
128,1,1,1,1,0,0,1,0,0,-0.001,-0.001,0.575000000000026,              1545P   1968
0.575000000000026,-0.001,-0.001,0.401,0.401,1.,1.,1.,1.,            1545P   1969
48.7683428515467,0.01,32.4860647138086,48.7683428515467,            1545P   1970
-5.75000000000026,32.4860647138086,48.7683428515467,0.01,           1545P   1971
36.5060647138086,48.7683428515467,-5.75000000000026,                1545P   1972
36.5060647138086,-0.001,0.575000000000026,-0.001,0.401;             1545P   1973
128,1,2,1,2,0,0,0,0,0,0.,0.,15.3846153846307,15.3846153846307,      1547P   1974
0.,0.,0.,1.5707963267949,1.5707963267949,1.5707963267949,1.,1.,     1547P   1975
0.707106781186548,0.707106781186548,1.,1.,49.0283428515464,-6.,     1547P   1976
32.4960647138086,49.0283428515464,-6.,36.4960647138086,             1547P   1977
48.7683428515467,-6.,32.4960647138086,48.7683428515467,-6.,         1547P   1978
36.4960647138086,48.7683428515467,-5.74000000000026,                1547P   1979
32.4960647138086,48.7683428515467,-5.74000000000026,                1547P   1980
36.4960647138086,0.,15.3846153846307,0.,1.5707963267949;            1547P   1981
128,1,1,1,1,0,0,1,0,0,-0.001,-0.001,0.0810000000000001,             1549P   1982
0.0810000000000001,-0.001,-0.001,0.401,0.401,1.,1.,1.,1.,           1549P   1983
49.0183428515464,-6.,32.4860647138086,49.8383428515464,-6.,         1549P   1984
32.4860647138086,49.0183428515464,-6.,36.5060647138086,             1549P   1985
49.8383428515464,-6.,36.5060647138086,-0.001,0.0810000000000001,    1549P   1986
-0.001,0.401;                                                       1549P   1987
128,1,2,1,2,0,0,0,0,0,0.,0.,15.3846153846155,15.3846153846155,      1551P   1988
0.,0.,0.,0.9181753939384,0.9181753939384,0.9181753939384,1.,1.,     1551P   1989
0.896457139782049,0.896457139782049,1.,1.,50.0349115289698,         1551P   1990
-5.89789040980243,32.4960647138086,50.0349115289698,                1551P   1991
-5.89789040980243,36.4960647138086,49.9568642410549,-6.,            1551P   1992
32.4960647138086,49.9568642410549,-6.,36.4960647138086,             1551P   1993
49.8283428515464,-6.,32.4960647138086,49.8283428515464,-6.,         1551P   1994
36.4960647138086,0.,15.3846153846155,0.,0.9181753939384;            1551P   1995
128,1,1,1,1,0,0,1,0,0,-0.001,-0.001,0.0888407650240129,             1553P   1996
0.0888407650240129,-0.001,-0.001,0.401,0.401,1.,1.,1.,1.,           1553P   1997
50.0288388209004,-5.9058353589341,32.4860647138086,                 1553P   1998
50.574415559616,-5.19205505086833,32.4860647138086,                 1553P   1999
50.0288388209004,-5.9058353589341,36.5060647138086,                 1553P   2000
50.574415559616,-5.19205505086833,36.5060647138086,-0.001,          1553P   2001
0.0888407650240129,-0.001,0.401;                                    1553P   2002
128,1,1,1,1,0,0,1,0,0,-0.0909999999999999,-0.0909999999999999,      1555P   2003
0.0909999999999999,0.0909999999999999,-0.301,-0.301,0.301,0.301,    1555P   2004
1.,1.,1.,1.,48.7583428515467,-6.01,36.4960647138086,                1555P   2005
50.5783428515467,-6.01,36.4960647138086,48.7583428515467,0.01,      1555P   2006
36.4960647138086,50.5783428515467,0.01,36.4960647138086,            1555P   2007
-0.0909999999999999,0.0909999999999999,-0.301,0.301;                1555P   2008
128,1,1,1,1,0,0,1,0,0,-0.0909999999999999,-0.0909999999999999,      1557P   2009
0.0909999999999999,0.0909999999999999,-0.301,-0.301,0.301,0.301,    1557P   2010
1.,1.,1.,1.,50.5783428515467,-6.01,32.4960647138086,                1557P   2011
48.7583428515467,-6.01,32.4960647138086,50.5783428515467,0.01,      1557P   2012
32.4960647138086,48.7583428515467,0.01,32.4960647138086,            1557P   2013
-0.0909999999999999,0.0909999999999999,-0.301,0.301;                1557P   2014
128,1,1,1,1,0,0,1,0,0,-0.001,-0.001,0.521,0.521,-0.001,-0.001,      1559P   2015
0.401,0.401,1.,1.,1.,1.,5.56834285154671,-5.21,32.4860647138086,    1559P   2016
5.56834285154671,0.01,32.4860647138086,5.56834285154671,-5.21,      1559P   2017
36.5060647138086,5.56834285154671,0.01,36.5060647138086,-0.001,     1559P   2018
0.521,-0.001,0.401;                                                 1559P   2019
128,1,1,1,1,0,0,1,0,0,-0.001,-0.001,0.101,0.101,-0.001,-0.001,      1561P   2020
0.401,0.401,1.,1.,1.,1.,6.57834285154671,-5.2,32.4860647138086,     1561P   2021
5.55834285154671,-5.2,32.4860647138086,6.57834285154671,-5.2,       1561P   2022
36.5060647138086,5.55834285154671,-5.2,36.5060647138086,-0.001,     1561P   2023
0.101,-0.001,0.401;                                                 1561P   2024
128,1,1,1,1,0,0,1,0,0,-0.00100000000000006,-0.00100000000000006,    1563P   2025
0.088840765023991,0.088840765023991,-0.001,-0.001,0.401,0.401,      1563P   2026
1.,1.,1.,1.,6.02883882090074,-5.90583535893405,32.4860647138086,    1563P   2027
6.57441555961603,-5.19205505086833,32.4860647138086,                1563P   2028
6.02883882090074,-5.90583535893405,36.5060647138086,                1563P   2029
6.57441555961603,-5.19205505086833,36.5060647138086,                1563P   2030
-0.00100000000000006,0.088840765023991,-0.001,0.401;                1563P   2031
128,1,2,1,2,0,0,0,0,0,0.,0.,15.3846153846154,15.3846153846154,      1565P   2032
0.,0.,0.,0.918175393938635,0.918175393938635,0.918175393938635,     1565P   2033
1.,1.,0.896457139781997,0.896457139781997,1.,1.,                    1565P   2034
5.82834285154671,-6.,36.4960647138086,5.82834285154671,-6.,         1565P   2035
32.4960647138086,5.95686424105519,-6.,36.4960647138086,             1565P   2036
5.95686424105519,-6.,32.4960647138086,6.03491152897007,             1565P   2037
-5.89789040980238,36.4960647138086,6.03491152897007,                1565P   2038
-5.89789040980238,32.4960647138086,0.,15.3846153846154,0.,          1565P   2039
0.918175393938635;                                                  1565P   2040
128,1,1,1,1,0,0,1,0,0,-0.001,-0.001,0.081,0.081,-0.001,-0.001,      1567P   2041
0.401,0.401,1.,1.,1.,1.,5.01834285154671,-6.,32.4860647138086,      1567P   2042
5.83834285154671,-6.,32.4860647138086,5.01834285154671,-6.,         1567P   2043
36.5060647138086,5.83834285154671,-6.,36.5060647138086,-0.001,      1567P   2044
0.081,-0.001,0.401;                                                 1567P   2045
128,1,2,1,2,0,0,0,0,0,0.,0.,15.3846153846153,15.3846153846153,      1569P   2046
0.,0.,0.,1.5707963267949,1.5707963267949,1.5707963267949,1.,1.,     1569P   2047
0.707106781186548,0.707106781186548,1.,1.,4.76834285154671,         1569P   2048
-5.74,36.4960647138086,4.76834285154671,-5.74,32.4960647138086,     1569P   2049
4.76834285154671,-6.,36.4960647138086,4.76834285154671,-6.,         1569P   2050
32.4960647138086,5.02834285154671,-6.,36.4960647138086,             1569P   2051
5.02834285154671,-6.,32.4960647138086,0.,15.3846153846153,0.,       1569P   2052
1.5707963267949;                                                    1569P   2053
128,1,1,1,1,0,0,1,0,0,-0.001,-0.001,0.575,0.575,-0.001,-0.001,      1571P   2054
0.401,0.401,1.,1.,1.,1.,4.76834285154671,0.01,32.4860647138086,     1571P   2055
4.76834285154671,-5.75,32.4860647138086,4.76834285154671,0.01,      1571P   2056
36.5060647138086,4.76834285154671,-5.75,36.5060647138086,-0.001,    1571P   2057
0.575,-0.001,0.401;                                                 1571P   2058
128,1,1,1,1,0,0,1,0,0,-0.091,-0.091,0.091,0.091,-0.301,-0.301,      1573P   2059
0.301,0.301,1.,1.,1.,1.,4.75834285154671,-6.01,36.4960647138086,    1573P   2060
6.57834285154671,-6.01,36.4960647138086,4.75834285154671,0.01,      1573P   2061
36.4960647138086,6.57834285154671,0.01,36.4960647138086,-0.091,     1573P   2062
0.091,-0.301,0.301;                                                 1573P   2063
128,1,1,1,1,0,0,1,0,0,-0.091,-0.091,0.091,0.091,-0.301,-0.301,      1575P   2064
0.301,0.301,1.,1.,1.,1.,6.57834285154671,-6.01,32.4960647138086,    1575P   2065
4.75834285154671,-6.01,32.4960647138086,6.57834285154671,0.01,      1575P   2066
32.4960647138086,4.75834285154671,0.01,32.4960647138086,-0.091,     1575P   2067
0.091,-0.301,0.301;                                                 1575P   2068
128,1,1,1,1,0,0,1,0,0,-0.001,-0.001,0.101,0.101,-0.001,-0.001,      1577P   2069
0.401,0.401,1.,1.,1.,1.,1.57834285154671,-5.2,32.4860647138086,     1577P   2070
0.558342851546707,-5.2,32.4860647138086,1.57834285154671,-5.2,      1577P   2071
36.5060647138086,0.558342851546707,-5.2,36.5060647138086,-0.001,    1577P   2072
0.101,-0.001,0.401;                                                 1577P   2073
128,1,1,1,1,0,0,1,0,0,-0.001,-0.001,0.521,0.521,-0.001,-0.001,      1579P   2074
0.401,0.401,1.,1.,1.,1.,1.56834285154671,0.01,32.4860647138086,     1579P   2075
1.56834285154671,-5.21,32.4860647138086,1.56834285154671,0.01,      1579P   2076
36.5060647138086,1.56834285154671,-5.21,36.5060647138086,-0.001,    1579P   2077
0.521,-0.001,0.401;                                                 1579P   2078
128,1,1,1,1,0,0,1,0,0,-0.001,-0.001,0.575000000000026,              1581P   2079
0.575000000000026,-0.001,-0.001,0.401,0.401,1.,1.,1.,1.,            1581P   2080
2.36834285154671,-5.75000000000026,32.4860647138086,                1581P   2081
2.36834285154671,0.01,32.4860647138086,2.36834285154671,            1581P   2082
-5.75000000000026,36.5060647138086,2.36834285154671,0.01,           1581P   2083
36.5060647138086,-0.001,0.575000000000026,-0.001,0.401;             1581P   2084
128,1,2,1,2,0,0,0,0,0,0.,0.,15.3846153846307,15.3846153846307,      1583P   2085
0.,0.,0.,1.5707963267949,1.5707963267949,1.5707963267949,1.,1.,     1583P   2086
0.707106781186548,0.707106781186548,1.,1.,2.10834285154697,-6.,     1583P   2087
36.4960647138086,2.10834285154697,-6.,32.4960647138086,             1583P   2088
2.36834285154671,-6.,36.4960647138086,2.36834285154671,-6.,         1583P   2089
32.4960647138086,2.36834285154671,-5.74000000000026,                1583P   2090
36.4960647138086,2.36834285154671,-5.74000000000026,                1583P   2091
32.4960647138086,0.,15.3846153846307,0.,1.5707963267949;            1583P   2092
128,1,1,1,1,0,0,1,0,0,-0.001,-0.001,0.081,0.081,-0.001,-0.001,      1585P   2093
0.401,0.401,1.,1.,1.,1.,1.29834285154697,-6.,32.4860647138086,      1585P   2094
2.11834285154697,-6.,32.4860647138086,1.29834285154697,-6.,         1585P   2095
36.5060647138086,2.11834285154697,-6.,36.5060647138086,-0.001,      1585P   2096
0.081,-0.001,0.401;                                                 1585P   2097
128,1,2,1,2,0,0,0,0,0,0.,0.,15.3846153846155,15.3846153846155,      1587P   2098
0.,0.,0.,0.9181753939384,0.9181753939384,0.9181753939384,1.,1.,     1587P   2099
0.896457139782049,0.896457139782049,1.,1.,1.10177417412365,         1587P   2100
-5.89789040980243,36.4960647138086,1.10177417412365,                1587P   2101
-5.89789040980243,32.4960647138086,1.17982146203852,-6.,            1587P   2102
36.4960647138086,1.17982146203852,-6.,32.4960647138086,             1587P   2103
1.30834285154697,-6.,36.4960647138086,1.30834285154697,-6.,         1587P   2104
32.4960647138086,0.,15.3846153846155,0.,0.9181753939384;            1587P   2105
128,1,1,1,1,0,0,1,0,0,-0.001,-0.001,0.0888407650240132,             1589P   2106
0.0888407650240132,-0.001,-0.001,0.401,0.401,1.,1.,1.,1.,           1589P   2107
0.562270143477383,-5.19205505086833,32.4860647138086,               1589P   2108
1.10784688219297,-5.9058353589341,32.4860647138086,                 1589P   2109
0.562270143477383,-5.19205505086833,36.5060647138086,               1589P   2110
1.10784688219297,-5.9058353589341,36.5060647138086,-0.001,          1589P   2111
0.0888407650240132,-0.001,0.401;                                    1589P   2112
128,1,1,1,1,0,0,1,0,0,-0.091,-0.091,0.091,0.091,-0.301,-0.301,      1591P   2113
0.301,0.301,1.,1.,1.,1.,0.558342851546707,-6.01,                    1591P   2114
36.4960647138086,2.37834285154671,-6.01,36.4960647138086,           1591P   2115
0.558342851546707,0.01,36.4960647138086,2.37834285154671,0.01,      1591P   2116
36.4960647138086,-0.091,0.091,-0.301,0.301;                         1591P   2117
128,1,1,1,1,0,0,1,0,0,-0.091,-0.091,0.091,0.091,-0.301,-0.301,      1593P   2118
0.301,0.301,1.,1.,1.,1.,2.37834285154671,-6.01,32.4960647138086,    1593P   2119
0.558342851546707,-6.01,32.4960647138086,2.37834285154671,0.01,     1593P   2120
32.4960647138086,0.558342851546707,0.01,32.4960647138086,-0.091,    1593P   2121
0.091,-0.301,0.301;                                                 1593P   2122
128,1,1,1,1,0,0,1,0,0,-3.701,-3.701,3.701,3.701,-2.201,-2.201,      1595P   2123
2.201,2.201,1.,1.,1.,1.,62.5783428515467,0.,44.3060647138086,       1595P   2124
-11.4416571484533,0.,44.3060647138086,62.5783428515467,0.,          1595P   2125
0.286064713808578,-11.4416571484533,0.,0.286064713808574,-3.701,    1595P   2126
3.701,-2.201,2.201;                                                 1595P   2127
128,1,1,1,1,0,0,1,0,0,-0.001,-0.001,7.401,7.401,-0.001,-0.001,      1597P   2128
0.101,0.101,1.,1.,1.,1.,62.5783428515467,-0.01,                     1597P   2129
0.296064713808573,-11.4416571484533,-0.01,0.296064713808573,        1597P   2130
62.5783428515467,1.01,0.296064713808573,-11.4416571484533,1.01,     1597P   2131
0.296064713808573,-0.001,7.401,-0.001,0.101;                        1597P   2132
128,1,1,1,1,0,0,1,0,0,-0.001,-0.001,4.401,4.401,-0.001,-0.001,      1599P   2133
0.101,0.101,1.,1.,1.,1.,62.5683428515467,-0.01,44.3060647138086,    1599P   2134
62.5683428515467,-0.01,0.286064713808569,62.5683428515467,1.01,     1599P   2135
44.3060647138086,62.5683428515467,1.01,0.286064713808569,-0.001,    1599P   2136
4.401,-0.001,0.101;                                                 1599P   2137
128,1,1,1,1,0,0,1,0,0,-0.001,-0.001,4.401,4.401,-0.001,-0.001,      1601P   2138
0.101,0.101,1.,1.,1.,1.,-11.4316571484533,-0.01,                    1601P   2139
0.286064713808573,-11.4316571484533,-0.01,44.3060647138086,         1601P   2140
-11.4316571484533,1.01,0.286064713808573,-11.4316571484533,1.01,    1601P   2141
44.3060647138086,-0.001,4.401,-0.001,0.101;                         1601P   2142
128,1,1,1,1,0,0,1,0,0,-0.001,-0.001,7.401,7.401,-0.001,-0.001,      1603P   2143
0.101,0.101,1.,1.,1.,1.,-11.4416571484533,-0.01,                    1603P   2144
44.2960647138086,62.5783428515467,-0.01,44.2960647138086,           1603P   2145
-11.4416571484533,1.01,44.2960647138086,62.5783428515467,1.01,      1603P   2146
44.2960647138086,-0.001,7.401,-0.001,0.101;                         1603P   2147
128,1,1,1,1,0,0,1,0,0,-2.201,-2.201,2.201,2.201,-3.701,-3.701,      1605P   2148
3.701,3.701,1.,1.,1.,1.,-11.4416571484533,1.,0.286064713808574,     1605P   2149
-11.4416571484533,1.,44.3060647138086,62.5783428515467,1.,          1605P   2150
0.286064713808574,62.5783428515467,1.,44.3060647138086,-2.201,      1605P   2151
2.201,-3.701,3.701;                                                 1605P   2152
128,1,1,1,1,0,0,1,0,0,-0.001,-0.001,0.301,0.301,                    1607P   2153
-0.00100000000000711,-0.00100000000000711,0.200999999999993,        1607P   2154
0.200999999999993,1.,1.,1.,1.,33.0683428515467,24.39,               1607P   2155
44.3060647138086,33.0683428515467,27.41,44.3060647138086,           1607P   2156
33.0683428515467,24.39,42.2860647138086,33.0683428515467,27.41,     1607P   2157
42.2860647138086,-0.001,0.301,-0.00100000000000711,                 1607P   2158
0.200999999999993;                                                  1607P   2159
128,1,1,1,1,0,0,1,0,0,-0.001,-0.001,0.301,0.301,                    1609P   2160
4.19899999999999,4.19899999999999,4.40099999999999,                 1609P   2161
4.40099999999999,1.,1.,1.,1.,33.0683428515467,24.39,                1609P   2162
2.30606471380858,33.0683428515467,27.41,2.30606471380858,           1609P   2163
33.0683428515467,24.39,0.286064713808569,33.0683428515467,27.41,    1609P   2164
0.286064713808569,-0.001,0.301,4.19899999999999,                    1609P   2165
4.40099999999999;                                                   1609P   2166
128,1,1,1,1,0,0,1,0,0,-0.001,-0.001,1.501,1.501,                    1611P   2167
-0.00100000000000711,-0.00100000000000711,0.200999999999993,        1611P   2168
0.200999999999993,1.,1.,1.,1.,33.0783428515467,27.4,                1611P   2169
44.3060647138086,18.0583428515467,27.4,44.3060647138086,            1611P   2170
33.0783428515467,27.4,42.2860647138086,18.0583428515467,27.4,       1611P   2171
42.2860647138086,-0.001,1.501,-0.00100000000000711,                 1611P   2172
0.200999999999993;                                                  1611P   2173
128,1,1,1,1,0,0,1,0,0,-0.001,-0.001,1.501,1.501,                    1613P   2174
4.19899999999999,4.19899999999999,4.40099999999999,                 1613P   2175
4.40099999999999,1.,1.,1.,1.,33.0783428515467,27.4,                 1613P   2176
2.30606471380858,18.0583428515467,27.4,2.30606471380858,            1613P   2177
33.0783428515467,27.4,0.286064713808569,18.0583428515467,27.4,      1613P   2178
0.286064713808569,-0.001,1.501,4.19899999999999,                    1613P   2179
4.40099999999999;                                                   1613P   2180
128,1,1,1,1,0,0,1,0,0,-0.001,-0.001,1.501,1.501,                    1615P   2181
-0.00100000000000711,-0.00100000000000711,0.200999999999993,        1615P   2182
0.200999999999993,1.,1.,1.,1.,18.0583428515467,24.4,                1615P   2183
44.3060647138086,33.0783428515467,24.4,44.3060647138086,            1615P   2184
18.0583428515467,24.4,42.2860647138086,33.0783428515467,24.4,       1615P   2185
42.2860647138086,-0.001,1.501,-0.00100000000000711,                 1615P   2186
0.200999999999993;                                                  1615P   2187
128,1,1,1,1,0,0,1,0,0,-0.001,-0.001,0.301,0.301,                    1617P   2188
-0.00100000000000711,-0.00100000000000711,0.200999999999993,        1617P   2189
0.200999999999993,1.,1.,1.,1.,18.0683428515467,27.41,               1617P   2190
44.3060647138086,18.0683428515467,24.39,44.3060647138086,           1617P   2191
18.0683428515467,27.41,42.2860647138086,18.0683428515467,24.39,     1617P   2192
42.2860647138086,-0.001,0.301,-0.00100000000000711,                 1617P   2193
0.200999999999993;                                                  1617P   2194
128,1,1,1,1,0,0,1,0,0,-0.001,-0.001,0.301,0.301,                    1619P   2195
4.19899999999999,4.19899999999999,4.40099999999999,                 1619P   2196
4.40099999999999,1.,1.,1.,1.,18.0683428515467,27.41,                1619P   2197
2.30606471380858,18.0683428515467,24.39,2.30606471380858,           1619P   2198
18.0683428515467,27.41,0.286064713808569,18.0683428515467,24.39,    1619P   2199
0.286064713808569,-0.001,0.301,4.19899999999999,                    1619P   2200
4.40099999999999;                                                   1619P   2201
128,1,1,1,1,0,0,1,0,0,-0.001,-0.001,1.501,1.501,                    1621P   2202
4.19899999999999,4.19899999999999,4.40099999999999,                 1621P   2203
4.40099999999999,1.,1.,1.,1.,18.0583428515467,24.4,                 1621P   2204
2.30606471380858,33.0783428515467,24.4,2.30606471380858,            1621P   2205
18.0583428515467,24.4,0.286064713808569,33.0783428515467,24.4,      1621P   2206
0.286064713808569,-0.001,1.501,4.19899999999999,                    1621P   2207
4.40099999999999;                                                   1621P   2208
128,1,1,1,1,0,0,1,0,0,-2.201,-2.201,2.201,2.201,-3.701,-3.701,      1623P   2209
3.701,3.701,1.,1.,1.,1.,-11.4416571484533,1.,44.3060647138086,      1623P   2210
-11.4416571484533,1.,0.286064713808574,62.5783428515467,1.,         1623P   2211
44.3060647138086,62.5783428515467,1.,0.286064713808574,-2.201,      1623P   2212
2.201,-3.701,3.701;                                                 1623P   2213
128,1,1,1,1,0,0,1,0,0,-0.001,-0.001,4.401,4.401,                    1625P   2214
0.0990000000000001,0.0990000000000001,3.721,3.721,1.,1.,1.,1.,      1625P   2215
62.5683428515467,0.990000000000001,44.3060647138086,                1625P   2216
62.5683428515467,0.990000000000001,0.286064713808569,               1625P   2217
62.5683428515467,37.21,44.3060647138086,62.5683428515467,37.21,     1625P   2218
0.286064713808569,-0.001,4.401,0.0990000000000001,3.721;            1625P   2219
128,1,1,1,1,0,0,1,0,0,-0.001,-0.001,7.401,7.401,                    1627P   2220
0.0990000000000001,0.0990000000000001,3.721,3.721,1.,1.,1.,1.,      1627P   2221
62.5783428515467,0.990000000000001,0.296064713808573,               1627P   2222
-11.4416571484533,0.990000000000001,0.296064713808573,              1627P   2223
62.5783428515467,37.21,0.296064713808573,-11.4416571484533,         1627P   2224
37.21,0.296064713808573,-0.001,7.401,0.0990000000000001,3.721;      1627P   2225
128,1,1,1,1,0,0,1,0,0,-0.001,-0.001,4.221,4.221,-0.001,-0.001,      1629P   2226
7.311,7.311,1.,1.,1.,1.,62.5783428515467,36.2,1.18606471380857,     1629P   2227
62.5783428515467,36.2,43.4060647138086,-10.5416571484533,36.2,      1629P   2228
1.18606471380857,-10.5416571484533,36.2,43.4060647138086,-0.001,    1629P   2229
4.221,-0.001,7.311;                                                 1629P   2230
128,1,1,1,1,0,0,1,0,0,-2.201,-2.201,2.201,2.201,-3.701,-3.701,      1631P   2231
3.701,3.701,1.,1.,1.,1.,-11.4416571484533,37.2,                     1631P   2232
0.286064713808574,-11.4416571484533,37.2,44.3060647138086,          1631P   2233
62.5783428515467,37.2,0.286064713808574,62.5783428515467,37.2,      1631P   2234
44.3060647138086,-2.201,2.201,-3.701,3.701;                         1631P   2235
128,1,1,1,1,0,0,1,0,0,-0.001,-0.001,4.221,4.221,-0.001,-0.001,      1633P   2236
7.311,7.311,1.,1.,1.,1.,62.5783428515467,23.4,1.18606471380857,     1633P   2237
62.5783428515467,23.4,43.4060647138086,-10.5416571484533,23.4,      1633P   2238
1.18606471380857,-10.5416571484533,23.4,43.4060647138086,-0.001,    1633P   2239
4.221,-0.001,7.311;                                                 1633P   2240
128,1,1,1,1,0,0,1,0,0,-0.001,-0.001,0.141,0.141,-0.001,-0.001,      1635P   2241
7.311,7.311,1.,1.,1.,1.,62.5783428515467,23.41,43.3960647138086,    1635P   2242
62.5783428515467,21.99,43.3960647138086,-10.5416571484533,23.41,    1635P   2243
43.3960647138086,-10.5416571484533,21.99,43.3960647138086,          1635P   2244
-0.001,0.141,-0.001,7.311;                                          1635P   2245
128,1,1,1,1,0,0,1,0,0,-0.00100000000000003,-0.00100000000000003,    1637P   2246
4.221,4.221,-0.001,-0.001,7.311,7.311,1.,1.,1.,1.,                  1637P   2247
62.5783428515467,22.,43.4060647138086,62.5783428515467,22.,         1637P   2248
1.18606471380857,-10.5416571484533,22.,43.4060647138086,            1637P   2249
-10.5416571484533,22.,1.18606471380857,-0.00100000000000003,        1637P   2250
4.221,-0.001,7.311;                                                 1637P   2251
128,1,1,1,1,0,0,1,0,0,-0.001,-0.001,0.141,0.141,-0.001,-0.001,      1639P   2252
7.311,7.311,1.,1.,1.,1.,62.5783428515467,21.99,1.19606471380857,    1639P   2253
62.5783428515467,23.41,1.19606471380857,-10.5416571484533,21.99,    1639P   2254
1.19606471380857,-10.5416571484533,23.41,1.19606471380857,          1639P   2255
-0.001,0.141,-0.001,7.311;                                          1639P   2256
128,1,1,1,1,0,0,1,0,0,-2.111,-2.111,2.111,2.111,                    1641P   2257
-0.0710000000000003,-0.0710000000000003,0.0709999999999998,         1641P   2258
0.0709999999999998,1.,1.,1.,1.,-10.5316571484533,21.99,             1641P   2259
43.4060647138086,-10.5316571484533,21.99,1.18606471380857,          1641P   2260
-10.5316571484533,23.41,43.4060647138086,-10.5316571484533,         1641P   2261
23.41,1.18606471380857,-2.111,2.111,-0.0710000000000003,            1641P   2262
0.0709999999999998;                                                 1641P   2263
128,1,1,1,1,0,0,1,0,0,-0.00100000000000019,-0.00100000000000019,    1643P   2264
4.221,4.221,-0.001,-0.001,7.311,7.311,1.,1.,1.,1.,                  1643P   2265
62.5783428515467,28.4,43.4060647138086,62.5783428515467,28.4,       1643P   2266
1.18606471380857,-10.5416571484533,28.4,43.4060647138086,           1643P   2267
-10.5416571484533,28.4,1.18606471380857,-0.00100000000000019,       1643P   2268
4.221,-0.001,7.311;                                                 1643P   2269
128,1,1,1,1,0,0,1,0,0,-0.001,-0.001,0.141,0.141,-0.001,-0.001,      1645P   2270
7.311,7.311,1.,1.,1.,1.,62.5783428515467,28.39,1.19606471380857,    1645P   2271
62.5783428515467,29.81,1.19606471380857,-10.5416571484533,28.39,    1645P   2272
1.19606471380857,-10.5416571484533,29.81,1.19606471380857,          1645P   2273
-0.001,0.141,-0.001,7.311;                                          1645P   2274
128,1,1,1,1,0,0,1,0,0,-0.001,-0.001,4.221,4.221,-0.001,-0.001,      1647P   2275
7.311,7.311,1.,1.,1.,1.,62.5783428515467,29.8,1.18606471380857,     1647P   2276
62.5783428515467,29.8,43.4060647138086,-10.5416571484533,29.8,      1647P   2277
1.18606471380857,-10.5416571484533,29.8,43.4060647138086,-0.001,    1647P   2278
4.221,-0.001,7.311;                                                 1647P   2279
128,1,1,1,1,0,0,1,0,0,-0.001,-0.001,0.141,0.141,-0.001,-0.001,      1649P   2280
7.311,7.311,1.,1.,1.,1.,62.5783428515467,29.81,43.3960647138086,    1649P   2281
62.5783428515467,28.39,43.3960647138086,-10.5416571484533,29.81,    1649P   2282
43.3960647138086,-10.5416571484533,28.39,43.3960647138086,          1649P   2283
-0.001,0.141,-0.001,7.311;                                          1649P   2284
128,1,1,1,1,0,0,1,0,0,-2.111,-2.111,2.111,2.111,                    1651P   2285
-0.0709999999999998,-0.0709999999999998,0.0710000000000003,         1651P   2286
0.0710000000000003,1.,1.,1.,1.,-10.5316571484533,28.39,             1651P   2287
43.4060647138086,-10.5316571484533,28.39,1.18606471380857,          1651P   2288
-10.5316571484533,29.81,43.4060647138086,-10.5316571484533,         1651P   2289
29.81,1.18606471380857,-2.111,2.111,-0.0709999999999998,            1651P   2290
0.0710000000000003;                                                 1651P   2291
128,1,1,1,1,0,0,1,0,0,-0.001,-0.001,0.141,0.141,-0.001,-0.001,      1653P   2292
7.311,7.311,1.,1.,1.,1.,62.5783428515467,36.21,43.3960647138086,    1653P   2293
62.5783428515467,34.79,43.3960647138086,-10.5416571484533,36.21,    1653P   2294
43.3960647138086,-10.5416571484533,34.79,43.3960647138086,          1653P   2295
-0.001,0.141,-0.001,7.311;                                          1653P   2296
128,1,1,1,1,0,0,1,0,0,-0.00100000000000006,-0.00100000000000006,    1655P   2297
4.221,4.221,-0.001,-0.001,7.311,7.311,1.,1.,1.,1.,                  1655P   2298
62.5783428515467,34.8,43.4060647138086,62.5783428515467,34.8,       1655P   2299
1.18606471380857,-10.5416571484533,34.8,43.4060647138086,           1655P   2300
-10.5416571484533,34.8,1.18606471380857,-0.00100000000000006,       1655P   2301
4.221,-0.001,7.311;                                                 1655P   2302
128,1,1,1,1,0,0,1,0,0,-0.001,-0.001,0.141,0.141,-0.001,-0.001,      1657P   2303
7.311,7.311,1.,1.,1.,1.,62.5783428515467,34.79,1.19606471380857,    1657P   2304
62.5783428515467,36.21,1.19606471380857,-10.5416571484533,34.79,    1657P   2305
1.19606471380857,-10.5416571484533,36.21,1.19606471380857,          1657P   2306
-0.001,0.141,-0.001,7.311;                                          1657P   2307
128,1,1,1,1,0,0,1,0,0,-2.111,-2.111,2.111,2.111,                    1659P   2308
-0.0709999999999998,-0.0709999999999998,0.0709999999999998,         1659P   2309
0.0709999999999998,1.,1.,1.,1.,-10.5316571484533,34.79,             1659P   2310
43.4060647138086,-10.5316571484533,34.79,1.18606471380857,          1659P   2311
-10.5316571484533,36.21,43.4060647138086,-10.5316571484533,         1659P   2312
36.21,1.18606471380857,-2.111,2.111,-0.0709999999999998,            1659P   2313
0.0709999999999998;                                                 1659P   2314
128,1,1,1,1,0,0,1,0,0,0.198999999999999,0.198999999999999,7.401,    1661P   2315
7.401,3.619,3.619,3.721,3.721,1.,1.,1.,1.,62.5783428515467,         1661P   2316
36.19,42.2960647138086,-9.4416571484533,36.19,42.2960647138086,     1661P   2317
62.5783428515467,37.21,42.2960647138086,-9.4416571484533,37.21,     1661P   2318
42.2960647138086,0.198999999999999,7.401,3.619,3.721;               1661P   2319
128,1,1,1,1,0,0,1,0,0,0.199,0.199,7.201,7.201,2.979,2.979,3.481,    1663P   2320
3.481,1.,1.,1.,1.,60.5783428515467,29.79,42.2960647138086,          1663P   2321
-9.44165714845329,29.79,42.2960647138086,60.5783428515467,34.81,    1663P   2322
42.2960647138086,-9.44165714845329,34.81,42.2960647138086,0.199,    1663P   2323
7.201,2.979,3.481;                                                  1663P   2324
128,1,1,1,1,0,0,1,0,0,0.198999999999999,0.198999999999999,7.201,    1665P   2325
7.201,0.199,0.199,2.201,2.201,1.,1.,1.,1.,60.5783428515467,1.99,    1665P   2326
42.2960647138086,-9.44165714845331,1.99,42.2960647138086,           1665P   2327
60.5783428515467,22.01,42.2960647138086,-9.44165714845331,22.01,    1665P   2328
42.2960647138086,0.198999999999999,7.201,0.199,2.201;               1665P   2329
128,1,1,1,1,0,0,1,0,0,0.199,0.199,7.201,7.201,2.339,2.339,2.841,    1667P   2330
2.841,1.,1.,1.,1.,60.5783428515467,23.39,42.2960647138086,          1667P   2331
-9.44165714845329,23.39,42.2960647138086,60.5783428515467,28.41,    1667P   2332
42.2960647138086,-9.44165714845329,28.41,42.2960647138086,0.199,    1667P   2333
7.201,2.339,2.841;                                                  1667P   2334
128,1,1,1,1,0,0,1,0,0,0.199,0.199,4.201,4.201,2.979,2.979,3.481,    1669P   2335
3.481,1.,1.,1.,1.,60.5683428515467,29.79,2.28606471380857,          1669P   2336
60.5683428515467,29.79,42.3060647138086,60.5683428515467,34.81,     1669P   2337
2.28606471380857,60.5683428515467,34.81,42.3060647138086,0.199,     1669P   2338
4.201,2.979,3.481;                                                  1669P   2339
128,1,1,1,1,0,0,1,0,0,0.199,0.199,4.201,4.201,0.199,0.199,2.201,    1671P   2340
2.201,1.,1.,1.,1.,60.5683428515467,1.99,2.28606471380857,           1671P   2341
60.5683428515467,1.99,42.3060647138086,60.5683428515467,22.01,      1671P   2342
2.28606471380857,60.5683428515467,22.01,42.3060647138086,0.199,     1671P   2343
4.201,0.199,2.201;                                                  1671P   2344
128,1,1,1,1,0,0,1,0,0,0.199,0.199,4.201,4.201,2.339,2.339,2.841,    1673P   2345
2.841,1.,1.,1.,1.,60.5683428515467,23.39,2.28606471380857,          1673P   2346
60.5683428515467,23.39,42.3060647138086,60.5683428515467,28.41,     1673P   2347
2.28606471380857,60.5683428515467,28.41,42.3060647138086,0.199,     1673P   2348
4.201,2.339,2.841;                                                  1673P   2349
128,1,1,1,1,0,0,1,0,0,0.199,0.199,7.201,7.201,0.199,0.199,2.201,    1675P   2350
2.201,1.,1.,1.,1.,-9.4416571484533,1.99,2.29606471380857,           1675P   2351
60.5783428515467,1.99,2.29606471380857,-9.4416571484533,22.01,      1675P   2352
2.29606471380857,60.5783428515467,22.01,2.29606471380857,0.199,     1675P   2353
7.201,0.199,2.201;                                                  1675P   2354
128,1,1,1,1,0,0,1,0,0,-0.001,-0.001,7.201,7.201,3.619,3.619,        1677P   2355
3.721,3.721,1.,1.,1.,1.,-9.4416571484533,36.19,2.29606471380857,    1677P   2356
62.5783428515467,36.19,2.29606471380857,-9.4416571484533,37.21,     1677P   2357
2.29606471380857,62.5783428515467,37.21,2.29606471380857,-0.001,    1677P   2358
7.201,3.619,3.721;                                                  1677P   2359
128,1,1,1,1,0,0,1,0,0,0.199,0.199,7.201,7.201,2.979,2.979,3.481,    1679P   2360
3.481,1.,1.,1.,1.,-9.4416571484533,29.79,2.29606471380857,          1679P   2361
60.5783428515467,29.79,2.29606471380857,-9.4416571484533,34.81,     1679P   2362
2.29606471380857,60.5783428515467,34.81,2.29606471380857,0.199,     1679P   2363
7.201,2.979,3.481;                                                  1679P   2364
128,1,1,1,1,0,0,1,0,0,0.199,0.199,4.201,4.201,3.619,3.619,3.721,    1681P   2365
3.721,1.,1.,1.,1.,-9.43165714845329,36.19,42.3060647138086,         1681P   2366
-9.43165714845329,36.19,2.28606471380857,-9.43165714845329,         1681P   2367
37.21,42.3060647138086,-9.43165714845329,37.21,2.28606471380857,    1681P   2368
0.199,4.201,3.619,3.721;                                            1681P   2369
128,1,1,1,1,0,0,1,0,0,0.199,0.199,4.201,4.201,2.979,2.979,3.481,    1683P   2370
3.481,1.,1.,1.,1.,-9.43165714845329,29.79,42.3060647138086,         1683P   2371
-9.43165714845329,29.79,2.28606471380857,-9.43165714845329,         1683P   2372
34.81,42.3060647138086,-9.43165714845329,34.81,2.28606471380857,    1683P   2373
0.199,4.201,2.979,3.481;                                            1683P   2374
128,1,1,1,1,0,0,1,0,0,0.199,0.199,4.201,4.201,0.199,0.199,2.201,    1685P   2375
2.201,1.,1.,1.,1.,-9.43165714845329,1.99,42.3060647138086,          1685P   2376
-9.43165714845329,1.99,2.28606471380857,-9.43165714845329,22.01,    1685P   2377
42.3060647138086,-9.43165714845329,22.01,2.28606471380857,0.199,    1685P   2378
4.201,0.199,2.201;                                                  1685P   2379
128,1,1,1,1,0,0,1,0,0,0.199,0.199,4.201,4.201,2.339,2.339,2.841,    1687P   2380
2.841,1.,1.,1.,1.,-9.43165714845329,23.39,42.3060647138086,         1687P   2381
-9.43165714845329,23.39,2.28606471380857,-9.43165714845329,         1687P   2382
28.41,42.3060647138086,-9.43165714845329,28.41,2.28606471380857,    1687P   2383
0.199,4.201,2.339,2.841;                                            1687P   2384
128,1,1,1,1,0,0,1,0,0,0.199,0.199,7.201,7.201,2.339,2.339,2.841,    1689P   2385
2.841,1.,1.,1.,1.,-9.4416571484533,23.39,2.29606471380857,          1689P   2386
60.5783428515467,23.39,2.29606471380857,-9.4416571484533,28.41,     1689P   2387
2.29606471380857,60.5783428515467,28.41,2.29606471380857,0.199,     1689P   2388
7.201,2.339,2.841;                                                  1689P   2389
128,1,1,1,1,0,0,1,0,0,-3.501,-3.501,3.501,3.501,-2.001,-2.001,      1691P   2390
2.001,2.001,1.,1.,1.,1.,-9.44165714845329,2.,42.3060647138086,      1691P   2391
60.5783428515467,2.,42.3060647138086,-9.44165714845329,2.,          1691P   2392
2.28606471380858,60.5783428515467,2.,2.28606471380857,-3.501,       1691P   2393
3.501,-2.001,2.001;                                                 1691P   2394
128,1,1,1,1,0,0,1,0,0,-0.001,-0.001,4.401,4.401,                    1693P   2395
0.0990000000000001,0.0990000000000001,3.721,3.721,1.,1.,1.,1.,      1693P   2396
-11.4316571484533,0.990000000000001,0.286064713808573,              1693P   2397
-11.4316571484533,0.990000000000001,44.3060647138086,               1693P   2398
-11.4316571484533,37.21,0.286064713808573,-11.4316571484533,        1693P   2399
37.21,44.3060647138086,-0.001,4.401,0.0990000000000001,3.721;       1693P   2400
128,1,1,1,1,0,0,1,0,0,-0.001,-0.001,7.401,7.401,                    1695P   2401
0.0990000000000001,0.0990000000000001,3.721,3.721,1.,1.,1.,1.,      1695P   2402
-11.4416571484533,0.990000000000001,44.2960647138086,               1695P   2403
62.5783428515467,0.990000000000001,44.2960647138086,                1695P   2404
-11.4416571484533,37.21,44.2960647138086,62.5783428515467,37.21,    1695P   2405
44.2960647138086,-0.001,7.401,0.0990000000000001,3.721;             1695P   2406
128,1,1,1,1,0,0,1,0,0,-0.00100000000000021,-0.00100000000000021,    1697P   2407
7.291,7.291,-0.001,-0.001,0.101,0.101,1.,1.,1.,1.,                  1697P   2408
-0.909999001622211,2.64760671062493,-0.01,72.0100009983778,         1697P   2409
2.64760671062493,-0.01,-0.909999001622211,2.64760671062493,1.01,    1697P   2410
72.0100009983778,2.64760671062493,1.01,-0.00100000000000021,        1697P   2411
7.291,-0.001,0.101;                                                 1697P   2412
128,1,1,1,1,0,0,1,0,0,-0.001,-0.001,1.591,1.591,-0.001,-0.001,      1699P   2413
0.101,0.101,1.,1.,1.,1.,-0.899999001622211,18.5576067106249,        1699P   2414
-0.01,-0.899999001622211,2.63760671062493,-0.01,                    1699P   2415
-0.899999001622211,18.5576067106249,1.01,-0.899999001622211,        1699P   2416
2.63760671062493,1.01,-0.001,1.591,-0.001,0.101;                    1699P   2417
128,1,1,1,1,0,0,1,0,0,-0.001,-0.001,0.371,0.371,-0.001,-0.001,      1701P   2418
0.101,0.101,1.,1.,1.,1.,-4.60999900162221,18.5476067106249,         1701P   2419
-0.01,-0.889999001622211,18.5476067106249,-0.01,                    1701P   2420
-4.60999900162221,18.5476067106249,1.01,-0.889999001622211,         1701P   2421
18.5476067106249,1.01,-0.001,0.371,-0.001,0.101;                    1701P   2422
128,1,2,1,2,0,0,0,0,0,0.,0.,0.76923076923077,0.76923076923077,      1703P   2423
0.,0.,0.,1.5707963267949,1.5707963267949,1.5707963267949,1.,1.,     1703P   2424
0.707106781186547,0.707106781186547,1.,1.,-5.89999900162221,        1703P   2425
19.8476067106249,1.,-5.89999900162221,19.8476067106249,0.,          1703P   2426
-5.89999900162222,18.5476067106249,1.,-5.89999900162222,            1703P   2427
18.5476067106249,0.,-4.59999900162221,18.5476067106249,1.,          1703P   2428
-4.59999900162221,18.5476067106249,0.,0.,0.76923076923077,0.,       1703P   2429
1.5707963267949;                                                    1703P   2430
128,1,1,1,1,0,0,1,0,0,-0.001,-0.001,0.741,0.741,-0.001,-0.001,      1705P   2431
0.101,0.101,1.,1.,1.,1.,-5.89999900162221,27.2576067106249,         1705P   2432
-0.01,-5.89999900162221,19.8376067106249,-0.01,                     1705P   2433
-5.89999900162221,27.2576067106249,1.01,-5.89999900162221,          1705P   2434
19.8376067106249,1.01,-0.001,0.741,-0.001,0.101;                    1705P   2435
128,1,2,1,2,0,0,0,0,0,0.,0.,0.769230769230772,0.769230769230772,    1707P   2436
0.,0.,0.,1.5707963267949,1.5707963267949,1.5707963267949,1.,1.,     1707P   2437
0.707106781186545,0.707106781186545,1.,1.,-4.59999900162221,        1707P   2438
28.5476067106249,1.,-4.59999900162221,28.5476067106249,0.,          1707P   2439
-5.89999900162221,28.5476067106249,1.,-5.89999900162221,            1707P   2440
28.5476067106249,0.,-5.89999900162221,27.2476067106249,1.,          1707P   2441
-5.89999900162221,27.2476067106249,0.,0.,0.769230769230772,0.,      1707P   2442
1.5707963267949;                                                    1707P   2443
128,1,1,1,1,0,0,1,0,0,-0.001,-0.001,0.371,0.371,-0.001,-0.001,      1709P   2444
0.101,0.101,1.,1.,1.,1.,-0.889999001622211,28.5476067106249,        1709P   2445
-0.01,-4.60999900162221,28.5476067106249,-0.01,                     1709P   2446
-0.889999001622211,28.5476067106249,1.01,-4.60999900162221,         1709P   2447
28.5476067106249,1.01,-0.001,0.371,-0.001,0.101;                    1709P   2448
128,1,1,1,1,0,0,1,0,0,-0.001,-0.001,1.591,1.591,-0.001,-0.001,      1711P   2449
0.101,0.101,1.,1.,1.,1.,-0.899999001622211,44.4576067106249,        1711P   2450
-0.01,-0.899999001622211,28.5376067106249,-0.01,                    1711P   2451
-0.899999001622211,44.4576067106249,1.01,-0.899999001622211,        1711P   2452
28.5376067106249,1.01,-0.001,1.591,-0.001,0.101;                    1711P   2453
128,1,1,1,1,0,0,1,0,0,-0.001,-0.001,7.291,7.291,-0.001,-0.001,      1713P   2454
0.101,0.101,1.,1.,1.,1.,72.0100009983778,44.4476067106249,-0.01,    1713P   2455
-0.909999001622213,44.4476067106249,-0.01,72.0100009983778,         1713P   2456
44.4476067106249,1.01,-0.909999001622213,44.4476067106249,1.01,     1713P   2457
-0.001,7.291,-0.001,0.101;                                          1713P   2458
128,1,1,1,1,0,0,1,0,0,-0.001,-0.001,1.091,1.091,-0.001,-0.001,      1715P   2459
0.101,0.101,1.,1.,1.,1.,72.0000009983778,33.5376067106249,-0.01,    1715P   2460
72.0000009983778,44.4576067106249,-0.01,72.0000009983778,           1715P   2461
33.5376067106249,1.01,72.0000009983778,44.4576067106249,1.01,       1715P   2462
-0.001,1.091,-0.001,0.101;                                          1715P   2463
128,1,1,1,1,0,0,1,0,0,-0.001,-0.001,0.501,0.501,-0.001,-0.001,      1717P   2464
0.101,0.101,1.,1.,1.,1.,66.9900009983778,33.5476067106249,-0.01,    1717P   2465
72.0100009983778,33.5476067106249,-0.01,66.9900009983778,           1717P   2466
33.5476067106249,1.01,72.0100009983778,33.5476067106249,1.01,       1717P   2467
-0.001,0.501,-0.001,0.101;                                          1717P   2468
128,1,1,1,1,0,0,1,0,0,-0.001,-0.001,2.001,2.001,-0.001,-0.001,      1719P   2469
0.101,0.101,1.,1.,1.,1.,67.0000009983778,13.5376067106249,-0.01,    1719P   2470
67.0000009983778,33.5576067106249,-0.01,67.0000009983778,           1719P   2471
13.5376067106249,1.01,67.0000009983778,33.5576067106249,1.01,       1719P   2472
-0.001,2.001,-0.001,0.101;                                          1719P   2473
128,1,1,1,1,0,0,1,0,0,-0.001,-0.001,0.501,0.501,-0.001,-0.001,      1721P   2474
0.101,0.101,1.,1.,1.,1.,72.0100009983778,13.5476067106249,-0.01,    1721P   2475
66.9900009983778,13.5476067106249,-0.01,72.0100009983778,           1721P   2476
13.5476067106249,1.01,66.9900009983778,13.5476067106249,1.01,       1721P   2477
-0.001,0.501,-0.001,0.101;                                          1721P   2478
128,1,1,1,1,0,0,1,0,0,-0.001,-0.001,1.091,1.091,-0.001,-0.001,      1723P   2479
0.101,0.101,1.,1.,1.,1.,72.0000009983778,2.63760671062493,-0.01,    1723P   2480
72.0000009983778,13.5576067106249,-0.01,72.0000009983778,           1723P   2481
2.63760671062493,1.01,72.0000009983778,13.5576067106249,1.01,       1723P   2482
-0.001,1.091,-0.001,0.101;                                          1723P   2483
128,1,1,1,1,0,0,1,0,0,-4.146,-4.146,3.646,3.646,-2.091,-2.091,      1725P   2484
2.091,2.091,1.,1.,1.,1.,-5.90999900162222,2.63760671062493,1.,      1725P   2485
72.0100009983778,2.63760671062493,1.,-5.90999900162222,             1725P   2486
44.4576067106249,1.,72.0100009983778,44.4576067106249,1.,-4.146,    1725P   2487
3.646,-2.091,2.091;                                                 1725P   2488
128,1,1,1,1,0,0,1,0,0,-4.146,-4.146,3.646,3.646,-2.091,-2.091,      1727P   2489
2.091,2.091,1.,1.,1.,1.,72.0100009983778,2.63760671062493,0.,       1727P   2490
-5.90999900162222,2.63760671062493,0.,72.0100009983778,             1727P   2491
44.4576067106249,0.,-5.90999900162222,44.4576067106249,0.,          1727P   2492
-4.146,3.646,-2.091,2.091;                                          1727P   2493
128,1,1,1,1,0,0,1,0,0,-0.001,-0.001,0.201,0.201,-0.001,-0.001,      1729P   2494
0.101,0.101,1.,1.,1.,1.,70.89,-10.7,0.99,72.91,-10.7,0.99,70.89,    1729P   2495
-10.7,2.01,72.91,-10.7,2.01,-0.001,0.201,-0.001,0.101;              1729P   2496
128,1,1,1,1,0,0,1,0,0,-0.001,-0.001,3.961,3.961,-0.001,-0.001,      1731P   2497
0.101,0.101,1.,1.,1.,1.,70.9,28.91,0.99,70.9,-10.71,0.99,70.9,      1731P   2498
28.91,2.01,70.9,-10.71,2.01,-0.001,3.961,-0.001,0.101;              1731P   2499
128,1,1,1,1,0,0,1,0,0,-0.001,-0.001,0.201,0.201,-0.001,-0.001,      1733P   2500
0.101,0.101,1.,1.,1.,1.,72.91,28.9,0.99,70.89,28.9,0.99,72.91,      1733P   2501
28.9,2.01,70.89,28.9,2.01,-0.001,0.201,-0.001,0.101;                1733P   2502
128,1,1,1,1,0,0,1,0,0,-0.101000000000001,-0.101000000000001,        1735P   2503
0.101,0.101,-1.981,-1.981,1.981,1.981,1.,1.,1.,1.,70.89,-10.71,     1735P   2504
2.,72.91,-10.71,2.,70.89,28.91,2.,72.91,28.91,2.,                   1735P   2505
-0.101000000000001,0.101,-1.981,1.981;                              1735P   2506
128,1,1,1,1,0,0,1,0,0,-0.001,-0.001,4.181,4.181,-0.001,-0.001,      1737P   2507
0.101,0.101,1.,1.,1.,1.,0.,30.01,-0.01,0.,-11.81,-0.01,0.,30.01,    1737P   2508
1.01,0.,-11.81,1.01,-0.001,4.181,-0.001,0.101;                      1737P   2509
128,1,1,1,1,0,0,1,0,0,-0.001,-0.001,7.291,7.291,-0.001,-0.001,      1739P   2510
0.101,0.101,1.,1.,1.,1.,72.91,30.,-0.01,-0.0100000000000033,30.,    1739P   2511
-0.01,72.91,30.,1.01,-0.0100000000000033,30.,1.01,-0.001,7.291,     1739P   2512
-0.001,0.101;                                                       1739P   2513
128,1,1,1,1,0,0,1,0,0,-0.001,-0.001,4.181,4.181,-0.001,-0.001,      1741P   2514
0.201,0.201,1.,1.,1.,1.,72.9,-11.81,-0.01,72.9,30.01,-0.01,72.9,    1741P   2515
-11.81,2.01,72.9,30.01,2.01,-0.001,4.181,-0.001,0.201;              1741P   2516
128,1,1,1,1,0,0,1,0,0,-0.001,-0.001,7.291,7.291,-0.001,-0.001,      1743P   2517
0.101,0.101,1.,1.,1.,1.,-0.01,-11.8,-0.01,72.91,-11.8,-0.01,        1743P   2518
-0.01,-11.8,1.01,72.91,-11.8,1.01,-0.001,7.291,-0.001,0.101;        1743P   2519
128,1,1,1,1,0,0,1,0,0,-3.646,-3.646,3.646,3.646,-2.091,-2.091,      1745P   2520
2.091,2.091,1.,1.,1.,1.,-0.0099999999999989,-11.81,1.,72.91,        1745P   2521
-11.81,1.,-0.0099999999999989,30.01,1.,72.91,30.01,1.,-3.646,       1745P   2522
3.646,-2.091,2.091;                                                 1745P   2523
128,1,1,1,1,0,0,1,0,0,-3.646,-3.646,3.646,3.646,-2.091,-2.091,      1747P   2524
2.091,2.091,1.,1.,1.,1.,72.91,-11.81,0.,-0.0099999999999989,        1747P   2525
-11.81,0.,72.91,30.01,0.,-0.0099999999999989,30.01,0.,-3.646,       1747P   2526
3.646,-2.091,2.091;                                                 1747P   2527
502,136,45.5683428515467,-3.85185988877447D-33,12.0960647138086,    1749P   2528
45.5683428515467,-5.2,12.0960647138086,45.5683428515467,0.,         1749P   2529
8.09606471380858,45.5683428515467,-5.2,8.09606471380858,            1749P   2530
44.5683428515467,-5.2,12.0960647138086,44.5683428515467,-5.2,       1749P   2531
8.09606471380858,45.1017741741233,-5.89789040980238,                1749P   2532
12.0960647138086,45.1017741741233,-5.89789040980238,                1749P   2533
8.09606471380858,45.3083428515467,-6.,12.0960647138086,             1749P   2534
45.3083428515467,-6.,8.09606471380858,46.1083428515467,-6.,         1749P   2535
12.0960647138086,46.1083428515467,-6.,8.09606471380858,             1749P   2536
46.3683428515467,-5.74,12.0960647138086,46.3683428515467,-5.74,     1749P   2537
8.09606471380858,46.3683428515467,0.,12.0960647138086,              1749P   2538
46.3683428515467,0.,8.09606471380858,50.5683428515467,-5.2,         1749P   2539
12.0960647138086,49.5683428515467,-5.2,12.0960647138086,            1749P   2540
50.5683428515467,-5.2,8.09606471380858,49.5683428515467,-5.2,       1749P   2541
8.09606471380858,49.5683428515467,0.,12.0960647138086,              1749P   2542
49.5683428515467,0.,8.09606471380858,48.7683428515467,0.,           1749P   2543
12.0960647138086,48.7683428515467,-5.74000000000026,                1749P   2544
12.0960647138086,48.7683428515467,0.,8.09606471380858,              1749P   2545
48.7683428515467,-5.74000000000026,8.09606471380858,                1749P   2546
49.0283428515464,-6.,12.0960647138086,49.0283428515464,-6.,         1749P   2547
8.09606471380858,49.8283428515464,-6.,12.0960647138086,             1749P   2548
49.8283428515464,-6.,8.09606471380858,50.0349115289698,             1749P   2549
-5.89789040980243,12.0960647138086,50.0349115289698,                1749P   2550
-5.89789040980243,8.09606471380858,5.56834285154671,                1749P   2551
-3.85185988877447D-33,12.0960647138086,5.56834285154671,-5.2,       1749P   2552
12.0960647138086,5.56834285154671,-5.2,8.09606471380858,            1749P   2553
5.56834285154671,0.,8.09606471380858,6.56834285154671,-5.2,         1749P   2554
12.0960647138086,6.56834285154671,-5.2,8.09606471380858,            1749P   2555
6.03491152897007,-5.89789040980238,12.0960647138086,                1749P   2556
6.03491152897007,-5.89789040980238,8.09606471380858,                1749P   2557
5.82834285154671,-6.,12.0960647138086,5.82834285154671,-6.,         1749P   2558
8.09606471380858,5.02834285154671,-6.,12.0960647138086,             1749P   2559
5.02834285154671,-6.,8.09606471380858,4.76834285154671,-5.74,       1749P   2560
12.0960647138086,4.76834285154671,-5.74,8.09606471380858,           1749P   2561
4.76834285154671,0.,12.0960647138086,4.76834285154671,0.,           1749P   2562
8.09606471380858,0.568342851546707,-5.2,12.0960647138086,           1749P   2563
1.56834285154671,-5.2,12.0960647138086,1.56834285154671,-5.2,       1749P   2564
8.09606471380858,0.568342851546707,-5.2,8.09606471380858,           1749P   2565
1.5683428515467,0.,12.0960647138086,1.5683428515467,0.,             1749P   2566
8.09606471380858,2.36834285154671,0.,12.0960647138086,              1749P   2567
2.36834285154671,-5.74000000000026,12.0960647138086,                1749P   2568
2.36834285154671,-5.74000000000026,8.09606471380858,                1749P   2569
2.36834285154671,0.,8.09606471380858,2.10834285154697,-6.,          1749P   2570
12.0960647138086,2.10834285154697,-6.,8.09606471380858,             1749P   2571
1.30834285154697,-6.,12.0960647138086,1.30834285154697,-6.,         1749P   2572
8.09606471380858,1.10177417412365,-5.89789040980243,                1749P   2573
12.0960647138086,1.10177417412365,-5.89789040980243,                1749P   2574
8.09606471380858,45.5683428515467,-3.85185988877447D-33,            1749P   2575
32.4960647138086,45.5683428515467,-5.2,32.4960647138086,            1749P   2576
45.5683428515467,-5.2,36.4960647138086,45.5683428515467,0.,         1749P   2577
36.4960647138086,44.5683428515467,-5.2,32.4960647138086,            1749P   2578
44.5683428515467,-5.2,36.4960647138086,45.1017741741233,            1749P   2579
-5.89789040980238,32.4960647138086,45.1017741741233,                1749P   2580
-5.89789040980238,36.4960647138086,45.3083428515467,-6.,            1749P   2581
32.4960647138086,45.3083428515467,-6.,36.4960647138086,             1749P   2582
46.1083428515467,-6.,32.4960647138086,46.1083428515467,-6.,         1749P   2583
36.4960647138086,46.3683428515467,-5.74,32.4960647138086,           1749P   2584
46.3683428515467,-5.74,36.4960647138086,46.3683428515467,0.,        1749P   2585
32.4960647138086,46.3683428515467,0.,36.4960647138086,              1749P   2586
50.5683428515467,-5.2,32.4960647138086,49.5683428515467,-5.2,       1749P   2587
32.4960647138086,49.5683428515467,-5.2,36.4960647138086,            1749P   2588
50.5683428515467,-5.2,36.4960647138086,49.5683428515467,0.,         1749P   2589
32.4960647138086,49.5683428515467,0.,36.4960647138086,              1749P   2590
48.7683428515467,0.,32.4960647138086,48.7683428515467,              1749P   2591
-5.74000000000026,32.4960647138086,48.7683428515467,                1749P   2592
-5.74000000000026,36.4960647138086,48.7683428515467,0.,             1749P   2593
36.4960647138086,49.0283428515464,-6.,32.4960647138086,             1749P   2594
49.0283428515464,-6.,36.4960647138086,49.8283428515464,-6.,         1749P   2595
32.4960647138086,49.8283428515464,-6.,36.4960647138086,             1749P   2596
50.0349115289698,-5.89789040980243,32.4960647138086,                1749P   2597
50.0349115289698,-5.89789040980243,36.4960647138086,                1749P   2598
5.56834285154671,-3.85185988877447D-33,32.4960647138086,            1749P   2599
5.56834285154671,-5.2,32.4960647138086,5.56834285154671,0.,         1749P   2600
36.4960647138086,5.56834285154671,-5.2,36.4960647138086,            1749P   2601
6.56834285154671,-5.2,32.4960647138086,6.56834285154671,-5.2,       1749P   2602
36.4960647138086,6.03491152897007,-5.89789040980238,                1749P   2603
32.4960647138086,6.03491152897007,-5.89789040980238,                1749P   2604
36.4960647138086,5.82834285154671,-6.,32.4960647138086,             1749P   2605
5.82834285154671,-6.,36.4960647138086,5.02834285154671,-6.,         1749P   2606
32.4960647138086,5.02834285154671,-6.,36.4960647138086,             1749P   2607
4.76834285154671,-5.74,32.4960647138086,4.76834285154671,-5.74,     1749P   2608
36.4960647138086,4.76834285154671,0.,32.4960647138086,              1749P   2609
4.76834285154671,0.,36.4960647138086,0.568342851546707,-5.2,        1749P   2610
32.4960647138086,1.56834285154671,-5.2,32.4960647138086,            1749P   2611
0.568342851546707,-5.2,36.4960647138086,1.56834285154671,-5.2,      1749P   2612
36.4960647138086,1.5683428515467,0.,32.4960647138086,               1749P   2613
1.5683428515467,0.,36.4960647138086,2.36834285154671,0.,            1749P   2614
32.4960647138086,2.36834285154671,-5.74000000000026,                1749P   2615
32.4960647138086,2.36834285154671,0.,36.4960647138086,              1749P   2616
2.36834285154671,-5.74000000000026,36.4960647138086,                1749P   2617
2.10834285154697,-6.,32.4960647138086,2.10834285154697,-6.,         1749P   2618
36.4960647138086,1.30834285154697,-6.,32.4960647138086,             1749P   2619
1.30834285154697,-6.,36.4960647138086,1.10177417412365,             1749P   2620
-5.89789040980243,32.4960647138086,1.10177417412365,                1749P   2621
-5.89789040980243,36.4960647138086,62.5683428515467,0.,             1749P   2622
44.2960647138086,-11.4316571484533,0.,44.2960647138086,             1749P   2623
-11.4316571484533,0.,0.296064713808573,62.5683428515467,0.,         1749P   2624
0.296064713808573,62.5683428515467,1.,0.296064713808573,            1749P   2625
-11.4316571484533,1.,0.296064713808573,62.5683428515467,1.,         1749P   2626
44.2960647138086,-11.4316571484533,1.,44.2960647138086;             1749P   2627
502,80,33.0683428515467,24.4,42.2960647138086,33.0683428515467,     1751P   2628
27.4,42.2960647138086,33.0683428515467,24.4,44.2960647138085,       1751P   2629
33.0683428515467,27.4,44.2960647138085,33.0683428515467,24.4,       1751P   2630
0.296064713808573,33.0683428515467,27.4,0.296064713808573,          1751P   2631
33.0683428515467,24.4,2.29606471380857,33.0683428515467,27.4,       1751P   2632
2.29606471380857,18.0683428515467,27.4,42.2960647138086,            1751P   2633
18.0683428515467,27.4,44.2960647138085,18.0683428515467,27.4,       1751P   2634
0.296064713808573,18.0683428515467,27.4,2.29606471380857,           1751P   2635
18.0683428515467,24.4,42.2960647138086,18.0683428515467,24.4,       1751P   2636
44.2960647138085,18.0683428515467,24.4,0.296064713808573,           1751P   2637
18.0683428515467,24.4,2.29606471380857,-11.4316571484533,1.,        1751P   2638
0.296064713808573,-11.4316571484533,1.,44.2960647138086,            1751P   2639
62.5683428515467,1.,0.296064713808573,62.5683428515467,1.,          1751P   2640
44.2960647138086,62.5683428515467,37.2,0.296064713808573,           1751P   2641
62.5683428515467,37.2,2.29606471380857,62.5683428515467,36.2,       1751P   2642
2.29606471380857,62.5683428515467,36.2,1.19606471380857,            1751P   2643
62.5683428515467,34.8,1.19606471380857,62.5683428515467,34.8,       1751P   2644
43.3960647138086,62.5683428515467,36.2,43.3960647138086,            1751P   2645
62.5683428515467,36.2,42.2960647138086,62.5683428515467,37.2,       1751P   2646
42.2960647138086,62.5683428515467,37.2,44.2960647138086,            1751P   2647
62.5683428515467,23.4,43.3960647138086,62.5683428515467,23.4,       1751P   2648
1.19606471380857,62.5683428515467,22.,1.19606471380857,             1751P   2649
62.5683428515467,22.,43.3960647138086,62.5683428515467,28.4,        1751P   2650
1.19606471380857,62.5683428515467,28.4,43.3960647138086,            1751P   2651
62.5683428515467,29.8,43.3960647138086,62.5683428515467,29.8,       1751P   2652
1.19606471380857,-11.4316571484533,37.2,0.296064713808573,          1751P   2653
-9.43165714845329,36.2,42.2960647138086,-10.5316571484533,36.2,     1751P   2654
43.3960647138086,-10.5316571484533,36.2,1.19606471380857,           1751P   2655
-9.43165714845329,36.2,2.29606471380857,-9.43165714845329,37.2,     1751P   2656
2.29606471380857,-11.4316571484533,37.2,44.2960647138086,           1751P   2657
-9.43165714845329,37.2,42.2960647138086,-10.5316571484533,23.4,     1751P   2658
43.3960647138086,-10.5316571484533,23.4,1.19606471380857,           1751P   2659
-9.43165714845329,23.4,42.2960647138086,-9.43165714845329,23.4,     1751P   2660
2.29606471380857,60.5683428515467,23.4,42.2960647138086,            1751P   2661
60.5683428515467,23.4,2.29606471380857,-10.5316571484533,22.,       1751P   2662
43.3960647138086,-10.5316571484533,22.,1.19606471380857,            1751P   2663
-9.43165714845329,22.,2.29606471380857,-9.43165714845329,22.,       1751P   2664
42.2960647138086,60.5683428515467,22.,2.29606471380857,             1751P   2665
60.5683428515467,22.,42.2960647138086,-10.5316571484533,28.4,       1751P   2666
1.19606471380857,-10.5316571484533,28.4,43.3960647138086,           1751P   2667
-9.43165714845329,28.4,2.29606471380857,-9.43165714845329,28.4,     1751P   2668
42.2960647138086,60.5683428515467,28.4,2.29606471380857,            1751P   2669
60.5683428515467,28.4,42.2960647138086,-10.5316571484533,29.8,      1751P   2670
1.19606471380857,-10.5316571484533,29.8,43.3960647138086,           1751P   2671
-9.43165714845329,29.8,42.2960647138086,-9.43165714845329,29.8,     1751P   2672
2.29606471380857,60.5683428515467,29.8,42.2960647138086,            1751P   2673
60.5683428515467,29.8,2.29606471380857,-10.5316571484533,34.8,      1751P   2674
43.3960647138086,-10.5316571484533,34.8,1.19606471380857,           1751P   2675
-9.43165714845329,34.8,2.29606471380857,-9.43165714845329,34.8,     1751P   2676
42.2960647138086,60.5683428515467,34.8,2.29606471380857,            1751P   2677
60.5683428515467,34.8,42.2960647138086,60.5683428515467,2.,         1751P   2678
42.2960647138086,-9.43165714845329,2.,42.2960647138086,             1751P   2679
60.5683428515467,2.,2.29606471380857,-9.43165714845329,2.,          1751P   2680
2.29606471380857;                                                   1751P   2681
502,28,72.0000009983778,2.64760671062493,0.,-0.899999001622211,     1753P   2682
2.64760671062493,0.,72.0000009983778,2.64760671062493,1.,           1753P   2683
-0.899999001622209,2.64760671062493,1.,-0.899999001622211,          1753P   2684
18.5476067106249,0.,-0.899999001622209,18.5476067106249,1.,         1753P   2685
-4.59999900162221,18.5476067106249,0.,-4.59999900162221,            1753P   2686
18.5476067106249,1.,-5.89999900162221,19.8476067106249,0.,          1753P   2687
-5.89999900162221,19.8476067106249,1.,-5.89999900162221,            1753P   2688
27.2476067106249,0.,-5.89999900162221,27.2476067106249,1.,          1753P   2689
-4.59999900162221,28.5476067106249,0.,-4.59999900162221,            1753P   2690
28.5476067106249,1.,-0.899999001622211,28.5476067106249,0.,         1753P   2691
-0.899999001622209,28.5476067106249,1.,-0.899999001622211,          1753P   2692
44.4476067106249,0.,-0.899999001622209,44.4476067106249,1.,         1753P   2693
72.0000009983778,44.4476067106249,0.,72.0000009983778,              1753P   2694
44.4476067106249,1.,72.0000009983778,33.5476067106249,0.,           1753P   2695
72.0000009983778,33.5476067106249,1.,67.0000009983778,              1753P   2696
33.5476067106249,0.,67.0000009983778,33.5476067106249,1.,           1753P   2697
67.0000009983778,13.5476067106249,0.,67.0000009983778,              1753P   2698
13.5476067106249,1.,72.0000009983778,13.5476067106249,0.,           1753P   2699
72.0000009983778,13.5476067106249,1.;                               1753P   2700
502,16,72.9,-10.7,1.,70.9,-10.7,1.,72.9,-10.7,2.,70.9,-10.7,2.,     1755P   2701
70.9,28.9,1.,70.9,28.9,2.,72.9,28.9,1.,72.9,28.9,2.,0.,-11.8,0.,    1755P   2702
0.,30.,0.,0.,-11.8,1.,0.,30.,1.,72.9,30.,0.,72.9,30.,1.,72.9,       1755P   2703
-11.8,0.,72.9,-11.8,1.;                                             1755P   2704
504,204,671,1749,1,1749,2,673,1749,3,1749,1,675,1749,4,1749,3,      1757P   2705
677,1749,2,1749,4,679,1749,2,1749,5,681,1749,6,1749,4,683,1749,     1757P   2706
5,1749,6,685,1749,5,1749,7,687,1749,8,1749,6,689,1749,7,1749,8,     1757P   2707
691,1749,9,1749,7,693,1749,10,1749,8,695,1749,9,1749,10,697,        1757P   2708
1749,9,1749,11,699,1749,12,1749,10,701,1749,11,1749,12,703,1749,    1757P   2709
13,1749,11,705,1749,14,1749,12,707,1749,13,1749,14,709,1749,13,     1757P   2710
1749,15,711,1749,16,1749,14,713,1749,15,1749,16,715,1749,16,        1757P   2711
1749,3,717,1749,1,1749,15,719,1749,17,1749,18,721,1749,17,1749,     1757P   2712
19,723,1749,20,1749,19,725,1749,18,1749,20,727,1749,18,1749,21,     1757P   2713
729,1749,22,1749,20,731,1749,21,1749,22,733,1749,23,1749,24,735,    1757P   2714
1749,25,1749,23,737,1749,26,1749,25,739,1749,24,1749,26,741,        1757P   2715
1749,27,1749,24,743,1749,28,1749,26,745,1749,27,1749,28,747,        1757P   2716
1749,27,1749,29,749,1749,30,1749,28,751,1749,29,1749,30,753,        1757P   2717
1749,31,1749,29,755,1749,32,1749,30,757,1749,31,1749,32,759,        1757P   2718
1749,31,1749,17,761,1749,19,1749,32,763,1749,22,1749,25,765,        1757P   2719
1749,23,1749,21,767,1749,33,1749,34,769,1749,34,1749,35,771,        1757P   2720
1749,35,1749,36,773,1749,33,1749,36,775,1749,34,1749,37,777,        1757P   2721
1749,37,1749,38,779,1749,38,1749,35,781,1749,37,1749,39,783,        1757P   2722
1749,39,1749,40,785,1749,40,1749,38,787,1749,41,1749,39,789,        1757P   2723
1749,41,1749,42,791,1749,42,1749,40,793,1749,41,1749,43,795,        1757P   2724
1749,43,1749,44,797,1749,44,1749,42,799,1749,45,1749,43,801,        1757P   2725
1749,45,1749,46,803,1749,46,1749,44,805,1749,45,1749,47,807,        1757P   2726
1749,48,1749,47,809,1749,48,1749,46,811,1749,36,1749,48,813,        1757P   2727
1749,47,1749,33,815,1749,49,1749,50,817,1749,50,1749,51,819,        1757P   2728
1749,51,1749,52,821,1749,49,1749,52,823,1749,50,1749,53,825,        1757P   2729
1749,54,1749,53,827,1749,54,1749,51,829,1749,55,1749,56,831,        1757P   2730
1749,56,1749,57,833,1749,57,1749,58,835,1749,55,1749,58,837,        1757P   2731
1749,59,1749,56,839,1749,59,1749,60,841,1749,60,1749,57,843,        1757P   2732
1749,59,1749,61,845,1749,61,1749,62,847,1749,62,1749,60,849,        1757P   2733
1749,63,1749,61,851,1749,63,1749,64,853,1749,64,1749,62,855,        1757P   2734
1749,63,1749,49,857,1749,52,1749,64,859,1749,58,1749,54,861,        1757P   2735
1749,53,1749,55,863,1749,65,1749,66,865,1749,66,1749,67,867,        1757P   2736
1749,67,1749,68,869,1749,65,1749,68,871,1749,66,1749,69,873,        1757P   2737
1749,69,1749,70,875,1749,70,1749,67,877,1749,69,1749,71,879,        1757P   2738
1749,71,1749,72,881,1749,72,1749,70,883,1749,73,1749,71,885,        1757P   2739
1749,73,1749,74,887,1749,74,1749,72,889,1749,73,1749,75,891,        1757P   2740
1749,75,1749,76,893,1749,76,1749,74,895,1749,77,1749,75,897,        1757P   2741
1749,77,1749,78,899,1749,78,1749,76,901,1749,77,1749,79,903,        1757P   2742
1749,80,1749,79,905,1749,80,1749,78,907,1749,68,1749,80,909,        1757P   2743
1749,79,1749,65,911,1749,81,1749,82,913,1749,82,1749,83,915,        1757P   2744
1749,83,1749,84,917,1749,81,1749,84,919,1749,82,1749,85,921,        1757P   2745
1749,86,1749,85,923,1749,86,1749,83,925,1749,87,1749,88,927,        1757P   2746
1749,88,1749,89,929,1749,89,1749,90,931,1749,87,1749,90,933,        1757P   2747
1749,91,1749,88,935,1749,91,1749,92,937,1749,92,1749,89,939,        1757P   2748
1749,91,1749,93,941,1749,93,1749,94,943,1749,94,1749,92,945,        1757P   2749
1749,95,1749,93,947,1749,95,1749,96,949,1749,96,1749,94,951,        1757P   2750
1749,95,1749,81,953,1749,84,1749,96,955,1749,90,1749,86,957,        1757P   2751
1749,85,1749,87,959,1749,97,1749,98,961,1749,99,1749,97,963,        1757P   2752
1749,100,1749,99,965,1749,98,1749,100,967,1749,98,1749,101,969,     1757P   2753
1749,102,1749,100,971,1749,101,1749,102,973,1749,101,1749,103,      1757P   2754
975,1749,104,1749,102,977,1749,103,1749,104,979,1749,105,1749,      1757P   2755
103,981,1749,106,1749,104,983,1749,105,1749,106,985,1749,105,       1757P   2756
1749,107,987,1749,108,1749,106,989,1749,107,1749,108,991,1749,      1757P   2757
109,1749,107,993,1749,110,1749,108,995,1749,109,1749,110,997,       1757P   2758
1749,109,1749,111,999,1749,112,1749,110,1001,1749,111,1749,112,     1757P   2759
1003,1749,112,1749,99,1005,1749,97,1749,111,1007,1749,113,1749,     1757P   2760
114,1009,1749,113,1749,115,1011,1749,116,1749,115,1013,1749,114,    1757P   2761
1749,116,1015,1749,114,1749,117,1017,1749,118,1749,116,1019,        1757P   2762
1749,117,1749,118,1021,1749,119,1749,120,1023,1749,121,1749,119,    1757P   2763
1025,1749,122,1749,121,1027,1749,120,1749,122,1029,1749,123,        1757P   2764
1749,120,1031,1749,124,1749,122,1033,1749,123,1749,124,1035,        1757P   2765
1749,123,1749,125,1037,1749,126,1749,124,1039,1749,125,1749,126,    1757P   2766
1041,1749,127,1749,125,1043,1749,128,1749,126,1045,1749,127,        1757P   2767
1749,128,1047,1749,127,1749,113,1049,1749,115,1749,128,1051,        1757P   2768
1749,118,1749,121,1053,1749,119,1749,117,1055,1749,129,1749,130,    1757P   2769
1057,1749,130,1749,131,1059,1749,131,1749,132,1061,1749,132,        1757P   2770
1749,129,1063,1749,133,1749,134,1065,1749,132,1749,133,1067,        1757P   2771
1749,131,1749,134,1069,1749,135,1749,133,1071,1749,129,1749,135,    1757P   2772
1073,1749,134,1749,136,1075,1749,130,1749,136,1077,1749,136,        1757P   2773
1749,135;                                                           1757P   2774
504,120,1079,1751,1,1751,2,1081,1751,3,1751,1,1083,1751,4,1751,     1759P   2775
3,1085,1751,4,1751,2,1087,1751,5,1751,6,1089,1751,7,1751,5,1091,    1759P   2776
1751,8,1751,7,1093,1751,8,1751,6,1095,1751,2,1751,9,1097,1751,      1759P   2777
10,1751,4,1099,1751,10,1751,9,1101,1751,6,1751,11,1103,1751,12,     1759P   2778
1751,8,1105,1751,12,1751,11,1107,1751,13,1751,1,1109,1751,14,       1759P   2779
1751,13,1111,1751,3,1751,14,1113,1751,9,1751,13,1115,1751,14,       1759P   2780
1751,10,1117,1751,11,1751,15,1119,1751,16,1751,12,1121,1751,16,     1759P   2781
1751,15,1123,1751,15,1751,5,1125,1751,7,1751,16,1127,1751,17,       1759P   2782
1751,18,1129,1751,19,1751,17,1131,1751,20,1751,19,1133,1751,18,     1759P   2783
1751,20,1135,1751,19,1751,21,1137,1751,22,1751,21,1139,1751,22,     1759P   2784
1751,23,1141,1751,23,1751,24,1143,1751,24,1751,25,1145,1751,25,     1759P   2785
1751,26,1147,1751,26,1751,27,1149,1751,27,1751,28,1151,1751,28,     1759P   2786
1751,29,1153,1751,30,1751,29,1155,1751,20,1751,30,1157,1751,31,     1759P   2787
1751,32,1159,1751,32,1751,33,1161,1751,33,1751,34,1163,1751,34,     1759P   2788
1751,31,1165,1751,35,1751,36,1167,1751,36,1751,37,1169,1751,37,     1759P   2789
1751,38,1171,1751,38,1751,35,1173,1751,17,1751,39,1175,1751,21,     1759P   2790
1751,39,1177,1751,28,1751,40,1179,1751,27,1751,41,1181,1751,41,     1759P   2791
1751,42,1183,1751,24,1751,42,1185,1751,23,1751,43,1187,1751,40,     1759P   2792
1751,43,1189,1751,44,1751,22,1191,1751,39,1751,45,1193,1751,45,     1759P   2793
1751,30,1195,1751,29,1751,46,1197,1751,46,1751,44,1199,1751,31,     1759P   2794
1751,47,1201,1751,47,1751,48,1203,1751,32,1751,48,1205,1751,49,     1759P   2795
1751,50,1207,1751,51,1751,49,1209,1751,52,1751,51,1211,1751,50,     1759P   2796
1751,52,1213,1751,34,1751,53,1215,1751,53,1751,47,1217,1751,33,     1759P   2797
1751,54,1219,1751,54,1751,53,1221,1751,55,1751,56,1223,1751,57,     1759P   2798
1751,55,1225,1751,58,1751,57,1227,1751,56,1751,58,1229,1751,48,     1759P   2799
1751,54,1231,1751,35,1751,59,1233,1751,59,1751,60,1235,1751,36,     1759P   2800
1751,60,1237,1751,61,1751,62,1239,1751,63,1751,61,1241,1751,64,     1759P   2801
1751,63,1243,1751,62,1751,64,1245,1751,38,1751,65,1247,1751,65,     1759P   2802
1751,59,1249,1751,37,1751,66,1251,1751,66,1751,65,1253,1751,67,     1759P   2803
1751,68,1255,1751,69,1751,67,1257,1751,70,1751,69,1259,1751,68,     1759P   2804
1751,70,1261,1751,60,1751,66,1263,1751,26,1751,71,1265,1751,71,     1759P   2805
1751,41,1267,1751,25,1751,72,1269,1751,72,1751,71,1271,1751,73,     1759P   2806
1751,74,1273,1751,75,1751,73,1275,1751,76,1751,75,1277,1751,74,     1759P   2807
1751,76,1279,1751,42,1751,72,1281,1751,40,1751,46,1283,1751,67,     1759P   2808
1751,74,1285,1751,69,1751,76,1287,1751,77,1751,58,1289,1751,77,     1759P   2809
1751,78,1291,1751,78,1751,56,1293,1751,49,1751,62,1295,1751,51,     1759P   2810
1751,64,1297,1751,70,1751,75,1299,1751,79,1751,57,1301,1751,79,     1759P   2811
1751,77,1303,1751,52,1751,63,1305,1751,80,1751,55,1307,1751,80,     1759P   2812
1751,79,1309,1751,43,1751,44,1311,1751,68,1751,73,1313,1751,78,     1759P   2813
1751,80,1315,1751,50,1751,61,1317,1751,18,1751,45;                  1759P   2814
504,42,1319,1753,1,1753,2,1321,1753,1,1753,3,1323,1753,4,1753,3,    1761P   2815
1325,1753,2,1753,4,1327,1753,2,1753,5,1329,1753,6,1753,4,1331,      1761P   2816
1753,5,1753,6,1333,1753,7,1753,5,1335,1753,8,1753,6,1337,1753,7,    1761P   2817
1753,8,1339,1753,9,1753,7,1341,1753,10,1753,8,1343,1753,9,1753,     1761P   2818
10,1345,1753,11,1753,9,1347,1753,12,1753,10,1349,1753,11,1753,      1761P   2819
12,1351,1753,13,1753,11,1353,1753,14,1753,12,1355,1753,13,1753,     1761P   2820
14,1357,1753,15,1753,13,1359,1753,16,1753,14,1361,1753,15,1753,     1761P   2821
16,1363,1753,15,1753,17,1365,1753,18,1753,16,1367,1753,17,1753,     1761P   2822
18,1369,1753,17,1753,19,1371,1753,20,1753,18,1373,1753,19,1753,     1761P   2823
20,1375,1753,19,1753,21,1377,1753,22,1753,20,1379,1753,21,1753,     1761P   2824
22,1381,1753,23,1753,21,1383,1753,24,1753,22,1385,1753,23,1753,     1761P   2825
24,1387,1753,25,1753,23,1389,1753,26,1753,24,1391,1753,25,1753,     1761P   2826
26,1393,1753,27,1753,25,1395,1753,28,1753,26,1397,1753,27,1753,     1761P   2827
28,1399,1753,27,1753,1,1401,1753,3,1753,28;                         1761P   2828
504,24,1403,1755,1,1755,2,1405,1755,1,1755,3,1407,1755,4,1755,3,    1763P   2829
1409,1755,2,1755,4,1411,1755,2,1755,5,1413,1755,6,1755,4,1415,      1763P   2830
1755,5,1755,6,1417,1755,5,1755,7,1419,1755,8,1755,6,1421,1755,7,    1763P   2831
1755,8,1423,1755,3,1755,8,1425,1755,9,1755,10,1427,1755,9,1755,     1763P   2832
11,1429,1755,12,1755,11,1431,1755,10,1755,12,1433,1755,10,1755,     1763P   2833
13,1435,1755,14,1755,12,1437,1755,13,1755,14,1439,1755,13,1755,     1763P   2834
15,1441,1755,7,1755,14,1443,1755,16,1755,1,1445,1755,15,1755,16,    1763P   2835
1447,1755,15,1755,9,1449,1755,11,1755,16;                           1763P   2836
406,1,5HBody1;                                                      1765P   2837
406,1,6HBody10;                                                     1767P   2838
406,1,25HControl board - base v9:1;                                 1769P   2839
406,1,37HControl board - middle low plate v2:1;                     1771P   2840
406,1,30HControl board - top plate v1:1;                            1773P   2841
406,1,37HControl board - middle low plate v2:2;                     1775P   2842
314,62.7450980392157,62.7450980392157,62.7450980392157,13HSteel     1777P   2843
- Satin;                                                            1777P   2844
S      1G      3D   1778P   2844                                        T      1
