                                                                        S      1
,,20HCanal - main base v2,20HCanal - main base v2,7Hunknown,7Hunknown,  G      1
32,38,7,99,15,,1.,2,2HMM,1,0.08,15H20260523.223912,0.01,10000.,7HunknownG      2
,7Hunknown,11,0,15H20260305.095918;                                     G      3
     408       1                                                00000001D      1
     408       0               1       0                               0D      2
     308       2                                                00010200D      3
     308       0               1       0                               0D      4
     186       3                                                00010000D      5
     186           -1307       1       0                               0D      6
     186       4                                                00000000D      7
     186           -1307       1       0                               0D      8
     186       5                                                00000000D      9
     186           -1307       1       0                               0D     10
     186       6                                                00000000D     11
     186           -1307       1       0                               0D     12
     186       7                                                00000000D     13
     186           -1307       1       0                               0D     14
     514       8                                                00010000D     15
     514                       6       1                               0D     16
     514      14                                                00010000D     17
     514                       2       1                               0D     18
     514      16                                                00010000D     19
     514                       2       1                               0D     20
     514      18                                                00010000D     21
     514                       2       1                               0D     22
     514      20                                                00010000D     23
     514                       2       1                               0D     24
     510      22                                                00010000D     25
     510           -1307       1       1                               0D     26
     510      23                                                00010000D     27
     510           -1307       1       1                               0D     28
     510      24                                                00010000D     29
     510           -1307       1       1                               0D     30
     510      25                                                00010000D     31
     510           -1307       1       1                               0D     32
     510      26                                                00010000D     33
     510           -1307       1       1                               0D     34
     510      27                                                00010000D     35
     510           -1307       1       1                               0D     36
     510      28                                                00010000D     37
     510           -1307       1       1                               0D     38
     510      29                                                00010000D     39
     510           -1307       1       1                               0D     40
     510      30                                                00010000D     41
     510           -1307       1       1                               0D     42
     510      31                                                00010000D     43
     510           -1307       1       1                               0D     44
     510      32                                                00010000D     45
     510           -1307       1       1                               0D     46
     510      33                                                00010000D     47
     510           -1307       1       1                               0D     48
     510      34                                                00010000D     49
     510           -1307       1       1                               0D     50
     510      35                                                00010000D     51
     510           -1307       1       1                               0D     52
     510      36                                                00010000D     53
     510           -1307       1       1                               0D     54
     510      37                                                00010000D     55
     510           -1307       1       1                               0D     56
     510      38                                                00010000D     57
     510           -1307       1       1                               0D     58
     510      39                                                00010000D     59
     510           -1307       1       1                               0D     60
     510      40                                                00010000D     61
     510           -1307       1       1                               0D     62
     510      41                                                00010000D     63
     510           -1307       1       1                               0D     64
     510      42                                                00010000D     65
     510           -1307       1       1                               0D     66
     510      43                                                00010000D     67
     510           -1307       1       1                               0D     68
     510      44                                                00010000D     69
     510           -1307       1       1                               0D     70
     510      45                                                00010000D     71
     510           -1307       1       1                               0D     72
     510      46                                                00010000D     73
     510           -1307       1       1                               0D     74
     510      47                                                00010000D     75
     510           -1307       1       1                               0D     76
     510      48                                                00010000D     77
     510           -1307       1       1                               0D     78
     510      49                                                00010000D     79
     510           -1307       1       1                               0D     80
     510      50                                                00010000D     81
     510           -1307       1       1                               0D     82
     510      51                                                00010000D     83
     510           -1307       1       1                               0D     84
     510      52                                                00010000D     85
     510           -1307       1       1                               0D     86
     510      53                                                00010000D     87
     510           -1307       1       1                               0D     88
     510      54                                                00010000D     89
     510           -1307       1       1                               0D     90
     510      55                                                00010000D     91
     510           -1307       1       1                               0D     92
     510      56                                                00010000D     93
     510           -1307       1       1                               0D     94
     510      57                                                00010000D     95
     510           -1307       1       1                               0D     96
     510      58                                                00010000D     97
     510           -1307       1       1                               0D     98
     510      59                                                00010000D     99
     510           -1307       1       1                               0D    100
     510      60                                                00010000D    101
     510           -1307       1       1                               0D    102
     510      61                                                00010000D    103
     510           -1307       1       1                               0D    104
     510      62                                                00010000D    105
     510           -1307       1       1                               0D    106
     510      63                                                00010000D    107
     510           -1307       1       1                               0D    108
     510      64                                                00010000D    109
     510           -1307       1       1                               0D    110
     510      65                                                00010000D    111
     510           -1307       1       1                               0D    112
     510      66                                                00010000D    113
     510           -1307       1       1                               0D    114
     510      67                                                00010000D    115
     510           -1307       1       1                               0D    116
     510      68                                                00010000D    117
     510           -1307       1       1                               0D    118
     510      69                                                00010000D    119
     510           -1307       1       1                               0D    120
     510      70                                                00010000D    121
     510           -1307       1       1                               0D    122
     510      71                                                00010000D    123
     510           -1307       1       1                               0D    124
     510      72                                                00010000D    125
     510           -1307       1       1                               0D    126
     510      73                                                00010000D    127
     510           -1307       1       1                               0D    128
     510      74                                                00010000D    129
     510           -1307       1       1                               0D    130
     510      75                                                00010000D    131
     510           -1307       1       1                               0D    132
     510      76                                                00010000D    133
     510           -1307       1       1                               0D    134
     510      77                                                00010000D    135
     510           -1307       1       1                               0D    136
     510      78                                                00010000D    137
     510           -1307       1       1                               0D    138
     510      79                                                00010000D    139
     510           -1307       1       1                               0D    140
     510      80                                                00010000D    141
     510           -1307       1       1                               0D    142
     510      81                                                00010000D    143
     510           -1307       1       1                               0D    144
     510      82                                                00010000D    145
     510           -1307       1       1                               0D    146
     510      83                                                00010000D    147
     510           -1307       1       1                               0D    148
     510      84                                                00010000D    149
     510           -1307       1       1                               0D    150
     510      85                                                00010000D    151
     510           -1307       1       1                               0D    152
     510      86                                                00010000D    153
     510           -1307       1       1                               0D    154
     510      87                                                00010000D    155
     510           -1307       1       1                               0D    156
     510      88                                                00010000D    157
     510           -1307       1       1                               0D    158
     510      89                                                00010000D    159
     510           -1307       1       1                               0D    160
     510      90                                                00010000D    161
     510           -1307       1       1                               0D    162
     510      91                                                00010000D    163
     510           -1307       1       1                               0D    164
     510      92                                                00010000D    165
     510           -1307       1       1                               0D    166
     510      93                                                00010000D    167
     510           -1307       1       1                               0D    168
     510      94                                                00010000D    169
     510           -1307       1       1                               0D    170
     510      95                                                00010000D    171
     510           -1307       1       1                               0D    172
     510      96                                                00010000D    173
     510           -1307       1       1                               0D    174
     510      97                                                00010000D    175
     510           -1307       1       1                               0D    176
     510      98                                                00010000D    177
     510           -1307       1       1                               0D    178
     510      99                                                00010000D    179
     510           -1307       1       1                               0D    180
     510     100                                                00010000D    181
     510           -1307       1       1                               0D    182
     510     101                                                00010000D    183
     510           -1307       1       1                               0D    184
     510     102                                                00010000D    185
     510           -1307       1       1                               0D    186
     510     103                                                00010000D    187
     510           -1307       1       1                               0D    188
     510     104                                                00010000D    189
     510           -1307       1       1                               0D    190
     510     105                                                00010000D    191
     510           -1307       1       1                               0D    192
     510     106                                                00010000D    193
     510           -1307       1       1                               0D    194
     510     107                                                00010000D    195
     510           -1307       1       1                               0D    196
     510     108                                                00010000D    197
     510           -1307       1       1                               0D    198
     510     109                                                00010000D    199
     510           -1307       1       1                               0D    200
     510     110                                                00010000D    201
     510           -1307       1       1                               0D    202
     510     111                                                00010000D    203
     510           -1307       1       1                               0D    204
     510     112                                                00010000D    205
     510           -1307       1       1                               0D    206
     510     113                                                00010000D    207
     510           -1307       1       1                               0D    208
     510     114                                                00010000D    209
     510           -1307       1       1                               0D    210
     510     115                                                00010000D    211
     510           -1307       1       1                               0D    212
     510     116                                                00010000D    213
     510           -1307       1       1                               0D    214
     510     117                                                00010000D    215
     510           -1307       1       1                               0D    216
     510     118                                                00010000D    217
     510           -1307       1       1                               0D    218
     510     119                                                00010000D    219
     510           -1307       1       1                               0D    220
     510     120                                                00010000D    221
     510           -1307       1       1                               0D    222
     510     121                                                00010000D    223
     510           -1307       1       1                               0D    224
     510     122                                                00010000D    225
     510           -1307       1       1                               0D    226
     510     123                                                00010000D    227
     510           -1307       1       1                               0D    228
     510     124                                                00010000D    229
     510           -1307       1       1                               0D    230
     510     125                                                00010000D    231
     510           -1307       1       1                               0D    232
     508     126                                                00010000D    233
     508                       1       1                               0D    234
     508     127                                                00010000D    235
     508                       5       1                               0D    236
     508     132                                                00010000D    237
     508                       1       1                               0D    238
     508     133                                                00010000D    239
     508                       1       1                               0D    240
     508     134                                                00010000D    241
     508                       1       1                               0D    242
     508     135                                                00010000D    243
     508                       1       1                               0D    244
     508     136                                                00010000D    245
     508                       1       1                               0D    246
     508     137                                                00010000D    247
     508                       1       1                               0D    248
     508     138                                                00010000D    249
     508                       1       1                               0D    250
     508     139                                                00010000D    251
     508                       1       1                               0D    252
     508     140                                                00010000D    253
     508                       1       1                               0D    254
     508     141                                                00010000D    255
     508                       1       1                               0D    256
     508     142                                                00010000D    257
     508                       1       1                               0D    258
     508     143                                                00010000D    259
     508                       1       1                               0D    260
     508     144                                                00010000D    261
     508                       2       1                               0D    262
     508     146                                                00010000D    263
     508                       1       1                               0D    264
     508     147                                                00010000D    265
     508                       1       1                               0D    266
     508     148                                                00010000D    267
     508                       1       1                               0D    268
     508     149                                                00010000D    269
     508                       2       1                               0D    270
     508     151                                                00010000D    271
     508                       1       1                               0D    272
     508     152                                                00010000D    273
     508                       1       1                               0D    274
     508     153                                                00010000D    275
     508                       1       1                               0D    276
     508     154                                                00010000D    277
     508                       3       1                               0D    278
     508     157                                                00010000D    279
     508                       2       1                               0D    280
     508     159                                                00010000D    281
     508                       1       1                               0D    282
     508     160                                                00010000D    283
     508                       3       1                               0D    284
     508     163                                                00010000D    285
     508                       2       1                               0D    286
     508     165                                                00010000D    287
     508                       2       1                               0D    288
     508     167                                                00010000D    289
     508                       2       1                               0D    290
     508     169                                                00010000D    291
     508                       2       1                               0D    292
     508     171                                                00010000D    293
     508                       1       1                               0D    294
     508     172                                                00010000D    295
     508                       5       1                               0D    296
     508     177                                                00010000D    297
     508                       2       1                               0D    298
     508     179                                                00010000D    299
     508                       2       1                               0D    300
     508     181                                                00010000D    301
     508                       2       1                               0D    302
     508     183                                                00010000D    303
     508                       1       1                               0D    304
     508     184                                                00010000D    305
     508                       2       1                               0D    306
     508     186                                                00010000D    307
     508                       2       1                               0D    308
     508     188                                                00010000D    309
     508                       1       1                               0D    310
     508     189                                                00010000D    311
     508                       2       1                               0D    312
     508     191                                                00010000D    313
     508                       1       1                               0D    314
     508     192                                                00010000D    315
     508                       2       1                               0D    316
     508     194                                                00010000D    317
     508                       2       1                               0D    318
     508     196                                                00010000D    319
     508                       2       1                               0D    320
     508     198                                                00010000D    321
     508                       2       1                               0D    322
     508     200                                                00010000D    323
     508                       2       1                               0D    324
     508     202                                                00010000D    325
     508                       2       1                               0D    326
     508     204                                                00010000D    327
     508                       2       1                               0D    328
     508     206                                                00010000D    329
     508                       2       1                               0D    330
     508     208                                                00010000D    331
     508                       2       1                               0D    332
     508     210                                                00010000D    333
     508                       2       1                               0D    334
     508     212                                                00010000D    335
     508                       2       1                               0D    336
     508     214                                                00010000D    337
     508                       2       1                               0D    338
     508     216                                                00010000D    339
     508                       2       1                               0D    340
     508     218                                                00010000D    341
     508                       2       1                               0D    342
     508     220                                                00010000D    343
     508                       2       1                               0D    344
     508     222                                                00010000D    345
     508                       2       1                               0D    346
     508     224                                                00010000D    347
     508                       2       1                               0D    348
     508     226                                                00010000D    349
     508                       2       1                               0D    350
     508     228                                                00010000D    351
     508                       2       1                               0D    352
     508     230                                                00010000D    353
     508                       2       1                               0D    354
     508     232                                                00010000D    355
     508                       2       1                               0D    356
     508     234                                                00010000D    357
     508                       2       1                               0D    358
     508     236                                                00010000D    359
     508                       2       1                               0D    360
     508     238                                                00010000D    361
     508                       2       1                               0D    362
     508     240                                                00010000D    363
     508                       2       1                               0D    364
     508     242                                                00010000D    365
     508                       4       1                               0D    366
     508     246                                                00010000D    367
     508                       2       1                               0D    368
     508     248                                                00010000D    369
     508                       2       1                               0D    370
     508     250                                                00010000D    371
     508                       2       1                               0D    372
     508     252                                                00010000D    373
     508                       2       1                               0D    374
     508     254                                                00010000D    375
     508                       2       1                               0D    376
     508     256                                                00010000D    377
     508                       2       1                               0D    378
     508     258                                                00010000D    379
     508                       2       1                               0D    380
     508     260                                                00010000D    381
     508                       2       1                               0D    382
     508     262                                                00010000D    383
     508                       4       1                               0D    384
     508     266                                                00010000D    385
     508                       2       1                               0D    386
     508     268                                                00010000D    387
     508                       2       1                               0D    388
     508     270                                                00010000D    389
     508                       2       1                               0D    390
     508     272                                                00010000D    391
     508                       1       1                               0D    392
     508     273                                                00010000D    393
     508                       1       1                               0D    394
     508     274                                                00010000D    395
     508                       1       1                               0D    396
     508     275                                                00010000D    397
     508                       1       1                               0D    398
     508     276                                                00010000D    399
     508                       1       1                               0D    400
     508     277                                                00010000D    401
     508                       1       1                               0D    402
     508     278                                                00010000D    403
     508                       1       1                               0D    404
     508     279                                                00010000D    405
     508                       1       1                               0D    406
     508     280                                                00010000D    407
     508                       1       1                               0D    408
     508     281                                                00010000D    409
     508                       2       1                               0D    410
     508     283                                                00010000D    411
     508                       2       1                               0D    412
     508     285                                                00010000D    413
     508                       1       1                               0D    414
     508     286                                                00010000D    415
     508                       1       1                               0D    416
     508     287                                                00010000D    417
     508                       1       1                               0D    418
     508     288                                                00010000D    419
     508                       1       1                               0D    420
     508     289                                                00010000D    421
     508                       1       1                               0D    422
     508     290                                                00010000D    423
     508                       1       1                               0D    424
     508     291                                                00010000D    425
     508                       1       1                               0D    426
     508     292                                                00010000D    427
     508                       1       1                               0D    428
     508     293                                                00010000D    429
     508                       2       1                               0D    430
     508     295                                                00010000D    431
     508                       2       1                               0D    432
     508     297                                                00010000D    433
     508                       1       1                               0D    434
     508     298                                                00010000D    435
     508                       1       1                               0D    436
     508     299                                                00010000D    437
     508                       1       1                               0D    438
     508     300                                                00010000D    439
     508                       1       1                               0D    440
     508     301                                                00010000D    441
     508                       1       1                               0D    442
     508     302                                                00010000D    443
     508                       1       1                               0D    444
     508     303                                                00010000D    445
     508                       1       1                               0D    446
     508     304                                                00010000D    447
     508                       1       1                               0D    448
     508     305                                                00010000D    449
     508                       2       1                               0D    450
     508     307                                                00010000D    451
     508                       2       1                               0D    452
     508     309                                                00010000D    453
     508                       1       1                               0D    454
     508     310                                                00010000D    455
     508                       1       1                               0D    456
     508     311                                                00010000D    457
     508                       1       1                               0D    458
     508     312                                                00010000D    459
     508                       1       1                               0D    460
     508     313                                                00010000D    461
     508                       1       1                               0D    462
     508     314                                                00010000D    463
     508                       1       1                               0D    464
     508     315                                                00010000D    465
     508                       1       1                               0D    466
     508     316                                                00010000D    467
     508                       1       1                               0D    468
     508     317                                                00010000D    469
     508                       2       1                               0D    470
     508     319                                                00010000D    471
     508                       2       1                               0D    472
     126     321                                                00010000D    473
     126       0               6       0                               0D    474
     126     327                                                00010000D    475
     126       0               3       0                               0D    476
     126     330                                                00010000D    477
     126       0               6       0                               0D    478
     126     336                                                00010000D    479
     126       0               3       0                               0D    480
     126     339                                                00010000D    481
     126       0               4       0                               0D    482
     126     343                                                00010000D    483
     126       0               6       0                               0D    484
     126     349                                                00010000D    485
     126       0               3       0                               0D    486
     126     352                                                00010000D    487
     126       0               3       0                               0D    488
     126     355                                                00010000D    489
     126       0               3       0                               0D    490
     126     358                                                00010000D    491
     126       0               4       0                               0D    492
     126     362                                                00010000D    493
     126       0               3       0                               0D    494
     126     365                                                00010000D    495
     126       0               3       0                               0D    496
     126     368                                                00010000D    497
     126       0               3       0                               0D    498
     126     371                                                00010000D    499
     126       0               3       0                               0D    500
     126     374                                                00010000D    501
     126       0               3       0                               0D    502
     126     377                                                00010000D    503
     126       0               3       0                               0D    504
     126     380                                                00010000D    505
     126       0               3       0                               0D    506
     126     383                                                00010000D    507
     126       0               3       0                               0D    508
     126     386                                                00010000D    509
     126       0               3       0                               0D    510
     126     389                                                00010000D    511
     126       0               3       0                               0D    512
     126     392                                                00010000D    513
     126       0               3       0                               0D    514
     126     395                                                00010000D    515
     126       0               3       0                               0D    516
     126     398                                                00010000D    517
     126       0               3       0                               0D    518
     126     401                                                00010000D    519
     126       0               3       0                               0D    520
     126     404                                                00010000D    521
     126       0               3       0                               0D    522
     126     407                                                00010000D    523
     126       0               4       0                               0D    524
     126     411                                                00010000D    525
     126       0               3       0                               0D    526
     126     414                                                00010000D    527
     126       0               4       0                               0D    528
     126     418                                                00010000D    529
     126       0               3       0                               0D    530
     126     421                                                00010000D    531
     126       0               4       0                               0D    532
     126     425                                                00010000D    533
     126       0               3       0                               0D    534
     126     428                                                00010000D    535
     126       0               4       0                               0D    536
     126     432                                                00010000D    537
     126       0               3       0                               0D    538
     126     435                                                00010000D    539
     126       0               4       0                               0D    540
     126     439                                                00010000D    541
     126       0               3       0                               0D    542
     126     442                                                00010000D    543
     126       0              12       0                               0D    544
     126     454                                                00010000D    545
     126       0              12       0                               0D    546
     126     466                                                00010000D    547
     126       0              12       0                               0D    548
     126     478                                                00010000D    549
     126       0               6       0                               0D    550
     126     484                                                00010000D    551
     126       0               3       0                               0D    552
     126     487                                                00010000D    553
     126       0               3       0                               0D    554
     126     490                                                00010000D    555
     126       0               4       0                               0D    556
     126     494                                                00010000D    557
     126       0               3       0                               0D    558
     126     497                                                00010000D    559
     126       0               4       0                               0D    560
     126     501                                                00010000D    561
     126       0               3       0                               0D    562
     126     504                                                00010000D    563
     126       0               3       0                               0D    564
     126     507                                                00010000D    565
     126       0               3       0                               0D    566
     126     510                                                00010000D    567
     126       0               3       0                               0D    568
     126     513                                                00010000D    569
     126       0               3       0                               0D    570
     126     516                                                00010000D    571
     126       0               3       0                               0D    572
     126     519                                                00010000D    573
     126       0               3       0                               0D    574
     126     522                                                00010000D    575
     126       0               3       0                               0D    576
     126     525                                                00010000D    577
     126       0               3       0                               0D    578
     126     528                                                00010000D    579
     126       0               3       0                               0D    580
     126     531                                                00010000D    581
     126       0               3       0                               0D    582
     126     534                                                00010000D    583
     126       0               3       0                               0D    584
     126     537                                                00010000D    585
     126       0               3       0                               0D    586
     126     540                                                00010000D    587
     126       0               3       0                               0D    588
     126     543                                                00010000D    589
     126       0               3       0                               0D    590
     126     546                                                00010000D    591
     126       0               3       0                               0D    592
     126     549                                                00010000D    593
     126       0               3       0                               0D    594
     126     552                                                00010000D    595
     126       0               3       0                               0D    596
     126     555                                                00010000D    597
     126       0               3       0                               0D    598
     126     558                                                00010000D    599
     126       0               3       0                               0D    600
     126     561                                                00010000D    601
     126       0               3       0                               0D    602
     126     564                                                00010000D    603
     126       0               3       0                               0D    604
     126     567                                                00010000D    605
     126       0               3       0                               0D    606
     126     570                                                00010000D    607
     126       0               3       0                               0D    608
     126     573                                                00010000D    609
     126       0               3       0                               0D    610
     126     576                                                00010000D    611
     126       0               3       0                               0D    612
     126     579                                                00010000D    613
     126       0               3       0                               0D    614
     126     582                                                00010000D    615
     126       0               3       0                               0D    616
     126     585                                                00010000D    617
     126       0               3       0                               0D    618
     126     588                                                00010000D    619
     126       0               4       0                               0D    620
     126     592                                                00010000D    621
     126       0               3       0                               0D    622
     126     595                                                00010000D    623
     126       0               3       0                               0D    624
     126     598                                                00010000D    625
     126       0               3       0                               0D    626
     126     601                                                00010000D    627
     126       0               3       0                               0D    628
     126     604                                                00010000D    629
     126       0               3       0                               0D    630
     126     607                                                00010000D    631
     126       0               3       0                               0D    632
     126     610                                                00010000D    633
     126       0               3       0                               0D    634
     126     613                                                00010000D    635
     126       0               3       0                               0D    636
     126     616                                                00010000D    637
     126       0               3       0                               0D    638
     126     619                                                00010000D    639
     126       0               3       0                               0D    640
     126     622                                                00010000D    641
     126       0               3       0                               0D    642
     126     625                                                00010000D    643
     126       0               3       0                               0D    644
     126     628                                                00010000D    645
     126       0               3       0                               0D    646
     126     631                                                00010000D    647
     126       0               3       0                               0D    648
     126     634                                                00010000D    649
     126       0               3       0                               0D    650
     126     637                                                00010000D    651
     126       0               3       0                               0D    652
     126     640                                                00010000D    653
     126       0               3       0                               0D    654
     126     643                                                00010000D    655
     126       0               3       0                               0D    656
     126     646                                                00010000D    657
     126       0               3       0                               0D    658
     126     649                                                00010000D    659
     126       0               3       0                               0D    660
     126     652                                                00010000D    661
     126       0               3       0                               0D    662
     126     655                                                00010000D    663
     126       0               3       0                               0D    664
     126     658                                                00010000D    665
     126       0               3       0                               0D    666
     126     661                                                00010000D    667
     126       0               3       0                               0D    668
     126     664                                                00010000D    669
     126       0               3       0                               0D    670
     126     667                                                00010000D    671
     126       0               3       0                               0D    672
     126     670                                                00010000D    673
     126       0               3       0                               0D    674
     126     673                                                00010000D    675
     126       0               4       0                               0D    676
     126     677                                                00010000D    677
     126       0               4       0                               0D    678
     126     681                                                00010000D    679
     126       0               4       0                               0D    680
     126     685                                                00010000D    681
     126       0               3       0                               0D    682
     126     688                                                00010000D    683
     126       0               4       0                               0D    684
     126     692                                                00010000D    685
     126       0               3       0                               0D    686
     126     695                                                00010000D    687
     126       0               4       0                               0D    688
     126     699                                                00010000D    689
     126       0               3       0                               0D    690
     126     702                                                00010000D    691
     126       0               3       0                               0D    692
     126     705                                                00010000D    693
     126       0               3       0                               0D    694
     126     708                                                00010000D    695
     126       0               3       0                               0D    696
     126     711                                                00010000D    697
     126       0               3       0                               0D    698
     126     714                                                00010000D    699
     126       0               3       0                               0D    700
     126     717                                                00010000D    701
     126       0               3       0                               0D    702
     126     720                                                00010000D    703
     126       0               3       0                               0D    704
     126     723                                                00010000D    705
     126       0               3       0                               0D    706
     126     726                                                00010000D    707
     126       0               3       0                               0D    708
     126     729                                                00010000D    709
     126       0               3       0                               0D    710
     126     732                                                00010000D    711
     126       0               3       0                               0D    712
     126     735                                                00010000D    713
     126       0               3       0                               0D    714
     126     738                                                00010000D    715
     126       0               3       0                               0D    716
     126     741                                                00010000D    717
     126       0               3       0                               0D    718
     126     744                                                00010000D    719
     126       0               3       0                               0D    720
     126     747                                                00010000D    721
     126       0               3       0                               0D    722
     126     750                                                00010000D    723
     126       0               3       0                               0D    724
     126     753                                                00010000D    725
     126       0               4       0                               0D    726
     126     757                                                00010000D    727
     126       0               3       0                               0D    728
     126     760                                                00010000D    729
     126       0               4       0                               0D    730
     126     764                                                00010000D    731
     126       0               3       0                               0D    732
     126     767                                                00010000D    733
     126       0               4       0                               0D    734
     126     771                                                00010000D    735
     126       0               3       0                               0D    736
     126     774                                                00010000D    737
     126       0               4       0                               0D    738
     126     778                                                00010000D    739
     126       0               3       0                               0D    740
     126     781                                                00010000D    741
     126       0               3       0                               0D    742
     126     784                                                00010000D    743
     126       0               3       0                               0D    744
     126     787                                                00010000D    745
     126       0               3       0                               0D    746
     126     790                                                00010000D    747
     126       0               3       0                               0D    748
     126     793                                                00010000D    749
     126       0               3       0                               0D    750
     126     796                                                00010000D    751
     126       0               3       0                               0D    752
     126     799                                                00010000D    753
     126       0               3       0                               0D    754
     126     802                                                00010000D    755
     126       0               3       0                               0D    756
     126     805                                                00010000D    757
     126       0               3       0                               0D    758
     126     808                                                00010000D    759
     126       0               3       0                               0D    760
     126     811                                                00010000D    761
     126       0               3       0                               0D    762
     126     814                                                00010000D    763
     126       0               3       0                               0D    764
     126     817                                                00010000D    765
     126       0               3       0                               0D    766
     126     820                                                00010000D    767
     126       0               3       0                               0D    768
     126     823                                                00010000D    769
     126       0               3       0                               0D    770
     126     826                                                00010000D    771
     126       0               3       0                               0D    772
     126     829                                                00010000D    773
     126       0               3       0                               0D    774
     126     832                                                00010000D    775
     126       0               3       0                               0D    776
     126     835                                                00010000D    777
     126       0               3       0                               0D    778
     126     838                                                00010000D    779
     126       0               4       0                               0D    780
     126     842                                                00010000D    781
     126       0               3       0                               0D    782
     126     845                                                00010000D    783
     126       0               3       0                               0D    784
     126     848                                                00010000D    785
     126       0               3       0                               0D    786
     126     851                                                00010000D    787
     126       0               4       0                               0D    788
     126     855                                                00010000D    789
     126       0               3       0                               0D    790
     126     858                                                00010000D    791
     126       0               3       0                               0D    792
     126     861                                                00010000D    793
     126       0               3       0                               0D    794
     126     864                                                00010000D    795
     126       0               4       0                               0D    796
     126     868                                                00010000D    797
     126       0               3       0                               0D    798
     126     871                                                00010000D    799
     126       0               3       0                               0D    800
     126     874                                                00010000D    801
     126       0               3       0                               0D    802
     126     877                                                00010000D    803
     126       0               4       0                               0D    804
     126     881                                                00010000D    805
     126       0               3       0                               0D    806
     126     884                                                00010000D    807
     126       0               4       0                               0D    808
     126     888                                                00010000D    809
     126       0               3       0                               0D    810
     126     891                                                00010000D    811
     126       0               3       0                               0D    812
     126     894                                                00010000D    813
     126       0               3       0                               0D    814
     126     897                                                00010000D    815
     126       0               3       0                               0D    816
     126     900                                                00010000D    817
     126       0               3       0                               0D    818
     126     903                                                00010000D    819
     126       0               3       0                               0D    820
     126     906                                                00010000D    821
     126       0               3       0                               0D    822
     126     909                                                00010000D    823
     126       0               3       0                               0D    824
     126     912                                                00010000D    825
     126       0               3       0                               0D    826
     126     915                                                00010000D    827
     126       0              10       0                               0D    828
     126     925                                                00010000D    829
     126       0               6       0                               0D    830
     126     931                                                00010000D    831
     126       0               3       0                               0D    832
     126     934                                                00010000D    833
     126       0              10       0                               0D    834
     126     944                                                00010000D    835
     126       0               6       0                               0D    836
     126     950                                                00010000D    837
     126       0               3       0                               0D    838
     126     953                                                00010000D    839
     126       0              10       0                               0D    840
     126     963                                                00010000D    841
     126       0               6       0                               0D    842
     126     969                                                00010000D    843
     126       0               3       0                               0D    844
     126     972                                                00010000D    845
     126       0               3       0                               0D    846
     126     975                                                00010000D    847
     126       0               3       0                               0D    848
     126     978                                                00010000D    849
     126       0               3       0                               0D    850
     126     981                                                00010000D    851
     126       0               3       0                               0D    852
     126     984                                                00010000D    853
     126       0               3       0                               0D    854
     126     987                                                00010000D    855
     126       0               3       0                               0D    856
     126     990                                                00010000D    857
     126       0               3       0                               0D    858
     126     993                                                00010000D    859
     126       0               3       0                               0D    860
     126     996                                                00010000D    861
     126       0               3       0                               0D    862
     126     999                                                00010000D    863
     126       0               3       0                               0D    864
     126    1002                                                00010000D    865
     126       0               3       0                               0D    866
     126    1005                                                00010000D    867
     126       0               3       0                               0D    868
     126    1008                                                00010000D    869
     126       0               3       0                               0D    870
     126    1011                                                00010000D    871
     126       0               3       0                               0D    872
     126    1014                                                00010000D    873
     126       0               3       0                               0D    874
     126    1017                                                00010000D    875
     126       0               3       0                               0D    876
     126    1020                                                00010000D    877
     126       0               3       0                               0D    878
     126    1023                                                00010000D    879
     126       0               3       0                               0D    880
     126    1026                                                00010000D    881
     126       0               3       0                               0D    882
     126    1029                                                00010000D    883
     126       0               3       0                               0D    884
     126    1032                                                00010000D    885
     126       0               3       0                               0D    886
     126    1035                                                00010000D    887
     126       0               3       0                               0D    888
     126    1038                                                00010000D    889
     126       0               3       0                               0D    890
     126    1041                                                00010000D    891
     126       0               3       0                               0D    892
     126    1044                                                00010000D    893
     126       0               3       0                               0D    894
     126    1047                                                00010000D    895
     126       0               3       0                               0D    896
     126    1050                                                00010000D    897
     126       0               3       0                               0D    898
     126    1053                                                00010000D    899
     126       0               3       0                               0D    900
     126    1056                                                00010000D    901
     126       0               3       0                               0D    902
     126    1059                                                00010000D    903
     126       0               3       0                               0D    904
     126    1062                                                00010000D    905
     126       0               3       0                               0D    906
     126    1065                                                00010000D    907
     126       0               4       0                               0D    908
     126    1069                                                00010000D    909
     126       0               4       0                               0D    910
     126    1073                                                00010000D    911
     126       0               3       0                               0D    912
     126    1076                                                00010000D    913
     126       0               3       0                               0D    914
     126    1079                                                00010000D    915
     126       0               3       0                               0D    916
     126    1082                                                00010000D    917
     126       0               3       0                               0D    918
     126    1085                                                00010000D    919
     126       0               4       0                               0D    920
     126    1089                                                00010000D    921
     126       0               4       0                               0D    922
     126    1093                                                00010000D    923
     126       0               3       0                               0D    924
     126    1096                                                00010000D    925
     126       0               3       0                               0D    926
     126    1099                                                00010000D    927
     126       0               3       0                               0D    928
     126    1102                                                00010000D    929
     126       0               3       0                               0D    930
     126    1105                                                00010000D    931
     126       0               3       0                               0D    932
     126    1108                                                00010000D    933
     126       0               3       0                               0D    934
     126    1111                                                00010000D    935
     126       0               3       0                               0D    936
     126    1114                                                00010000D    937
     126       0               3       0                               0D    938
     126    1117                                                00010000D    939
     126       0               3       0                               0D    940
     126    1120                                                00010000D    941
     126       0               3       0                               0D    942
     126    1123                                                00010000D    943
     126       0               3       0                               0D    944
     126    1126                                                00010000D    945
     126       0               3       0                               0D    946
     126    1129                                                00010000D    947
     126       0               3       0                               0D    948
     126    1132                                                00010000D    949
     126       0               3       0                               0D    950
     126    1135                                                00010000D    951
     126       0               3       0                               0D    952
     126    1138                                                00010000D    953
     126       0               3       0                               0D    954
     126    1141                                                00010000D    955
     126       0               4       0                               0D    956
     126    1145                                                00010000D    957
     126       0               3       0                               0D    958
     126    1148                                                00010000D    959
     126       0               4       0                               0D    960
     126    1152                                                00010000D    961
     126       0               3       0                               0D    962
     126    1155                                                00010000D    963
     126       0               3       0                               0D    964
     126    1158                                                00010000D    965
     126       0               3       0                               0D    966
     126    1161                                                00010000D    967
     126       0               4       0                               0D    968
     126    1165                                                00010000D    969
     126       0               4       0                               0D    970
     126    1169                                                00010000D    971
     126       0               3       0                               0D    972
     126    1172                                                00010000D    973
     126       0               3       0                               0D    974
     126    1175                                                00010000D    975
     126       0               3       0                               0D    976
     126    1178                                                00010000D    977
     126       0               3       0                               0D    978
     126    1181                                                00010000D    979
     126       0               3       0                               0D    980
     126    1184                                                00010000D    981
     126       0               3       0                               0D    982
     126    1187                                                00010000D    983
     126       0               3       0                               0D    984
     126    1190                                                00010000D    985
     126       0               3       0                               0D    986
     126    1193                                                00010000D    987
     126       0               3       0                               0D    988
     126    1196                                                00010000D    989
     126       0               3       0                               0D    990
     126    1199                                                00010000D    991
     126       0               3       0                               0D    992
     126    1202                                                00010000D    993
     126       0               3       0                               0D    994
     126    1205                                                00010000D    995
     126       0               3       0                               0D    996
     126    1208                                                00010000D    997
     126       0               3       0                               0D    998
     126    1211                                                00010000D    999
     126       0               3       0                               0D   1000
     126    1214                                                00010000D   1001
     126       0               3       0                               0D   1002
     126    1217                                                00010000D   1003
     126       0               4       0                               0D   1004
     126    1221                                                00010000D   1005
     126       0               3       0                               0D   1006
     126    1224                                                00010000D   1007
     126       0               4       0                               0D   1008
     126    1228                                                00010000D   1009
     126       0               3       0                               0D   1010
     126    1231                                                00010000D   1011
     126       0               3       0                               0D   1012
     126    1234                                                00010000D   1013
     126       0               3       0                               0D   1014
     126    1237                                                00010000D   1015
     126       0               4       0                               0D   1016
     126    1241                                                00010000D   1017
     126       0               4       0                               0D   1018
     126    1245                                                00010000D   1019
     126       0               3       0                               0D   1020
     126    1248                                                00010000D   1021
     126       0               3       0                               0D   1022
     126    1251                                                00010000D   1023
     126       0               3       0                               0D   1024
     126    1254                                                00010000D   1025
     126       0               3       0                               0D   1026
     126    1257                                                00010000D   1027
     126       0               3       0                               0D   1028
     126    1260                                                00010000D   1029
     126       0               3       0                               0D   1030
     126    1263                                                00010000D   1031
     126       0               3       0                               0D   1032
     126    1266                                                00010000D   1033
     126       0               3       0                               0D   1034
     126    1269                                                00010000D   1035
     126       0               3       0                               0D   1036
     126    1272                                                00010000D   1037
     126       0               3       0                               0D   1038
     126    1275                                                00010000D   1039
     126       0               3       0                               0D   1040
     126    1278                                                00010000D   1041
     126       0               3       0                               0D   1042
     126    1281                                                00010000D   1043
     126       0               3       0                               0D   1044
     126    1284                                                00010000D   1045
     126       0               3       0                               0D   1046
     126    1287                                                00010000D   1047
     126       0               3       0                               0D   1048
     126    1290                                                00010000D   1049
     126       0               3       0                               0D   1050
     126    1293                                                00010000D   1051
     126       0               4       0                               0D   1052
     126    1297                                                00010000D   1053
     126       0               4       0                               0D   1054
     126    1301                                                00010000D   1055
     126       0               3       0                               0D   1056
     126    1304                                                00010000D   1057
     126       0               3       0                               0D   1058
     126    1307                                                00010000D   1059
     126       0               3       0                               0D   1060
     126    1310                                                00010000D   1061
     126       0               3       0                               0D   1062
     126    1313                                                00010000D   1063
     126       0               4       0                               0D   1064
     126    1317                                                00010000D   1065
     126       0               4       0                               0D   1066
     128    1321                                                00010000D   1067
     128       0   -1307       9       0                               0D   1068
     128    1330                                                00010000D   1069
     128       0   -1307       5       0                               0D   1070
     128    1335                                                00010000D   1071
     128       0   -1307       5       0                               0D   1072
     128    1340                                                00010000D   1073
     128       0   -1307       9       0                               0D   1074
     128    1349                                                00010000D   1075
     128       0   -1307       6       0                               0D   1076
     128    1355                                                00010000D   1077
     128       0   -1307       5       0                               0D   1078
     128    1360                                                00010000D   1079
     128       0   -1307       5       0                               0D   1080
     128    1365                                                00010000D   1081
     128       0   -1307       5       0                               0D   1082
     128    1370                                                00010000D   1083
     128       0   -1307       5       0                               0D   1084
     128    1375                                                00010000D   1085
     128       0   -1307       5       0                               0D   1086
     128    1380                                                00010000D   1087
     128       0   -1307       5       0                               0D   1088
     128    1385                                                00010000D   1089
     128       0   -1307       5       0                               0D   1090
     128    1390                                                00010000D   1091
     128       0   -1307       5       0                               0D   1092
     128    1395                                                00010000D   1093
     128       0   -1307       5       0                               0D   1094
     128    1400                                                00010000D   1095
     128       0   -1307       5       0                               0D   1096
     128    1405                                                00010000D   1097
     128       0   -1307       5       0                               0D   1098
     128    1410                                                00010000D   1099
     128       0   -1307       5       0                               0D   1100
     128    1415                                                00010000D   1101
     128       0   -1307       5       0                               0D   1102
     128    1420                                                00010000D   1103
     128       0   -1307       5       0                               0D   1104
     128    1425                                                00010000D   1105
     128       0   -1307       5       0                               0D   1106
     128    1430                                                00010000D   1107
     128       0   -1307       5       0                               0D   1108
     128    1435                                                00010000D   1109
     128       0   -1307       5       0                               0D   1110
     128    1440                                                00010000D   1111
     128       0   -1307       5       0                               0D   1112
     128    1445                                                00010000D   1113
     128       0   -1307       5       0                               0D   1114
     128    1450                                                00010000D   1115
     128       0   -1307       5       0                               0D   1116
     128    1455                                                00010000D   1117
     128       0   -1307       5       0                               0D   1118
     128    1460                                                00010000D   1119
     128       0   -1307       5       0                               0D   1120
     128    1465                                                00010000D   1121
     128       0   -1307       5       0                               0D   1122
     128    1470                                                00010000D   1123
     128       0   -1307       6       0                               0D   1124
     128    1476                                                00010000D   1125
     128       0   -1307       5       0                               0D   1126
     128    1481                                                00010000D   1127
     128       0   -1307       5       0                               0D   1128
     128    1486                                                00010000D   1129
     128       0   -1307       5       0                               0D   1130
     128    1491                                                00010000D   1131
     128       0   -1307       5       0                               0D   1132
     128    1496                                                00010000D   1133
     128       0   -1307       5       0                               0D   1134
     128    1501                                                00010000D   1135
     128       0   -1307       5       0                               0D   1136
     128    1506                                                00010000D   1137
     128       0   -1307       5       0                               0D   1138
     128    1511                                                00010000D   1139
     128       0   -1307       5       0                               0D   1140
     128    1516                                                00010000D   1141
     128       0   -1307       5       0                               0D   1142
     128    1521                                                00010000D   1143
     128       0   -1307       5       0                               0D   1144
     128    1526                                                00010000D   1145
     128       0   -1307       5       0                               0D   1146
     128    1531                                                00010000D   1147
     128       0   -1307       5       0                               0D   1148
     128    1536                                                00010000D   1149
     128       0   -1307       6       0                               0D   1150
     128    1542                                                00010000D   1151
     128       0   -1307       5       0                               0D   1152
     128    1547                                                00010000D   1153
     128       0   -1307       6       0                               0D   1154
     128    1553                                                00010000D   1155
     128       0   -1307       5       0                               0D   1156
     128    1558                                                00010000D   1157
     128       0   -1307       5       0                               0D   1158
     128    1563                                                00010000D   1159
     128       0   -1307       5       0                               0D   1160
     128    1568                                                00010000D   1161
     128       0   -1307       6       0                               0D   1162
     128    1574                                                00010000D   1163
     128       0   -1307       5       0                               0D   1164
     128    1579                                                00010000D   1165
     128       0   -1307       5       0                               0D   1166
     128    1584                                                00010000D   1167
     128       0   -1307      21       0                               0D   1168
     128    1605                                                00010000D   1169
     128       0   -1307      21       0                               0D   1170
     128    1626                                                00010000D   1171
     128       0   -1307      21       0                               0D   1172
     128    1647                                                00010000D   1173
     128       0   -1307       5       0                               0D   1174
     128    1652                                                00010000D   1175
     128       0   -1307       5       0                               0D   1176
     128    1657                                                00010000D   1177
     128       0   -1307       5       0                               0D   1178
     128    1662                                                00010000D   1179
     128       0   -1307       5       0                               0D   1180
     128    1667                                                00010000D   1181
     128       0   -1307       5       0                               0D   1182
     128    1672                                                00010000D   1183
     128       0   -1307       5       0                               0D   1184
     128    1677                                                00010000D   1185
     128       0   -1307       5       0                               0D   1186
     128    1682                                                00010000D   1187
     128       0   -1307       5       0                               0D   1188
     128    1687                                                00010000D   1189
     128       0   -1307       5       0                               0D   1190
     128    1692                                                00010000D   1191
     128       0   -1307       5       0                               0D   1192
     128    1697                                                00010000D   1193
     128       0   -1307       5       0                               0D   1194
     128    1702                                                00010000D   1195
     128       0   -1307       5       0                               0D   1196
     128    1707                                                00010000D   1197
     128       0   -1307       6       0                               0D   1198
     128    1713                                                00010000D   1199
     128       0   -1307       5       0                               0D   1200
     128    1718                                                00010000D   1201
     128       0   -1307       5       0                               0D   1202
     128    1723                                                00010000D   1203
     128       0   -1307       5       0                               0D   1204
     128    1728                                                00010000D   1205
     128       0   -1307       6       0                               0D   1206
     128    1734                                                00010000D   1207
     128       0   -1307       6       0                               0D   1208
     128    1740                                                00010000D   1209
     128       0   -1307       5       0                               0D   1210
     128    1745                                                00010000D   1211
     128       0   -1307       5       0                               0D   1212
     128    1750                                                00010000D   1213
     128       0   -1307       5       0                               0D   1214
     128    1755                                                00010000D   1215
     128       0   -1307       5       0                               0D   1216
     128    1760                                                00010000D   1217
     128       0   -1307       6       0                               0D   1218
     128    1766                                                00010000D   1219
     128       0   -1307       5       0                               0D   1220
     128    1771                                                00010000D   1221
     128       0   -1307       5       0                               0D   1222
     128    1776                                                00010000D   1223
     128       0   -1307       5       0                               0D   1224
     128    1781                                                00010000D   1225
     128       0   -1307       6       0                               0D   1226
     128    1787                                                00010000D   1227
     128       0   -1307       6       0                               0D   1228
     128    1793                                                00010000D   1229
     128       0   -1307       5       0                               0D   1230
     128    1798                                                00010000D   1231
     128       0   -1307       5       0                               0D   1232
     128    1803                                                00010000D   1233
     128       0   -1307       5       0                               0D   1234
     128    1808                                                00010000D   1235
     128       0   -1307       5       0                               0D   1236
     128    1813                                                00010000D   1237
     128       0   -1307       5       0                               0D   1238
     128    1818                                                00010000D   1239
     128       0   -1307       5       0                               0D   1240
     128    1823                                                00010000D   1241
     128       0   -1307       5       0                               0D   1242
     128    1828                                                00010000D   1243
     128       0   -1307       5       0                               0D   1244
     128    1833                                                00010000D   1245
     128       0   -1307       5       0                               0D   1246
     128    1838                                                00010000D   1247
     128       0   -1307       6       0                               0D   1248
     128    1844                                                00010000D   1249
     128       0   -1307       5       0                               0D   1250
     128    1849                                                00010000D   1251
     128       0   -1307       5       0                               0D   1252
     128    1854                                                00010000D   1253
     128       0   -1307       5       0                               0D   1254
     128    1859                                                00010000D   1255
     128       0   -1307       5       0                               0D   1256
     128    1864                                                00010000D   1257
     128       0   -1307       5       0                               0D   1258
     128    1869                                                00010000D   1259
     128       0   -1307       5       0                               0D   1260
     128    1874                                                00010000D   1261
     128       0   -1307       5       0                               0D   1262
     128    1879                                                00010000D   1263
     128       0   -1307       5       0                               0D   1264
     128    1884                                                00010000D   1265
     128       0   -1307       5       0                               0D   1266
     128    1889                                                00010000D   1267
     128       0   -1307       6       0                               0D   1268
     128    1895                                                00010000D   1269
     128       0   -1307       5       0                               0D   1270
     128    1900                                                00010000D   1271
     128       0   -1307       5       0                               0D   1272
     128    1905                                                00010000D   1273
     128       0   -1307       5       0                               0D   1274
     502    1910                                                00010000D   1275
     502                      89       1                               0D   1276
     502    1999                                                00010000D   1277
     502                      11       1                               0D   1278
     502    2010                                                00010000D   1279
     502                      11       1                               0D   1280
     502    2021                                                00010000D   1281
     502                      11       1                               0D   1282
     502    2032                                                00010000D   1283
     502                      11       1                               0D   1284
     504    2043                                                00010001D   1285
     504                      67       1                               0D   1286
     504    2110                                                00010001D   1287
     504                       8       1                               0D   1288
     504    2118                                                00010001D   1289
     504                       8       1                               0D   1290
     504    2126                                                00010001D   1291
     504                       8       1                               0D   1292
     504    2134                                                00010001D   1293
     504                       8       1                               0D   1294
     406    2142                                                00000000D   1295
     406                       1      15                               0D   1296
     406    2143                                                00000000D   1297
     406                       1      15                               0D   1298
     406    2144                                                00000000D   1299
     406                       1      15                               0D   1300
     406    2145                                                00000000D   1301
     406                       1      15                               0D   1302
     406    2146                                                00000000D   1303
     406                       1      15                               0D   1304
     406    2147                                                00000000D   1305
     406                       1      15                               0D   1306
     314    2148                                                00000200D   1307
     314                       2       0                               0D   1308
408,3,0.,0.,0.,1.,0,1,1297;                                            1P      1
308,0,16HCanal - base v22,1,5;                                         3P      2
186,15,1,0,0,1,1295;                                                   5P      3
186,17,1,0,0,1,1299;                                                   7P      4
186,19,1,0,0,1,1301;                                                   9P      5
186,21,1,0,0,1,1303;                                                  11P      6
186,23,1,0,0,1,1305;                                                  13P      7
514,64,25,1,27,1,29,1,31,1,33,1,35,1,37,1,39,1,41,1,43,1,45,1,        15P      8
47,1,49,1,51,1,53,1,55,1,57,1,59,1,61,1,63,1,65,1,67,1,69,1,71,       15P      9
1,73,1,75,1,77,1,79,1,81,1,83,1,85,1,87,1,89,1,91,1,93,1,95,1,        15P     10
97,1,99,1,101,1,103,1,105,1,107,1,109,1,111,1,113,1,115,1,117,1,      15P     11
119,1,121,1,123,1,125,1,127,1,129,1,131,1,133,1,135,1,137,1,139,      15P     12
1,141,1,143,1,145,1,147,1,149,1,151,1;                                15P     13
514,10,153,1,155,1,157,1,159,1,161,1,163,1,165,1,167,1,169,1,         17P     14
171,1;                                                                17P     15
514,10,173,1,175,1,177,1,179,1,181,1,183,1,185,1,187,1,189,1,         19P     16
191,1;                                                                19P     17
514,10,193,1,195,1,197,1,199,1,201,1,203,1,205,1,207,1,209,1,         21P     18
211,1;                                                                21P     19
514,10,213,1,215,1,217,1,219,1,221,1,223,1,225,1,227,1,229,1,         23P     20
231,1;                                                                23P     21
510,1067,1,1,233;                                                     25P     22
510,1069,4,1,235,237,239,241;                                         27P     23
510,1071,4,1,243,245,247,249;                                         29P     24
510,1073,1,1,251;                                                     31P     25
510,1075,1,1,253;                                                     33P     26
510,1077,1,1,255;                                                     35P     27
510,1079,1,1,257;                                                     37P     28
510,1081,1,1,259;                                                     39P     29
510,1083,1,1,261;                                                     41P     30
510,1085,1,1,263;                                                     43P     31
510,1087,1,1,265;                                                     45P     32
510,1089,1,1,267;                                                     47P     33
510,1091,1,1,269;                                                     49P     34
510,1093,1,1,271;                                                     51P     35
510,1095,1,1,273;                                                     53P     36
510,1097,1,1,275;                                                     55P     37
510,1099,1,1,277;                                                     57P     38
510,1101,1,1,279;                                                     59P     39
510,1103,1,1,281;                                                     61P     40
510,1105,4,1,283,285,287,289;                                         63P     41
510,1107,1,1,291;                                                     65P     42
510,1109,1,1,293;                                                     67P     43
510,1111,4,1,295,297,299,301;                                         69P     44
510,1113,1,1,303;                                                     71P     45
510,1115,1,1,305;                                                     73P     46
510,1117,1,1,307;                                                     75P     47
510,1119,1,1,309;                                                     77P     48
510,1121,2,1,311,313;                                                 79P     49
510,1123,1,1,315;                                                     81P     50
510,1125,1,1,317;                                                     83P     51
510,1127,1,1,319;                                                     85P     52
510,1129,1,1,321;                                                     87P     53
510,1131,1,1,323;                                                     89P     54
510,1133,1,1,325;                                                     91P     55
510,1135,1,1,327;                                                     93P     56
510,1137,1,1,329;                                                     95P     57
510,1139,1,1,331;                                                     97P     58
510,1141,1,1,333;                                                     99P     59
510,1143,1,1,335;                                                    101P     60
510,1145,1,1,337;                                                    103P     61
510,1147,1,1,339;                                                    105P     62
510,1149,1,1,341;                                                    107P     63
510,1151,1,1,343;                                                    109P     64
510,1153,1,1,345;                                                    111P     65
510,1155,1,1,347;                                                    113P     66
510,1157,1,1,349;                                                    115P     67
510,1159,1,1,351;                                                    117P     68
510,1161,1,1,353;                                                    119P     69
510,1163,1,1,355;                                                    121P     70
510,1165,1,1,357;                                                    123P     71
510,1167,1,1,359;                                                    125P     72
510,1169,1,1,361;                                                    127P     73
510,1171,1,1,363;                                                    129P     74
510,1173,1,1,365;                                                    131P     75
510,1175,1,1,367;                                                    133P     76
510,1177,1,1,369;                                                    135P     77
510,1179,1,1,371;                                                    137P     78
510,1181,1,1,373;                                                    139P     79
510,1183,1,1,375;                                                    141P     80
510,1185,1,1,377;                                                    143P     81
510,1187,1,1,379;                                                    145P     82
510,1189,1,1,381;                                                    147P     83
510,1191,4,1,383,385,387,389;                                        149P     84
510,1193,1,1,391;                                                    151P     85
510,1195,1,1,393;                                                    153P     86
510,1197,1,1,395;                                                    155P     87
510,1199,1,1,397;                                                    157P     88
510,1201,1,1,399;                                                    159P     89
510,1203,1,1,401;                                                    161P     90
510,1205,1,1,403;                                                    163P     91
510,1207,1,1,405;                                                    165P     92
510,1209,1,1,407;                                                    167P     93
510,1211,1,1,409;                                                    169P     94
510,1213,1,1,411;                                                    171P     95
510,1215,1,1,413;                                                    173P     96
510,1217,1,1,415;                                                    175P     97
510,1219,1,1,417;                                                    177P     98
510,1221,1,1,419;                                                    179P     99
510,1223,1,1,421;                                                    181P    100
510,1225,1,1,423;                                                    183P    101
510,1227,1,1,425;                                                    185P    102
510,1229,1,1,427;                                                    187P    103
510,1231,1,1,429;                                                    189P    104
510,1233,1,1,431;                                                    191P    105
510,1235,1,1,433;                                                    193P    106
510,1237,1,1,435;                                                    195P    107
510,1239,1,1,437;                                                    197P    108
510,1241,1,1,439;                                                    199P    109
510,1243,1,1,441;                                                    201P    110
510,1245,1,1,443;                                                    203P    111
510,1247,1,1,445;                                                    205P    112
510,1249,1,1,447;                                                    207P    113
510,1251,1,1,449;                                                    209P    114
510,1253,1,1,451;                                                    211P    115
510,1255,1,1,453;                                                    213P    116
510,1257,1,1,455;                                                    215P    117
510,1259,1,1,457;                                                    217P    118
510,1261,1,1,459;                                                    219P    119
510,1263,1,1,461;                                                    221P    120
510,1265,1,1,463;                                                    223P    121
510,1267,1,1,465;                                                    225P    122
510,1269,1,1,467;                                                    227P    123
510,1271,1,1,469;                                                    229P    124
510,1273,1,1,471;                                                    231P    125
508,4,0,1285,1,1,0,0,1285,2,1,0,0,1285,3,1,0,0,1285,4,1,0;           233P    126
508,18,0,1285,3,0,0,0,1285,5,0,0,0,1285,6,0,0,0,1285,7,0,0,0,        235P    127
1285,8,1,0,0,1285,9,1,0,0,1285,10,1,0,0,1285,11,1,0,0,1285,12,1,     235P    128
0,0,1285,13,0,0,0,1285,14,0,0,0,1285,15,1,0,0,1285,16,1,0,0,         235P    129
1285,17,1,0,0,1285,18,1,0,0,1285,19,1,0,0,1285,20,1,0,0,1285,21,     235P    130
1,0;                                                                 235P    131
508,4,0,1285,22,1,0,0,1285,23,1,0,0,1285,24,1,0,0,1285,25,1,0;       237P    132
508,4,0,1285,26,1,0,0,1285,27,1,0,0,1285,28,1,0,0,1285,29,1,0;       239P    133
508,4,0,1285,30,1,0,0,1285,31,1,0,0,1285,32,1,0,0,1285,33,1,0;       241P    134
508,4,0,1285,2,0,0,0,1285,34,1,0,0,1285,35,0,0,0,1285,5,1,0;         243P    135
508,1,0,1285,36,1,0;                                                 245P    136
508,1,0,1285,37,1,0;                                                 247P    137
508,1,0,1285,38,1,0;                                                 249P    138
508,4,0,1285,6,1,0,0,1285,35,1,0,0,1285,39,1,0,0,1285,40,1,0;        251P    139
508,4,0,1285,41,0,0,0,1285,42,0,0,0,1285,8,0,0,0,1285,43,0,0;        253P    140
508,4,0,1285,44,0,0,0,1285,45,0,0,0,1285,10,0,0,0,1285,46,1,0;       255P    141
508,4,0,1285,47,0,0,0,1285,48,0,0,0,1285,49,0,0,0,1285,50,1,0;       257P    142
508,4,0,1285,51,0,0,0,1285,52,0,0,0,1285,11,0,0,0,1285,45,1,0;       259P    143
508,8,0,1285,53,0,0,0,1285,54,0,0,0,1285,12,0,0,0,1285,52,1,0,0,     261P    144
1285,55,0,0,0,1285,56,0,0,0,1285,57,0,0,0,1285,58,1,0;               261P    145
508,4,0,1285,59,0,0,0,1285,58,0,0,0,1285,60,0,0,0,1285,48,1,0;       263P    146
508,4,0,1285,61,0,0,0,1285,62,1,0,0,1285,63,0,0,0,1285,64,0,0;       265P    147
508,4,0,1285,65,0,0,0,1285,66,1,0,0,1285,67,0,0,0,1285,62,0,0;       267P    148
508,8,0,1285,68,0,0,0,1285,69,0,0,0,1285,16,0,0,0,1285,70,0,0,0,     269P    149
1285,71,0,0,0,1285,66,0,0,0,1285,72,0,0,0,1285,73,0,0;               269P    150
508,4,0,1285,74,0,0,0,1285,75,0,0,0,1285,20,0,0,0,1285,76,1,0;       271P    151
508,4,0,1285,77,0,0,0,1285,78,0,0,0,1285,18,0,0,0,1285,79,1,0;       273P    152
508,4,0,1285,80,0,0,0,1285,79,0,0,0,1285,17,0,0,0,1285,69,1,0;       275P    153
508,12,0,1285,54,1,0,0,1285,81,0,0,0,1285,82,0,0,0,1285,83,1,0,      277P    154
0,1285,84,1,0,0,1285,85,1,0,0,1285,86,1,0,0,1285,87,1,0,0,1285,      277P    155
88,1,0,0,1285,89,1,0,0,1285,90,0,0,0,1285,13,1,0;                    277P    156
508,8,0,1285,91,1,0,0,1285,92,1,0,0,1285,93,0,0,0,1285,46,0,0,0,     279P    157
1285,9,0,0,0,1285,42,1,0,0,1285,94,0,0,0,1285,50,0,0;                279P    158
508,4,0,1285,56,1,0,0,1285,95,0,0,0,1285,96,1,0,0,1285,97,1,0;       281P    159
508,12,0,1285,49,1,0,0,1285,60,1,0,0,1285,57,1,0,0,1285,97,0,0,      283P    160
0,1285,98,1,0,0,1285,99,1,0,0,1285,72,1,0,0,1285,65,1,0,0,1285,      283P    161
61,1,0,0,1285,100,1,0,0,1285,101,1,0,0,1285,91,0,0;                  283P    162
508,4,0,1285,102,1,0,0,1285,103,1,0,0,1285,104,1,0,0,1285,105,1,     285P    163
0;                                                                   285P    164
508,4,0,1285,106,1,0,0,1285,107,1,0,0,1285,108,1,0,0,1285,109,1,     287P    165
0;                                                                   287P    166
508,4,0,1285,110,1,0,0,1285,111,1,0,0,1285,112,1,0,0,1285,113,1,     289P    167
0;                                                                   289P    168
508,8,0,1285,114,1,0,0,1285,115,1,0,0,1285,100,0,0,0,1285,64,1,      291P    169
0,0,1285,116,0,0,0,1285,76,0,0,0,1285,19,0,0,0,1285,78,1,0;          291P    170
508,4,0,1285,73,1,0,0,1285,99,0,0,0,1285,117,1,0,0,1285,118,1,0;     293P    171
508,18,0,1285,1,0,0,0,1285,119,0,0,0,1285,74,1,0,0,1285,116,1,0,     295P    172
0,1285,63,1,0,0,1285,67,1,0,0,1285,71,1,0,0,1285,120,0,0,0,1285,     295P    173
121,0,0,0,1285,81,1,0,0,1285,53,1,0,0,1285,59,1,0,0,1285,47,1,0,     295P    174
0,1285,94,1,0,0,1285,41,1,0,0,1285,122,1,0,0,1285,39,0,0,0,1285,     295P    175
34,0,0;                                                              295P    176
508,4,0,1285,123,1,0,0,1285,124,1,0,0,1285,125,1,0,0,1285,126,1,     297P    177
0;                                                                   297P    178
508,4,0,1285,127,1,0,0,1285,128,1,0,0,1285,129,1,0,0,1285,130,1,     299P    179
0;                                                                   299P    180
508,4,0,1285,131,1,0,0,1285,132,1,0,0,1285,133,1,0,0,1285,134,1,     301P    181
0;                                                                   301P    182
508,4,0,1285,70,1,0,0,1285,15,0,0,0,1285,135,0,0,0,1285,120,1,0;     303P    183
508,8,0,1285,136,0,0,0,1285,88,0,0,0,1285,137,1,0,0,1285,138,1,      305P    184
0,0,1285,139,0,0,0,1285,84,0,0,0,1285,140,0,0,0,1285,141,0,0;        305P    185
508,8,0,1285,142,1,0,0,1285,82,1,0,0,1285,121,1,0,0,1285,135,1,      307P    186
0,0,1285,14,1,0,0,1285,90,1,0,0,1285,143,1,0,0,1285,144,1,0;         307P    187
508,4,0,1285,40,0,0,0,1285,122,0,0,0,1285,43,1,0,0,1285,7,1,0;       309P    188
508,4,0,1285,86,0,0,0,1285,145,1,0,0,1285,146,1,0,0,1285,147,0,      311P    189
0;                                                                   311P    190
508,4,0,1285,117,0,0,0,1285,98,0,0,0,1285,96,0,0,0,1285,148,0,0;     313P    191
508,4,0,1285,85,0,0,0,1285,139,1,0,0,1285,149,1,0,0,1285,145,0,      315P    192
0;                                                                   315P    193
508,4,0,1285,87,0,0,0,1285,147,1,0,0,1285,150,1,0,0,1285,137,0,      317P    194
0;                                                                   317P    195
508,4,0,1285,150,0,0,0,1285,146,0,0,0,1285,149,0,0,0,1285,138,0,     319P    196
0;                                                                   319P    197
508,4,0,1285,140,1,0,0,1285,83,0,0,0,1285,142,0,0,0,1285,151,1,      321P    198
0;                                                                   321P    199
508,4,0,1285,136,1,0,0,1285,152,0,0,0,1285,143,0,0,0,1285,89,0,      323P    200
0;                                                                   323P    201
508,4,0,1285,141,1,0,0,1285,151,0,0,0,1285,144,0,0,0,1285,152,1,     325P    202
0;                                                                   325P    203
508,4,0,1285,32,0,0,0,1285,153,0,0,0,1285,154,0,0,0,1285,155,1,      327P    204
0;                                                                   327P    205
508,4,0,1285,33,0,0,0,1285,155,0,0,0,1285,156,0,0,0,1285,157,1,      329P    206
0;                                                                   329P    207
508,4,0,1285,30,0,0,0,1285,157,0,0,0,1285,158,0,0,0,1285,159,1,      331P    208
0;                                                                   331P    209
508,4,0,1285,31,0,0,0,1285,159,0,0,0,1285,160,0,0,0,1285,153,1,      333P    210
0;                                                                   333P    211
508,4,0,1285,28,0,0,0,1285,161,0,0,0,1285,162,0,0,0,1285,163,1,      335P    212
0;                                                                   335P    213
508,4,0,1285,29,0,0,0,1285,163,0,0,0,1285,164,0,0,0,1285,165,1,      337P    214
0;                                                                   337P    215
508,4,0,1285,26,0,0,0,1285,165,0,0,0,1285,166,0,0,0,1285,167,1,      339P    216
0;                                                                   339P    217
508,4,0,1285,27,0,0,0,1285,167,0,0,0,1285,168,0,0,0,1285,161,1,      341P    218
0;                                                                   341P    219
508,4,0,1285,133,0,0,0,1285,169,0,0,0,1285,104,0,0,0,1285,170,1,     343P    220
0;                                                                   343P    221
508,4,0,1285,134,0,0,0,1285,170,0,0,0,1285,103,0,0,0,1285,171,1,     345P    222
0;                                                                   345P    223
508,4,0,1285,131,0,0,0,1285,171,0,0,0,1285,102,0,0,0,1285,172,1,     347P    224
0;                                                                   347P    225
508,4,0,1285,132,0,0,0,1285,172,0,0,0,1285,105,0,0,0,1285,169,1,     349P    226
0;                                                                   349P    227
508,4,0,1285,129,0,0,0,1285,173,0,0,0,1285,108,0,0,0,1285,174,1,     351P    228
0;                                                                   351P    229
508,4,0,1285,130,0,0,0,1285,174,0,0,0,1285,107,0,0,0,1285,175,1,     353P    230
0;                                                                   353P    231
508,4,0,1285,127,0,0,0,1285,175,0,0,0,1285,106,0,0,0,1285,176,1,     355P    232
0;                                                                   355P    233
508,4,0,1285,128,0,0,0,1285,176,0,0,0,1285,109,0,0,0,1285,173,1,     357P    234
0;                                                                   357P    235
508,5,0,1285,36,0,0,0,1285,177,1,0,0,1285,178,0,0,0,1285,179,0,      359P    236
0,0,1285,177,0,0;                                                    359P    237
508,5,0,1285,37,0,0,0,1285,180,1,0,0,1285,181,0,0,0,1285,182,0,      361P    238
0,0,1285,180,0,0;                                                    361P    239
508,5,0,1285,38,0,0,0,1285,183,1,0,0,1285,184,0,0,0,1285,185,0,      363P    240
0,0,1285,183,0,0;                                                    363P    241
508,13,0,1285,186,0,0,0,1285,92,0,0,0,1285,101,0,0,0,1285,115,0,     365P    242
0,0,1285,187,0,0,0,1285,178,1,0,0,1285,179,1,0,0,1285,188,0,0,0,     365P    243
1285,181,1,0,0,1285,182,1,0,0,1285,189,0,0,0,1285,184,1,0,0,         365P    244
1285,185,1,0;                                                        365P    245
508,4,0,1285,112,0,0,0,1285,190,1,0,0,1285,125,0,0,0,1285,191,0,     367P    246
0;                                                                   367P    247
508,4,0,1285,192,0,0,0,1285,193,0,0,0,1285,24,0,0,0,1285,194,1,      369P    248
0;                                                                   369P    249
508,4,0,1285,113,0,0,0,1285,191,1,0,0,1285,124,0,0,0,1285,195,0,     371P    250
0;                                                                   371P    251
508,4,0,1285,111,0,0,0,1285,196,1,0,0,1285,126,0,0,0,1285,190,0,     373P    252
0;                                                                   373P    253
508,4,0,1285,197,0,0,0,1285,194,0,0,0,1285,23,0,0,0,1285,198,1,      375P    254
0;                                                                   375P    255
508,4,0,1285,110,0,0,0,1285,195,1,0,0,1285,123,0,0,0,1285,196,0,     377P    256
0;                                                                   377P    257
508,4,0,1285,199,0,0,0,1285,198,0,0,0,1285,22,0,0,0,1285,200,1,      379P    258
0;                                                                   379P    259
508,4,0,1285,201,0,0,0,1285,200,0,0,0,1285,25,0,0,0,1285,193,1,      381P    260
0;                                                                   381P    261
508,15,0,1285,44,1,0,0,1285,93,1,0,0,1285,186,1,0,0,1285,189,1,      383P    262
0,0,1285,188,1,0,0,1285,187,1,0,0,1285,114,0,0,0,1285,77,1,0,0,      383P    263
1285,80,1,0,0,1285,68,1,0,0,1285,118,0,0,0,1285,148,1,0,0,1285,      383P    264
95,1,0,0,1285,55,1,0,0,1285,51,1,0;                                  383P    265
508,4,0,1285,158,1,0,0,1285,156,1,0,0,1285,154,1,0,0,1285,160,1,     385P    266
0;                                                                   385P    267
508,4,0,1285,166,1,0,0,1285,164,1,0,0,1285,162,1,0,0,1285,168,1,     387P    268
0;                                                                   387P    269
508,4,0,1285,199,1,0,0,1285,201,1,0,0,1285,192,1,0,0,1285,197,1,     389P    270
0;                                                                   389P    271
508,4,0,1285,4,0,0,0,1285,21,0,0,0,1285,75,1,0,0,1285,119,1,0;       391P    272
508,4,0,1287,1,0,0,0,1287,2,1,0,0,1287,3,0,0,0,1287,4,0,0;           393P    273
508,4,0,1287,5,0,0,0,1287,4,1,0,0,1287,6,0,0,0,1287,7,0,0;           395P    274
508,4,0,1287,8,1,0,0,1287,7,1,0,0,1287,9,0,0,0,1287,10,0,0;          397P    275
508,4,0,1287,11,1,0,0,1287,10,1,0,0,1287,12,0,0,0,1287,13,0,0;       399P    276
508,4,0,1287,14,1,0,0,1287,13,1,0,0,1287,15,0,0,0,1287,16,0,0;       401P    277
508,4,0,1287,17,1,0,0,1287,16,1,0,0,1287,18,0,0,0,1287,19,0,0;       403P    278
508,4,0,1287,20,1,0,0,1287,19,1,0,0,1287,21,0,0,0,1287,22,0,0;       405P    279
508,4,0,1287,23,0,0,0,1287,22,1,0,0,1287,24,0,0,0,1287,2,0,0;        407P    280
508,8,0,1287,23,1,0,0,1287,1,1,0,0,1287,5,1,0,0,1287,8,0,0,0,        409P    281
1287,11,0,0,0,1287,14,0,0,0,1287,17,0,0,0,1287,20,0,0;               409P    282
508,8,0,1287,24,1,0,0,1287,21,1,0,0,1287,18,1,0,0,1287,15,1,0,0,     411P    283
1287,12,1,0,0,1287,9,1,0,0,1287,6,1,0,0,1287,3,1,0;                  411P    284
508,4,0,1289,1,1,0,0,1289,2,1,0,0,1289,3,1,0,0,1289,4,0,0;           413P    285
508,4,0,1289,5,1,0,0,1289,6,1,0,0,1289,7,1,0,0,1289,2,0,0;           415P    286
508,4,0,1289,8,0,0,0,1289,9,1,0,0,1289,10,1,0,0,1289,6,0,0;          417P    287
508,4,0,1289,11,0,0,0,1289,12,1,0,0,1289,13,1,0,0,1289,9,0,0;        419P    288
508,4,0,1289,14,0,0,0,1289,15,1,0,0,1289,16,1,0,0,1289,12,0,0;       421P    289
508,4,0,1289,17,0,0,0,1289,18,1,0,0,1289,19,1,0,0,1289,15,0,0;       423P    290
508,4,0,1289,20,0,0,0,1289,21,1,0,0,1289,22,1,0,0,1289,18,0,0;       425P    291
508,4,0,1289,23,1,0,0,1289,4,1,0,0,1289,24,1,0,0,1289,21,0,0;        427P    292
508,8,0,1289,23,0,0,0,1289,20,1,0,0,1289,17,1,0,0,1289,14,1,0,0,     429P    293
1289,11,1,0,0,1289,8,1,0,0,1289,5,0,0,0,1289,1,0,0;                  429P    294
508,8,0,1289,24,0,0,0,1289,3,0,0,0,1289,7,0,0,0,1289,10,0,0,0,       431P    295
1289,13,0,0,0,1289,16,0,0,0,1289,19,0,0,0,1289,22,0,0;               431P    296
508,4,0,1291,1,1,0,0,1291,2,1,0,0,1291,3,1,0,0,1291,4,0,0;           433P    297
508,4,0,1291,5,1,0,0,1291,6,1,0,0,1291,7,1,0,0,1291,2,0,0;           435P    298
508,4,0,1291,8,0,0,0,1291,9,1,0,0,1291,10,1,0,0,1291,6,0,0;          437P    299
508,4,0,1291,11,0,0,0,1291,12,1,0,0,1291,13,1,0,0,1291,9,0,0;        439P    300
508,4,0,1291,14,0,0,0,1291,15,1,0,0,1291,16,1,0,0,1291,12,0,0;       441P    301
508,4,0,1291,17,0,0,0,1291,18,1,0,0,1291,19,1,0,0,1291,15,0,0;       443P    302
508,4,0,1291,20,0,0,0,1291,21,1,0,0,1291,22,1,0,0,1291,18,0,0;       445P    303
508,4,0,1291,23,1,0,0,1291,4,1,0,0,1291,24,1,0,0,1291,21,0,0;        447P    304
508,8,0,1291,23,0,0,0,1291,20,1,0,0,1291,17,1,0,0,1291,14,1,0,0,     449P    305
1291,11,1,0,0,1291,8,1,0,0,1291,5,0,0,0,1291,1,0,0;                  449P    306
508,8,0,1291,24,0,0,0,1291,3,0,0,0,1291,7,0,0,0,1291,10,0,0,0,       451P    307
1291,13,0,0,0,1291,16,0,0,0,1291,19,0,0,0,1291,22,0,0;               451P    308
508,4,0,1293,1,0,0,0,1293,2,1,0,0,1293,3,0,0,0,1293,4,0,0;           453P    309
508,4,0,1293,5,0,0,0,1293,4,1,0,0,1293,6,0,0,0,1293,7,0,0;           455P    310
508,4,0,1293,8,1,0,0,1293,7,1,0,0,1293,9,0,0,0,1293,10,0,0;          457P    311
508,4,0,1293,11,1,0,0,1293,10,1,0,0,1293,12,0,0,0,1293,13,0,0;       459P    312
508,4,0,1293,14,1,0,0,1293,13,1,0,0,1293,15,0,0,0,1293,16,0,0;       461P    313
508,4,0,1293,17,1,0,0,1293,16,1,0,0,1293,18,0,0,0,1293,19,0,0;       463P    314
508,4,0,1293,20,1,0,0,1293,19,1,0,0,1293,21,0,0,0,1293,22,0,0;       465P    315
508,4,0,1293,23,0,0,0,1293,22,1,0,0,1293,24,0,0,0,1293,2,0,0;        467P    316
508,8,0,1293,23,1,0,0,1293,1,1,0,0,1293,5,1,0,0,1293,8,0,0,0,        469P    317
1293,11,0,0,0,1293,14,0,0,0,1293,17,0,0,0,1293,20,0,0;               469P    318
508,8,0,1293,24,1,0,0,1293,21,1,0,0,1293,18,1,0,0,1293,15,1,0,0,     471P    319
1293,12,1,0,0,1293,9,1,0,0,1293,6,1,0,0,1293,3,1,0;                  471P    320
126,2,2,0,0,0,0,-0.785398163397448,-0.785398163397448,               473P    321
-0.785398163397448,0.785398163397444,0.785398163397444,              473P    322
0.785398163397444,1.,0.707106781186544,1.,-18.0112811217338,12.,     473P    323
19.8486882379362,-18.0112811217338,13.,19.8486882379362,             473P    324
-17.0112811217338,13.,19.8486882379362,-0.785398163397448,           473P    325
0.785398163397444,0.,0.,0.;                                          473P    326
126,1,1,0,0,1,0,-1.48125,-1.48125,0.49375,0.49375,1.,1.,             475P    327
-17.0112811217338,13.,19.8486882379362,-17.0112811217338,13.,        475P    328
0.0986882379361909,-1.48125,0.49375,0.,0.,0.;                        475P    329
126,2,2,0,0,0,0,-0.785398163397448,-0.785398163397448,               477P    330
-0.785398163397448,0.785398163397448,0.785398163397448,              477P    331
0.785398163397448,1.,0.707106781186549,1.,-17.0112811217338,13.,     477P    332
0.0986882379361909,-18.0112811217338,13.,0.0986882379361909,         477P    333
-18.0112811217338,12.,0.0986882379361909,-0.785398163397448,         477P    334
0.785398163397448,0.,0.,0.;                                          477P    335
126,1,1,0,0,1,0,-0.49375,-0.49375,1.48125,1.48125,1.,1.,             479P    336
-18.0112811217338,12.,0.0986882379361909,-18.0112811217338,12.,      479P    337
19.8486882379362,-0.49375,1.48125,0.,0.,0.;                          479P    338
126,1,1,0,0,1,0,-6.3,-6.3,-0.0999999999999996,                       481P    339
-0.0999999999999996,1.,1.,44.9887188782662,13.,                      481P    340
0.0986882379361909,-17.0112811217338,13.,0.0986882379361909,         481P    341
-6.3,-0.0999999999999996,0.,0.,0.;                                   481P    342
126,2,2,0,0,0,0,-0.785398163397451,-0.785398163397451,               483P    343
-0.785398163397451,0.785398163397446,0.785398163397446,              483P    344
0.785398163397446,1.,0.707106781186551,1.,45.9887188782662,12.,      483P    345
0.0986882379361909,45.9887188782662,13.,0.0986882379361909,          483P    346
44.9887188782662,13.,0.0986882379361909,-0.785398163397451,          483P    347
0.785398163397446,0.,0.,0.;                                          483P    348
126,1,1,0,0,1,0,0.43,0.43,1.2,1.2,1.,1.,45.9887188782662,4.3,        485P    349
0.0986882379361909,45.9887188782662,12.,0.0986882379361909,0.43,     485P    350
1.2,0.,0.,0.;                                                        485P    351
126,1,1,0,0,1,0,0.,0.,0.15,0.15,1.,1.,45.9887188782662,4.3,          487P    352
0.0986882379361909,44.4887188782662,4.3,0.0986882379361909,0.,       487P    353
0.15,0.,0.,0.;                                                       487P    354
126,1,1,0,0,1,0,0.215,0.215,0.415,0.415,1.,1.,44.4887188782662,      489P    355
4.3,0.0986882379361909,44.4887188782662,6.3,0.0986882379361909,      489P    356
0.215,0.415,0.,0.,0.;                                                489P    357
126,1,1,0,0,1,0,0.0750000000000002,0.0750000000000002,0.325,         491P    358
0.325,1.,1.,44.4887188782662,6.3,0.0986882379361909,                 491P    359
41.9887188782662,6.3,0.0986882379361909,0.0750000000000002,          491P    360
0.325,0.,0.,0.;                                                      491P    361
126,1,1,0,0,1,0,-0.315,-0.315,-0.015,-0.015,1.,1.,                   493P    362
41.9887188782662,6.3,0.0986882379361909,41.9887188782662,3.3,        493P    363
0.0986882379361909,-0.315,-0.015,0.,0.,0.;                           493P    364
126,1,1,0,0,1,0,-0.2,-0.2,0.2,0.2,1.,1.,41.9887188782662,3.3,        495P    365
0.0986882379361909,45.9887188782662,3.3,0.0986882379361909,-0.2,     495P    366
0.2,0.,0.,0.;                                                        495P    367
126,1,1,0,0,1,0,0.,0.,0.33,0.33,1.,1.,45.9887188782662,0.,           497P    368
0.0986882379361909,45.9887188782662,3.3,0.0986882379361909,0.,       497P    369
0.33,0.,0.,0.;                                                       497P    370
126,1,1,0,0,1,0,0.,0.,6.4,6.4,1.,1.,-18.0112811217338,0.,            499P    371
0.0986882379361909,45.9887188782662,0.,0.0986882379361909,0.,        499P    372
6.4,0.,0.,0.;                                                        499P    373
126,1,1,0,0,1,0,0.,0.,0.33,0.33,1.,1.,-18.0112811217338,0.,          501P    374
0.0986882379361909,-18.0112811217338,3.3,0.0986882379361909,0.,      501P    375
0.33,0.,0.,0.;                                                       501P    376
126,1,1,0,0,1,0,-3.2,-3.2,-2.8,-2.8,1.,1.,-18.0112811217338,3.3,     503P    377
0.0986882379361909,-14.0112811217338,3.3,0.0986882379361909,         503P    378
-3.2,-2.8,0.,0.,0.;                                                  503P    379
126,1,1,0,0,1,0,0.165,0.165,0.465,0.465,1.,1.,-14.0112811217338,     505P    380
3.3,0.0986882379361909,-14.0112811217338,6.3,0.0986882379361909,     505P    381
0.165,0.465,0.,0.,0.;                                                505P    382
126,1,1,0,0,1,0,3.,3.,3.25,3.25,1.,1.,-14.0112811217338,6.3,         507P    383
0.0986882379361909,-16.5112811217338,6.3,0.0986882379361909,3.,      507P    384
3.25,0.,0.,0.;                                                       507P    385
126,1,1,0,0,1,0,-0.315,-0.315,-0.115,-0.115,1.,1.,                   509P    386
-16.5112811217338,6.3,0.0986882379361909,-16.5112811217338,4.3,      509P    387
0.0986882379361909,-0.315,-0.115,0.,0.,0.;                           509P    388
126,1,1,0,0,1,0,3.125,3.125,3.275,3.275,1.,1.,-16.5112811217338,     511P    389
4.3,0.0986882379361909,-18.0112811217338,4.3,0.0986882379361909,     511P    390
3.125,3.275,0.,0.,0.;                                                511P    391
126,1,1,0,0,1,0,0.43,0.43,1.2,1.2,1.,1.,-18.0112811217338,4.3,       513P    392
0.0986882379361909,-18.0112811217338,12.,0.0986882379361909,         513P    393
0.43,1.2,0.,0.,0.;                                                   513P    394
126,1,1,0,0,1,0,-0.315,-0.315,-0.015,-0.015,1.,1.,                   515P    395
6.48871887826622,6.3,0.0986882379361909,6.48871887826622,3.3,        515P    396
0.0986882379361909,-0.315,-0.015,0.,0.,0.;                           515P    397
126,1,1,0,0,1,0,-1.975,-1.975,-0.475,-0.475,1.,1.,                   517P    398
6.48871887826622,3.3,0.0986882379361909,21.4887188782662,3.3,        517P    399
0.0986882379361909,-1.975,-0.475,0.,0.,0.;                           517P    400
126,1,1,0,0,1,0,0.165,0.165,0.465,0.465,1.,1.,21.4887188782662,      519P    401
3.3,0.0986882379361909,21.4887188782662,6.3,0.0986882379361909,      519P    402
0.165,0.465,0.,0.,0.;                                                519P    403
126,1,1,0,0,1,0,1.225,1.225,2.725,2.725,1.,1.,21.4887188782662,      521P    404
6.3,0.0986882379361909,6.48871887826622,6.3,0.0986882379361909,      521P    405
1.225,2.725,0.,0.,0.;                                                521P    406
126,1,1,0,0,1,0,0.260000000000002,0.260000000000002,                 523P    407
0.380000000000002,0.380000000000002,1.,1.,35.5887188782662,5.2,      523P    408
0.0986882379361909,35.5887188782662,6.4,0.0986882379361909,          523P    409
0.260000000000002,0.380000000000002,0.,0.,0.;                        523P    410
126,1,1,0,0,1,0,0.52,0.52,0.839999999999999,0.839999999999999,       525P    411
1.,1.,35.5887188782662,6.4,0.0986882379361909,32.3887188782662,      525P    412
6.4,0.0986882379361909,0.52,0.839999999999999,0.,0.,0.;              525P    413
126,1,1,0,0,1,0,-0.319999999999995,-0.319999999999995,               527P    414
-0.199999999999995,-0.199999999999995,1.,1.,32.3887188782662,        527P    415
6.4,0.0986882379361909,32.3887188782662,5.2,0.0986882379361909,      527P    416
-0.319999999999995,-0.199999999999995,0.,0.,0.;                      527P    417
126,1,1,0,0,1,0,-0.68,-0.68,-0.36,-0.36,1.,1.,32.3887188782662,      529P    418
5.2,0.0986882379361909,35.5887188782662,5.2,0.0986882379361909,      529P    419
-0.68,-0.36,0.,0.,0.;                                                529P    420
126,1,1,0,0,1,0,0.260000000000014,0.260000000000014,                 531P    421
0.380000000000014,0.380000000000014,1.,1.,-4.41128112173378,5.2,     531P    422
0.0986882379361909,-4.41128112173379,6.4,0.0986882379361909,         531P    423
0.260000000000014,0.380000000000014,0.,0.,0.;                        531P    424
126,1,1,0,0,1,0,2.52,2.52,2.84,2.84,1.,1.,-4.41128112173379,6.4,     533P    425
0.0986882379361909,-7.61128112173378,6.4,0.0986882379361909,         533P    426
2.52,2.84,0.,0.,0.;                                                  533P    427
126,1,1,0,0,1,0,-0.319999999999995,-0.319999999999995,               535P    428
-0.199999999999995,-0.199999999999995,1.,1.,-7.61128112173378,       535P    429
6.4,0.0986882379361909,-7.61128112173378,5.2,0.0986882379361909,     535P    430
-0.319999999999995,-0.199999999999995,0.,0.,0.;                      535P    431
126,1,1,0,0,1,0,-2.68,-2.68,-2.36,-2.36,1.,1.,-7.61128112173378,     537P    432
5.2,0.0986882379361909,-4.41128112173378,5.2,0.0986882379361909,     537P    433
-2.68,-2.36,0.,0.,0.;                                                537P    434
126,1,1,0,0,1,0,-6.3,-6.3,-0.0999999999999996,                       539P    435
-0.0999999999999996,1.,1.,-17.0112811217338,13.,                     539P    436
19.8486882379362,44.9887188782662,13.,19.8486882379362,-6.3,         539P    437
-0.0999999999999996,0.,0.,0.;                                        539P    438
126,1,1,0,0,1,0,-1.48125,-1.48125,0.49375,0.49375,1.,1.,             541P    439
44.9887188782662,13.,0.0986882379361909,44.9887188782662,13.,        541P    440
19.8486882379362,-1.48125,0.49375,0.,0.,0.;                          541P    441
126,8,2,0,1,0,0,-3.14159265358979,-3.14159265358979,                 543P    442
-3.14159265358979,-1.5707963267949,-1.5707963267949,0.,0.,           543P    443
1.5707963267949,1.5707963267949,3.14159265358979,                    543P    444
3.14159265358979,3.14159265358979,1.,0.707106781186547,1.,           543P    445
0.707106781186548,1.,0.707106781186548,1.,0.707106781186547,1.,      543P    446
0.238718878266218,13.,7.84868823793619,0.238718878266217,13.,        543P    447
14.0986882379362,-6.01128112173378,13.,14.0986882379362,             543P    448
-12.2612811217338,13.,14.0986882379362,-12.2612811217338,13.,        543P    449
7.84868823793619,-12.2612811217338,13.,1.59868823793619,             543P    450
-6.01128112173378,13.,1.59868823793619,0.238718878266217,13.,        543P    451
1.59868823793619,0.238718878266218,13.,7.84868823793619,             543P    452
-3.14159265358979,3.14159265358979,0.,0.,0.;                         543P    453
126,8,2,0,1,0,0,-3.14159265358979,-3.14159265358979,                 545P    454
-3.14159265358979,-1.5707963267949,-1.5707963267949,0.,0.,           545P    455
1.5707963267949,1.5707963267949,3.14159265358979,                    545P    456
3.14159265358979,3.14159265358979,1.,0.707106781186547,1.,           545P    457
0.707106781186548,1.,0.707106781186548,1.,0.707106781186548,1.,      545P    458
20.2387188782662,13.,7.84868823793619,20.2387188782662,13.,          545P    459
14.0986882379362,13.9887188782662,13.,14.0986882379362,              545P    460
7.73871887826622,13.,14.0986882379362,7.73871887826622,13.,          545P    461
7.84868823793619,7.73871887826622,13.,1.59868823793619,              545P    462
13.9887188782662,13.,1.59868823793619,20.2387188782662,13.,          545P    463
1.59868823793619,20.2387188782662,13.,7.84868823793619,              545P    464
-3.14159265358979,3.14159265358979,0.,0.,0.;                         545P    465
126,8,2,0,1,0,0,-3.14159265358979,-3.14159265358979,                 547P    466
-3.14159265358979,-1.5707963267949,-1.5707963267949,0.,0.,           547P    467
1.5707963267949,1.5707963267949,3.14159265358979,                    547P    468
3.14159265358979,3.14159265358979,1.,0.707106781186547,1.,           547P    469
0.707106781186548,1.,0.707106781186548,1.,0.707106781186548,1.,      547P    470
40.2387188782662,13.,7.84868823793619,40.2387188782662,13.,          547P    471
14.0986882379362,33.9887188782662,13.,14.0986882379362,              547P    472
27.7387188782662,13.,14.0986882379362,27.7387188782662,13.,          547P    473
7.84868823793619,27.7387188782662,13.,1.59868823793619,              547P    474
33.9887188782662,13.,1.59868823793619,40.2387188782662,13.,          547P    475
1.59868823793619,40.2387188782662,13.,7.84868823793619,              547P    476
-3.14159265358979,3.14159265358979,0.,0.,0.;                         547P    477
126,2,2,0,0,0,0,-0.785398163397446,-0.785398163397446,               549P    478
-0.785398163397446,0.785398163397451,0.785398163397451,              549P    479
0.785398163397451,1.,0.707106781186551,1.,44.9887188782662,13.,      549P    480
19.8486882379362,45.9887188782662,13.,19.8486882379362,              549P    481
45.9887188782662,12.,19.8486882379362,-0.785398163397446,            549P    482
0.785398163397451,0.,0.,0.;                                          549P    483
126,1,1,0,0,1,0,-0.49375,-0.49375,1.48125,1.48125,1.,1.,             551P    484
45.9887188782662,12.,19.8486882379362,45.9887188782662,12.,          551P    485
0.0986882379361909,-0.49375,1.48125,0.,0.,0.;                        551P    486
126,1,1,0,0,1,0,3.05,3.05,3.2,3.2,1.,1.,44.4887188782662,4.3,        553P    487
19.8486882379362,45.9887188782662,4.3,19.8486882379362,3.05,3.2,     553P    488
0.,0.,0.;                                                            553P    489
126,1,1,0,0,1,0,-1.11022302462516D-16,-1.11022302462516D-16,         555P    490
1.975,1.975,1.,1.,44.4887188782662,4.3,0.0986882379361897,           555P    491
44.4887188782662,4.3,19.8486882379362,-1.11022302462516D-16,         555P    492
1.975,0.,0.,0.;                                                      555P    493
126,1,1,0,0,1,0,-0.9875,-0.9875,0.9875,0.9875,1.,1.,                 557P    494
45.9887188782662,4.3,19.8486882379362,45.9887188782662,4.3,          557P    495
0.0986882379361909,-0.9875,0.9875,0.,0.,0.;                          557P    496
126,1,1,0,0,1,0,-0.325,-0.325,-0.0750000000000002,                   559P    497
-0.0750000000000002,1.,1.,41.9887188782662,6.3,1.59868823793619,     559P    498
44.4887188782662,6.3,1.59868823793619,-0.325,                        559P    499
-0.0750000000000002,0.,0.,0.;                                        559P    500
126,1,1,0,0,1,0,0.,0.,0.15,0.15,1.,1.,41.9887188782662,6.3,          561P    501
0.0986882379361909,41.9887188782662,6.3,1.59868823793619,0.,         561P    502
0.15,0.,0.,0.;                                                       561P    503
126,1,1,0,0,1,0,0.,0.,0.15,0.15,1.,1.,44.4887188782662,6.3,          563P    504
0.0986882379361909,44.4887188782662,6.3,1.59868823793619,0.,         563P    505
0.15,0.,0.,0.;                                                       563P    506
126,1,1,0,0,1,0,2.875,2.875,3.125,3.125,1.,1.,41.9887188782662,      565P    507
6.3,19.8486882379362,44.4887188782662,6.3,19.8486882379362,          565P    508
2.875,3.125,0.,0.,0.;                                                565P    509
126,1,1,0,0,1,0,1.825,1.825,1.975,1.975,1.,1.,41.9887188782662,      567P    510
6.3,18.3486882379362,41.9887188782662,6.3,19.8486882379362,          567P    511
1.825,1.975,0.,0.,0.;                                                567P    512
126,1,1,0,0,1,0,-3.125,-3.125,-2.875,-2.875,1.,1.,                   569P    513
44.4887188782662,6.3,18.3486882379362,41.9887188782662,6.3,          569P    514
18.3486882379362,-3.125,-2.875,0.,0.,0.;                             569P    515
126,1,1,0,0,1,0,1.825,1.825,1.975,1.975,1.,1.,44.4887188782662,      571P    516
6.3,18.3486882379362,44.4887188782662,6.3,19.8486882379362,          571P    517
1.825,1.975,0.,0.,0.;                                                571P    518
126,1,1,0,0,1,0,0.015,0.015,0.315,0.315,1.,1.,41.9887188782662,      573P    519
3.3,1.59868823793619,41.9887188782662,6.3,1.59868823793619,          573P    520
0.015,0.315,0.,0.,0.;                                                573P    521
126,1,1,0,0,1,0,0.,0.,0.15,0.15,1.,1.,41.9887188782662,3.3,          575P    522
0.0986882379361909,41.9887188782662,3.3,1.59868823793619,0.,         575P    523
0.15,0.,0.,0.;                                                       575P    524
126,1,1,0,0,1,0,-3.4,-3.4,-3.,-3.,1.,1.,45.9887188782662,3.3,        577P    525
19.8486882379362,41.9887188782662,3.3,19.8486882379362,-3.4,-3.,     577P    526
0.,0.,0.;                                                            577P    527
126,1,1,0,0,1,0,-0.9875,-0.9875,0.9875,0.9875,1.,1.,                 579P    528
45.9887188782662,3.3,0.0986882379361909,45.9887188782662,3.3,        579P    529
19.8486882379362,-0.9875,0.9875,0.,0.,0.;                            579P    530
126,1,1,0,0,1,0,-0.0499999999999998,-0.0499999999999998,0.2,0.2,     581P    531
1.,1.,44.4887188782662,3.3,1.59868823793619,41.9887188782662,        581P    532
3.3,1.59868823793619,-0.0499999999999998,0.2,0.,0.,0.;               581P    533
126,1,1,0,0,1,0,-0.8375,-0.8375,0.8375,0.8375,1.,1.,                 583P    534
44.4887188782662,3.3,18.3486882379362,44.4887188782662,3.3,          583P    535
1.59868823793619,-0.8375,0.8375,0.,0.,0.;                            583P    536
126,1,1,0,0,1,0,3.,3.,3.25,3.25,1.,1.,41.9887188782662,3.3,          585P    537
18.3486882379362,44.4887188782662,3.3,18.3486882379362,3.,3.25,      585P    538
0.,0.,0.;                                                            585P    539
126,1,1,0,0,1,0,1.825,1.825,1.975,1.975,1.,1.,41.9887188782662,      587P    540
3.3,18.3486882379362,41.9887188782662,3.3,19.8486882379362,          587P    541
1.825,1.975,0.,0.,0.;                                                587P    542
126,1,1,0,0,1,0,0.015,0.015,0.315,0.315,1.,1.,41.9887188782662,      589P    543
3.3,19.8486882379362,41.9887188782662,6.3,19.8486882379362,          589P    544
0.015,0.315,0.,0.,0.;                                                589P    545
126,1,1,0,0,1,0,-0.315,-0.315,-0.015,-0.015,1.,1.,                   591P    546
41.9887188782662,6.3,18.3486882379362,41.9887188782662,3.3,          591P    547
18.3486882379362,-0.315,-0.015,0.,0.,0.;                             591P    548
126,1,1,0,0,1,0,-0.2,-0.2,0.0499999999999998,0.0499999999999998,     593P    549
1.,1.,-14.0112811217338,6.3,18.3486882379362,-16.5112811217338,      593P    550
6.3,18.3486882379362,-0.2,0.0499999999999998,0.,0.,0.;               593P    551
126,1,1,0,0,1,0,1.825,1.825,1.975,1.975,1.,1.,-14.0112811217338,     595P    552
6.3,18.3486882379362,-14.0112811217338,6.3,19.8486882379362,         595P    553
1.825,1.975,0.,0.,0.;                                                595P    554
126,1,1,0,0,1,0,-0.0499999999999998,-0.0499999999999998,0.2,0.2,     597P    555
1.,1.,-16.5112811217338,6.3,19.8486882379362,-14.0112811217338,      597P    556
6.3,19.8486882379362,-0.0499999999999998,0.2,0.,0.,0.;               597P    557
126,1,1,0,0,1,0,1.825,1.825,1.975,1.975,1.,1.,-16.5112811217338,     599P    558
6.3,18.3486882379362,-16.5112811217338,6.3,19.8486882379362,         599P    559
1.825,1.975,0.,0.,0.;                                                599P    560
126,1,1,0,0,1,0,0.165,0.165,0.465,0.465,1.,1.,-14.0112811217338,     601P    561
3.3,18.3486882379362,-14.0112811217338,6.3,18.3486882379362,         601P    562
0.165,0.465,0.,0.,0.;                                                601P    563
126,1,1,0,0,1,0,1.825,1.825,1.975,1.975,1.,1.,-14.0112811217338,     603P    564
3.3,18.3486882379362,-14.0112811217338,3.3,19.8486882379362,         603P    565
1.825,1.975,0.,0.,0.;                                                603P    566
126,1,1,0,0,1,0,-0.465,-0.465,-0.165,-0.165,1.,1.,                   605P    567
-14.0112811217338,6.3,19.8486882379362,-14.0112811217338,3.3,        605P    568
19.8486882379362,-0.465,-0.165,0.,0.,0.;                             605P    569
126,1,1,0,0,1,0,2.8,2.8,3.05,3.05,1.,1.,-14.0112811217338,3.3,       607P    570
1.59868823793619,-16.5112811217338,3.3,1.59868823793619,2.8,         607P    571
3.05,0.,0.,0.;                                                       607P    572
126,1,1,0,0,1,0,0.,0.,0.15,0.15,1.,1.,-14.0112811217338,3.3,         609P    573
0.0986882379361909,-14.0112811217338,3.3,1.59868823793619,0.,        609P    574
0.15,0.,0.,0.;                                                       609P    575
126,1,1,0,0,1,0,-1.975,-1.975,0.,0.,1.,1.,-18.0112811217338,3.3,     611P    576
19.8486882379362,-18.0112811217338,3.3,0.0986882379361909,           611P    577
-1.975,0.,0.,0.,0.;                                                  611P    578
126,1,1,0,0,1,0,-0.4,-0.4,0.,0.,1.,1.,-14.0112811217338,3.3,         613P    579
19.8486882379362,-18.0112811217338,3.3,19.8486882379362,-0.4,0.,     613P    580
0.,0.,0.;                                                            613P    581
126,1,1,0,0,1,0,0.15,0.15,0.4,0.4,1.,1.,-16.5112811217338,3.3,       615P    582
18.3486882379362,-14.0112811217338,3.3,18.3486882379362,0.15,        615P    583
0.4,0.,0.,0.;                                                        615P    584
126,1,1,0,0,1,0,0.15,0.15,1.825,1.825,1.,1.,-16.5112811217338,       617P    585
3.3,1.59868823793619,-16.5112811217338,3.3,18.3486882379362,         617P    586
0.15,1.825,0.,0.,0.;                                                 617P    587
126,1,1,0,0,1,0,-0.0750000000000002,-0.0750000000000002,             619P    588
0.0750000000000002,0.0750000000000002,1.,1.,-18.0112811217338,       619P    589
4.3,19.8486882379362,-16.5112811217338,4.3,19.8486882379362,         619P    590
-0.0750000000000002,0.0750000000000002,0.,0.,0.;                     619P    591
126,1,1,0,0,1,0,0.,0.,1.975,1.975,1.,1.,-18.0112811217338,4.3,       621P    592
0.0986882379361909,-18.0112811217338,4.3,19.8486882379362,0.,        621P    593
1.975,0.,0.,0.;                                                      621P    594
126,1,1,0,0,1,0,0.,0.,1.975,1.975,1.,1.,-16.5112811217338,4.3,       623P    595
0.0986882379361909,-16.5112811217338,4.3,19.8486882379362,0.,        623P    596
1.975,0.,0.,0.;                                                      623P    597
126,1,1,0,0,1,0,-3.25,-3.25,-3.,-3.,1.,1.,-16.5112811217338,6.3,     625P    598
1.59868823793619,-14.0112811217338,6.3,1.59868823793619,-3.25,       625P    599
-3.,0.,0.,0.;                                                        625P    600
126,1,1,0,0,1,0,0.,0.,0.15,0.15,1.,1.,-16.5112811217338,6.3,         627P    601
0.0986882379361909,-16.5112811217338,6.3,1.59868823793619,0.,        627P    602
0.15,0.,0.,0.;                                                       627P    603
126,1,1,0,0,1,0,0.,0.,0.15,0.15,1.,1.,-14.0112811217338,6.3,         629P    604
0.0986882379361909,-14.0112811217338,6.3,1.59868823793619,0.,        629P    605
0.15,0.,0.,0.;                                                       629P    606
126,1,1,0,0,1,0,-0.465,-0.465,-0.165,-0.165,1.,1.,                   631P    607
-14.0112811217338,6.3,1.59868823793619,-14.0112811217338,3.3,        631P    608
1.59868823793619,-0.465,-0.165,0.,0.,0.;                             631P    609
126,1,1,0,0,1,0,0.,0.,0.33,0.33,1.,1.,45.9887188782662,0.,           633P    610
19.8486882379362,45.9887188782662,3.3,19.8486882379362,0.,0.33,      633P    611
0.,0.,0.;                                                            633P    612
126,1,1,0,0,1,0,1.825,1.825,1.975,1.975,1.,1.,45.9887188782662,      635P    613
0.,18.3486882379362,45.9887188782662,0.,19.8486882379362,1.825,      635P    614
1.975,0.,0.,0.;                                                      635P    615
126,1,1,0,0,1,0,0.,0.,0.1,0.1,1.,1.,45.9887188782662,0.,             637P    616
18.3486882379362,45.9887188782662,1.,18.3486882379362,0.,0.1,0.,     637P    617
0.,0.;                                                               637P    618
126,1,1,0,0,1,0,0.7975,0.7975,0.8675,0.8675,1.,1.,                   639P    619
45.9887188782662,1.,18.3486882379362,45.9887188782662,1.,            639P    620
19.0486882379362,0.7975,0.8675,0.,0.,0.;                             639P    621
126,1,1,0,0,1,0,0.05,0.05,0.19,0.19,1.,1.,45.9887188782662,1.,       641P    622
19.0486882379362,45.9887188782662,2.4,19.0486882379362,0.05,         641P    623
0.19,0.,0.,0.;                                                       641P    624
126,1,1,0,0,1,0,0.04,0.04,1.855,1.855,1.,1.,45.9887188782662,        643P    625
2.4,19.0486882379362,45.9887188782662,2.4,0.898688237936192,         643P    626
0.04,1.855,0.,0.,0.;                                                 643P    627
126,1,1,0,0,1,0,-0.12,-0.12,0.02,0.02,1.,1.,45.9887188782662,        645P    628
2.4,0.898688237936192,45.9887188782662,1.,0.898688237936192,         645P    629
-0.12,0.02,0.,0.,0.;                                                 645P    630
126,1,1,0,0,1,0,-0.9475,-0.9475,-0.8775,-0.8775,1.,1.,               647P    631
45.9887188782662,1.,0.898688237936192,45.9887188782662,1.,           647P    632
1.59868823793619,-0.9475,-0.8775,0.,0.,0.;                           647P    633
126,1,1,0,0,1,0,-0.1,-0.1,0.,0.,1.,1.,45.9887188782662,1.,           649P    634
1.59868823793619,45.9887188782662,0.,1.59868823793619,-0.1,0.,       649P    635
0.,0.,0.;                                                            649P    636
126,1,1,0,0,1,0,0.,0.,0.15,0.15,1.,1.,45.9887188782662,0.,           651P    637
0.0986882379361909,45.9887188782662,0.,1.59868823793619,0.,0.15,     651P    638
0.,0.,0.;                                                            651P    639
126,1,1,0,0,1,0,0.63,0.63,1.24,1.24,1.,1.,44.4887188782662,6.3,      653P    640
18.3486882379362,44.4887188782662,12.4,18.3486882379362,0.63,        653P    641
1.24,0.,0.,0.;                                                       653P    642
126,1,1,0,0,1,0,0.,0.,1.675,1.675,1.,1.,44.4887188782662,12.4,       655P    643
18.3486882379362,44.4887188782662,12.4,1.59868823793619,0.,          655P    644
1.675,0.,0.,0.;                                                      655P    645
126,1,1,0,0,1,0,0.63,0.63,1.24,1.24,1.,1.,44.4887188782662,6.3,      657P    646
1.59868823793619,44.4887188782662,12.4,1.59868823793619,0.63,        657P    647
1.24,0.,0.,0.;                                                       657P    648
126,1,1,0,0,1,0,-0.415,-0.415,-0.215,-0.215,1.,1.,                   659P    649
44.4887188782662,6.3,19.8486882379362,44.4887188782662,4.3,          659P    650
19.8486882379362,-0.415,-0.215,0.,0.,0.;                             659P    651
126,1,1,0,0,1,0,0.24,0.24,0.33,0.33,1.,1.,44.4887188782662,2.4,      661P    652
1.59868823793619,44.4887188782662,3.3,1.59868823793619,0.24,         661P    653
0.33,0.,0.,0.;                                                       661P    654
126,1,1,0,0,1,0,-1.785,-1.785,-0.11,-0.11,1.,1.,                     663P    655
44.4887188782662,2.4,1.59868823793619,44.4887188782662,2.4,          663P    656
18.3486882379362,-1.785,-0.11,0.,0.,0.;                              663P    657
126,1,1,0,0,1,0,0.24,0.24,0.33,0.33,1.,1.,44.4887188782662,2.4,      665P    658
18.3486882379362,44.4887188782662,3.3,18.3486882379362,0.24,         665P    659
0.33,0.,0.,0.;                                                       665P    660
126,1,1,0,0,1,0,-3.05,-3.05,3.05,3.05,1.,1.,44.4887188782662,        667P    661
2.4,18.3486882379362,-16.5112811217338,2.4,18.3486882379362,         667P    662
-3.05,3.05,0.,0.,0.;                                                 667P    663
126,1,1,0,0,1,0,0.24,0.24,0.33,0.33,1.,1.,-16.5112811217338,2.4,     669P    664
18.3486882379362,-16.5112811217338,3.3,18.3486882379362,0.24,        669P    665
0.33,0.,0.,0.;                                                       669P    666
126,1,1,0,0,1,0,0.63,0.63,1.24,1.24,1.,1.,-16.5112811217338,6.3,     671P    667
18.3486882379362,-16.5112811217338,12.4,18.3486882379362,0.63,       671P    668
1.24,0.,0.,0.;                                                       671P    669
126,1,1,0,0,1,0,0.,0.,6.1,6.1,1.,1.,-16.5112811217338,12.4,          673P    670
18.3486882379362,44.4887188782662,12.4,18.3486882379362,0.,6.1,      673P    671
0.,0.,0.;                                                            673P    672
126,1,1,0,0,1,0,0.259999999999996,0.259999999999996,                 675P    673
0.379999999999996,0.379999999999996,1.,1.,-4.41128112173378,5.2,     675P    674
18.3486882379362,-4.41128112173379,6.4,18.3486882379362,             675P    675
0.259999999999996,0.379999999999996,0.,0.,0.;                        675P    676
126,1,1,0,0,1,0,-0.68,-0.68,-0.360000000000001,                      677P    677
-0.360000000000001,1.,1.,-4.41128112173379,6.4,18.3486882379362,     677P    678
-7.61128112173378,6.4,18.3486882379362,-0.68,-0.360000000000001,     677P    679
0.,0.,0.;                                                            677P    680
126,1,1,0,0,1,0,-0.320000000000001,-0.320000000000001,               679P    681
-0.200000000000001,-0.200000000000001,1.,1.,-7.61128112173378,       679P    682
6.4,18.3486882379362,-7.61128112173378,5.2,18.3486882379362,         679P    683
-0.320000000000001,-0.200000000000001,0.,0.,0.;                      679P    684
126,1,1,0,0,1,0,0.52,0.52,0.84,0.84,1.,1.,-7.61128112173378,5.2,     681P    685
18.3486882379362,-4.41128112173378,5.2,18.3486882379362,0.52,        681P    686
0.84,0.,0.,0.;                                                       681P    687
126,1,1,0,0,1,0,0.25999999999999,0.25999999999999,                   683P    688
0.37999999999999,0.37999999999999,1.,1.,35.5887188782662,5.2,        683P    689
18.3486882379362,35.5887188782662,6.4,18.3486882379362,              683P    690
0.25999999999999,0.37999999999999,0.,0.,0.;                          683P    691
126,1,1,0,0,1,0,-2.68,-2.68,-2.36,-2.36,1.,1.,35.5887188782662,      685P    692
6.4,18.3486882379362,32.3887188782662,6.4,18.3486882379362,          685P    693
-2.68,-2.36,0.,0.,0.;                                                685P    694
126,1,1,0,0,1,0,-0.320000000000019,-0.320000000000019,               687P    695
-0.200000000000019,-0.200000000000019,1.,1.,32.3887188782662,        687P    696
6.4,18.3486882379362,32.3887188782662,5.2,18.3486882379362,          687P    697
-0.320000000000019,-0.200000000000019,0.,0.,0.;                      687P    698
126,1,1,0,0,1,0,2.52,2.52,2.84,2.84,1.,1.,32.3887188782662,5.2,      689P    699
18.3486882379362,35.5887188782662,5.2,18.3486882379362,2.52,         689P    700
2.84,0.,0.,0.;                                                       689P    701
126,1,1,0,0,1,0,-0.315,-0.315,-0.015,-0.015,1.,1.,                   691P    702
6.48871887826622,6.3,18.3486882379362,6.48871887826622,3.3,          691P    703
18.3486882379362,-0.315,-0.015,0.,0.,0.;                             691P    704
126,1,1,0,0,1,0,1.225,1.225,2.725,2.725,1.,1.,6.48871887826622,      693P    705
3.3,18.3486882379362,21.4887188782662,3.3,18.3486882379362,          693P    706
1.225,2.725,0.,0.,0.;                                                693P    707
126,1,1,0,0,1,0,0.165,0.165,0.465,0.465,1.,1.,21.4887188782662,      695P    708
3.3,18.3486882379362,21.4887188782662,6.3,18.3486882379362,          695P    709
0.165,0.465,0.,0.,0.;                                                695P    710
126,1,1,0,0,1,0,-1.975,-1.975,-0.475,-0.475,1.,1.,                   697P    711
21.4887188782662,6.3,18.3486882379362,6.48871887826622,6.3,          697P    712
18.3486882379362,-1.975,-0.475,0.,0.,0.;                             697P    713
126,1,1,0,0,1,0,0.63,0.63,1.24,1.24,1.,1.,-16.5112811217338,6.3,     699P    714
1.59868823793619,-16.5112811217338,12.4,1.59868823793619,0.63,       699P    715
1.24,0.,0.,0.;                                                       699P    716
126,1,1,0,0,1,0,0.,0.,1.675,1.675,1.,1.,-16.5112811217338,12.4,      701P    717
1.5986882379362,-16.5112811217338,12.4,18.3486882379362,0.,          701P    718
1.675,0.,0.,0.;                                                      701P    719
126,1,1,0,0,1,0,0.115,0.115,0.315,0.315,1.,1.,-16.5112811217338,     703P    720
4.3,19.8486882379362,-16.5112811217338,6.3,19.8486882379362,         703P    721
0.115,0.315,0.,0.,0.;                                                703P    722
126,1,1,0,0,1,0,-0.8775,-0.8775,0.7975,0.7975,1.,1.,                 705P    723
-16.5112811217338,2.4,18.3486882379362,-16.5112811217338,2.4,        705P    724
1.59868823793619,-0.8775,0.7975,0.,0.,0.;                            705P    725
126,1,1,0,0,1,0,0.24,0.24,0.33,0.33,1.,1.,-16.5112811217338,2.4,     707P    726
1.59868823793619,-16.5112811217338,3.3,1.59868823793619,0.24,        707P    727
0.33,0.,0.,0.;                                                       707P    728
126,1,1,0,0,1,0,0.43,0.43,1.2,1.2,1.,1.,-18.0112811217338,4.3,       709P    729
19.8486882379362,-18.0112811217338,12.,19.8486882379362,0.43,        709P    730
1.2,0.,0.,0.;                                                        709P    731
126,1,1,0,0,1,0,0.,0.,0.33,0.33,1.,1.,-18.0112811217338,0.,          711P    732
19.8486882379362,-18.0112811217338,3.3,19.8486882379362,0.,0.33,     711P    733
0.,0.,0.;                                                            711P    734
126,1,1,0,0,1,0,0.,0.,6.4,6.4,1.,1.,45.9887188782662,0.,             713P    735
19.8486882379362,-18.0112811217338,0.,19.8486882379362,0.,6.4,       713P    736
0.,0.,0.;                                                            713P    737
126,1,1,0,0,1,0,0.43,0.43,1.2,1.2,1.,1.,45.9887188782662,4.3,        715P    738
19.8486882379362,45.9887188782662,12.,19.8486882379362,0.43,1.2,     715P    739
0.,0.,0.;                                                            715P    740
126,1,1,0,0,1,0,0.015,0.015,0.315,0.315,1.,1.,6.48871887826622,      717P    741
3.3,19.8486882379362,6.48871887826622,6.3,19.8486882379362,          717P    742
0.015,0.315,0.,0.,0.;                                                717P    743
126,1,1,0,0,1,0,0.475,0.475,1.975,1.975,1.,1.,6.48871887826622,      719P    744
6.3,19.8486882379362,21.4887188782662,6.3,19.8486882379362,          719P    745
0.475,1.975,0.,0.,0.;                                                719P    746
126,1,1,0,0,1,0,-0.465,-0.465,-0.165,-0.165,1.,1.,                   721P    747
21.4887188782662,6.3,19.8486882379362,21.4887188782662,3.3,          721P    748
19.8486882379362,-0.465,-0.165,0.,0.,0.;                             721P    749
126,1,1,0,0,1,0,-2.725,-2.725,-1.225,-1.225,1.,1.,                   723P    750
21.4887188782662,3.3,19.8486882379362,6.48871887826622,3.3,          723P    751
19.8486882379362,-2.725,-1.225,0.,0.,0.;                             723P    752
126,1,1,0,0,1,0,-0.37999999999999,-0.37999999999999,                 725P    753
-0.25999999999999,-0.25999999999999,1.,1.,35.5887188782662,6.4,      725P    754
19.8486882379362,35.5887188782662,5.2,19.8486882379362,              725P    755
-0.37999999999999,-0.25999999999999,0.,0.,0.;                        725P    756
126,1,1,0,0,1,0,-2.84,-2.84,-2.52,-2.52,1.,1.,35.5887188782662,      727P    757
5.2,19.8486882379362,32.3887188782662,5.2,19.8486882379362,          727P    758
-2.84,-2.52,0.,0.,0.;                                                727P    759
126,1,1,0,0,1,0,0.200000000000019,0.200000000000019,                 729P    760
0.320000000000019,0.320000000000019,1.,1.,32.3887188782662,5.2,      729P    761
19.8486882379362,32.3887188782662,6.4,19.8486882379362,              729P    762
0.200000000000019,0.320000000000019,0.,0.,0.;                        729P    763
126,1,1,0,0,1,0,2.36,2.36,2.68,2.68,1.,1.,32.3887188782662,6.4,      731P    764
19.8486882379362,35.5887188782662,6.4,19.8486882379362,2.36,         731P    765
2.68,0.,0.,0.;                                                       731P    766
126,1,1,0,0,1,0,-0.379999999999996,-0.379999999999996,               733P    767
-0.259999999999996,-0.259999999999996,1.,1.,-4.41128112173379,       733P    768
6.4,19.8486882379362,-4.41128112173378,5.2,19.8486882379362,         733P    769
-0.379999999999996,-0.259999999999996,0.,0.,0.;                      733P    770
126,1,1,0,0,1,0,-0.84,-0.84,-0.52,-0.52,1.,1.,-4.41128112173378,     735P    771
5.2,19.8486882379362,-7.61128112173378,5.2,19.8486882379362,         735P    772
-0.84,-0.52,0.,0.,0.;                                                735P    773
126,1,1,0,0,1,0,0.200000000000001,0.200000000000001,                 737P    774
0.320000000000001,0.320000000000001,1.,1.,-7.61128112173378,5.2,     737P    775
19.8486882379362,-7.61128112173378,6.4,19.8486882379362,             737P    776
0.200000000000001,0.320000000000001,0.,0.,0.;                        737P    777
126,1,1,0,0,1,0,0.360000000000001,0.360000000000001,0.68,0.68,       739P    778
1.,1.,-7.61128112173378,6.4,19.8486882379362,-4.41128112173379,      739P    779
6.4,19.8486882379362,0.360000000000001,0.68,0.,0.,0.;                739P    780
126,1,1,0,0,1,0,0.,0.,1.975,1.975,1.,1.,-18.0112811217338,0.,        741P    781
19.8486882379362,-18.0112811217338,0.,0.0986882379361909,0.,         741P    782
1.975,0.,0.,0.;                                                      741P    783
126,1,1,0,0,1,0,0.,0.,6.25,6.25,1.,1.,45.9887188782662,1.,           743P    784
1.59868823793619,-16.5112811217338,1.,1.59868823793619,0.,6.25,      743P    785
0.,0.,0.;                                                            743P    786
126,1,1,0,0,1,0,0.,0.,6.32,6.32,1.,1.,45.9887188782662,1.,           745P    787
0.898688237936191,-17.2112811217338,1.,0.898688237936191,0.,         745P    788
6.32,0.,0.,0.;                                                       745P    789
126,1,1,0,0,1,0,0.,0.,1.815,1.815,1.,1.,-17.2112811217338,1.,        747P    790
0.898688237936191,-17.2112811217338,1.,19.0486882379362,0.,          747P    791
1.815,0.,0.,0.;                                                      747P    792
126,1,1,0,0,1,0,0.,0.,6.32,6.32,1.,1.,45.9887188782662,1.,           749P    793
19.0486882379362,-17.2112811217338,1.,19.0486882379362,0.,6.32,      749P    794
0.,0.,0.;                                                            749P    795
126,1,1,0,0,1,0,-3.05,-3.05,3.2,3.2,1.,1.,-16.5112811217338,1.,      751P    796
18.3486882379362,45.9887188782662,1.,18.3486882379362,-3.05,3.2,     751P    797
0.,0.,0.;                                                            751P    798
126,1,1,0,0,1,0,0.11,0.11,1.785,1.785,1.,1.,-16.5112811217338,       753P    799
1.,1.59868823793619,-16.5112811217338,1.,18.3486882379362,0.11,      753P    800
1.785,0.,0.,0.;                                                      753P    801
126,1,1,0,0,1,0,-4.575,-4.575,1.675,1.675,1.,1.,                     755P    802
-16.5112811217338,0.,18.3486882379362,45.9887188782662,0.,           755P    803
18.3486882379362,-4.575,1.675,0.,0.,0.;                              755P    804
126,1,1,0,0,1,0,-1.6,-1.6,4.65,4.65,1.,1.,45.9887188782662,0.,       757P    805
1.59868823793619,-16.5112811217338,0.,1.59868823793619,-1.6,         757P    806
4.65,0.,0.,0.;                                                       757P    807
126,1,1,0,0,1,0,-0.34375,-0.34375,1.33125,1.33125,1.,1.,             759P    808
-16.5112811217338,0.,1.59868823793619,-16.5112811217338,0.,          759P    809
18.3486882379362,-0.34375,1.33125,0.,0.,0.;                          759P    810
126,1,1,0,0,1,0,0.,0.,6.32,6.32,1.,1.,45.9887188782662,2.4,          761P    811
19.0486882379362,-17.2112811217338,2.4,19.0486882379362,0.,6.32,     761P    812
0.,0.,0.;                                                            761P    813
126,1,1,0,0,1,0,0.,0.,1.815,1.815,1.,1.,-17.2112811217338,2.4,       763P    814
19.0486882379362,-17.2112811217338,2.4,0.898688237936192,0.,         763P    815
1.815,0.,0.,0.;                                                      763P    816
126,1,1,0,0,1,0,0.,0.,6.32,6.32,1.,1.,45.9887188782662,2.4,          765P    817
0.898688237936191,-17.2112811217338,2.4,0.898688237936191,0.,        765P    818
6.32,0.,0.,0.;                                                       765P    819
126,1,1,0,0,1,0,-6.25,-6.25,-0.15,-0.15,1.,1.,-16.5112811217338,     767P    820
2.4,1.59868823793619,44.4887188782662,2.4,1.59868823793619,          767P    821
-6.25,-0.15,0.,0.,0.;                                                767P    822
126,1,1,0,0,1,0,0.,0.,0.14,0.14,1.,1.,-17.2112811217338,1.,          769P    823
19.0486882379362,-17.2112811217338,2.4,19.0486882379362,0.,0.14,     769P    824
0.,0.,0.;                                                            769P    825
126,1,1,0,0,1,0,0.,0.,0.14,0.14,1.,1.,-17.2112811217338,2.4,         771P    826
0.898688237936191,-17.2112811217338,1.,0.898688237936191,0.,         771P    827
0.14,0.,0.,0.;                                                       771P    828
126,1,1,0,0,1,0,0.,0.,0.1,0.1,1.,1.,-16.5112811217338,0.,            773P    829
18.3486882379362,-16.5112811217338,1.,18.3486882379362,0.,0.1,       773P    830
0.,0.,0.;                                                            773P    831
126,1,1,0,0,1,0,0.,0.,0.1,0.1,1.,1.,-16.5112811217338,0.,            775P    832
1.59868823793619,-16.5112811217338,1.,1.59868823793619,0.,0.1,       775P    833
0.,0.,0.;                                                            775P    834
126,1,1,0,0,1,0,0.,0.,0.15,0.15,1.,1.,-7.61128112173378,6.4,         777P    835
1.59868823793619,-7.61128112173378,6.4,0.0986882379361909,0.,        777P    836
0.15,0.,0.,0.;                                                       777P    837
126,1,1,0,0,1,0,0.199999999999995,0.199999999999995,                 779P    838
0.319999999999995,0.319999999999995,1.,1.,-7.61128112173378,5.2,     779P    839
1.59868823793619,-7.61128112173378,6.4,1.59868823793619,             779P    840
0.199999999999995,0.319999999999995,0.,0.,0.;                        779P    841
126,1,1,0,0,1,0,0.,0.,0.15,0.15,1.,1.,-7.61128112173378,5.2,         781P    842
1.59868823793619,-7.61128112173378,5.2,0.0986882379361909,0.,        781P    843
0.15,0.,0.,0.;                                                       781P    844
126,1,1,0,0,1,0,2.36,2.36,2.68,2.68,1.,1.,-4.41128112173378,5.2,     783P    845
1.59868823793619,-7.61128112173378,5.2,1.59868823793619,2.36,        783P    846
2.68,0.,0.,0.;                                                       783P    847
126,1,1,0,0,1,0,0.,0.,0.15,0.15,1.,1.,-4.41128112173378,5.2,         785P    848
1.59868823793619,-4.41128112173378,5.2,0.0986882379361909,0.,        785P    849
0.15,0.,0.,0.;                                                       785P    850
126,1,1,0,0,1,0,-0.380000000000014,-0.380000000000014,               787P    851
-0.260000000000014,-0.260000000000014,1.,1.,-4.41128112173379,       787P    852
6.4,1.59868823793619,-4.41128112173378,5.2,1.59868823793619,         787P    853
-0.380000000000014,-0.260000000000014,0.,0.,0.;                      787P    854
126,1,1,0,0,1,0,0.,0.,0.15,0.15,1.,1.,-4.41128112173379,6.4,         789P    855
1.59868823793619,-4.41128112173379,6.4,0.0986882379361909,0.,        789P    856
0.15,0.,0.,0.;                                                       789P    857
126,1,1,0,0,1,0,-2.84,-2.84,-2.52,-2.52,1.,1.,-7.61128112173378,     791P    858
6.4,1.59868823793619,-4.41128112173379,6.4,1.59868823793619,         791P    859
-2.84,-2.52,0.,0.,0.;                                                791P    860
126,1,1,0,0,1,0,0.,0.,0.15,0.15,1.,1.,32.3887188782662,6.4,          793P    861
1.59868823793619,32.3887188782662,6.4,0.0986882379361909,0.,         793P    862
0.15,0.,0.,0.;                                                       793P    863
126,1,1,0,0,1,0,0.199999999999995,0.199999999999995,                 795P    864
0.319999999999995,0.319999999999995,1.,1.,32.3887188782662,5.2,      795P    865
1.59868823793619,32.3887188782662,6.4,1.59868823793619,              795P    866
0.199999999999995,0.319999999999995,0.,0.,0.;                        795P    867
126,1,1,0,0,1,0,0.,0.,0.15,0.15,1.,1.,32.3887188782662,5.2,          797P    868
1.59868823793619,32.3887188782662,5.2,0.0986882379361909,0.,         797P    869
0.15,0.,0.,0.;                                                       797P    870
126,1,1,0,0,1,0,0.36,0.36,0.68,0.68,1.,1.,35.5887188782662,5.2,      799P    871
1.59868823793619,32.3887188782662,5.2,1.59868823793619,0.36,         799P    872
0.68,0.,0.,0.;                                                       799P    873
126,1,1,0,0,1,0,0.,0.,0.15,0.15,1.,1.,35.5887188782662,5.2,          801P    874
1.59868823793619,35.5887188782662,5.2,0.0986882379361909,0.,         801P    875
0.15,0.,0.,0.;                                                       801P    876
126,1,1,0,0,1,0,-0.380000000000002,-0.380000000000002,               803P    877
-0.260000000000002,-0.260000000000002,1.,1.,35.5887188782662,        803P    878
6.4,1.59868823793619,35.5887188782662,5.2,1.59868823793619,          803P    879
-0.380000000000002,-0.260000000000002,0.,0.,0.;                      803P    880
126,1,1,0,0,1,0,0.,0.,0.15,0.15,1.,1.,35.5887188782662,6.4,          805P    881
1.59868823793619,35.5887188782662,6.4,0.0986882379361909,0.,         805P    882
0.15,0.,0.,0.;                                                       805P    883
126,1,1,0,0,1,0,-0.839999999999999,-0.839999999999999,-0.52,         807P    884
-0.52,1.,1.,32.3887188782662,6.4,1.59868823793619,                   807P    885
35.5887188782662,6.4,1.59868823793619,-0.839999999999999,-0.52,      807P    886
0.,0.,0.;                                                            807P    887
126,1,1,0,0,1,0,0.,0.,0.15,0.15,1.,1.,-7.61128112173378,5.2,         809P    888
18.3486882379362,-7.61128112173378,5.2,19.8486882379362,0.,0.15,     809P    889
0.,0.,0.;                                                            809P    890
126,1,1,0,0,1,0,0.,0.,0.15,0.15,1.,1.,-7.61128112173378,6.4,         811P    891
18.3486882379362,-7.61128112173378,6.4,19.8486882379362,0.,0.15,     811P    892
0.,0.,0.;                                                            811P    893
126,1,1,0,0,1,0,0.,0.,0.15,0.15,1.,1.,-4.41128112173379,6.4,         813P    894
18.3486882379362,-4.41128112173379,6.4,19.8486882379362,0.,0.15,     813P    895
0.,0.,0.;                                                            813P    896
126,1,1,0,0,1,0,0.,0.,0.15,0.15,1.,1.,-4.41128112173378,5.2,         815P    897
18.3486882379362,-4.41128112173378,5.2,19.8486882379362,0.,0.15,     815P    898
0.,0.,0.;                                                            815P    899
126,1,1,0,0,1,0,0.,0.,0.15,0.15,1.,1.,32.3887188782662,5.2,          817P    900
18.3486882379362,32.3887188782662,5.2,19.8486882379362,0.,0.15,      817P    901
0.,0.,0.;                                                            817P    902
126,1,1,0,0,1,0,0.,0.,0.15,0.15,1.,1.,32.3887188782662,6.4,          819P    903
18.3486882379362,32.3887188782662,6.4,19.8486882379362,0.,0.15,      819P    904
0.,0.,0.;                                                            819P    905
126,1,1,0,0,1,0,0.,0.,0.15,0.15,1.,1.,35.5887188782662,6.4,          821P    906
18.3486882379362,35.5887188782662,6.4,19.8486882379362,0.,0.15,      821P    907
0.,0.,0.;                                                            821P    908
126,1,1,0,0,1,0,0.,0.,0.15,0.15,1.,1.,35.5887188782662,5.2,          823P    909
18.3486882379362,35.5887188782662,5.2,19.8486882379362,0.,0.15,      823P    910
0.,0.,0.;                                                            823P    911
126,1,1,0,0,1,0,0.,0.,0.0960000000000001,0.0960000000000001,1.,      825P    912
1.,0.238718878266218,13.,7.84868823793619,0.238718878266218,         825P    913
12.4,7.84868823793619,0.,0.0960000000000001,0.,0.,0.;                825P    914
126,6,2,0,0,0,0,-1.5707963267949,-1.5707963267949,                   827P    915
-1.5707963267949,0.,0.,1.5707963267949,1.5707963267949,              827P    916
3.14159265358979,3.14159265358979,3.14159265358979,1.,               827P    917
0.707106781186548,1.,0.707106781186548,1.,0.707106781186547,1.,      827P    918
-6.01128112173378,12.4,1.59868823793619,-12.2612811217338,12.4,      827P    919
1.59868823793619,-12.2612811217338,12.4,7.84868823793619,            827P    920
-12.2612811217338,12.4,14.0986882379362,-6.01128112173378,12.4,      827P    921
14.0986882379362,0.238718878266217,12.4,14.0986882379362,            827P    922
0.238718878266218,12.4,7.84868823793619,-1.5707963267949,            827P    923
3.14159265358979,0.,0.,0.;                                           827P    924
126,2,2,0,0,0,0,3.14159265358979,3.14159265358979,                   829P    925
3.14159265358979,4.71238898038469,4.71238898038469,                  829P    926
4.71238898038469,1.,0.707106781186548,1.,0.238718878266218,12.4,     829P    927
7.84868823793619,0.238718878266218,12.4,1.59868823793619,            829P    928
-6.01128112173378,12.4,1.59868823793619,3.14159265358979,            829P    929
4.71238898038469,0.,0.,0.;                                           829P    930
126,1,1,0,0,1,0,0.,0.,0.0960000000000001,0.0960000000000001,1.,      831P    931
1.,20.2387188782662,13.,7.84868823793619,20.2387188782662,12.4,      831P    932
7.84868823793619,0.,0.0960000000000001,0.,0.,0.;                     831P    933
126,6,2,0,0,0,0,-1.5707963267949,-1.5707963267949,                   833P    934
-1.5707963267949,0.,0.,1.5707963267949,1.5707963267949,              833P    935
3.14159265358979,3.14159265358979,3.14159265358979,1.,               833P    936
0.707106781186548,1.,0.707106781186548,1.,0.707106781186547,1.,      833P    937
13.9887188782662,12.4,1.59868823793619,7.73871887826622,12.4,        833P    938
1.59868823793619,7.73871887826622,12.4,7.84868823793619,             833P    939
7.73871887826622,12.4,14.0986882379362,13.9887188782662,12.4,        833P    940
14.0986882379362,20.2387188782662,12.4,14.0986882379362,             833P    941
20.2387188782662,12.4,7.84868823793619,-1.5707963267949,             833P    942
3.14159265358979,0.,0.,0.;                                           833P    943
126,2,2,0,0,0,0,3.14159265358979,3.14159265358979,                   835P    944
3.14159265358979,4.71238898038469,4.71238898038469,                  835P    945
4.71238898038469,1.,0.707106781186547,1.,20.2387188782662,12.4,      835P    946
7.84868823793619,20.2387188782662,12.4,1.59868823793619,             835P    947
13.9887188782662,12.4,1.59868823793619,3.14159265358979,             835P    948
4.71238898038469,0.,0.,0.;                                           835P    949
126,1,1,0,0,1,0,0.,0.,0.0960000000000001,0.0960000000000001,1.,      837P    950
1.,40.2387188782662,13.,7.84868823793619,40.2387188782662,12.4,      837P    951
7.84868823793619,0.,0.0960000000000001,0.,0.,0.;                     837P    952
126,6,2,0,0,0,0,-1.5707963267949,-1.5707963267949,                   839P    953
-1.5707963267949,0.,0.,1.5707963267949,1.5707963267949,              839P    954
3.14159265358979,3.14159265358979,3.14159265358979,1.,               839P    955
0.707106781186548,1.,0.707106781186548,1.,0.707106781186547,1.,      839P    956
33.9887188782662,12.4,1.59868823793619,27.7387188782662,12.4,        839P    957
1.59868823793619,27.7387188782662,12.4,7.84868823793619,             839P    958
27.7387188782662,12.4,14.0986882379362,33.9887188782662,12.4,        839P    959
14.0986882379362,40.2387188782662,12.4,14.0986882379362,             839P    960
40.2387188782662,12.4,7.84868823793619,-1.5707963267949,             839P    961
3.14159265358979,0.,0.,0.;                                           839P    962
126,2,2,0,0,0,0,3.14159265358979,3.14159265358979,                   841P    963
3.14159265358979,4.71238898038469,4.71238898038469,                  841P    964
4.71238898038469,1.,0.707106781186548,1.,40.2387188782662,12.4,      841P    965
7.84868823793619,40.2387188782662,12.4,1.59868823793619,             841P    966
33.9887188782662,12.4,1.59868823793619,3.14159265358979,             841P    967
4.71238898038469,0.,0.,0.;                                           841P    968
126,1,1,0,0,1,0,0.,0.,1.05,1.05,1.,1.,44.4887188782662,12.4,         843P    969
1.59868823793619,33.9887188782662,12.4,1.59868823793619,0.,1.05,     843P    970
0.,0.,0.;                                                            843P    971
126,1,1,0,0,1,0,5.05,5.05,6.1,6.1,1.,1.,-6.01128112173378,12.4,      845P    972
1.5986882379362,-16.5112811217338,12.4,1.5986882379362,5.05,6.1,     845P    973
0.,0.,0.;                                                            845P    974
126,1,1,0,0,1,0,3.05,3.05,5.05,5.05,1.,1.,13.9887188782662,12.4,     847P    975
1.59868823793619,-6.01128112173378,12.4,1.5986882379362,3.05,        847P    976
5.05,0.,0.,0.;                                                       847P    977
126,1,1,0,0,1,0,1.05,1.05,3.05,3.05,1.,1.,33.9887188782662,12.4,     849P    978
1.59868823793619,13.9887188782662,12.4,1.59868823793619,1.05,        849P    979
3.05,0.,0.,0.;                                                       849P    980
126,1,1,0,0,1,0,1.825,1.825,1.975,1.975,1.,1.,21.4887188782662,      851P    981
3.3,18.3486882379362,21.4887188782662,3.3,19.8486882379362,          851P    982
1.825,1.975,0.,0.,0.;                                                851P    983
126,1,1,0,0,1,0,1.825,1.825,1.975,1.975,1.,1.,21.4887188782662,      853P    984
6.3,18.3486882379362,21.4887188782662,6.3,19.8486882379362,          853P    985
1.825,1.975,0.,0.,0.;                                                853P    986
126,1,1,0,0,1,0,-0.465,-0.465,-0.165,-0.165,1.,1.,                   855P    987
21.4887188782662,6.3,1.59868823793619,21.4887188782662,3.3,          855P    988
1.59868823793619,-0.465,-0.165,0.,0.,0.;                             855P    989
126,1,1,0,0,1,0,0.,0.,0.15,0.15,1.,1.,21.4887188782662,6.3,          857P    990
0.0986882379361909,21.4887188782662,6.3,1.59868823793619,0.,         857P    991
0.15,0.,0.,0.;                                                       857P    992
126,1,1,0,0,1,0,0.,0.,0.15,0.15,1.,1.,21.4887188782662,3.3,          859P    993
0.0986882379361909,21.4887188782662,3.3,1.59868823793619,0.,         859P    994
0.15,0.,0.,0.;                                                       859P    995
126,1,1,0,0,1,0,1.825,1.825,1.975,1.975,1.,1.,6.48871887826622,      861P    996
6.3,18.3486882379362,6.48871887826622,6.3,19.8486882379362,          861P    997
1.825,1.975,0.,0.,0.;                                                861P    998
126,1,1,0,0,1,0,1.825,1.825,1.975,1.975,1.,1.,6.48871887826622,      863P    999
3.3,18.3486882379362,6.48871887826622,3.3,19.8486882379362,          863P   1000
1.825,1.975,0.,0.,0.;                                                863P   1001
126,1,1,0,0,1,0,0.475,0.475,1.975,1.975,1.,1.,21.4887188782662,      865P   1002
3.3,1.59868823793619,6.48871887826622,3.3,1.59868823793619,          865P   1003
0.475,1.975,0.,0.,0.;                                                865P   1004
126,1,1,0,0,1,0,0.,0.,0.15,0.15,1.,1.,6.48871887826622,3.3,          867P   1005
0.0986882379361909,6.48871887826622,3.3,1.59868823793619,0.,         867P   1006
0.15,0.,0.,0.;                                                       867P   1007
126,1,1,0,0,1,0,0.015,0.015,0.315,0.315,1.,1.,6.48871887826622,      869P   1008
3.3,1.59868823793619,6.48871887826622,6.3,1.59868823793619,          869P   1009
0.015,0.315,0.,0.,0.;                                                869P   1010
126,1,1,0,0,1,0,0.,0.,0.15,0.15,1.,1.,6.48871887826622,6.3,          871P   1011
0.0986882379361909,6.48871887826622,6.3,1.59868823793619,0.,         871P   1012
0.15,0.,0.,0.;                                                       871P   1013
126,1,1,0,0,1,0,-2.725,-2.725,-1.225,-1.225,1.,1.,                   873P   1014
6.48871887826622,6.3,1.59868823793619,21.4887188782662,6.3,          873P   1015
1.59868823793619,-2.725,-1.225,0.,0.,0.;                             873P   1016
126,1,1,0,0,1,0,0.,0.,0.44,0.44,1.,1.,38.1887188782662,2.,           875P   1017
-4.30131176206381,33.7887188782662,2.,-4.30131176206381,0.,0.44,     875P   1018
0.,0.,0.;                                                            875P   1019
126,1,1,0,0,1,0,0.,0.,0.3,0.3,1.,1.,38.1887188782662,2.,             877P   1020
-4.30131176206381,38.1887188782662,5.,-4.30131176206381,0.,0.3,      877P   1021
0.,0.,0.;                                                            877P   1022
126,1,1,0,0,1,0,-0.44,-0.44,0.,0.,1.,1.,33.7887188782662,5.,         879P   1023
-4.30131176206381,38.1887188782662,5.,-4.30131176206381,-0.44,       879P   1024
0.,0.,0.,0.;                                                         879P   1025
126,1,1,0,0,1,0,0.,0.,0.3,0.3,1.,1.,33.7887188782662,2.,             881P   1026
-4.30131176206381,33.7887188782662,5.,-4.30131176206381,0.,0.3,      881P   1027
0.,0.,0.;                                                            881P   1028
126,1,1,0,0,1,0,0.,0.,0.44,0.44,1.,1.,33.7887188782662,2.,           883P   1029
-4.30131176206381,33.7887188782662,2.,0.0986882379361909,0.,         883P   1030
0.44,0.,0.,0.;                                                       883P   1031
126,1,1,0,0,1,0,-0.44,-0.44,0.,0.,1.,1.,33.7887188782662,5.,         885P   1032
0.0986882379361909,33.7887188782662,5.,-4.30131176206381,-0.44,      885P   1033
0.,0.,0.,0.;                                                         885P   1034
126,1,1,0,0,1,0,0.,0.,0.3,0.3,1.,1.,33.7887188782662,2.,             887P   1035
0.0986882379361909,33.7887188782662,5.,0.0986882379361909,0.,        887P   1036
0.3,0.,0.,0.;                                                        887P   1037
126,1,1,0,0,1,0,5.08,5.08,5.18,5.18,1.,1.,32.7887188782662,2.,       889P   1038
0.0986882379361909,33.7887188782662,2.,0.0986882379361909,5.08,      889P   1039
5.18,0.,0.,0.;                                                       889P   1040
126,1,1,0,0,1,0,5.08,5.08,5.18,5.18,1.,1.,32.7887188782662,5.,       891P   1041
0.0986882379361909,33.7887188782662,5.,0.0986882379361909,5.08,      891P   1042
5.18,0.,0.,0.;                                                       891P   1043
126,1,1,0,0,1,0,0.,0.,0.3,0.3,1.,1.,32.7887188782662,2.,             893P   1044
0.0986882379361909,32.7887188782662,5.,0.0986882379361909,0.,        893P   1045
0.3,0.,0.,0.;                                                        893P   1046
126,1,1,0,0,1,0,0.,0.,0.54,0.54,1.,1.,32.7887188782662,2.,           895P   1047
-5.30131176206381,32.7887188782662,2.,0.0986882379361909,0.,         895P   1048
0.54,0.,0.,0.;                                                       895P   1049
126,1,1,0,0,1,0,0.,0.,0.54,0.54,1.,1.,32.7887188782662,5.,           897P   1050
-5.30131176206381,32.7887188782662,5.,0.0986882379361909,0.,         897P   1051
0.54,0.,0.,0.;                                                       897P   1052
126,1,1,0,0,1,0,0.,0.,0.3,0.3,1.,1.,32.7887188782662,2.,             899P   1053
-5.30131176206381,32.7887188782662,5.,-5.30131176206381,0.,0.3,      899P   1054
0.,0.,0.;                                                            899P   1055
126,1,1,0,0,1,0,0.,0.,0.64,0.64,1.,1.,39.1887188782662,2.,           901P   1056
-5.30131176206381,32.7887188782662,2.,-5.30131176206381,0.,0.64,     901P   1057
0.,0.,0.;                                                            901P   1058
126,1,1,0,0,1,0,0.,0.,0.64,0.64,1.,1.,39.1887188782662,5.,           903P   1059
-5.30131176206381,32.7887188782662,5.,-5.30131176206381,0.,0.64,     903P   1060
0.,0.,0.;                                                            903P   1061
126,1,1,0,0,1,0,0.,0.,0.3,0.3,1.,1.,39.1887188782662,2.,             905P   1062
-5.30131176206381,39.1887188782662,5.,-5.30131176206381,0.,0.3,      905P   1063
0.,0.,0.;                                                            905P   1064
126,1,1,0,0,1,0,1.38777878078145D-17,1.38777878078145D-17,0.54,      907P   1065
0.54,1.,1.,39.1887188782662,2.,0.0986882379361909,                   907P   1066
39.1887188782662,2.,-5.30131176206381,1.38777878078145D-17,0.54,     907P   1067
0.,0.,0.;                                                            907P   1068
126,1,1,0,0,1,0,1.38777878078145D-17,1.38777878078145D-17,0.54,      909P   1069
0.54,1.,1.,39.1887188782662,5.,0.0986882379361909,                   909P   1070
39.1887188782662,5.,-5.30131176206381,1.38777878078145D-17,0.54,     909P   1071
0.,0.,0.;                                                            909P   1072
126,1,1,0,0,1,0,0.,0.,0.3,0.3,1.,1.,39.1887188782662,2.,             911P   1073
0.0986882379361909,39.1887188782662,5.,0.0986882379361909,0.,        911P   1074
0.3,0.,0.,0.;                                                        911P   1075
126,1,1,0,0,1,0,5.62,5.62,5.72,5.72,1.,1.,38.1887188782662,2.,       913P   1076
0.0986882379361909,39.1887188782662,2.,0.0986882379361909,5.62,      913P   1077
5.72,0.,0.,0.;                                                       913P   1078
126,1,1,0,0,1,0,5.62,5.62,5.72,5.72,1.,1.,38.1887188782662,5.,       915P   1079
0.0986882379361909,39.1887188782662,5.,0.0986882379361909,5.62,      915P   1080
5.72,0.,0.,0.;                                                       915P   1081
126,1,1,0,0,1,0,0.,0.,0.3,0.3,1.,1.,38.1887188782662,2.,             917P   1082
0.0986882379361909,38.1887188782662,5.,0.0986882379361909,0.,        917P   1083
0.3,0.,0.,0.;                                                        917P   1084
126,1,1,0,0,1,0,4.85722573273506D-17,4.85722573273506D-17,0.44,      919P   1085
0.44,1.,1.,38.1887188782662,2.,0.0986882379361909,                   919P   1086
38.1887188782662,2.,-4.30131176206381,4.85722573273506D-17,0.44,     919P   1087
0.,0.,0.;                                                            919P   1088
126,1,1,0,0,1,0,-0.44,-0.44,-5.55111512312578D-17,                   921P   1089
-5.55111512312578D-17,1.,1.,38.1887188782662,5.,                     921P   1090
-4.30131176206381,38.1887188782662,5.,0.0986882379361909,-0.44,      921P   1091
-5.55111512312578D-17,0.,0.,0.;                                      921P   1092
126,1,1,0,0,1,0,0.,0.,0.44,0.44,1.,1.,-10.2112811217338,2.,          923P   1093
-4.30131176206381,-5.81128112173379,2.,-4.30131176206381,0.,         923P   1094
0.44,0.,0.,0.;                                                       923P   1095
126,1,1,0,0,1,0,0.,0.,0.3,0.3,1.,1.,-5.81128112173379,2.,            925P   1096
-4.30131176206381,-5.81128112173379,5.,-4.30131176206381,0.,0.3,     925P   1097
0.,0.,0.;                                                            925P   1098
126,1,1,0,0,1,0,-0.44,-0.44,0.,0.,1.,1.,-5.81128112173379,5.,        927P   1099
-4.30131176206381,-10.2112811217338,5.,-4.30131176206381,-0.44,      927P   1100
0.,0.,0.,0.;                                                         927P   1101
126,1,1,0,0,1,0,0.,0.,0.3,0.3,1.,1.,-10.2112811217338,2.,            929P   1102
-4.30131176206381,-10.2112811217338,5.,-4.30131176206381,0.,0.3,     929P   1103
0.,0.,0.;                                                            929P   1104
126,1,1,0,0,1,0,0.,0.,0.44,0.44,1.,1.,-5.81128112173379,2.,          931P   1105
-4.30131176206381,-5.81128112173378,2.,0.0986882379361909,0.,        931P   1106
0.44,0.,0.,0.;                                                       931P   1107
126,1,1,0,0,1,0,0.,0.,0.3,0.3,1.,1.,-5.81128112173378,2.,            933P   1108
0.0986882379361909,-5.81128112173378,5.,0.0986882379361909,0.,       933P   1109
0.3,0.,0.,0.;                                                        933P   1110
126,1,1,0,0,1,0,-0.44,-0.44,0.,0.,1.,1.,-5.81128112173378,5.,        935P   1111
0.0986882379361909,-5.81128112173379,5.,-4.30131176206381,-0.44,     935P   1112
0.,0.,0.,0.;                                                         935P   1113
126,1,1,0,0,1,0,5.08,5.08,5.18,5.18,1.,1.,-4.81128112173378,2.,      937P   1114
0.0986882379361909,-5.81128112173378,2.,0.0986882379361909,5.08,     937P   1115
5.18,0.,0.,0.;                                                       937P   1116
126,1,1,0,0,1,0,0.,0.,0.3,0.3,1.,1.,-4.81128112173378,2.,            939P   1117
0.0986882379361909,-4.81128112173378,5.,0.0986882379361909,0.,       939P   1118
0.3,0.,0.,0.;                                                        939P   1119
126,1,1,0,0,1,0,5.08,5.08,5.18,5.18,1.,1.,-4.81128112173378,5.,      941P   1120
0.0986882379361909,-5.81128112173378,5.,0.0986882379361909,5.08,     941P   1121
5.18,0.,0.,0.;                                                       941P   1122
126,1,1,0,0,1,0,0.,0.,0.54,0.54,1.,1.,-4.81128112173379,2.,          943P   1123
-5.30131176206381,-4.81128112173379,2.,0.0986882379361909,0.,        943P   1124
0.54,0.,0.,0.;                                                       943P   1125
126,1,1,0,0,1,0,0.,0.,0.3,0.3,1.,1.,-4.81128112173379,2.,            945P   1126
-5.30131176206381,-4.81128112173379,5.,-5.30131176206381,0.,0.3,     945P   1127
0.,0.,0.;                                                            945P   1128
126,1,1,0,0,1,0,0.,0.,0.54,0.54,1.,1.,-4.81128112173379,5.,          947P   1129
-5.30131176206381,-4.81128112173379,5.,0.0986882379361909,0.,        947P   1130
0.54,0.,0.,0.;                                                       947P   1131
126,1,1,0,0,1,0,0.,0.,0.64,0.64,1.,1.,-11.2112811217338,2.,          949P   1132
-5.30131176206381,-4.81128112173379,2.,-5.30131176206381,0.,         949P   1133
0.64,0.,0.,0.;                                                       949P   1134
126,1,1,0,0,1,0,0.,0.,0.3,0.3,1.,1.,-11.2112811217338,2.,            951P   1135
-5.30131176206381,-11.2112811217338,5.,-5.30131176206381,0.,0.3,     951P   1136
0.,0.,0.;                                                            951P   1137
126,1,1,0,0,1,0,0.,0.,0.64,0.64,1.,1.,-11.2112811217338,5.,          953P   1138
-5.30131176206381,-4.81128112173379,5.,-5.30131176206381,0.,         953P   1139
0.64,0.,0.,0.;                                                       953P   1140
126,1,1,0,0,1,0,1.38777878078145D-17,1.38777878078145D-17,0.54,      955P   1141
0.54,1.,1.,-11.2112811217338,2.,0.0986882379361909,                  955P   1142
-11.2112811217338,2.,-5.30131176206381,1.38777878078145D-17,         955P   1143
0.54,0.,0.,0.;                                                       955P   1144
126,1,1,0,0,1,0,0.,0.,0.3,0.3,1.,1.,-11.2112811217338,2.,            957P   1145
0.0986882379361909,-11.2112811217338,5.,0.0986882379361909,0.,       957P   1146
0.3,0.,0.,0.;                                                        957P   1147
126,1,1,0,0,1,0,1.38777878078145D-17,1.38777878078145D-17,0.54,      959P   1148
0.54,1.,1.,-11.2112811217338,5.,0.0986882379361909,                  959P   1149
-11.2112811217338,5.,-5.30131176206381,1.38777878078145D-17,         959P   1150
0.54,0.,0.,0.;                                                       959P   1151
126,1,1,0,0,1,0,5.62,5.62,5.72,5.72,1.,1.,-10.2112811217338,2.,      961P   1152
0.0986882379361909,-11.2112811217338,2.,0.0986882379361909,5.62,     961P   1153
5.72,0.,0.,0.;                                                       961P   1154
126,1,1,0,0,1,0,0.,0.,0.3,0.3,1.,1.,-10.2112811217338,2.,            963P   1155
0.0986882379361909,-10.2112811217338,5.,0.0986882379361909,0.,       963P   1156
0.3,0.,0.,0.;                                                        963P   1157
126,1,1,0,0,1,0,5.62,5.62,5.72,5.72,1.,1.,-10.2112811217338,5.,      965P   1158
0.0986882379361909,-11.2112811217338,5.,0.0986882379361909,5.62,     965P   1159
5.72,0.,0.,0.;                                                       965P   1160
126,1,1,0,0,1,0,4.85722573273506D-17,4.85722573273506D-17,0.44,      967P   1161
0.44,1.,1.,-10.2112811217338,2.,0.0986882379361909,                  967P   1162
-10.2112811217338,2.,-4.30131176206381,4.85722573273506D-17,         967P   1163
0.44,0.,0.,0.;                                                       967P   1164
126,1,1,0,0,1,0,-0.44,-0.44,-5.55111512312578D-17,                   969P   1165
-5.55111512312578D-17,1.,1.,-10.2112811217338,5.,                    969P   1166
-4.30131176206381,-10.2112811217338,5.,0.0986882379361909,-0.44,     969P   1167
-5.55111512312578D-17,0.,0.,0.;                                      969P   1168
126,1,1,0,0,1,0,0.,0.,0.44,0.44,1.,1.,38.1887188782662,2.,           971P   1169
24.2486882379362,33.7887188782662,2.,24.2486882379362,0.,0.44,       971P   1170
0.,0.,0.;                                                            971P   1171
126,1,1,0,0,1,0,0.,0.,0.3,0.3,1.,1.,33.7887188782662,2.,             973P   1172
24.2486882379362,33.7887188782662,5.,24.2486882379362,0.,0.3,0.,     973P   1173
0.,0.;                                                               973P   1174
126,1,1,0,0,1,0,-0.44,-0.44,0.,0.,1.,1.,33.7887188782662,5.,         975P   1175
24.2486882379362,38.1887188782662,5.,24.2486882379362,-0.44,0.,      975P   1176
0.,0.,0.;                                                            975P   1177
126,1,1,0,0,1,0,0.,0.,0.3,0.3,1.,1.,38.1887188782662,2.,             977P   1178
24.2486882379362,38.1887188782662,5.,24.2486882379362,0.,0.3,0.,     977P   1179
0.,0.;                                                               977P   1180
126,1,1,0,0,1,0,0.,0.,0.44,0.44,1.,1.,33.7887188782662,2.,           979P   1181
24.2486882379362,33.7887188782662,2.,19.8486882379362,0.,0.44,       979P   1182
0.,0.,0.;                                                            979P   1183
126,1,1,0,0,1,0,0.,0.,0.3,0.3,1.,1.,33.7887188782662,2.,             981P   1184
19.8486882379362,33.7887188782662,5.,19.8486882379362,0.,0.3,0.,     981P   1185
0.,0.;                                                               981P   1186
126,1,1,0,0,1,0,-0.44,-0.44,0.,0.,1.,1.,33.7887188782662,5.,         983P   1187
19.8486882379362,33.7887188782662,5.,24.2486882379362,-0.44,0.,      983P   1188
0.,0.,0.;                                                            983P   1189
126,1,1,0,0,1,0,5.08,5.08,5.18,5.18,1.,1.,32.7887188782662,2.,       985P   1190
19.8486882379362,33.7887188782662,2.,19.8486882379362,5.08,5.18,     985P   1191
0.,0.,0.;                                                            985P   1192
126,1,1,0,0,1,0,0.,0.,0.3,0.3,1.,1.,32.7887188782662,2.,             987P   1193
19.8486882379362,32.7887188782662,5.,19.8486882379362,0.,0.3,0.,     987P   1194
0.,0.;                                                               987P   1195
126,1,1,0,0,1,0,5.08,5.08,5.18,5.18,1.,1.,32.7887188782662,5.,       989P   1196
19.8486882379362,33.7887188782662,5.,19.8486882379362,5.08,5.18,     989P   1197
0.,0.,0.;                                                            989P   1198
126,1,1,0,0,1,0,0.,0.,0.54,0.54,1.,1.,32.7887188782662,2.,           991P   1199
25.2486882379362,32.7887188782662,2.,19.8486882379362,0.,0.54,       991P   1200
0.,0.,0.;                                                            991P   1201
126,1,1,0,0,1,0,0.,0.,0.3,0.3,1.,1.,32.7887188782662,2.,             993P   1202
25.2486882379362,32.7887188782662,5.,25.2486882379362,0.,0.3,0.,     993P   1203
0.,0.;                                                               993P   1204
126,1,1,0,0,1,0,0.,0.,0.54,0.54,1.,1.,32.7887188782662,5.,           995P   1205
25.2486882379362,32.7887188782662,5.,19.8486882379362,0.,0.54,       995P   1206
0.,0.,0.;                                                            995P   1207
126,1,1,0,0,1,0,0.,0.,0.64,0.64,1.,1.,39.1887188782662,2.,           997P   1208
25.2486882379362,32.7887188782662,2.,25.2486882379362,0.,0.64,       997P   1209
0.,0.,0.;                                                            997P   1210
126,1,1,0,0,1,0,0.,0.,0.3,0.3,1.,1.,39.1887188782662,2.,             999P   1211
25.2486882379362,39.1887188782662,5.,25.2486882379362,0.,0.3,0.,     999P   1212
0.,0.;                                                               999P   1213
126,1,1,0,0,1,0,0.,0.,0.64,0.64,1.,1.,39.1887188782662,5.,          1001P   1214
25.2486882379362,32.7887188782662,5.,25.2486882379362,0.,0.64,      1001P   1215
0.,0.,0.;                                                           1001P   1216
126,1,1,0,0,1,0,1.38777878078145D-17,1.38777878078145D-17,0.54,     1003P   1217
0.54,1.,1.,39.1887188782662,2.,19.8486882379362,                    1003P   1218
39.1887188782662,2.,25.2486882379362,1.38777878078145D-17,0.54,     1003P   1219
0.,0.,0.;                                                           1003P   1220
126,1,1,0,0,1,0,0.,0.,0.3,0.3,1.,1.,39.1887188782662,2.,            1005P   1221
19.8486882379362,39.1887188782662,5.,19.8486882379362,0.,0.3,0.,    1005P   1222
0.,0.;                                                              1005P   1223
126,1,1,0,0,1,0,1.38777878078145D-17,1.38777878078145D-17,0.54,     1007P   1224
0.54,1.,1.,39.1887188782662,5.,19.8486882379362,                    1007P   1225
39.1887188782662,5.,25.2486882379362,1.38777878078145D-17,0.54,     1007P   1226
0.,0.,0.;                                                           1007P   1227
126,1,1,0,0,1,0,5.62,5.62,5.72,5.72,1.,1.,38.1887188782662,2.,      1009P   1228
19.8486882379362,39.1887188782662,2.,19.8486882379362,5.62,5.72,    1009P   1229
0.,0.,0.;                                                           1009P   1230
126,1,1,0,0,1,0,0.,0.,0.3,0.3,1.,1.,38.1887188782662,2.,            1011P   1231
19.8486882379362,38.1887188782662,5.,19.8486882379362,0.,0.3,0.,    1011P   1232
0.,0.;                                                              1011P   1233
126,1,1,0,0,1,0,5.62,5.62,5.72,5.72,1.,1.,38.1887188782662,5.,      1013P   1234
19.8486882379362,39.1887188782662,5.,19.8486882379362,5.62,5.72,    1013P   1235
0.,0.,0.;                                                           1013P   1236
126,1,1,0,0,1,0,4.85722573273506D-17,4.85722573273506D-17,0.44,     1015P   1237
0.44,1.,1.,38.1887188782662,2.,19.8486882379362,                    1015P   1238
38.1887188782662,2.,24.2486882379362,4.85722573273506D-17,0.44,     1015P   1239
0.,0.,0.;                                                           1015P   1240
126,1,1,0,0,1,0,-0.44,-0.44,-5.55111512312578D-17,                  1017P   1241
-5.55111512312578D-17,1.,1.,38.1887188782662,5.,                    1017P   1242
24.2486882379362,38.1887188782662,5.,19.8486882379362,-0.44,        1017P   1243
-5.55111512312578D-17,0.,0.,0.;                                     1017P   1244
126,1,1,0,0,1,0,0.,0.,0.44,0.44,1.,1.,-10.2112811217338,2.,         1019P   1245
24.2486882379362,-5.81128112173379,2.,24.2486882379362,0.,0.44,     1019P   1246
0.,0.,0.;                                                           1019P   1247
126,1,1,0,0,1,0,0.,0.,0.3,0.3,1.,1.,-10.2112811217338,2.,           1021P   1248
24.2486882379362,-10.2112811217338,5.,24.2486882379362,0.,0.3,      1021P   1249
0.,0.,0.;                                                           1021P   1250
126,1,1,0,0,1,0,-0.44,-0.44,0.,0.,1.,1.,-5.81128112173379,5.,       1023P   1251
24.2486882379362,-10.2112811217338,5.,24.2486882379362,-0.44,0.,    1023P   1252
0.,0.,0.;                                                           1023P   1253
126,1,1,0,0,1,0,0.,0.,0.3,0.3,1.,1.,-5.81128112173379,2.,           1025P   1254
24.2486882379362,-5.81128112173379,5.,24.2486882379362,0.,0.3,      1025P   1255
0.,0.,0.;                                                           1025P   1256
126,1,1,0,0,1,0,0.,0.,0.44,0.44,1.,1.,-5.81128112173379,2.,         1027P   1257
24.2486882379362,-5.81128112173378,2.,19.8486882379362,0.,0.44,     1027P   1258
0.,0.,0.;                                                           1027P   1259
126,1,1,0,0,1,0,-0.44,-0.44,0.,0.,1.,1.,-5.81128112173378,5.,       1029P   1260
19.8486882379362,-5.81128112173379,5.,24.2486882379362,-0.44,0.,    1029P   1261
0.,0.,0.;                                                           1029P   1262
126,1,1,0,0,1,0,0.,0.,0.3,0.3,1.,1.,-5.81128112173378,2.,           1031P   1263
19.8486882379362,-5.81128112173378,5.,19.8486882379362,0.,0.3,      1031P   1264
0.,0.,0.;                                                           1031P   1265
126,1,1,0,0,1,0,5.08,5.08,5.18,5.18,1.,1.,-4.81128112173378,2.,     1033P   1266
19.8486882379362,-5.81128112173378,2.,19.8486882379362,5.08,        1033P   1267
5.18,0.,0.,0.;                                                      1033P   1268
126,1,1,0,0,1,0,5.08,5.08,5.18,5.18,1.,1.,-4.81128112173378,5.,     1035P   1269
19.8486882379362,-5.81128112173378,5.,19.8486882379362,5.08,        1035P   1270
5.18,0.,0.,0.;                                                      1035P   1271
126,1,1,0,0,1,0,0.,0.,0.3,0.3,1.,1.,-4.81128112173378,2.,           1037P   1272
19.8486882379362,-4.81128112173378,5.,19.8486882379362,0.,0.3,      1037P   1273
0.,0.,0.;                                                           1037P   1274
126,1,1,0,0,1,0,0.,0.,0.54,0.54,1.,1.,-4.81128112173379,2.,         1039P   1275
25.2486882379362,-4.81128112173379,2.,19.8486882379362,0.,0.54,     1039P   1276
0.,0.,0.;                                                           1039P   1277
126,1,1,0,0,1,0,0.,0.,0.54,0.54,1.,1.,-4.81128112173379,5.,         1041P   1278
25.2486882379362,-4.81128112173379,5.,19.8486882379362,0.,0.54,     1041P   1279
0.,0.,0.;                                                           1041P   1280
126,1,1,0,0,1,0,0.,0.,0.3,0.3,1.,1.,-4.81128112173379,2.,           1043P   1281
25.2486882379362,-4.81128112173379,5.,25.2486882379362,0.,0.3,      1043P   1282
0.,0.,0.;                                                           1043P   1283
126,1,1,0,0,1,0,0.,0.,0.64,0.64,1.,1.,-11.2112811217338,2.,         1045P   1284
25.2486882379362,-4.81128112173379,2.,25.2486882379362,0.,0.64,     1045P   1285
0.,0.,0.;                                                           1045P   1286
126,1,1,0,0,1,0,0.,0.,0.64,0.64,1.,1.,-11.2112811217338,5.,         1047P   1287
25.2486882379362,-4.81128112173379,5.,25.2486882379362,0.,0.64,     1047P   1288
0.,0.,0.;                                                           1047P   1289
126,1,1,0,0,1,0,0.,0.,0.3,0.3,1.,1.,-11.2112811217338,2.,           1049P   1290
25.2486882379362,-11.2112811217338,5.,25.2486882379362,0.,0.3,      1049P   1291
0.,0.,0.;                                                           1049P   1292
126,1,1,0,0,1,0,1.38777878078145D-17,1.38777878078145D-17,0.54,     1051P   1293
0.54,1.,1.,-11.2112811217338,2.,19.8486882379362,                   1051P   1294
-11.2112811217338,2.,25.2486882379362,1.38777878078145D-17,0.54,    1051P   1295
0.,0.,0.;                                                           1051P   1296
126,1,1,0,0,1,0,1.38777878078145D-17,1.38777878078145D-17,0.54,     1053P   1297
0.54,1.,1.,-11.2112811217338,5.,19.8486882379362,                   1053P   1298
-11.2112811217338,5.,25.2486882379362,1.38777878078145D-17,0.54,    1053P   1299
0.,0.,0.;                                                           1053P   1300
126,1,1,0,0,1,0,0.,0.,0.3,0.3,1.,1.,-11.2112811217338,2.,           1055P   1301
19.8486882379362,-11.2112811217338,5.,19.8486882379362,0.,0.3,      1055P   1302
0.,0.,0.;                                                           1055P   1303
126,1,1,0,0,1,0,5.62,5.62,5.72,5.72,1.,1.,-10.2112811217338,2.,     1057P   1304
19.8486882379362,-11.2112811217338,2.,19.8486882379362,5.62,        1057P   1305
5.72,0.,0.,0.;                                                      1057P   1306
126,1,1,0,0,1,0,5.62,5.62,5.72,5.72,1.,1.,-10.2112811217338,5.,     1059P   1307
19.8486882379362,-11.2112811217338,5.,19.8486882379362,5.62,        1059P   1308
5.72,0.,0.,0.;                                                      1059P   1309
126,1,1,0,0,1,0,0.,0.,0.3,0.3,1.,1.,-10.2112811217338,2.,           1061P   1310
19.8486882379362,-10.2112811217338,5.,19.8486882379362,0.,0.3,      1061P   1311
0.,0.,0.;                                                           1061P   1312
126,1,1,0,0,1,0,4.85722573273506D-17,4.85722573273506D-17,0.44,     1063P   1313
0.44,1.,1.,-10.2112811217338,2.,19.8486882379362,                   1063P   1314
-10.2112811217338,2.,24.2486882379362,4.85722573273506D-17,0.44,    1063P   1315
0.,0.,0.;                                                           1063P   1316
126,1,1,0,0,1,0,-0.44,-0.44,-5.55111512312578D-17,                  1065P   1317
-5.55111512312578D-17,1.,1.,-10.2112811217338,5.,                   1065P   1318
24.2486882379362,-10.2112811217338,5.,19.8486882379362,-0.44,       1065P   1319
-5.55111512312578D-17,0.,0.,0.;                                     1065P   1320
128,1,2,1,2,0,0,0,0,0,-4.9375,-4.9375,14.8125,14.8125,              1067P   1321
-0.785398163397448,-0.785398163397448,-0.785398163397448,           1067P   1322
0.785398163397448,0.785398163397448,0.785398163397448,1.,1.,        1067P   1323
0.707106781186548,0.707106781186548,1.,1.,-17.0112811217338,13.,    1067P   1324
19.8486882379362,-17.0112811217338,13.,0.0986882379361909,          1067P   1325
-18.0112811217338,13.,19.8486882379362,-18.0112811217338,13.,       1067P   1326
0.0986882379361909,-18.0112811217338,12.,19.8486882379362,          1067P   1327
-18.0112811217338,12.,0.0986882379361909,-4.9375,14.8125,           1067P   1328
-0.785398163397448,0.785398163397448;                               1067P   1329
128,1,1,1,1,0,0,1,0,0,-0.001,-0.001,6.401,6.401,-0.001,-0.001,      1069P   1330
1.301,1.301,1.,1.,1.,1.,45.9987188782662,-0.01,                     1069P   1331
0.0986882379361909,-18.0212811217338,-0.01,0.0986882379361909,      1069P   1332
45.9987188782662,13.01,0.0986882379361909,-18.0212811217338,        1069P   1333
13.01,0.0986882379361909,-0.001,6.401,-0.001,1.301;                 1069P   1334
128,1,1,1,1,0,0,1,0,0,-0.9885,-0.9885,0.9885,0.9885,-3.101,         1071P   1335
-3.101,3.101,3.101,1.,1.,1.,1.,-17.0212811217338,13.,               1071P   1336
0.0886882379361909,-17.0212811217338,13.,19.8586882379362,          1071P   1337
44.9987188782662,13.,0.0886882379361909,44.9987188782662,13.,       1071P   1338
19.8586882379362,-0.9885,0.9885,-3.101,3.101;                       1071P   1339
128,1,2,1,2,0,0,0,0,0,-4.9375,-4.9375,14.8125,14.8125,              1073P   1340
-0.785398163397446,-0.785398163397446,-0.785398163397446,           1073P   1341
0.785398163397451,0.785398163397451,0.785398163397451,1.,1.,        1073P   1342
0.707106781186548,0.707106781186548,1.,1.,44.9887188782662,13.,     1073P   1343
0.0986882379361909,44.9887188782662,13.,19.8486882379362,           1073P   1344
45.9887188782662,13.,0.0986882379361909,45.9887188782662,13.,       1073P   1345
19.8486882379362,45.9887188782662,12.,0.0986882379361909,           1073P   1346
45.9887188782662,12.,19.8486882379362,-4.9375,14.8125,              1073P   1347
-0.785398163397446,0.785398163397451;                               1073P   1348
128,1,1,1,1,0,0,1,0,0,-0.001,-0.001,0.151,0.151,                    1075P   1349
-0.00100000000000011,-0.00100000000000011,1.976,1.976,1.,1.,1.,     1075P   1350
1.,44.4787188782662,4.3,0.0886882379361897,45.9987188782662,4.3,    1075P   1351
0.0886882379361897,44.4787188782662,4.3,19.8586882379362,           1075P   1352
45.9987188782662,4.3,19.8586882379362,-0.001,0.151,                 1075P   1353
-0.00100000000000011,1.976;                                         1075P   1354
128,1,1,1,1,0,0,1,0,0,-0.001,-0.001,0.251,0.251,-0.001,-0.001,      1077P   1355
0.151,0.151,1.,1.,1.,1.,41.9787188782662,6.3,0.0886882379361909,    1077P   1356
44.4987188782662,6.3,0.0886882379361909,41.9787188782662,6.3,       1077P   1357
1.60868823793619,44.4987188782662,6.3,1.60868823793619,-0.001,      1077P   1358
0.251,-0.001,0.151;                                                 1077P   1359
128,1,1,1,1,0,0,1,0,0,-0.001,-0.001,0.251,0.251,1.824,1.824,        1079P   1360
1.976,1.976,1.,1.,1.,1.,41.9787188782662,6.3,18.3386882379362,      1079P   1361
44.4987188782662,6.3,18.3386882379362,41.9787188782662,6.3,         1079P   1362
19.8586882379362,44.4987188782662,6.3,19.8586882379362,-0.001,      1079P   1363
0.251,1.824,1.976;                                                  1079P   1364
128,1,1,1,1,0,0,1,0,0,-0.001,-0.001,0.301,0.301,-0.001,-0.001,      1081P   1365
0.151,0.151,1.,1.,1.,1.,41.9887188782662,3.29,                      1081P   1366
0.0886882379361909,41.9887188782662,6.31,0.0886882379361909,        1081P   1367
41.9887188782662,3.29,1.60868823793619,41.9887188782662,6.31,       1081P   1368
1.60868823793619,-0.001,0.301,-0.001,0.151;                         1081P   1369
128,1,1,1,1,0,0,1,0,0,-0.001,-0.001,0.401,0.401,-0.001,-0.001,      1083P   1370
1.976,1.976,1.,1.,1.,1.,45.9987188782662,3.3,0.0886882379361909,    1083P   1371
41.9787188782662,3.3,0.0886882379361909,45.9987188782662,3.3,       1083P   1372
19.8586882379362,41.9787188782662,3.3,19.8586882379362,-0.001,      1083P   1373
0.401,-0.001,1.976;                                                 1083P   1374
128,1,1,1,1,0,0,1,0,0,-0.001,-0.001,0.301,0.301,1.824,1.824,        1085P   1375
1.976,1.976,1.,1.,1.,1.,41.9887188782662,3.29,18.3386882379362,     1085P   1376
41.9887188782662,6.31,18.3386882379362,41.9887188782662,3.29,       1085P   1377
19.8586882379362,41.9887188782662,6.31,19.8586882379362,-0.001,     1085P   1378
0.301,1.824,1.976;                                                  1085P   1379
128,1,1,1,1,0,0,1,0,0,-0.001,-0.001,0.251,0.251,1.824,1.824,        1087P   1380
1.976,1.976,1.,1.,1.,1.,-16.5212811217338,6.3,18.3386882379362,     1087P   1381
-14.0012811217338,6.3,18.3386882379362,-16.5212811217338,6.3,       1087P   1382
19.8586882379362,-14.0012811217338,6.3,19.8586882379362,-0.001,     1087P   1383
0.251,1.824,1.976;                                                  1087P   1384
128,1,1,1,1,0,0,1,0,0,-0.001,-0.001,0.301,0.301,1.824,1.824,        1089P   1385
1.976,1.976,1.,1.,1.,1.,-14.0112811217338,6.31,18.3386882379362,    1089P   1386
-14.0112811217338,3.29,18.3386882379362,-14.0112811217338,6.31,     1089P   1387
19.8586882379362,-14.0112811217338,3.29,19.8586882379362,-0.001,    1089P   1388
0.301,1.824,1.976;                                                  1089P   1389
128,1,1,1,1,0,0,1,0,0,-0.001,-0.001,0.401,0.401,-0.001,-0.001,      1091P   1390
1.976,1.976,1.,1.,1.,1.,-14.0012811217338,3.3,                      1091P   1391
0.0886882379361909,-18.0212811217338,3.3,0.0886882379361909,        1091P   1392
-14.0012811217338,3.3,19.8586882379362,-18.0212811217338,3.3,       1091P   1393
19.8586882379362,-0.001,0.401,-0.001,1.976;                         1091P   1394
128,1,1,1,1,0,0,1,0,0,-0.001,-0.001,0.151,0.151,-0.001,-0.001,      1093P   1395
1.976,1.976,1.,1.,1.,1.,-18.0212811217338,4.3,                      1093P   1396
0.0886882379361909,-16.5012811217338,4.3,0.0886882379361909,        1093P   1397
-18.0212811217338,4.3,19.8586882379362,-16.5012811217338,4.3,       1093P   1398
19.8586882379362,-0.001,0.151,-0.001,1.976;                         1093P   1399
128,1,1,1,1,0,0,1,0,0,-0.001,-0.001,0.251,0.251,-0.001,-0.001,      1095P   1400
0.151,0.151,1.,1.,1.,1.,-16.5212811217338,6.3,                      1095P   1401
0.0886882379361909,-14.0012811217338,6.3,0.0886882379361909,        1095P   1402
-16.5212811217338,6.3,1.60868823793619,-14.0012811217338,6.3,       1095P   1403
1.60868823793619,-0.001,0.251,-0.001,0.151;                         1095P   1404
128,1,1,1,1,0,0,1,0,0,-0.001,-0.001,0.301,0.301,-0.001,-0.001,      1097P   1405
0.151,0.151,1.,1.,1.,1.,-14.0112811217338,6.31,                     1097P   1406
0.0886882379361909,-14.0112811217338,3.29,0.0886882379361909,       1097P   1407
-14.0112811217338,6.31,1.60868823793619,-14.0112811217338,3.29,     1097P   1408
1.60868823793619,-0.001,0.301,-0.001,0.151;                         1097P   1409
128,1,1,1,1,0,0,1,0,0,-0.001,-0.001,1.976,1.976,-0.001,-0.001,      1099P   1410
0.331,0.331,1.,1.,1.,1.,45.9887188782662,-0.01,19.8586882379362,    1099P   1411
45.9887188782662,-0.01,0.088688237936192,45.9887188782662,3.31,     1099P   1412
19.8586882379362,45.9887188782662,3.31,0.088688237936192,-0.001,    1099P   1413
1.976,-0.001,0.331;                                                 1099P   1414
128,1,1,1,1,0,0,1,0,0,-0.001,-0.001,1.976,1.976,0.429,0.429,        1101P   1415
1.241,1.241,1.,1.,1.,1.,44.4887188782662,4.29,0.088688237936192,    1101P   1416
44.4887188782662,4.29,19.8586882379362,44.4887188782662,12.41,      1101P   1417
0.088688237936192,44.4887188782662,12.41,19.8586882379362,          1101P   1418
-0.001,1.976,0.429,1.241;                                           1101P   1419
128,1,1,1,1,0,0,1,0,0,0.149,0.149,1.826,1.826,0.239,0.239,0.331,    1103P   1420
0.331,1.,1.,1.,1.,44.4887188782662,2.39,1.58868823793619,           1103P   1421
44.4887188782662,2.39,18.3586882379362,44.4887188782662,3.31,       1103P   1422
1.58868823793619,44.4887188782662,3.31,18.3586882379362,0.149,      1103P   1423
1.826,0.239,0.331;                                                  1103P   1424
128,1,1,1,1,0,0,1,0,0,0.149,0.149,6.251,6.251,0.239,0.239,1.241,    1105P   1425
1.241,1.,1.,1.,1.,44.4987188782662,2.39,18.3486882379362,           1105P   1426
-16.5212811217338,2.39,18.3486882379362,44.4987188782662,12.41,     1105P   1427
18.3486882379362,-16.5212811217338,12.41,18.3486882379362,0.149,    1105P   1428
6.251,0.239,1.241;                                                  1105P   1429
128,1,1,1,1,0,0,1,0,0,-0.001,-0.001,1.976,1.976,0.429,0.429,        1107P   1430
1.241,1.241,1.,1.,1.,1.,-16.5112811217338,4.29,19.8586882379362,    1107P   1431
-16.5112811217338,4.29,0.0886882379361909,-16.5112811217338,        1107P   1432
12.41,19.8586882379362,-16.5112811217338,12.41,                     1107P   1433
0.0886882379361909,-0.001,1.976,0.429,1.241;                        1107P   1434
128,1,1,1,1,0,0,1,0,0,0.149,0.149,1.826,1.826,0.239,0.239,0.331,    1109P   1435
0.331,1.,1.,1.,1.,-16.5112811217338,2.39,18.3586882379362,          1109P   1436
-16.5112811217338,2.39,1.58868823793619,-16.5112811217338,3.31,     1109P   1437
18.3586882379362,-16.5112811217338,3.31,1.58868823793619,0.149,     1109P   1438
1.826,0.239,0.331;                                                  1109P   1439
128,1,1,1,1,0,0,1,0,0,-0.001,-0.001,6.401,6.401,-0.001,-0.001,      1111P   1440
1.301,1.301,1.,1.,1.,1.,-18.0212811217338,-0.01,                    1111P   1441
19.8486882379362,45.9987188782662,-0.01,19.8486882379362,           1111P   1442
-18.0212811217338,13.01,19.8486882379362,45.9987188782662,13.01,    1111P   1443
19.8486882379362,-0.001,6.401,-0.001,1.301;                         1111P   1444
128,1,1,1,1,0,0,1,0,0,-0.001,-0.001,1.976,1.976,-0.001,-0.001,      1113P   1445
0.331,0.331,1.,1.,1.,1.,-18.0112811217338,-0.01,                    1113P   1446
0.0886882379361909,-18.0112811217338,-0.01,19.8586882379362,        1113P   1447
-18.0112811217338,3.31,0.0886882379361909,-18.0112811217338,        1113P   1448
3.31,19.8586882379362,-0.001,1.976,-0.001,0.331;                    1113P   1449
128,1,1,1,1,0,0,1,0,0,-0.001,-0.001,1.816,1.816,-0.001,-0.001,      1115P   1450
6.321,6.321,1.,1.,1.,1.,45.9987188782662,1.,19.0586882379362,       1115P   1451
45.9987188782662,1.,0.888688237936191,-17.2212811217338,1.,         1115P   1452
19.0586882379362,-17.2212811217338,1.,0.888688237936191,-0.001,     1115P   1453
1.816,-0.001,6.321;                                                 1115P   1454
128,1,1,1,1,0,0,1,0,0,-3.201,-3.201,3.201,3.201,-0.9885,-0.9885,    1117P   1455
0.9885,0.9885,1.,1.,1.,1.,45.9987188782662,0.,19.8586882379362,     1117P   1456
-18.0212811217338,0.,19.8586882379362,45.9987188782662,0.,          1117P   1457
0.088688237936192,-18.0212811217338,0.,0.0886882379361909,          1117P   1458
-3.201,3.201,-0.9885,0.9885;                                        1117P   1459
128,1,1,1,1,0,0,1,0,0,-0.001,-0.001,1.976,1.976,0.429,0.429,        1119P   1460
1.201,1.201,1.,1.,1.,1.,45.9887188782662,4.29,19.8586882379362,     1119P   1461
45.9887188782662,4.29,0.088688237936192,45.9887188782662,12.01,     1119P   1462
19.8586882379362,45.9887188782662,12.01,0.088688237936192,          1119P   1463
-0.001,1.976,0.429,1.201;                                           1119P   1464
128,1,1,1,1,0,0,1,0,0,-0.001,-0.001,1.816,1.816,-0.001,-0.001,      1121P   1465
6.321,6.321,1.,1.,1.,1.,45.9987188782662,2.4,0.888688237936193,     1121P   1466
45.9987188782662,2.4,19.0586882379362,-17.2212811217338,2.4,        1121P   1467
0.888688237936193,-17.2212811217338,2.4,19.0586882379362,-0.001,    1121P   1468
1.816,-0.001,6.321;                                                 1121P   1469
128,1,1,1,1,0,0,1,0,0,-0.00100000000000001,-0.00100000000000001,    1123P   1470
0.141,0.141,-0.001,-0.001,6.321,6.321,1.,1.,1.,1.,                  1123P   1471
45.9987188782662,2.41,19.0486882379362,45.9987188782662,0.99,       1123P   1472
19.0486882379362,-17.2212811217338,2.41,19.0486882379362,           1123P   1473
-17.2212811217338,0.99,19.0486882379362,-0.00100000000000001,       1123P   1474
0.141,-0.001,6.321;                                                 1123P   1475
128,1,1,1,1,0,0,1,0,0,-0.001,-0.001,0.141,0.141,-0.001,-0.001,      1125P   1476
6.321,6.321,1.,1.,1.,1.,45.9987188782662,0.99,0.898688237936191,    1125P   1477
45.9987188782662,2.41,0.898688237936191,-17.2212811217338,0.99,     1125P   1478
0.898688237936191,-17.2212811217338,2.41,0.898688237936191,         1125P   1479
-0.001,0.141,-0.001,6.321;                                          1125P   1480
128,1,1,1,1,0,0,1,0,0,-0.9085,-0.9085,0.9085,0.9085,-0.071,         1127P   1481
-0.071,0.071,0.071,1.,1.,1.,1.,-17.2112811217338,0.99,              1127P   1482
19.0586882379362,-17.2112811217338,0.99,0.888688237936192,          1127P   1483
-17.2112811217338,2.41,19.0586882379362,-17.2112811217338,2.41,     1127P   1484
0.888688237936192,-0.9085,0.9085,-0.071,0.071;                      1127P   1485
128,1,1,1,1,0,0,1,0,0,0.148999999999999,0.148999999999999,6.401,    1129P   1486
6.401,-0.001,-0.001,0.101,0.101,1.,1.,1.,1.,45.9987188782662,       1129P   1487
-0.01,18.3486882379362,-16.5212811217338,-0.01,18.3486882379362,    1129P   1488
45.9987188782662,1.01,18.3486882379362,-16.5212811217338,1.01,      1129P   1489
18.3486882379362,0.148999999999999,6.401,-0.001,0.101;              1129P   1490
128,1,1,1,1,0,0,1,0,0,-0.001,-0.001,6.251,6.251,-0.001,-0.001,      1131P   1491
0.101,0.101,1.,1.,1.,1.,-16.5212811217338,-0.01,                    1131P   1492
1.59868823793619,45.9987188782662,-0.01,1.59868823793619,           1131P   1493
-16.5212811217338,1.01,1.59868823793619,45.9987188782662,1.01,      1131P   1494
1.59868823793619,-0.001,6.251,-0.001,0.101;                         1131P   1495
128,1,1,1,1,0,0,1,0,0,0.149,0.149,1.826,1.826,-0.001,-0.001,        1133P   1496
0.101,0.101,1.,1.,1.,1.,-16.5112811217338,-0.01,                    1133P   1497
18.3586882379362,-16.5112811217338,-0.01,1.58868823793619,          1133P   1498
-16.5112811217338,1.01,18.3586882379362,-16.5112811217338,1.01,     1133P   1499
1.58868823793619,0.149,1.826,-0.001,0.101;                          1133P   1500
128,1,1,1,1,0,0,1,0,0,-0.001,-0.001,0.121,0.121,-0.001,-0.001,      1135P   1501
0.151,0.151,1.,1.,1.,1.,-7.61128112173378,6.41,1.60868823793619,    1135P   1502
-7.61128112173378,5.19,1.60868823793619,-7.61128112173378,6.41,     1135P   1503
0.0886882379361909,-7.61128112173378,5.19,0.0886882379361909,       1135P   1504
-0.001,0.121,-0.001,0.151;                                          1135P   1505
128,1,1,1,1,0,0,1,0,0,-0.001,-0.001,0.321,0.321,-0.001,-0.001,      1137P   1506
0.151,0.151,1.,1.,1.,1.,-7.62128112173378,5.2,1.60868823793619,     1137P   1507
-4.40128112173378,5.2,1.60868823793619,-7.62128112173378,5.2,       1137P   1508
0.0886882379361909,-4.40128112173378,5.2,0.0886882379361909,        1137P   1509
-0.001,0.321,-0.001,0.151;                                          1137P   1510
128,1,1,1,1,0,0,1,0,0,-0.001,-0.001,0.121,0.121,-0.001,-0.001,      1139P   1511
0.151,0.151,1.,1.,1.,1.,-4.41128112173378,5.19,1.60868823793619,    1139P   1512
-4.41128112173379,6.41,1.60868823793619,-4.41128112173378,5.19,     1139P   1513
0.0886882379361909,-4.41128112173379,6.41,0.0886882379361909,       1139P   1514
-0.001,0.121,-0.001,0.151;                                          1139P   1515
128,1,1,1,1,0,0,1,0,0,-0.001,-0.001,0.321,0.321,-0.001,-0.001,      1141P   1516
0.151,0.151,1.,1.,1.,1.,-4.40128112173379,6.4,1.60868823793619,     1141P   1517
-7.62128112173378,6.4,1.60868823793619,-4.40128112173379,6.4,       1141P   1518
0.0886882379361909,-7.62128112173378,6.4,0.0886882379361909,        1141P   1519
-0.001,0.321,-0.001,0.151;                                          1141P   1520
128,1,1,1,1,0,0,1,0,0,-0.001,-0.001,0.121,0.121,-0.001,-0.001,      1143P   1521
0.151,0.151,1.,1.,1.,1.,32.3887188782662,6.41,1.60868823793619,     1143P   1522
32.3887188782662,5.19,1.60868823793619,32.3887188782662,6.41,       1143P   1523
0.0886882379361909,32.3887188782662,5.19,0.0886882379361909,        1143P   1524
-0.001,0.121,-0.001,0.151;                                          1143P   1525
128,1,1,1,1,0,0,1,0,0,-0.001,-0.001,0.321,0.321,-0.001,-0.001,      1145P   1526
0.151,0.151,1.,1.,1.,1.,32.3787188782662,5.2,1.60868823793619,      1145P   1527
35.5987188782662,5.2,1.60868823793619,32.3787188782662,5.2,         1145P   1528
0.0886882379361909,35.5987188782662,5.2,0.0886882379361909,         1145P   1529
-0.001,0.321,-0.001,0.151;                                          1145P   1530
128,1,1,1,1,0,0,1,0,0,-0.001,-0.001,0.121,0.121,-0.001,-0.001,      1147P   1531
0.151,0.151,1.,1.,1.,1.,35.5887188782662,5.19,1.60868823793619,     1147P   1532
35.5887188782662,6.41,1.60868823793619,35.5887188782662,5.19,       1147P   1533
0.0886882379361909,35.5887188782662,6.41,0.0886882379361909,        1147P   1534
-0.001,0.121,-0.001,0.151;                                          1147P   1535
128,1,1,1,1,0,0,1,0,0,-0.001,-0.001,0.320999999999999,              1149P   1536
0.320999999999999,-0.001,-0.001,0.151,0.151,1.,1.,1.,1.,            1149P   1537
35.5987188782662,6.4,1.60868823793619,32.3787188782662,6.4,         1149P   1538
1.60868823793619,35.5987188782662,6.4,0.0886882379361909,           1149P   1539
32.3787188782662,6.4,0.0886882379361909,-0.001,                     1149P   1540
0.320999999999999,-0.001,0.151;                                     1149P   1541
128,1,1,1,1,0,0,1,0,0,-0.001,-0.001,0.121,0.121,-0.001,-0.001,      1151P   1542
0.151,0.151,1.,1.,1.,1.,-7.61128112173378,5.19,18.3386882379362,    1151P   1543
-7.61128112173378,6.41,18.3386882379362,-7.61128112173378,5.19,     1151P   1544
19.8586882379362,-7.61128112173378,6.41,19.8586882379362,-0.001,    1151P   1545
0.121,-0.001,0.151;                                                 1151P   1546
128,1,1,1,1,0,0,1,0,0,-0.001,-0.001,0.320999999999999,              1153P   1547
0.320999999999999,-0.001,-0.001,0.151,0.151,1.,1.,1.,1.,            1153P   1548
-7.62128112173378,6.4,18.3386882379362,-4.40128112173379,6.4,       1153P   1549
18.3386882379362,-7.62128112173378,6.4,19.8586882379362,            1153P   1550
-4.40128112173379,6.4,19.8586882379362,-0.001,0.320999999999999,    1153P   1551
-0.001,0.151;                                                       1153P   1552
128,1,1,1,1,0,0,1,0,0,-0.001,-0.001,0.121,0.121,-0.001,-0.001,      1155P   1553
0.151,0.151,1.,1.,1.,1.,-4.41128112173379,6.41,18.3386882379362,    1155P   1554
-4.41128112173378,5.19,18.3386882379362,-4.41128112173379,6.41,     1155P   1555
19.8586882379362,-4.41128112173378,5.19,19.8586882379362,-0.001,    1155P   1556
0.121,-0.001,0.151;                                                 1155P   1557
128,1,1,1,1,0,0,1,0,0,-0.001,-0.001,0.321,0.321,-0.001,-0.001,      1157P   1558
0.151,0.151,1.,1.,1.,1.,-4.40128112173378,5.2,18.3386882379362,     1157P   1559
-7.62128112173378,5.2,18.3386882379362,-4.40128112173378,5.2,       1157P   1560
19.8586882379362,-7.62128112173378,5.2,19.8586882379362,-0.001,     1157P   1561
0.321,-0.001,0.151;                                                 1157P   1562
128,1,1,1,1,0,0,1,0,0,-0.001,-0.001,0.121,0.121,-0.001,-0.001,      1159P   1563
0.151,0.151,1.,1.,1.,1.,32.3887188782662,5.19,18.3386882379362,     1159P   1564
32.3887188782662,6.41,18.3386882379362,32.3887188782662,5.19,       1159P   1565
19.8586882379362,32.3887188782662,6.41,19.8586882379362,-0.001,     1159P   1566
0.121,-0.001,0.151;                                                 1159P   1567
128,1,1,1,1,0,0,1,0,0,-0.001,-0.001,0.320999999999999,              1161P   1568
0.320999999999999,-0.001,-0.001,0.151,0.151,1.,1.,1.,1.,            1161P   1569
32.3787188782662,6.4,18.3386882379362,35.5987188782662,6.4,         1161P   1570
18.3386882379362,32.3787188782662,6.4,19.8586882379362,             1161P   1571
35.5987188782662,6.4,19.8586882379362,-0.001,0.320999999999999,     1161P   1572
-0.001,0.151;                                                       1161P   1573
128,1,1,1,1,0,0,1,0,0,-0.001,-0.001,0.121,0.121,-0.001,-0.001,      1163P   1574
0.151,0.151,1.,1.,1.,1.,35.5887188782662,6.41,18.3386882379362,     1163P   1575
35.5887188782662,5.19,18.3386882379362,35.5887188782662,6.41,       1163P   1576
19.8586882379362,35.5887188782662,5.19,19.8586882379362,-0.001,     1163P   1577
0.121,-0.001,0.151;                                                 1163P   1578
128,1,1,1,1,0,0,1,0,0,-0.001,-0.001,0.321,0.321,-0.001,-0.001,      1165P   1579
0.151,0.151,1.,1.,1.,1.,35.5987188782662,5.2,18.3386882379362,      1165P   1580
32.3787188782662,5.2,18.3386882379362,35.5987188782662,5.2,         1165P   1581
19.8586882379362,32.3787188782662,5.2,19.8586882379362,-0.001,      1165P   1582
0.321,-0.001,0.151;                                                 1165P   1583
128,1,8,1,2,0,1,0,0,1,0.,0.,0.0960000000000001,                     1167P   1584
0.0960000000000001,-3.14159265358979,-3.14159265358979,             1167P   1585
-3.14159265358979,-1.5707963267949,-1.5707963267949,0.,0.,          1167P   1586
1.5707963267949,1.5707963267949,3.14159265358979,                   1167P   1587
3.14159265358979,3.14159265358979,1.,1.,0.707106781186548,          1167P   1588
0.707106781186548,1.,1.,0.707106781186548,0.707106781186548,1.,     1167P   1589
1.,0.707106781186548,0.707106781186548,1.,1.,0.707106781186548,     1167P   1590
0.707106781186548,1.,1.,0.238718878266218,13.,7.84868823793619,     1167P   1591
0.238718878266218,12.4,7.84868823793619,0.238718878266216,13.,      1167P   1592
14.0986882379362,0.238718878266216,12.4,14.0986882379362,           1167P   1593
-6.01128112173378,13.,14.0986882379362,-6.01128112173378,12.4,      1167P   1594
14.0986882379362,-12.2612811217338,13.,14.0986882379362,            1167P   1595
-12.2612811217338,12.4,14.0986882379362,-12.2612811217338,13.,      1167P   1596
7.84868823793619,-12.2612811217338,12.4,7.84868823793619,           1167P   1597
-12.2612811217338,13.,1.59868823793619,-12.2612811217338,12.4,      1167P   1598
1.59868823793619,-6.01128112173378,13.,1.59868823793619,            1167P   1599
-6.01128112173378,12.4,1.59868823793619,0.238718878266216,13.,      1167P   1600
1.59868823793619,0.238718878266216,12.4,1.59868823793619,           1167P   1601
0.238718878266218,13.,7.84868823793619,0.238718878266218,12.4,      1167P   1602
7.84868823793619,0.,0.0960000000000001,-3.14159265358979,           1167P   1603
3.14159265358979;                                                   1167P   1604
128,1,8,1,2,0,1,0,0,1,0.,0.,0.0960000000000001,                     1169P   1605
0.0960000000000001,-3.14159265358979,-3.14159265358979,             1169P   1606
-3.14159265358979,-1.5707963267949,-1.5707963267949,0.,0.,          1169P   1607
1.5707963267949,1.5707963267949,3.14159265358979,                   1169P   1608
3.14159265358979,3.14159265358979,1.,1.,0.707106781186548,          1169P   1609
0.707106781186548,1.,1.,0.707106781186548,0.707106781186548,1.,     1169P   1610
1.,0.707106781186548,0.707106781186548,1.,1.,0.707106781186548,     1169P   1611
0.707106781186548,1.,1.,20.2387188782662,13.,7.84868823793619,      1169P   1612
20.2387188782662,12.4,7.84868823793619,20.2387188782662,13.,        1169P   1613
14.0986882379362,20.2387188782662,12.4,14.0986882379362,            1169P   1614
13.9887188782662,13.,14.0986882379362,13.9887188782662,12.4,        1169P   1615
14.0986882379362,7.73871887826622,13.,14.0986882379362,             1169P   1616
7.73871887826622,12.4,14.0986882379362,7.73871887826622,13.,        1169P   1617
7.84868823793619,7.73871887826622,12.4,7.84868823793619,            1169P   1618
7.73871887826622,13.,1.59868823793619,7.73871887826622,12.4,        1169P   1619
1.59868823793619,13.9887188782662,13.,1.59868823793619,             1169P   1620
13.9887188782662,12.4,1.59868823793619,20.2387188782662,13.,        1169P   1621
1.59868823793619,20.2387188782662,12.4,1.59868823793619,            1169P   1622
20.2387188782662,13.,7.84868823793619,20.2387188782662,12.4,        1169P   1623
7.84868823793619,0.,0.0960000000000001,-3.14159265358979,           1169P   1624
3.14159265358979;                                                   1169P   1625
128,1,8,1,2,0,1,0,0,1,0.,0.,0.0960000000000001,                     1171P   1626
0.0960000000000001,-3.14159265358979,-3.14159265358979,             1171P   1627
-3.14159265358979,-1.5707963267949,-1.5707963267949,0.,0.,          1171P   1628
1.5707963267949,1.5707963267949,3.14159265358979,                   1171P   1629
3.14159265358979,3.14159265358979,1.,1.,0.707106781186548,          1171P   1630
0.707106781186548,1.,1.,0.707106781186548,0.707106781186548,1.,     1171P   1631
1.,0.707106781186548,0.707106781186548,1.,1.,0.707106781186548,     1171P   1632
0.707106781186548,1.,1.,40.2387188782662,13.,7.84868823793619,      1171P   1633
40.2387188782662,12.4,7.84868823793619,40.2387188782662,13.,        1171P   1634
14.0986882379362,40.2387188782662,12.4,14.0986882379362,            1171P   1635
33.9887188782662,13.,14.0986882379362,33.9887188782662,12.4,        1171P   1636
14.0986882379362,27.7387188782662,13.,14.0986882379362,             1171P   1637
27.7387188782662,12.4,14.0986882379362,27.7387188782662,13.,        1171P   1638
7.84868823793619,27.7387188782662,12.4,7.84868823793619,            1171P   1639
27.7387188782662,13.,1.59868823793619,27.7387188782662,12.4,        1171P   1640
1.59868823793619,33.9887188782662,13.,1.59868823793619,             1171P   1641
33.9887188782662,12.4,1.59868823793619,40.2387188782662,13.,        1171P   1642
1.59868823793619,40.2387188782662,12.4,1.59868823793619,            1171P   1643
40.2387188782662,13.,7.84868823793619,40.2387188782662,12.4,        1171P   1644
7.84868823793619,0.,0.0960000000000001,-3.14159265358979,           1171P   1645
3.14159265358979;                                                   1171P   1646
128,1,1,1,1,0,0,1,0,0,-0.8385,-0.8385,0.8385,0.8385,-3.051,         1173P   1647
-3.051,3.051,3.051,1.,1.,1.,1.,-16.5212811217338,12.4,              1173P   1648
18.3586882379362,-16.5212811217338,12.4,1.58868823793619,           1173P   1649
44.4987188782662,12.4,18.3586882379362,44.4987188782662,12.4,       1173P   1650
1.58868823793619,-0.8385,0.8385,-3.051,3.051;                       1173P   1651
128,1,1,1,1,0,0,1,0,0,-0.001,-0.001,0.301,0.301,1.824,1.824,        1175P   1652
1.976,1.976,1.,1.,1.,1.,21.4887188782662,6.31,18.3386882379362,     1175P   1653
21.4887188782662,3.29,18.3386882379362,21.4887188782662,6.31,       1175P   1654
19.8586882379362,21.4887188782662,3.29,19.8586882379362,-0.001,     1175P   1655
0.301,1.824,1.976;                                                  1175P   1656
128,1,1,1,1,0,0,1,0,0,-0.001,-0.001,0.301,0.301,-0.001,-0.001,      1177P   1657
0.151,0.151,1.,1.,1.,1.,21.4887188782662,6.31,                      1177P   1658
0.0886882379361909,21.4887188782662,3.29,0.0886882379361909,        1177P   1659
21.4887188782662,6.31,1.60868823793619,21.4887188782662,3.29,       1177P   1660
1.60868823793619,-0.001,0.301,-0.001,0.151;                         1177P   1661
128,1,1,1,1,0,0,1,0,0,-0.001,-0.001,1.501,1.501,1.824,1.824,        1179P   1662
1.976,1.976,1.,1.,1.,1.,6.47871887826622,6.3,18.3386882379362,      1179P   1663
21.4987188782662,6.3,18.3386882379362,6.47871887826622,6.3,         1179P   1664
19.8586882379362,21.4987188782662,6.3,19.8586882379362,-0.001,      1179P   1665
1.501,1.824,1.976;                                                  1179P   1666
128,1,1,1,1,0,0,1,0,0,-0.001,-0.001,1.501,1.501,1.824,1.824,        1181P   1667
1.976,1.976,1.,1.,1.,1.,21.4987188782662,3.3,18.3386882379362,      1181P   1668
6.47871887826622,3.3,18.3386882379362,21.4987188782662,3.3,         1181P   1669
19.8586882379362,6.47871887826622,3.3,19.8586882379362,-0.001,      1181P   1670
1.501,1.824,1.976;                                                  1181P   1671
128,1,1,1,1,0,0,1,0,0,-0.001,-0.001,1.501,1.501,-0.001,-0.001,      1183P   1672
0.151,0.151,1.,1.,1.,1.,21.4987188782662,3.3,0.0886882379361909,    1183P   1673
6.47871887826622,3.3,0.0886882379361909,21.4987188782662,3.3,       1183P   1674
1.60868823793619,6.47871887826622,3.3,1.60868823793619,-0.001,      1183P   1675
1.501,-0.001,0.151;                                                 1183P   1676
128,1,1,1,1,0,0,1,0,0,-0.001,-0.001,0.301,0.301,1.824,1.824,        1185P   1677
1.976,1.976,1.,1.,1.,1.,6.48871887826622,3.29,18.3386882379362,     1185P   1678
6.48871887826622,6.31,18.3386882379362,6.48871887826622,3.29,       1185P   1679
19.8586882379362,6.48871887826622,6.31,19.8586882379362,-0.001,     1185P   1680
0.301,1.824,1.976;                                                  1185P   1681
128,1,1,1,1,0,0,1,0,0,-0.001,-0.001,0.301,0.301,-0.001,-0.001,      1187P   1682
0.151,0.151,1.,1.,1.,1.,6.48871887826622,3.29,                      1187P   1683
0.0886882379361909,6.48871887826622,6.31,0.0886882379361909,        1187P   1684
6.48871887826622,3.29,1.60868823793619,6.48871887826622,6.31,       1187P   1685
1.60868823793619,-0.001,0.301,-0.001,0.151;                         1187P   1686
128,1,1,1,1,0,0,1,0,0,-0.001,-0.001,1.501,1.501,-0.001,-0.001,      1189P   1687
0.151,0.151,1.,1.,1.,1.,6.47871887826622,6.3,0.0886882379361909,    1189P   1688
21.4987188782662,6.3,0.0886882379361909,6.47871887826622,6.3,       1189P   1689
1.60868823793619,21.4987188782662,6.3,1.60868823793619,-0.001,      1189P   1690
1.501,-0.001,0.151;                                                 1189P   1691
128,1,1,1,1,0,0,1,0,0,0.149,0.149,6.251,6.251,0.239,0.239,1.241,    1191P   1692
1.241,1.,1.,1.,1.,-16.5212811217338,2.39,1.59868823793619,          1191P   1693
44.4987188782662,2.39,1.59868823793619,-16.5212811217338,12.41,     1191P   1694
1.59868823793619,44.4987188782662,12.41,1.59868823793619,0.149,     1191P   1695
6.251,0.239,1.241;                                                  1191P   1696
128,1,1,1,1,0,0,1,0,0,-0.001,-0.001,1.976,1.976,0.429,0.429,        1193P   1697
1.201,1.201,1.,1.,1.,1.,-18.0112811217338,4.29,                     1193P   1698
0.0886882379361909,-18.0112811217338,4.29,19.8586882379362,         1193P   1699
-18.0112811217338,12.01,0.0886882379361909,-18.0112811217338,       1193P   1700
12.01,19.8586882379362,-0.001,1.976,0.429,1.201;                    1193P   1701
128,1,1,1,1,0,0,1,0,0,-0.001,-0.001,0.441,0.441,-0.001,-0.001,      1195P   1702
0.301,0.301,1.,1.,1.,1.,33.7787188782662,1.99,-4.30131176206381,    1195P   1703
38.1987188782662,1.99,-4.30131176206381,33.7787188782662,5.01,      1195P   1704
-4.30131176206381,38.1987188782662,5.01,-4.30131176206381,          1195P   1705
-0.001,0.441,-0.001,0.301;                                          1195P   1706
128,1,1,1,1,0,0,1,0,0,-0.00100000000000006,-0.00100000000000006,    1197P   1707
0.441,0.441,-0.001,-0.001,0.301,0.301,1.,1.,1.,1.,                  1197P   1708
33.7887188782662,1.99,0.108688237936191,33.7887188782662,1.99,      1197P   1709
-4.31131176206381,33.7887188782662,5.01,0.108688237936191,          1197P   1710
33.7887188782662,5.01,-4.31131176206381,-0.00100000000000006,       1197P   1711
0.441,-0.001,0.301;                                                 1197P   1712
128,1,1,1,1,0,0,1,0,0,-0.001,-0.001,0.101,0.101,-0.001,-0.001,      1199P   1713
0.301,0.301,1.,1.,1.,1.,32.7787188782662,1.99,                      1199P   1714
0.0986882379361909,33.7987188782662,1.99,0.0986882379361909,        1199P   1715
32.7787188782662,5.01,0.0986882379361909,33.7987188782662,5.01,     1199P   1716
0.0986882379361909,-0.001,0.101,-0.001,0.301;                       1199P   1717
128,1,1,1,1,0,0,1,0,0,-0.001,-0.001,0.541,0.541,-0.001,-0.001,      1201P   1718
0.301,0.301,1.,1.,1.,1.,32.7887188782662,1.99,-5.31131176206381,    1201P   1719
32.7887188782662,1.99,0.108688237936191,32.7887188782662,5.01,      1201P   1720
-5.31131176206381,32.7887188782662,5.01,0.108688237936191,          1201P   1721
-0.001,0.541,-0.001,0.301;                                          1201P   1722
128,1,1,1,1,0,0,1,0,0,-0.001,-0.001,0.641,0.641,-0.001,-0.001,      1203P   1723
0.301,0.301,1.,1.,1.,1.,39.1987188782662,1.99,-5.30131176206381,    1203P   1724
32.7787188782662,1.99,-5.30131176206381,39.1987188782662,5.01,      1203P   1725
-5.30131176206381,32.7787188782662,5.01,-5.30131176206381,          1203P   1726
-0.001,0.641,-0.001,0.301;                                          1203P   1727
128,1,1,1,1,0,0,1,0,0,-0.00100000000000001,-0.00100000000000001,    1205P   1728
0.541,0.541,-0.001,-0.001,0.301,0.301,1.,1.,1.,1.,                  1205P   1729
39.1887188782662,1.99,0.108688237936191,39.1887188782662,1.99,      1205P   1730
-5.31131176206381,39.1887188782662,5.01,0.108688237936191,          1205P   1731
39.1887188782662,5.01,-5.31131176206381,-0.00100000000000001,       1205P   1732
0.541,-0.001,0.301;                                                 1205P   1733
128,1,1,1,1,0,0,1,0,0,-0.001,-0.001,0.101000000000001,              1207P   1734
0.101000000000001,-0.001,-0.001,0.301,0.301,1.,1.,1.,1.,            1207P   1735
38.1787188782662,1.99,0.0986882379361909,39.1987188782662,1.99,     1207P   1736
0.0986882379361909,38.1787188782662,5.01,0.0986882379361909,        1207P   1737
39.1987188782662,5.01,0.0986882379361909,-0.001,                    1207P   1738
0.101000000000001,-0.001,0.301;                                     1207P   1739
128,1,1,1,1,0,0,1,0,0,-0.001,-0.001,0.441,0.441,-0.001,-0.001,      1209P   1740
0.301,0.301,1.,1.,1.,1.,38.1887188782662,1.99,-4.31131176206381,    1209P   1741
38.1887188782662,1.99,0.108688237936191,38.1887188782662,5.01,      1209P   1742
-4.31131176206381,38.1887188782662,5.01,0.108688237936191,          1209P   1743
-0.001,0.441,-0.001,0.301;                                          1209P   1744
128,1,1,1,1,0,0,1,0,0,-0.321,-0.321,0.321,0.321,-0.271,-0.271,      1211P   1745
0.271,0.271,1.,1.,1.,1.,39.1987188782662,2.,0.108688237936191,      1211P   1746
32.7787188782662,2.,0.108688237936191,39.1987188782662,2.,          1211P   1747
-5.31131176206381,32.7787188782662,2.,-5.31131176206381,-0.321,     1211P   1748
0.321,-0.271,0.271;                                                 1211P   1749
128,1,1,1,1,0,0,1,0,0,-0.271,-0.271,0.271,0.271,-0.321,-0.321,      1213P   1750
0.321,0.321,1.,1.,1.,1.,32.7787188782662,5.,-5.31131176206381,      1213P   1751
32.7787188782662,5.,0.108688237936191,39.1987188782662,5.,          1213P   1752
-5.31131176206381,39.1987188782662,5.,0.108688237936191,-0.271,     1213P   1753
0.271,-0.321,0.321;                                                 1213P   1754
128,1,1,1,1,0,0,1,0,0,-0.001,-0.001,0.441,0.441,-0.001,-0.001,      1215P   1755
0.301,0.301,1.,1.,1.,1.,-10.2212811217338,1.99,                     1215P   1756
-4.30131176206381,-5.80128112173379,1.99,-4.30131176206381,         1215P   1757
-10.2212811217338,5.01,-4.30131176206381,-5.80128112173379,5.01,    1215P   1758
-4.30131176206381,-0.001,0.441,-0.001,0.301;                        1215P   1759
128,1,1,1,1,0,0,1,0,0,-0.00100000000000006,-0.00100000000000006,    1217P   1760
0.441,0.441,-0.001,-0.001,0.301,0.301,1.,1.,1.,1.,                  1217P   1761
-5.81128112173379,1.99,-4.31131176206381,-5.81128112173378,1.99,    1217P   1762
0.108688237936191,-5.81128112173379,5.01,-4.31131176206381,         1217P   1763
-5.81128112173378,5.01,0.108688237936191,-0.00100000000000006,      1217P   1764
0.441,-0.001,0.301;                                                 1217P   1765
128,1,1,1,1,0,0,1,0,0,-0.001,-0.001,0.101,0.101,-0.001,-0.001,      1219P   1766
0.301,0.301,1.,1.,1.,1.,-5.82128112173378,1.99,                     1219P   1767
0.0986882379361909,-4.80128112173378,1.99,0.0986882379361909,       1219P   1768
-5.82128112173378,5.01,0.0986882379361909,-4.80128112173378,        1219P   1769
5.01,0.0986882379361909,-0.001,0.101,-0.001,0.301;                  1219P   1770
128,1,1,1,1,0,0,1,0,0,-0.001,-0.001,0.541,0.541,-0.001,-0.001,      1221P   1771
0.301,0.301,1.,1.,1.,1.,-4.81128112173379,1.99,                     1221P   1772
0.108688237936191,-4.81128112173379,1.99,-5.31131176206381,         1221P   1773
-4.81128112173379,5.01,0.108688237936191,-4.81128112173379,5.01,    1221P   1774
-5.31131176206381,-0.001,0.541,-0.001,0.301;                        1221P   1775
128,1,1,1,1,0,0,1,0,0,-0.001,-0.001,0.641,0.641,-0.001,-0.001,      1223P   1776
0.301,0.301,1.,1.,1.,1.,-4.80128112173379,1.99,                     1223P   1777
-5.30131176206381,-11.2212811217338,1.99,-5.30131176206381,         1223P   1778
-4.80128112173379,5.01,-5.30131176206381,-11.2212811217338,5.01,    1223P   1779
-5.30131176206381,-0.001,0.641,-0.001,0.301;                        1223P   1780
128,1,1,1,1,0,0,1,0,0,-0.00100000000000001,-0.00100000000000001,    1225P   1781
0.541,0.541,-0.001,-0.001,0.301,0.301,1.,1.,1.,1.,                  1225P   1782
-11.2112811217338,1.99,-5.31131176206381,-11.2112811217338,1.99,    1225P   1783
0.108688237936191,-11.2112811217338,5.01,-5.31131176206381,         1225P   1784
-11.2112811217338,5.01,0.108688237936191,-0.00100000000000001,      1225P   1785
0.541,-0.001,0.301;                                                 1225P   1786
128,1,1,1,1,0,0,1,0,0,-0.001,-0.001,0.101000000000001,              1227P   1787
0.101000000000001,-0.001,-0.001,0.301,0.301,1.,1.,1.,1.,            1227P   1788
-11.2212811217338,1.99,0.0986882379361909,-10.2012811217338,        1227P   1789
1.99,0.0986882379361909,-11.2212811217338,5.01,                     1227P   1790
0.0986882379361909,-10.2012811217338,5.01,0.0986882379361909,       1227P   1791
-0.001,0.101000000000001,-0.001,0.301;                              1227P   1792
128,1,1,1,1,0,0,1,0,0,-0.001,-0.001,0.441,0.441,-0.001,-0.001,      1229P   1793
0.301,0.301,1.,1.,1.,1.,-10.2112811217338,1.99,                     1229P   1794
0.108688237936191,-10.2112811217338,1.99,-4.31131176206381,         1229P   1795
-10.2112811217338,5.01,0.108688237936191,-10.2112811217338,5.01,    1229P   1796
-4.31131176206381,-0.001,0.441,-0.001,0.301;                        1229P   1797
128,1,1,1,1,0,0,1,0,0,-0.321,-0.321,0.321,0.321,-0.271,-0.271,      1231P   1798
0.271,0.271,1.,1.,1.,1.,-4.80128112173378,2.,0.108688237936191,     1231P   1799
-11.2212811217338,2.,0.108688237936191,-4.80128112173378,2.,        1231P   1800
-5.31131176206381,-11.2212811217338,2.,-5.31131176206381,-0.321,    1231P   1801
0.321,-0.271,0.271;                                                 1231P   1802
128,1,1,1,1,0,0,1,0,0,-0.271,-0.271,0.271,0.271,-0.321,-0.321,      1233P   1803
0.321,0.321,1.,1.,1.,1.,-4.80128112173378,5.,0.108688237936191,     1233P   1804
-4.80128112173378,5.,-5.31131176206381,-11.2212811217338,5.,        1233P   1805
0.108688237936191,-11.2212811217338,5.,-5.31131176206381,-0.271,    1233P   1806
0.271,-0.321,0.321;                                                 1233P   1807
128,1,1,1,1,0,0,1,0,0,-0.001,-0.001,0.441,0.441,-0.001,-0.001,      1235P   1808
0.301,0.301,1.,1.,1.,1.,38.1987188782662,1.99,24.2486882379362,     1235P   1809
33.7787188782662,1.99,24.2486882379362,38.1987188782662,5.01,       1235P   1810
24.2486882379362,33.7787188782662,5.01,24.2486882379362,-0.001,     1235P   1811
0.441,-0.001,0.301;                                                 1235P   1812
128,1,1,1,1,0,0,1,0,0,-0.001,-0.001,0.441,0.441,-0.001,-0.001,      1237P   1813
0.301,0.301,1.,1.,1.,1.,33.7887188782662,1.99,24.2586882379362,     1237P   1814
33.7887188782662,1.99,19.8386882379362,33.7887188782662,5.01,       1237P   1815
24.2586882379362,33.7887188782662,5.01,19.8386882379362,-0.001,     1237P   1816
0.441,-0.001,0.301;                                                 1237P   1817
128,1,1,1,1,0,0,1,0,0,-0.001,-0.001,0.101,0.101,-0.001,-0.001,      1239P   1818
0.301,0.301,1.,1.,1.,1.,33.7987188782662,1.99,19.8486882379362,     1239P   1819
32.7787188782662,1.99,19.8486882379362,33.7987188782662,5.01,       1239P   1820
19.8486882379362,32.7787188782662,5.01,19.8486882379362,-0.001,     1239P   1821
0.101,-0.001,0.301;                                                 1239P   1822
128,1,1,1,1,0,0,1,0,0,-0.001,-0.001,0.541,0.541,-0.001,-0.001,      1241P   1823
0.301,0.301,1.,1.,1.,1.,32.7887188782662,1.99,19.8386882379362,     1241P   1824
32.7887188782662,1.99,25.2586882379362,32.7887188782662,5.01,       1241P   1825
19.8386882379362,32.7887188782662,5.01,25.2586882379362,-0.001,     1241P   1826
0.541,-0.001,0.301;                                                 1241P   1827
128,1,1,1,1,0,0,1,0,0,-0.001,-0.001,0.641,0.641,-0.001,-0.001,      1243P   1828
0.301,0.301,1.,1.,1.,1.,32.7787188782662,1.99,25.2486882379362,     1243P   1829
39.1987188782662,1.99,25.2486882379362,32.7787188782662,5.01,       1243P   1830
25.2486882379362,39.1987188782662,5.01,25.2486882379362,-0.001,     1243P   1831
0.641,-0.001,0.301;                                                 1243P   1832
128,1,1,1,1,0,0,1,0,0,-0.001,-0.001,0.541,0.541,-0.001,-0.001,      1245P   1833
0.301,0.301,1.,1.,1.,1.,39.1887188782662,1.99,25.2586882379362,     1245P   1834
39.1887188782662,1.99,19.8386882379362,39.1887188782662,5.01,       1245P   1835
25.2586882379362,39.1887188782662,5.01,19.8386882379362,-0.001,     1245P   1836
0.541,-0.001,0.301;                                                 1245P   1837
128,1,1,1,1,0,0,1,0,0,-0.001,-0.001,0.101000000000001,              1247P   1838
0.101000000000001,-0.001,-0.001,0.301,0.301,1.,1.,1.,1.,            1247P   1839
39.1987188782662,1.99,19.8486882379362,38.1787188782662,1.99,       1247P   1840
19.8486882379362,39.1987188782662,5.01,19.8486882379362,            1247P   1841
38.1787188782662,5.01,19.8486882379362,-0.001,0.101000000000001,    1247P   1842
-0.001,0.301;                                                       1247P   1843
128,1,1,1,1,0,0,1,0,0,-0.001,-0.001,0.441,0.441,-0.001,-0.001,      1249P   1844
0.301,0.301,1.,1.,1.,1.,38.1887188782662,1.99,19.8386882379362,     1249P   1845
38.1887188782662,1.99,24.2586882379362,38.1887188782662,5.01,       1249P   1846
19.8386882379362,38.1887188782662,5.01,24.2586882379362,-0.001,     1249P   1847
0.441,-0.001,0.301;                                                 1249P   1848
128,1,1,1,1,0,0,1,0,0,-0.321,-0.321,0.321,0.321,-0.271,-0.271,      1251P   1849
0.271,0.271,1.,1.,1.,1.,32.7787188782662,2.,19.8386882379362,       1251P   1850
39.1987188782662,2.,19.8386882379362,32.7787188782662,2.,           1251P   1851
25.2586882379362,39.1987188782662,2.,25.2586882379362,-0.321,       1251P   1852
0.321,-0.271,0.271;                                                 1251P   1853
128,1,1,1,1,0,0,1,0,0,-0.271,-0.271,0.271,0.271,-0.321,-0.321,      1253P   1854
0.321,0.321,1.,1.,1.,1.,32.7787188782662,5.,19.8386882379362,       1253P   1855
32.7787188782662,5.,25.2586882379362,39.1987188782662,5.,           1253P   1856
19.8386882379362,39.1987188782662,5.,25.2586882379362,-0.271,       1253P   1857
0.271,-0.321,0.321;                                                 1253P   1858
128,1,1,1,1,0,0,1,0,0,-0.001,-0.001,0.441,0.441,-0.001,-0.001,      1255P   1859
0.301,0.301,1.,1.,1.,1.,-5.80128112173379,1.99,24.2486882379362,    1255P   1860
-10.2212811217338,1.99,24.2486882379362,-5.80128112173379,5.01,     1255P   1861
24.2486882379362,-10.2212811217338,5.01,24.2486882379362,-0.001,    1255P   1862
0.441,-0.001,0.301;                                                 1255P   1863
128,1,1,1,1,0,0,1,0,0,-0.001,-0.001,0.441,0.441,-0.001,-0.001,      1257P   1864
0.301,0.301,1.,1.,1.,1.,-5.81128112173378,1.99,19.8386882379362,    1257P   1865
-5.81128112173379,1.99,24.2586882379362,-5.81128112173378,5.01,     1257P   1866
19.8386882379362,-5.81128112173379,5.01,24.2586882379362,-0.001,    1257P   1867
0.441,-0.001,0.301;                                                 1257P   1868
128,1,1,1,1,0,0,1,0,0,-0.001,-0.001,0.101,0.101,-0.001,-0.001,      1259P   1869
0.301,0.301,1.,1.,1.,1.,-4.80128112173378,1.99,19.8486882379362,    1259P   1870
-5.82128112173378,1.99,19.8486882379362,-4.80128112173378,5.01,     1259P   1871
19.8486882379362,-5.82128112173378,5.01,19.8486882379362,-0.001,    1259P   1872
0.101,-0.001,0.301;                                                 1259P   1873
128,1,1,1,1,0,0,1,0,0,-0.001,-0.001,0.541,0.541,-0.001,-0.001,      1261P   1874
0.301,0.301,1.,1.,1.,1.,-4.81128112173379,1.99,25.2586882379362,    1261P   1875
-4.81128112173379,1.99,19.8386882379362,-4.81128112173379,5.01,     1261P   1876
25.2586882379362,-4.81128112173379,5.01,19.8386882379362,-0.001,    1261P   1877
0.541,-0.001,0.301;                                                 1261P   1878
128,1,1,1,1,0,0,1,0,0,-0.001,-0.001,0.641,0.641,-0.001,-0.001,      1263P   1879
0.301,0.301,1.,1.,1.,1.,-11.2212811217338,1.99,25.2486882379362,    1263P   1880
-4.80128112173379,1.99,25.2486882379362,-11.2212811217338,5.01,     1263P   1881
25.2486882379362,-4.80128112173379,5.01,25.2486882379362,-0.001,    1263P   1882
0.641,-0.001,0.301;                                                 1263P   1883
128,1,1,1,1,0,0,1,0,0,-0.001,-0.001,0.541,0.541,-0.001,-0.001,      1265P   1884
0.301,0.301,1.,1.,1.,1.,-11.2112811217338,1.99,19.8386882379362,    1265P   1885
-11.2112811217338,1.99,25.2586882379362,-11.2112811217338,5.01,     1265P   1886
19.8386882379362,-11.2112811217338,5.01,25.2586882379362,-0.001,    1265P   1887
0.541,-0.001,0.301;                                                 1265P   1888
128,1,1,1,1,0,0,1,0,0,-0.001,-0.001,0.101000000000001,              1267P   1889
0.101000000000001,-0.001,-0.001,0.301,0.301,1.,1.,1.,1.,            1267P   1890
-10.2012811217338,1.99,19.8486882379362,-11.2212811217338,1.99,     1267P   1891
19.8486882379362,-10.2012811217338,5.01,19.8486882379362,           1267P   1892
-11.2212811217338,5.01,19.8486882379362,-0.001,                     1267P   1893
0.101000000000001,-0.001,0.301;                                     1267P   1894
128,1,1,1,1,0,0,1,0,0,-0.001,-0.001,0.441,0.441,-0.001,-0.001,      1269P   1895
0.301,0.301,1.,1.,1.,1.,-10.2112811217338,1.99,24.2586882379362,    1269P   1896
-10.2112811217338,1.99,19.8386882379362,-10.2112811217338,5.01,     1269P   1897
24.2586882379362,-10.2112811217338,5.01,19.8386882379362,-0.001,    1269P   1898
0.441,-0.001,0.301;                                                 1269P   1899
128,1,1,1,1,0,0,1,0,0,-0.321,-0.321,0.321,0.321,-0.271,-0.271,      1271P   1900
0.271,0.271,1.,1.,1.,1.,-11.2212811217338,2.,19.8386882379362,      1271P   1901
-4.80128112173378,2.,19.8386882379362,-11.2212811217338,2.,         1271P   1902
25.2586882379362,-4.80128112173378,2.,25.2586882379362,-0.321,      1271P   1903
0.321,-0.271,0.271;                                                 1271P   1904
128,1,1,1,1,0,0,1,0,0,-0.271,-0.271,0.271,0.271,-0.321,-0.321,      1273P   1905
0.321,0.321,1.,1.,1.,1.,-4.80128112173378,5.,25.2586882379362,      1273P   1906
-4.80128112173378,5.,19.8386882379362,-11.2212811217338,5.,         1273P   1907
25.2586882379362,-11.2212811217338,5.,19.8386882379362,-0.271,      1273P   1908
0.271,-0.321,0.321;                                                 1273P   1909
502,133,-18.0112811217338,12.,19.8486882379362,                     1275P   1910
-17.0112811217338,13.,19.8486882379362,-17.0112811217338,13.,       1275P   1911
0.0986882379361909,-18.0112811217338,12.,0.0986882379361909,        1275P   1912
44.9887188782662,13.,0.0986882379361909,45.9887188782662,12.,       1275P   1913
0.0986882379361909,45.9887188782662,4.3,0.0986882379361909,         1275P   1914
44.4887188782662,4.3,0.0986882379361909,44.4887188782662,6.3,       1275P   1915
0.0986882379361909,41.9887188782662,6.3,0.0986882379361909,         1275P   1916
41.9887188782662,3.3,0.0986882379361909,45.9887188782662,3.3,       1275P   1917
0.0986882379361909,45.9887188782662,0.,0.0986882379361909,          1275P   1918
-18.0112811217338,0.,0.0986882379361909,-18.0112811217338,3.3,      1275P   1919
0.0986882379361909,-14.0112811217338,3.3,0.0986882379361909,        1275P   1920
-14.0112811217338,6.3,0.0986882379361909,-16.5112811217338,6.3,     1275P   1921
0.0986882379361909,-16.5112811217338,4.3,0.0986882379361909,        1275P   1922
-18.0112811217338,4.3,0.0986882379361909,6.48871887826622,6.3,      1275P   1923
0.0986882379361909,6.48871887826622,3.3,0.0986882379361909,         1275P   1924
21.4887188782662,3.3,0.0986882379361909,21.4887188782662,6.3,       1275P   1925
0.0986882379361909,35.5887188782662,5.2,0.0986882379361909,         1275P   1926
35.5887188782662,6.4,0.0986882379361909,32.3887188782662,6.4,       1275P   1927
0.0986882379361909,32.3887188782662,5.2,0.0986882379361909,         1275P   1928
-4.41128112173378,5.2,0.0986882379361909,-4.41128112173379,6.4,     1275P   1929
0.0986882379361909,-7.61128112173378,6.4,0.0986882379361909,        1275P   1930
-7.61128112173378,5.2,0.0986882379361909,44.9887188782662,13.,      1275P   1931
19.8486882379362,0.238718878266218,13.,7.84868823793619,            1275P   1932
20.2387188782662,13.,7.84868823793619,40.2387188782662,13.,         1275P   1933
7.84868823793619,45.9887188782662,12.,19.8486882379362,             1275P   1934
44.4887188782662,4.3,19.8486882379362,45.9887188782662,4.3,         1275P   1935
19.8486882379362,41.9887188782662,6.3,1.59868823793619,             1275P   1936
44.4887188782662,6.3,1.59868823793619,41.9887188782662,6.3,         1275P   1937
19.8486882379362,44.4887188782662,6.3,19.8486882379362,             1275P   1938
41.9887188782662,6.3,18.3486882379362,44.4887188782662,6.3,         1275P   1939
18.3486882379362,41.9887188782662,3.3,1.59868823793619,             1275P   1940
45.9887188782662,3.3,19.8486882379362,41.9887188782662,3.3,         1275P   1941
19.8486882379362,44.4887188782662,3.3,1.59868823793619,             1275P   1942
44.4887188782662,3.3,18.3486882379362,41.9887188782662,3.3,         1275P   1943
18.3486882379362,-14.0112811217338,6.3,18.3486882379362,            1275P   1944
-16.5112811217338,6.3,18.3486882379362,-14.0112811217338,6.3,       1275P   1945
19.8486882379362,-16.5112811217338,6.3,19.8486882379362,            1275P   1946
-14.0112811217338,3.3,18.3486882379362,-14.0112811217338,3.3,       1275P   1947
19.8486882379362,-14.0112811217338,3.3,1.59868823793619,            1275P   1948
-16.5112811217338,3.3,1.59868823793619,-18.0112811217338,3.3,       1275P   1949
19.8486882379362,-16.5112811217338,3.3,18.3486882379362,            1275P   1950
-18.0112811217338,4.3,19.8486882379362,-16.5112811217338,4.3,       1275P   1951
19.8486882379362,-16.5112811217338,6.3,1.59868823793619,            1275P   1952
-14.0112811217338,6.3,1.59868823793619,45.9887188782662,0.,         1275P   1953
19.8486882379362,45.9887188782662,0.,18.3486882379362,              1275P   1954
45.9887188782662,1.,18.3486882379362,45.9887188782662,1.,           1275P   1955
19.0486882379362,45.9887188782662,2.4,19.0486882379362,             1275P   1956
45.9887188782662,2.4,0.898688237936191,45.9887188782662,1.,         1275P   1957
0.898688237936191,45.9887188782662,1.,1.59868823793619,             1275P   1958
45.9887188782662,0.,1.59868823793619,44.4887188782662,12.4,         1275P   1959
18.3486882379362,44.4887188782662,12.4,1.59868823793619,            1275P   1960
44.4887188782662,2.4,1.59868823793619,44.4887188782662,2.4,         1275P   1961
18.3486882379362,-16.5112811217338,2.4,18.3486882379362,            1275P   1962
-16.5112811217338,12.4,18.3486882379362,-4.41128112173378,5.2,      1275P   1963
18.3486882379362,-4.41128112173379,6.4,18.3486882379362,            1275P   1964
-7.61128112173378,6.4,18.3486882379362,-7.61128112173378,5.2,       1275P   1965
18.3486882379362,35.5887188782662,5.2,18.3486882379362,             1275P   1966
35.5887188782662,6.4,18.3486882379362,32.3887188782662,6.4,         1275P   1967
18.3486882379362,32.3887188782662,5.2,18.3486882379362,             1275P   1968
6.48871887826622,6.3,18.3486882379362,6.48871887826622,3.3,         1275P   1969
18.3486882379362,21.4887188782662,3.3,18.3486882379362,             1275P   1970
21.4887188782662,6.3,18.3486882379362,-16.5112811217338,12.4,       1275P   1971
1.5986882379362,-16.5112811217338,2.4,1.59868823793619,             1275P   1972
-18.0112811217338,0.,19.8486882379362,6.48871887826622,3.3,         1275P   1973
19.8486882379362,6.48871887826622,6.3,19.8486882379362,             1275P   1974
21.4887188782662,6.3,19.8486882379362,21.4887188782662,3.3,         1275P   1975
19.8486882379362,35.5887188782662,6.4,19.8486882379362,             1275P   1976
35.5887188782662,5.2,19.8486882379362,32.3887188782662,5.2,         1275P   1977
19.8486882379362,32.3887188782662,6.4,19.8486882379362,             1275P   1978
-4.41128112173379,6.4,19.8486882379362,-4.41128112173378,5.2,       1275P   1979
19.8486882379362,-7.61128112173378,5.2,19.8486882379362,            1275P   1980
-7.61128112173378,6.4,19.8486882379362,-16.5112811217338,1.,        1275P   1981
1.59868823793619,-17.2112811217338,1.,0.898688237936191,            1275P   1982
-17.2112811217338,1.,19.0486882379362,-16.5112811217338,1.,         1275P   1983
18.3486882379362,-16.5112811217338,0.,18.3486882379362,             1275P   1984
-16.5112811217338,0.,1.59868823793619,-17.2112811217338,2.4,        1275P   1985
19.0486882379362,-17.2112811217338,2.4,0.898688237936191,           1275P   1986
-7.61128112173378,6.4,1.59868823793619,-7.61128112173378,5.2,       1275P   1987
1.59868823793619,-4.41128112173378,5.2,1.59868823793619,            1275P   1988
-4.41128112173379,6.4,1.59868823793619,32.3887188782662,6.4,        1275P   1989
1.59868823793619,32.3887188782662,5.2,1.59868823793619,             1275P   1990
35.5887188782662,5.2,1.59868823793619,35.5887188782662,6.4,         1275P   1991
1.59868823793619,0.238718878266218,12.4,7.84868823793619,           1275P   1992
-6.01128112173378,12.4,1.5986882379362,20.2387188782662,12.4,       1275P   1993
7.84868823793619,13.9887188782662,12.4,1.59868823793619,            1275P   1994
40.2387188782662,12.4,7.84868823793619,33.9887188782662,12.4,       1275P   1995
1.59868823793619,21.4887188782662,6.3,1.59868823793619,             1275P   1996
21.4887188782662,3.3,1.59868823793619,6.48871887826622,3.3,         1275P   1997
1.59868823793619,6.48871887826622,6.3,1.59868823793619;             1275P   1998
502,16,38.1887188782662,2.,-4.30131176206381,33.7887188782662,      1277P   1999
2.,-4.30131176206381,38.1887188782662,5.,-4.30131176206381,         1277P   2000
33.7887188782662,5.,-4.30131176206381,33.7887188782662,2.,          1277P   2001
0.0986882379361909,33.7887188782662,5.,0.0986882379361909,          1277P   2002
32.7887188782662,2.,0.0986882379361909,32.7887188782662,5.,         1277P   2003
0.0986882379361909,32.7887188782662,2.,-5.30131176206381,           1277P   2004
32.7887188782662,5.,-5.30131176206381,39.1887188782662,2.,          1277P   2005
-5.30131176206381,39.1887188782662,5.,-5.30131176206381,            1277P   2006
39.1887188782662,2.,0.0986882379361909,39.1887188782662,5.,         1277P   2007
0.0986882379361909,38.1887188782662,2.,0.0986882379361909,          1277P   2008
38.1887188782662,5.,0.0986882379361909;                             1277P   2009
502,16,-10.2112811217338,2.,-4.30131176206381,-5.81128112173379,    1279P   2010
2.,-4.30131176206381,-5.81128112173379,5.,-4.30131176206381,        1279P   2011
-10.2112811217338,5.,-4.30131176206381,-5.81128112173378,2.,        1279P   2012
0.0986882379361909,-5.81128112173378,5.,0.0986882379361909,         1279P   2013
-4.81128112173378,2.,0.0986882379361909,-4.81128112173378,5.,       1279P   2014
0.0986882379361909,-4.81128112173379,2.,-5.30131176206381,          1279P   2015
-4.81128112173379,5.,-5.30131176206381,-11.2112811217338,2.,        1279P   2016
-5.30131176206381,-11.2112811217338,5.,-5.30131176206381,           1279P   2017
-11.2112811217338,2.,0.0986882379361909,-11.2112811217338,5.,       1279P   2018
0.0986882379361909,-10.2112811217338,2.,0.0986882379361909,         1279P   2019
-10.2112811217338,5.,0.0986882379361909;                            1279P   2020
502,16,38.1887188782662,2.,24.2486882379362,33.7887188782662,2.,    1281P   2021
24.2486882379362,33.7887188782662,5.,24.2486882379362,              1281P   2022
38.1887188782662,5.,24.2486882379362,33.7887188782662,2.,           1281P   2023
19.8486882379362,33.7887188782662,5.,19.8486882379362,              1281P   2024
32.7887188782662,2.,19.8486882379362,32.7887188782662,5.,           1281P   2025
19.8486882379362,32.7887188782662,2.,25.2486882379362,              1281P   2026
32.7887188782662,5.,25.2486882379362,39.1887188782662,2.,           1281P   2027
25.2486882379362,39.1887188782662,5.,25.2486882379362,              1281P   2028
39.1887188782662,2.,19.8486882379362,39.1887188782662,5.,           1281P   2029
19.8486882379362,38.1887188782662,2.,19.8486882379362,              1281P   2030
38.1887188782662,5.,19.8486882379362;                               1281P   2031
502,16,-10.2112811217338,2.,24.2486882379362,-5.81128112173379,     1283P   2032
2.,24.2486882379362,-10.2112811217338,5.,24.2486882379362,          1283P   2033
-5.81128112173379,5.,24.2486882379362,-5.81128112173378,2.,         1283P   2034
19.8486882379362,-5.81128112173378,5.,19.8486882379362,             1283P   2035
-4.81128112173378,2.,19.8486882379362,-4.81128112173378,5.,         1283P   2036
19.8486882379362,-4.81128112173379,2.,25.2486882379362,             1283P   2037
-4.81128112173379,5.,25.2486882379362,-11.2112811217338,2.,         1283P   2038
25.2486882379362,-11.2112811217338,5.,25.2486882379362,             1283P   2039
-11.2112811217338,2.,19.8486882379362,-11.2112811217338,5.,         1283P   2040
19.8486882379362,-10.2112811217338,2.,19.8486882379362,             1283P   2041
-10.2112811217338,5.,19.8486882379362;                              1283P   2042
504,201,473,1275,1,1275,2,475,1275,2,1275,3,477,1275,3,1275,4,      1285P   2043
479,1275,4,1275,1,481,1275,5,1275,3,483,1275,6,1275,5,485,1275,     1285P   2044
7,1275,6,487,1275,7,1275,8,489,1275,8,1275,9,491,1275,9,1275,10,    1285P   2045
493,1275,10,1275,11,495,1275,11,1275,12,497,1275,13,1275,12,499,    1285P   2046
1275,14,1275,13,501,1275,14,1275,15,503,1275,15,1275,16,505,        1285P   2047
1275,16,1275,17,507,1275,17,1275,18,509,1275,18,1275,19,511,        1285P   2048
1275,19,1275,20,513,1275,20,1275,4,515,1275,21,1275,22,517,1275,    1285P   2049
22,1275,23,519,1275,23,1275,24,521,1275,24,1275,21,523,1275,25,     1285P   2050
1275,26,525,1275,26,1275,27,527,1275,27,1275,28,529,1275,28,        1285P   2051
1275,25,531,1275,29,1275,30,533,1275,30,1275,31,535,1275,31,        1285P   2052
1275,32,537,1275,32,1275,29,539,1275,2,1275,33,541,1275,5,1275,     1285P   2053
33,543,1275,34,1275,34,545,1275,35,1275,35,547,1275,36,1275,36,     1285P   2054
549,1275,33,1275,37,551,1275,37,1275,6,553,1275,38,1275,39,555,     1285P   2055
1275,8,1275,38,557,1275,39,1275,7,559,1275,40,1275,41,561,1275,     1285P   2056
10,1275,40,563,1275,9,1275,41,565,1275,42,1275,43,567,1275,44,      1285P   2057
1275,42,569,1275,45,1275,44,571,1275,45,1275,43,573,1275,46,        1285P   2058
1275,40,575,1275,11,1275,46,577,1275,47,1275,48,579,1275,12,        1285P   2059
1275,47,581,1275,49,1275,46,583,1275,50,1275,49,585,1275,51,        1285P   2060
1275,50,587,1275,51,1275,48,589,1275,48,1275,42,591,1275,44,        1285P   2061
1275,51,593,1275,52,1275,53,595,1275,52,1275,54,597,1275,55,        1285P   2062
1275,54,599,1275,53,1275,55,601,1275,56,1275,52,603,1275,56,        1285P   2063
1275,57,605,1275,54,1275,57,607,1275,58,1275,59,609,1275,16,        1285P   2064
1275,58,611,1275,60,1275,15,613,1275,57,1275,60,615,1275,61,        1285P   2065
1275,56,617,1275,59,1275,61,619,1275,62,1275,63,621,1275,20,        1285P   2066
1275,62,623,1275,19,1275,63,625,1275,64,1275,65,627,1275,18,        1285P   2067
1275,64,629,1275,17,1275,65,631,1275,65,1275,58,633,1275,66,        1285P   2068
1275,47,635,1275,67,1275,66,637,1275,67,1275,68,639,1275,68,        1285P   2069
1275,69,641,1275,69,1275,70,643,1275,70,1275,71,645,1275,71,        1285P   2070
1275,72,647,1275,72,1275,73,649,1275,73,1275,74,651,1275,13,        1285P   2071
1275,74,653,1275,45,1275,75,655,1275,75,1275,76,657,1275,41,        1285P   2072
1275,76,659,1275,43,1275,38,661,1275,77,1275,49,663,1275,77,        1285P   2073
1275,78,665,1275,78,1275,50,667,1275,78,1275,79,669,1275,79,        1285P   2074
1275,61,671,1275,53,1275,80,673,1275,80,1275,75,675,1275,81,        1285P   2075
1275,82,677,1275,82,1275,83,679,1275,83,1275,84,681,1275,84,        1285P   2076
1275,81,683,1275,85,1275,86,685,1275,86,1275,87,687,1275,87,        1285P   2077
1275,88,689,1275,88,1275,85,691,1275,89,1275,90,693,1275,90,        1285P   2078
1275,91,695,1275,91,1275,92,697,1275,92,1275,89,699,1275,64,        1285P   2079
1275,93,701,1275,93,1275,80,703,1275,63,1275,55,705,1275,79,        1285P   2080
1275,94,707,1275,94,1275,59,709,1275,62,1275,1,711,1275,95,1275,    1285P   2081
60,713,1275,66,1275,95,715,1275,39,1275,37,717,1275,96,1275,97,     1285P   2082
719,1275,97,1275,98,721,1275,98,1275,99,723,1275,99,1275,96,725,    1285P   2083
1275,100,1275,101,727,1275,101,1275,102,729,1275,102,1275,103,      1285P   2084
731,1275,103,1275,100,733,1275,104,1275,105,735,1275,105,1275,      1285P   2085
106,737,1275,106,1275,107,739,1275,107,1275,104,741,1275,95,        1285P   2086
1275,14,743,1275,73,1275,108,745,1275,72,1275,109,747,1275,109,     1285P   2087
1275,110,749,1275,69,1275,110,751,1275,111,1275,68,753,1275,108,    1285P   2088
1275,111,755,1275,112,1275,67,757,1275,74,1275,113,759,1275,113,    1285P   2089
1275,112,761,1275,70,1275,114,763,1275,114,1275,115,765,1275,71,    1285P   2090
1275,115,767,1275,94,1275,77,769,1275,110,1275,114,771,1275,115,    1285P   2091
1275,109,773,1275,112,1275,111,775,1275,113,1275,108,777,1275,      1285P   2092
116,1275,31,779,1275,117,1275,116,781,1275,117,1275,32,783,1275,    1285P   2093
118,1275,117,785,1275,118,1275,29,787,1275,119,1275,118,789,        1285P   2094
1275,119,1275,30,791,1275,116,1275,119,793,1275,120,1275,27,795,    1285P   2095
1275,121,1275,120,797,1275,121,1275,28,799,1275,122,1275,121,       1285P   2096
801,1275,122,1275,25,803,1275,123,1275,122,805,1275,123,1275,26,    1285P   2097
807,1275,120,1275,123,809,1275,84,1275,106,811,1275,83,1275,107,    1285P   2098
813,1275,82,1275,104,815,1275,81,1275,105,817,1275,88,1275,102,     1285P   2099
819,1275,87,1275,103,821,1275,86,1275,100,823,1275,85,1275,101,     1285P   2100
825,1275,34,1275,124,827,1275,125,1275,124,829,1275,124,1275,       1285P   2101
125,831,1275,35,1275,126,833,1275,127,1275,126,835,1275,126,        1285P   2102
1275,127,837,1275,36,1275,128,839,1275,129,1275,128,841,1275,       1285P   2103
128,1275,129,843,1275,76,1275,129,845,1275,125,1275,93,847,1275,    1285P   2104
127,1275,125,849,1275,129,1275,127,851,1275,91,1275,99,853,1275,    1285P   2105
92,1275,98,855,1275,130,1275,131,857,1275,24,1275,130,859,1275,     1285P   2106
23,1275,131,861,1275,89,1275,97,863,1275,90,1275,96,865,1275,       1285P   2107
131,1275,132,867,1275,22,1275,132,869,1275,132,1275,133,871,        1285P   2108
1275,21,1275,133,873,1275,133,1275,130;                             1285P   2109
504,24,875,1277,1,1277,2,877,1277,1,1277,3,879,1277,4,1277,3,       1287P   2110
881,1277,2,1277,4,883,1277,2,1277,5,885,1277,6,1277,4,887,1277,     1287P   2111
5,1277,6,889,1277,7,1277,5,891,1277,8,1277,6,893,1277,7,1277,8,     1287P   2112
895,1277,9,1277,7,897,1277,10,1277,8,899,1277,9,1277,10,901,        1287P   2113
1277,11,1277,9,903,1277,12,1277,10,905,1277,11,1277,12,907,1277,    1287P   2114
13,1277,11,909,1277,14,1277,12,911,1277,13,1277,14,913,1277,15,     1287P   2115
1277,13,915,1277,16,1277,14,917,1277,15,1277,16,919,1277,15,        1287P   2116
1277,1,921,1277,3,1277,16;                                          1287P   2117
504,24,923,1279,1,1279,2,925,1279,2,1279,3,927,1279,3,1279,4,       1289P   2118
929,1279,1,1279,4,931,1279,2,1279,5,933,1279,5,1279,6,935,1279,     1289P   2119
6,1279,3,937,1279,7,1279,5,939,1279,7,1279,8,941,1279,8,1279,6,     1289P   2120
943,1279,9,1279,7,945,1279,9,1279,10,947,1279,10,1279,8,949,        1289P   2121
1279,11,1279,9,951,1279,11,1279,12,953,1279,12,1279,10,955,1279,    1289P   2122
13,1279,11,957,1279,13,1279,14,959,1279,14,1279,12,961,1279,15,     1289P   2123
1279,13,963,1279,15,1279,16,965,1279,16,1279,14,967,1279,15,        1289P   2124
1279,1,969,1279,4,1279,16;                                          1289P   2125
504,24,971,1281,1,1281,2,973,1281,2,1281,3,975,1281,3,1281,4,       1291P   2126
977,1281,1,1281,4,979,1281,2,1281,5,981,1281,5,1281,6,983,1281,     1291P   2127
6,1281,3,985,1281,7,1281,5,987,1281,7,1281,8,989,1281,8,1281,6,     1291P   2128
991,1281,9,1281,7,993,1281,9,1281,10,995,1281,10,1281,8,997,        1291P   2129
1281,11,1281,9,999,1281,11,1281,12,1001,1281,12,1281,10,1003,       1291P   2130
1281,13,1281,11,1005,1281,13,1281,14,1007,1281,14,1281,12,1009,     1291P   2131
1281,15,1281,13,1011,1281,15,1281,16,1013,1281,16,1281,14,1015,     1291P   2132
1281,15,1281,1,1017,1281,4,1281,16;                                 1291P   2133
504,24,1019,1283,1,1283,2,1021,1283,1,1283,3,1023,1283,4,1283,3,    1293P   2134
1025,1283,2,1283,4,1027,1283,2,1283,5,1029,1283,6,1283,4,1031,      1293P   2135
1283,5,1283,6,1033,1283,7,1283,5,1035,1283,8,1283,6,1037,1283,7,    1293P   2136
1283,8,1039,1283,9,1283,7,1041,1283,10,1283,8,1043,1283,9,1283,     1293P   2137
10,1045,1283,11,1283,9,1047,1283,12,1283,10,1049,1283,11,1283,      1293P   2138
12,1051,1283,13,1283,11,1053,1283,14,1283,12,1055,1283,13,1283,     1293P   2139
14,1057,1283,15,1283,13,1059,1283,16,1283,14,1061,1283,15,1283,     1293P   2140
16,1063,1283,15,1283,1,1065,1283,3,1283,16;                         1293P   2141
406,1,5HBody1;                                                      1295P   2142
406,1,18HCanal - base v22:1;                                        1297P   2143
406,1,6HBody21;                                                     1299P   2144
406,1,6HBody22;                                                     1301P   2145
406,1,6HBody23;                                                     1303P   2146
406,1,6HBody24;                                                     1305P   2147
314,62.7450980392157,62.7450980392157,62.7450980392157,13HSteel     1307P   2148
- Satin;                                                            1307P   2149
S      1G      3D   1308P   2149                                        T      1
