                                                                        S      1
,,20HCanal - main base v9,20HCanal - main base v9,7Hunknown,7Hunknown,  G      1
32,38,7,99,15,,1.,2,2HMM,1,0.08,15H20260523.223835,0.01,10000.,7HunknownG      2
,7Hunknown,11,0,15H20260228.135232;                                     G      3
     408       1                                      13        00010001D      1
     408       0               1       0                               0D      2
     408       2                                                00010001D      3
     408       0               1       0                               0D      4
     408       3                                      15        00010001D      5
     408       0               1       0                               0D      6
     408       4                                      17        00010001D      7
     408       0               1       0                               0D      8
     408       5                                      19        00010001D      9
     408       0               1       0                               0D     10
     408       6                                                00000001D     11
     408       0               1       0                               0D     12
     124       7                                                00000000D     13
     124                       4       0                               0D     14
     124      11                                                00000000D     15
     124                       3       0                               0D     16
     124      14                                                00000000D     17
     124                       4       0                               0D     18
     124      18                                                00000000D     19
     124                       4       0                               0D     20
     308      22                                                00010200D     21
     308       0               1       0                               0D     22
     308      23                                                00010200D     23
     308       0               1       0                               0D     24
     308      24                                                00010200D     25
     308       0               1       0                               0D     26
     308      25                                                00010200D     27
     308       0               1       0                               0D     28
     308      26                                                00010200D     29
     308       0               1       0                               0D     30
     186      27                                                00010000D     31
     186           -1981       1       0                               0D     32
     186      28                                                00010000D     33
     186           -1981       1       0                               0D     34
     186      29                                                00010000D     35
     186           -1981       1       0                               0D     36
     186      30                                                00010000D     37
     186           -1981       1       0                               0D     38
     186      31                                                00000000D     39
     186           -1981       1       0                               0D     40
     186      32                                                00000000D     41
     186           -1981       1       0                               0D     42
     186      33                                                00000000D     43
     186           -1981       1       0                               0D     44
     186      34                                                00000000D     45
     186           -1981       1       0                               0D     46
     514      35                                                00010000D     47
     514                       4       1                               0D     48
     514      39                                                00010000D     49
     514                       7       1                               0D     50
     514      46                                                00010000D     51
     514                       2       1                               0D     52
     514      48                                                00010000D     53
     514                       1       1                               0D     54
     514      49                                                00010000D     55
     514                       2       1                               0D     56
     514      51                                                00010000D     57
     514                       2       1                               0D     58
     514      53                                                00010000D     59
     514                       2       1                               0D     60
     514      55                                                00010000D     61
     514                       2       1                               0D     62
     510      57                                                00010000D     63
     510           -1981       1       1                               0D     64
     510      58                                                00010000D     65
     510           -1981       1       1                               0D     66
     510      59                                                00010000D     67
     510           -1981       1       1                               0D     68
     510      60                                                00010000D     69
     510           -1981       1       1                               0D     70
     510      61                                                00010000D     71
     510           -1981       1       1                               0D     72
     510      62                                                00010000D     73
     510           -1981       1       1                               0D     74
     510      63                                                00010000D     75
     510           -1981       1       1                               0D     76
     510      64                                                00010000D     77
     510           -1981       1       1                               0D     78
     510      65                                                00010000D     79
     510           -1981       1       1                               0D     80
     510      66                                                00010000D     81
     510           -1981       1       1                               0D     82
     510      67                                                00010000D     83
     510           -1981       1       1                               0D     84
     510      68                                                00010000D     85
     510           -1981       1       1                               0D     86
     510      69                                                00010000D     87
     510           -1981       1       1                               0D     88
     510      70                                                00010000D     89
     510           -1981       1       1                               0D     90
     510      71                                                00010000D     91
     510           -1981       1       1                               0D     92
     510      72                                                00010000D     93
     510           -1981       1       1                               0D     94
     510      73                                                00010000D     95
     510           -1981       1       1                               0D     96
     510      74                                                00010000D     97
     510           -1981       1       1                               0D     98
     510      75                                                00010000D     99
     510           -1981       1       1                               0D    100
     510      76                                                00010000D    101
     510           -1981       1       1                               0D    102
     510      77                                                00010000D    103
     510           -1981       1       1                               0D    104
     510      78                                                00010000D    105
     510           -1981       1       1                               0D    106
     510      79                                                00010000D    107
     510           -1981       1       1                               0D    108
     510      80                                                00010000D    109
     510           -1981       1       1                               0D    110
     510      81                                                00010000D    111
     510           -1981       1       1                               0D    112
     510      82                                                00010000D    113
     510           -1981       1       1                               0D    114
     510      83                                                00010000D    115
     510           -1981       1       1                               0D    116
     510      84                                                00010000D    117
     510           -1981       1       1                               0D    118
     510      85                                                00010000D    119
     510           -1981       1       1                               0D    120
     510      86                                                00010000D    121
     510           -1981       1       1                               0D    122
     510      87                                                00010000D    123
     510           -1981       1       1                               0D    124
     510      88                                                00010000D    125
     510           -1981       1       1                               0D    126
     510      89                                                00010000D    127
     510           -1981       1       1                               0D    128
     510      90                                                00010000D    129
     510           -1981       1       1                               0D    130
     510      91                                                00010000D    131
     510           -1981       1       1                               0D    132
     510      92                                                00010000D    133
     510           -1981       1       1                               0D    134
     510      93                                                00010000D    135
     510           -1981       1       1                               0D    136
     510      94                                                00010000D    137
     510           -1981       1       1                               0D    138
     510      95                                                00010000D    139
     510           -1981       1       1                               0D    140
     510      96                                                00010000D    141
     510           -1981       1       1                               0D    142
     510      97                                                00010000D    143
     510           -1981       1       1                               0D    144
     510      98                                                00010000D    145
     510           -1981       1       1                               0D    146
     510      99                                                00010000D    147
     510           -1981       1       1                               0D    148
     510     100                                                00010000D    149
     510           -1981       1       1                               0D    150
     510     101                                                00010000D    151
     510           -1981       1       1                               0D    152
     510     102                                                00010000D    153
     510           -1981       1       1                               0D    154
     510     103                                                00010000D    155
     510           -1981       1       1                               0D    156
     510     104                                                00010000D    157
     510           -1981       1       1                               0D    158
     510     105                                                00010000D    159
     510           -1981       1       1                               0D    160
     510     106                                                00010000D    161
     510           -1981       1       1                               0D    162
     510     107                                                00010000D    163
     510           -1981       1       1                               0D    164
     510     108                                                00010000D    165
     510           -1981       1       1                               0D    166
     510     109                                                00010000D    167
     510           -1981       1       1                               0D    168
     510     110                                                00010000D    169
     510           -1981       1       1                               0D    170
     510     111                                                00010000D    171
     510           -1981       1       1                               0D    172
     510     112                                                00010000D    173
     510           -1981       1       1                               0D    174
     510     113                                                00010000D    175
     510           -1981       1       1                               0D    176
     510     114                                                00010000D    177
     510           -1981       1       1                               0D    178
     510     115                                                00010000D    179
     510           -1981       1       1                               0D    180
     510     116                                                00010000D    181
     510           -1981       1       1                               0D    182
     510     117                                                00010000D    183
     510           -1981       1       1                               0D    184
     510     118                                                00010000D    185
     510           -1981       1       1                               0D    186
     510     119                                                00010000D    187
     510           -1981       1       1                               0D    188
     510     120                                                00010000D    189
     510           -1981       1       1                               0D    190
     510     121                                                00010000D    191
     510           -1981       1       1                               0D    192
     510     122                                                00010000D    193
     510           -1981       1       1                               0D    194
     510     123                                                00010000D    195
     510           -1981       1       1                               0D    196
     510     124                                                00010000D    197
     510           -1981       1       1                               0D    198
     510     125                                                00010000D    199
     510           -1981       1       1                               0D    200
     510     126                                                00010000D    201
     510           -1981       1       1                               0D    202
     510     127                                                00010000D    203
     510           -1981       1       1                               0D    204
     510     128                                                00010000D    205
     510           -1981       1       1                               0D    206
     510     129                                                00010000D    207
     510           -1981       1       1                               0D    208
     510     130                                                00010000D    209
     510           -1981       1       1                               0D    210
     510     131                                                00010000D    211
     510           -1981       1       1                               0D    212
     510     132                                                00010000D    213
     510           -1981       1       1                               0D    214
     510     133                                                00010000D    215
     510           -1981       1       1                               0D    216
     510     134                                                00010000D    217
     510           -1981       1       1                               0D    218
     510     135                                                00010000D    219
     510           -1981       1       1                               0D    220
     510     136                                                00010000D    221
     510           -1981       1       1                               0D    222
     510     137                                                00010000D    223
     510           -1981       1       1                               0D    224
     510     138                                                00010000D    225
     510           -1981       1       1                               0D    226
     510     139                                                00010000D    227
     510           -1981       1       1                               0D    228
     510     140                                                00010000D    229
     510           -1981       1       1                               0D    230
     510     141                                                00010000D    231
     510           -1981       1       1                               0D    232
     510     142                                                00010000D    233
     510           -1981       1       1                               0D    234
     510     143                                                00010000D    235
     510           -1981       1       1                               0D    236
     510     144                                                00010000D    237
     510           -1981       1       1                               0D    238
     510     145                                                00010000D    239
     510           -1981       1       1                               0D    240
     510     146                                                00010000D    241
     510           -1981       1       1                               0D    242
     510     147                                                00010000D    243
     510           -1981       1       1                               0D    244
     510     148                                                00010000D    245
     510           -1981       1       1                               0D    246
     510     149                                                00010000D    247
     510           -1981       1       1                               0D    248
     510     150                                                00010000D    249
     510           -1981       1       1                               0D    250
     510     151                                                00010000D    251
     510           -1981       1       1                               0D    252
     510     152                                                00010000D    253
     510           -1981       1       1                               0D    254
     510     153                                                00010000D    255
     510           -1981       1       1                               0D    256
     510     154                                                00010000D    257
     510           -1981       1       1                               0D    258
     510     155                                                00010000D    259
     510           -1981       1       1                               0D    260
     510     156                                                00010000D    261
     510           -1981       1       1                               0D    262
     510     157                                                00010000D    263
     510           -1981       1       1                               0D    264
     510     158                                                00010000D    265
     510           -1981       1       1                               0D    266
     510     159                                                00010000D    267
     510           -1981       1       1                               0D    268
     510     160                                                00010000D    269
     510           -1981       1       1                               0D    270
     510     161                                                00010000D    271
     510           -1981       1       1                               0D    272
     510     162                                                00010000D    273
     510           -1981       1       1                               0D    274
     510     163                                                00010000D    275
     510           -1981       1       1                               0D    276
     510     164                                                00010000D    277
     510           -1981       1       1                               0D    278
     510     165                                                00010000D    279
     510           -1981       1       1                               0D    280
     510     166                                                00010000D    281
     510           -1981       1       1                               0D    282
     510     167                                                00010000D    283
     510           -1981       1       1                               0D    284
     510     168                                                00010000D    285
     510           -1981       1       1                               0D    286
     510     169                                                00010000D    287
     510           -1981       1       1                               0D    288
     510     170                                                00010000D    289
     510           -1981       1       1                               0D    290
     510     171                                                00010000D    291
     510           -1981       1       1                               0D    292
     510     172                                                00010000D    293
     510           -1981       1       1                               0D    294
     510     173                                                00010000D    295
     510           -1981       1       1                               0D    296
     510     174                                                00010000D    297
     510           -1981       1       1                               0D    298
     510     175                                                00010000D    299
     510           -1981       1       1                               0D    300
     510     176                                                00010000D    301
     510           -1981       1       1                               0D    302
     510     177                                                00010000D    303
     510           -1981       1       1                               0D    304
     510     178                                                00010000D    305
     510           -1981       1       1                               0D    306
     510     179                                                00010000D    307
     510           -1981       1       1                               0D    308
     510     180                                                00010000D    309
     510           -1981       1       1                               0D    310
     510     181                                                00010000D    311
     510           -1981       1       1                               0D    312
     510     182                                                00010000D    313
     510           -1981       1       1                               0D    314
     510     183                                                00010000D    315
     510           -1981       1       1                               0D    316
     510     184                                                00010000D    317
     510           -1981       1       1                               0D    318
     510     185                                                00010000D    319
     510           -1981       1       1                               0D    320
     510     186                                                00010000D    321
     510           -1981       1       1                               0D    322
     510     187                                                00010000D    323
     510           -1981       1       1                               0D    324
     510     188                                                00010000D    325
     510           -1981       1       1                               0D    326
     510     189                                                00010000D    327
     510           -1981       1       1                               0D    328
     510     190                                                00010000D    329
     510           -1981       1       1                               0D    330
     510     191                                                00010000D    331
     510           -1981       1       1                               0D    332
     510     192                                                00010000D    333
     510           -1981       1       1                               0D    334
     510     193                                                00010000D    335
     510           -1981       1       1                               0D    336
     510     194                                                00010000D    337
     510           -1981       1       1                               0D    338
     510     195                                                00010000D    339
     510           -1981       1       1                               0D    340
     510     196                                                00010000D    341
     510           -1981       1       1                               0D    342
     510     197                                                00010000D    343
     510           -1981       1       1                               0D    344
     510     198                                                00010000D    345
     510           -1981       1       1                               0D    346
     510     199                                                00010000D    347
     510           -1981       1       1                               0D    348
     510     200                                                00010000D    349
     510           -1981       1       1                               0D    350
     510     201                                                00010000D    351
     510           -1981       1       1                               0D    352
     510     202                                                00010000D    353
     510           -1981       1       1                               0D    354
     510     203                                                00010000D    355
     510           -1981       1       1                               0D    356
     510     204                                                00010000D    357
     510           -1981       1       1                               0D    358
     510     205                                                00010000D    359
     510           -1981       1       1                               0D    360
     510     206                                                00010000D    361
     510           -1981       1       1                               0D    362
     510     207                                                00010000D    363
     510           -1981       1       1                               0D    364
     510     208                                                00010000D    365
     510           -1981       1       1                               0D    366
     510     209                                                00010000D    367
     510           -1981       1       1                               0D    368
     510     210                                                00010000D    369
     510           -1981       1       1                               0D    370
     510     211                                                00010000D    371
     510           -1981       1       1                               0D    372
     510     212                                                00010000D    373
     510           -1981       1       1                               0D    374
     510     213                                                00010000D    375
     510           -1981       1       1                               0D    376
     508     214                                                00010000D    377
     508                       1       1                               0D    378
     508     215                                                00010000D    379
     508                       1       1                               0D    380
     508     216                                                00010000D    381
     508                       1       1                               0D    382
     508     217                                                00010000D    383
     508                       1       1                               0D    384
     508     218                                                00010000D    385
     508                       3       1                               0D    386
     508     221                                                00010000D    387
     508                       3       1                               0D    388
     508     224                                                00010000D    389
     508                       1       1                               0D    390
     508     225                                                00010000D    391
     508                       1       1                               0D    392
     508     226                                                00010000D    393
     508                       1       1                               0D    394
     508     227                                                00010000D    395
     508                       1       1                               0D    396
     508     228                                                00010000D    397
     508                       1       1                               0D    398
     508     229                                                00010000D    399
     508                       1       1                               0D    400
     508     230                                                00010000D    401
     508                       1       1                               0D    402
     508     231                                                00010000D    403
     508                       1       1                               0D    404
     508     232                                                00010000D    405
     508                       1       1                               0D    406
     508     233                                                00010000D    407
     508                       1       1                               0D    408
     508     234                                                00010000D    409
     508                       1       1                               0D    410
     508     235                                                00010000D    411
     508                       1       1                               0D    412
     508     236                                                00010000D    413
     508                       1       1                               0D    414
     508     237                                                00010000D    415
     508                       1       1                               0D    416
     508     238                                                00010000D    417
     508                       1       1                               0D    418
     508     239                                                00010000D    419
     508                       1       1                               0D    420
     508     240                                                00010000D    421
     508                       1       1                               0D    422
     508     241                                                00010000D    423
     508                       4       1                               0D    424
     508     245                                                00010000D    425
     508                       3       1                               0D    426
     508     248                                                00010000D    427
     508                       1       1                               0D    428
     508     249                                                00010000D    429
     508                       1       1                               0D    430
     508     250                                                00010000D    431
     508                       1       1                               0D    432
     508     251                                                00010000D    433
     508                       1       1                               0D    434
     508     252                                                00010000D    435
     508                       2       1                               0D    436
     508     254                                                00010000D    437
     508                       2       1                               0D    438
     508     256                                                00010000D    439
     508                       2       1                               0D    440
     508     258                                                00010000D    441
     508                       2       1                               0D    442
     508     260                                                00010000D    443
     508                       1       1                               0D    444
     508     261                                                00010000D    445
     508                       1       1                               0D    446
     508     262                                                00010000D    447
     508                       1       1                               0D    448
     508     263                                                00010000D    449
     508                       1       1                               0D    450
     508     264                                                00010000D    451
     508                       1       1                               0D    452
     508     265                                                00010000D    453
     508                       1       1                               0D    454
     508     266                                                00010000D    455
     508                       3       1                               0D    456
     508     269                                                00010000D    457
     508                       1       1                               0D    458
     508     270                                                00010000D    459
     508                       1       1                               0D    460
     508     271                                                00010000D    461
     508                       1       1                               0D    462
     508     272                                                00010000D    463
     508                       5       1                               0D    464
     508     277                                                00010000D    465
     508                       1       1                               0D    466
     508     278                                                00010000D    467
     508                       1       1                               0D    468
     508     279                                                00010000D    469
     508                       1       1                               0D    470
     508     280                                                00010000D    471
     508                       1       1                               0D    472
     508     281                                                00010000D    473
     508                       1       1                               0D    474
     508     282                                                00010000D    475
     508                       1       1                               0D    476
     508     283                                                00010000D    477
     508                       1       1                               0D    478
     508     284                                                00010000D    479
     508                       1       1                               0D    480
     508     285                                                00010000D    481
     508                       1       1                               0D    482
     508     286                                                00010000D    483
     508                       1       1                               0D    484
     508     287                                                00010000D    485
     508                       1       1                               0D    486
     508     288                                                00010000D    487
     508                       1       1                               0D    488
     508     289                                                00010000D    489
     508                       2       1                               0D    490
     508     291                                                00010000D    491
     508                       1       1                               0D    492
     508     292                                                00010000D    493
     508                       1       1                               0D    494
     508     293                                                00010000D    495
     508                       1       1                               0D    496
     508     294                                                00010000D    497
     508                       2       1                               0D    498
     508     296                                                00010000D    499
     508                       1       1                               0D    500
     508     297                                                00010000D    501
     508                       1       1                               0D    502
     508     298                                                00010000D    503
     508                       1       1                               0D    504
     508     299                                                00010000D    505
     508                       3       1                               0D    506
     508     302                                                00010000D    507
     508                       2       1                               0D    508
     508     304                                                00010000D    509
     508                       1       1                               0D    510
     508     305                                                00010000D    511
     508                       3       1                               0D    512
     508     308                                                00010000D    513
     508                       2       1                               0D    514
     508     310                                                00010000D    515
     508                       2       1                               0D    516
     508     312                                                00010000D    517
     508                       2       1                               0D    518
     508     314                                                00010000D    519
     508                       2       1                               0D    520
     508     316                                                00010000D    521
     508                       1       1                               0D    522
     508     317                                                00010000D    523
     508                       5       1                               0D    524
     508     322                                                00010000D    525
     508                       2       1                               0D    526
     508     324                                                00010000D    527
     508                       2       1                               0D    528
     508     326                                                00010000D    529
     508                       2       1                               0D    530
     508     328                                                00010000D    531
     508                       1       1                               0D    532
     508     329                                                00010000D    533
     508                       2       1                               0D    534
     508     331                                                00010000D    535
     508                       2       1                               0D    536
     508     333                                                00010000D    537
     508                       1       1                               0D    538
     508     334                                                00010000D    539
     508                       2       1                               0D    540
     508     336                                                00010000D    541
     508                       1       1                               0D    542
     508     337                                                00010000D    543
     508                       2       1                               0D    544
     508     339                                                00010000D    545
     508                       2       1                               0D    546
     508     341                                                00010000D    547
     508                       2       1                               0D    548
     508     343                                                00010000D    549
     508                       2       1                               0D    550
     508     345                                                00010000D    551
     508                       2       1                               0D    552
     508     347                                                00010000D    553
     508                       2       1                               0D    554
     508     349                                                00010000D    555
     508                       2       1                               0D    556
     508     351                                                00010000D    557
     508                       2       1                               0D    558
     508     353                                                00010000D    559
     508                       2       1                               0D    560
     508     355                                                00010000D    561
     508                       2       1                               0D    562
     508     357                                                00010000D    563
     508                       2       1                               0D    564
     508     359                                                00010000D    565
     508                       2       1                               0D    566
     508     361                                                00010000D    567
     508                       2       1                               0D    568
     508     363                                                00010000D    569
     508                       2       1                               0D    570
     508     365                                                00010000D    571
     508                       2       1                               0D    572
     508     367                                                00010000D    573
     508                       2       1                               0D    574
     508     369                                                00010000D    575
     508                       2       1                               0D    576
     508     371                                                00010000D    577
     508                       2       1                               0D    578
     508     373                                                00010000D    579
     508                       2       1                               0D    580
     508     375                                                00010000D    581
     508                       2       1                               0D    582
     508     377                                                00010000D    583
     508                       2       1                               0D    584
     508     379                                                00010000D    585
     508                       2       1                               0D    586
     508     381                                                00010000D    587
     508                       2       1                               0D    588
     508     383                                                00010000D    589
     508                       2       1                               0D    590
     508     385                                                00010000D    591
     508                       2       1                               0D    592
     508     387                                                00010000D    593
     508                       4       1                               0D    594
     508     391                                                00010000D    595
     508                       2       1                               0D    596
     508     393                                                00010000D    597
     508                       2       1                               0D    598
     508     395                                                00010000D    599
     508                       2       1                               0D    600
     508     397                                                00010000D    601
     508                       2       1                               0D    602
     508     399                                                00010000D    603
     508                       2       1                               0D    604
     508     401                                                00010000D    605
     508                       2       1                               0D    606
     508     403                                                00010000D    607
     508                       2       1                               0D    608
     508     405                                                00010000D    609
     508                       2       1                               0D    610
     508     407                                                00010000D    611
     508                       4       1                               0D    612
     508     411                                                00010000D    613
     508                       2       1                               0D    614
     508     413                                                00010000D    615
     508                       2       1                               0D    616
     508     415                                                00010000D    617
     508                       2       1                               0D    618
     508     417                                                00010000D    619
     508                       1       1                               0D    620
     508     418                                                00010000D    621
     508                       1       1                               0D    622
     508     419                                                00010000D    623
     508                       1       1                               0D    624
     508     420                                                00010000D    625
     508                       1       1                               0D    626
     508     421                                                00010000D    627
     508                       1       1                               0D    628
     508     422                                                00010000D    629
     508                       2       1                               0D    630
     508     424                                                00010000D    631
     508                       1       1                               0D    632
     508     425                                                00010000D    633
     508                       1       1                               0D    634
     508     426                                                00010000D    635
     508                       1       1                               0D    636
     508     427                                                00010000D    637
     508                       2       1                               0D    638
     508     429                                                00010000D    639
     508                       1       1                               0D    640
     508     430                                                00010000D    641
     508                       1       1                               0D    642
     508     431                                                00010000D    643
     508                       1       1                               0D    644
     508     432                                                00010000D    645
     508                       1       1                               0D    646
     508     433                                                00010000D    647
     508                       1       1                               0D    648
     508     434                                                00010000D    649
     508                       1       1                               0D    650
     508     435                                                00010000D    651
     508                       1       1                               0D    652
     508     436                                                00010000D    653
     508                       1       1                               0D    654
     508     437                                                00010000D    655
     508                       1       1                               0D    656
     508     438                                                00010000D    657
     508                       1       1                               0D    658
     508     439                                                00010000D    659
     508                       1       1                               0D    660
     508     440                                                00010000D    661
     508                       1       1                               0D    662
     508     441                                                00010000D    663
     508                       1       1                               0D    664
     508     442                                                00010000D    665
     508                       1       1                               0D    666
     508     443                                                00010000D    667
     508                       1       1                               0D    668
     508     444                                                00010000D    669
     508                       2       1                               0D    670
     508     446                                                00010000D    671
     508                       2       1                               0D    672
     508     448                                                00010000D    673
     508                       1       1                               0D    674
     508     449                                                00010000D    675
     508                       1       1                               0D    676
     508     450                                                00010000D    677
     508                       1       1                               0D    678
     508     451                                                00010000D    679
     508                       1       1                               0D    680
     508     452                                                00010000D    681
     508                       1       1                               0D    682
     508     453                                                00010000D    683
     508                       1       1                               0D    684
     508     454                                                00010000D    685
     508                       1       1                               0D    686
     508     455                                                00010000D    687
     508                       1       1                               0D    688
     508     456                                                00010000D    689
     508                       2       1                               0D    690
     508     458                                                00010000D    691
     508                       2       1                               0D    692
     508     460                                                00010000D    693
     508                       1       1                               0D    694
     508     461                                                00010000D    695
     508                       1       1                               0D    696
     508     462                                                00010000D    697
     508                       1       1                               0D    698
     508     463                                                00010000D    699
     508                       1       1                               0D    700
     508     464                                                00010000D    701
     508                       1       1                               0D    702
     508     465                                                00010000D    703
     508                       1       1                               0D    704
     508     466                                                00010000D    705
     508                       1       1                               0D    706
     508     467                                                00010000D    707
     508                       1       1                               0D    708
     508     468                                                00010000D    709
     508                       2       1                               0D    710
     508     470                                                00010000D    711
     508                       2       1                               0D    712
     508     472                                                00010000D    713
     508                       1       1                               0D    714
     508     473                                                00010000D    715
     508                       1       1                               0D    716
     508     474                                                00010000D    717
     508                       1       1                               0D    718
     508     475                                                00010000D    719
     508                       1       1                               0D    720
     508     476                                                00010000D    721
     508                       1       1                               0D    722
     508     477                                                00010000D    723
     508                       1       1                               0D    724
     508     478                                                00010000D    725
     508                       1       1                               0D    726
     508     479                                                00010000D    727
     508                       1       1                               0D    728
     508     480                                                00010000D    729
     508                       2       1                               0D    730
     508     482                                                00010000D    731
     508                       2       1                               0D    732
     126     484                                                00010000D    733
     126       0               2       0                               0D    734
     126     486                                                00010000D    735
     126       0               2       0                               0D    736
     126     488                                                00010000D    737
     126       0               2       0                               0D    738
     126     490                                                00010000D    739
     126       0               2       0                               0D    740
     126     492                                                00010000D    741
     126       0               2       0                               0D    742
     126     494                                                00010000D    743
     126       0               2       0                               0D    744
     126     496                                                00010000D    745
     126       0               2       0                               0D    746
     126     498                                                00010000D    747
     126       0               2       0                               0D    748
     126     500                                                00010000D    749
     126       0               2       0                               0D    750
     126     502                                                00010000D    751
     126       0               2       0                               0D    752
     126     504                                                00010000D    753
     126       0               2       0                               0D    754
     126     506                                                00010000D    755
     126       0               2       0                               0D    756
     126     508                                                00010000D    757
     126       0               2       0                               0D    758
     126     510                                                00010000D    759
     126       0               2       0                               0D    760
     126     512                                                00010000D    761
     126       0               2       0                               0D    762
     126     514                                                00010000D    763
     126       0               3       0                               0D    764
     126     517                                                00010000D    765
     126       0               5       0                               0D    766
     126     522                                                00010000D    767
     126       0               3       0                               0D    768
     126     525                                                00010000D    769
     126       0               2       0                               0D    770
     126     527                                                00010000D    771
     126       0               3       0                               0D    772
     126     530                                                00010000D    773
     126       0               4       0                               0D    774
     126     534                                                00010000D    775
     126       0               3       0                               0D    776
     126     537                                                00010000D    777
     126       0               2       0                               0D    778
     126     539                                                00010000D    779
     126       0               2       0                               0D    780
     126     541                                                00010000D    781
     126       0               2       0                               0D    782
     126     543                                                00010000D    783
     126       0               2       0                               0D    784
     126     545                                                00010000D    785
     126       0               2       0                               0D    786
     126     547                                                00010000D    787
     126       0               2       0                               0D    788
     126     549                                                00010000D    789
     126       0               2       0                               0D    790
     126     551                                                00010000D    791
     126       0               2       0                               0D    792
     126     553                                                00010000D    793
     126       0               2       0                               0D    794
     126     555                                                00010000D    795
     126       0               2       0                               0D    796
     126     557                                                00010000D    797
     126       0               2       0                               0D    798
     126     559                                                00010000D    799
     126       0               2       0                               0D    800
     126     561                                                00010000D    801
     126       0               2       0                               0D    802
     126     563                                                00010000D    803
     126       0               2       0                               0D    804
     126     565                                                00010000D    805
     126       0               2       0                               0D    806
     126     567                                                00010000D    807
     126       0               2       0                               0D    808
     126     569                                                00010000D    809
     126       0               2       0                               0D    810
     126     571                                                00010000D    811
     126       0               2       0                               0D    812
     126     573                                                00010000D    813
     126       0               2       0                               0D    814
     126     575                                                00010000D    815
     126       0               3       0                               0D    816
     126     578                                                00010000D    817
     126       0               2       0                               0D    818
     126     580                                                00010000D    819
     126       0               3       0                               0D    820
     126     583                                                00010000D    821
     126       0               2       0                               0D    822
     126     585                                                00010000D    823
     126       0               2       0                               0D    824
     126     587                                                00010000D    825
     126       0               3       0                               0D    826
     126     590                                                00010000D    827
     126       0               2       0                               0D    828
     126     592                                                00010000D    829
     126       0               3       0                               0D    830
     126     595                                                00010000D    831
     126       0               3       0                               0D    832
     126     598                                                00010000D    833
     126       0               2       0                               0D    834
     126     600                                                00010000D    835
     126       0               3       0                               0D    836
     126     603                                                00010000D    837
     126       0               2       0                               0D    838
     126     605                                                00010000D    839
     126       0               2       0                               0D    840
     126     607                                                00010000D    841
     126       0               2       0                               0D    842
     126     609                                                00010000D    843
     126       0               2       0                               0D    844
     126     611                                                00010000D    845
     126       0               2       0                               0D    846
     126     613                                                00010000D    847
     126       0               2       0                               0D    848
     126     615                                                00010000D    849
     126       0               2       0                               0D    850
     126     617                                                00010000D    851
     126       0               2       0                               0D    852
     126     619                                                00010000D    853
     126       0               2       0                               0D    854
     126     621                                                00010000D    855
     126       0               3       0                               0D    856
     126     624                                                00010000D    857
     126       0               2       0                               0D    858
     126     626                                                00010000D    859
     126       0               2       0                               0D    860
     126     628                                                00010000D    861
     126       0               2       0                               0D    862
     126     630                                                00010000D    863
     126       0               2       0                               0D    864
     126     632                                                00010000D    865
     126       0               2       0                               0D    866
     126     634                                                00010000D    867
     126       0               2       0                               0D    868
     126     636                                                00010000D    869
     126       0               4       0                               0D    870
     126     640                                                00010000D    871
     126       0               2       0                               0D    872
     126     642                                                00010000D    873
     126       0               4       0                               0D    874
     126     646                                                00010000D    875
     126       0               5       0                               0D    876
     126     651                                                00010000D    877
     126       0               2       0                               0D    878
     126     653                                                00010000D    879
     126       0               3       0                               0D    880
     126     656                                                00010000D    881
     126       0               2       0                               0D    882
     126     658                                                00010000D    883
     126       0               2       0                               0D    884
     126     660                                                00010000D    885
     126       0               5       0                               0D    886
     126     665                                                00010000D    887
     126       0               4       0                               0D    888
     126     669                                                00010000D    889
     126       0               2       0                               0D    890
     126     671                                                00010000D    891
     126       0               2       0                               0D    892
     126     673                                                00010000D    893
     126       0               2       0                               0D    894
     126     675                                                00010000D    895
     126       0               2       0                               0D    896
     126     677                                                00010000D    897
     126       0               2       0                               0D    898
     126     679                                                00010000D    899
     126       0               2       0                               0D    900
     126     681                                                00010000D    901
     126       0               2       0                               0D    902
     126     683                                                00010000D    903
     126       0               2       0                               0D    904
     126     685                                                00010000D    905
     126       0               2       0                               0D    906
     126     687                                                00010000D    907
     126       0               2       0                               0D    908
     126     689                                                00010000D    909
     126       0               2       0                               0D    910
     126     691                                                00010000D    911
     126       0               2       0                               0D    912
     126     693                                                00010000D    913
     126       0               2       0                               0D    914
     126     695                                                00010000D    915
     126       0               2       0                               0D    916
     126     697                                                00010000D    917
     126       0               2       0                               0D    918
     126     699                                                00010000D    919
     126       0               2       0                               0D    920
     126     701                                                00010000D    921
     126       0               3       0                               0D    922
     126     704                                                00010000D    923
     126       0               2       0                               0D    924
     126     706                                                00010000D    925
     126       0               2       0                               0D    926
     126     708                                                00010000D    927
     126       0               2       0                               0D    928
     126     710                                                00010000D    929
     126       0               2       0                               0D    930
     126     712                                                00010000D    931
     126       0               2       0                               0D    932
     126     714                                                00010000D    933
     126       0               2       0                               0D    934
     126     716                                                00010000D    935
     126       0               2       0                               0D    936
     126     718                                                00010000D    937
     126       0               5       0                               0D    938
     126     723                                                00010000D    939
     126       0               2       0                               0D    940
     126     725                                                00010000D    941
     126       0               2       0                               0D    942
     126     727                                                00010000D    943
     126       0               2       0                               0D    944
     126     729                                                00010000D    945
     126       0               2       0                               0D    946
     126     731                                                00010000D    947
     126       0               6       0                               0D    948
     126     737                                                00010000D    949
     126       0               3       0                               0D    950
     126     740                                                00010000D    951
     126       0               6       0                               0D    952
     126     746                                                00010000D    953
     126       0               3       0                               0D    954
     126     749                                                00010000D    955
     126       0               4       0                               0D    956
     126     753                                                00010000D    957
     126       0               6       0                               0D    958
     126     759                                                00010000D    959
     126       0               3       0                               0D    960
     126     762                                                00010000D    961
     126       0               3       0                               0D    962
     126     765                                                00010000D    963
     126       0               3       0                               0D    964
     126     768                                                00010000D    965
     126       0               4       0                               0D    966
     126     772                                                00010000D    967
     126       0               3       0                               0D    968
     126     775                                                00010000D    969
     126       0               3       0                               0D    970
     126     778                                                00010000D    971
     126       0               3       0                               0D    972
     126     781                                                00010000D    973
     126       0               3       0                               0D    974
     126     784                                                00010000D    975
     126       0               3       0                               0D    976
     126     787                                                00010000D    977
     126       0               3       0                               0D    978
     126     790                                                00010000D    979
     126       0               3       0                               0D    980
     126     793                                                00010000D    981
     126       0               3       0                               0D    982
     126     796                                                00010000D    983
     126       0               3       0                               0D    984
     126     799                                                00010000D    985
     126       0               3       0                               0D    986
     126     802                                                00010000D    987
     126       0               3       0                               0D    988
     126     805                                                00010000D    989
     126       0               3       0                               0D    990
     126     808                                                00010000D    991
     126       0               3       0                               0D    992
     126     811                                                00010000D    993
     126       0               3       0                               0D    994
     126     814                                                00010000D    995
     126       0               3       0                               0D    996
     126     817                                                00010000D    997
     126       0               4       0                               0D    998
     126     821                                                00010000D    999
     126       0               3       0                               0D   1000
     126     824                                                00010000D   1001
     126       0               4       0                               0D   1002
     126     828                                                00010000D   1003
     126       0               3       0                               0D   1004
     126     831                                                00010000D   1005
     126       0               4       0                               0D   1006
     126     835                                                00010000D   1007
     126       0               3       0                               0D   1008
     126     838                                                00010000D   1009
     126       0               4       0                               0D   1010
     126     842                                                00010000D   1011
     126       0               3       0                               0D   1012
     126     845                                                00010000D   1013
     126       0               4       0                               0D   1014
     126     849                                                00010000D   1015
     126       0               3       0                               0D   1016
     126     852                                                00010000D   1017
     126       0              12       0                               0D   1018
     126     864                                                00010000D   1019
     126       0              12       0                               0D   1020
     126     876                                                00010000D   1021
     126       0              12       0                               0D   1022
     126     888                                                00010000D   1023
     126       0               6       0                               0D   1024
     126     894                                                00010000D   1025
     126       0               3       0                               0D   1026
     126     897                                                00010000D   1027
     126       0               3       0                               0D   1028
     126     900                                                00010000D   1029
     126       0               4       0                               0D   1030
     126     904                                                00010000D   1031
     126       0               3       0                               0D   1032
     126     907                                                00010000D   1033
     126       0               4       0                               0D   1034
     126     911                                                00010000D   1035
     126       0               3       0                               0D   1036
     126     914                                                00010000D   1037
     126       0               3       0                               0D   1038
     126     917                                                00010000D   1039
     126       0               3       0                               0D   1040
     126     920                                                00010000D   1041
     126       0               3       0                               0D   1042
     126     923                                                00010000D   1043
     126       0               3       0                               0D   1044
     126     926                                                00010000D   1045
     126       0               3       0                               0D   1046
     126     929                                                00010000D   1047
     126       0               3       0                               0D   1048
     126     932                                                00010000D   1049
     126       0               3       0                               0D   1050
     126     935                                                00010000D   1051
     126       0               3       0                               0D   1052
     126     938                                                00010000D   1053
     126       0               3       0                               0D   1054
     126     941                                                00010000D   1055
     126       0               3       0                               0D   1056
     126     944                                                00010000D   1057
     126       0               3       0                               0D   1058
     126     947                                                00010000D   1059
     126       0               3       0                               0D   1060
     126     950                                                00010000D   1061
     126       0               3       0                               0D   1062
     126     953                                                00010000D   1063
     126       0               3       0                               0D   1064
     126     956                                                00010000D   1065
     126       0               3       0                               0D   1066
     126     959                                                00010000D   1067
     126       0               3       0                               0D   1068
     126     962                                                00010000D   1069
     126       0               3       0                               0D   1070
     126     965                                                00010000D   1071
     126       0               3       0                               0D   1072
     126     968                                                00010000D   1073
     126       0               3       0                               0D   1074
     126     971                                                00010000D   1075
     126       0               3       0                               0D   1076
     126     974                                                00010000D   1077
     126       0               3       0                               0D   1078
     126     977                                                00010000D   1079
     126       0               3       0                               0D   1080
     126     980                                                00010000D   1081
     126       0               3       0                               0D   1082
     126     983                                                00010000D   1083
     126       0               3       0                               0D   1084
     126     986                                                00010000D   1085
     126       0               3       0                               0D   1086
     126     989                                                00010000D   1087
     126       0               3       0                               0D   1088
     126     992                                                00010000D   1089
     126       0               3       0                               0D   1090
     126     995                                                00010000D   1091
     126       0               3       0                               0D   1092
     126     998                                                00010000D   1093
     126       0               4       0                               0D   1094
     126    1002                                                00010000D   1095
     126       0               3       0                               0D   1096
     126    1005                                                00010000D   1097
     126       0               3       0                               0D   1098
     126    1008                                                00010000D   1099
     126       0               3       0                               0D   1100
     126    1011                                                00010000D   1101
     126       0               3       0                               0D   1102
     126    1014                                                00010000D   1103
     126       0               3       0                               0D   1104
     126    1017                                                00010000D   1105
     126       0               3       0                               0D   1106
     126    1020                                                00010000D   1107
     126       0               3       0                               0D   1108
     126    1023                                                00010000D   1109
     126       0               3       0                               0D   1110
     126    1026                                                00010000D   1111
     126       0               3       0                               0D   1112
     126    1029                                                00010000D   1113
     126       0               3       0                               0D   1114
     126    1032                                                00010000D   1115
     126       0               3       0                               0D   1116
     126    1035                                                00010000D   1117
     126       0               3       0                               0D   1118
     126    1038                                                00010000D   1119
     126       0               3       0                               0D   1120
     126    1041                                                00010000D   1121
     126       0               3       0                               0D   1122
     126    1044                                                00010000D   1123
     126       0               3       0                               0D   1124
     126    1047                                                00010000D   1125
     126       0               3       0                               0D   1126
     126    1050                                                00010000D   1127
     126       0               3       0                               0D   1128
     126    1053                                                00010000D   1129
     126       0               3       0                               0D   1130
     126    1056                                                00010000D   1131
     126       0               3       0                               0D   1132
     126    1059                                                00010000D   1133
     126       0               3       0                               0D   1134
     126    1062                                                00010000D   1135
     126       0               3       0                               0D   1136
     126    1065                                                00010000D   1137
     126       0               3       0                               0D   1138
     126    1068                                                00010000D   1139
     126       0               3       0                               0D   1140
     126    1071                                                00010000D   1141
     126       0               3       0                               0D   1142
     126    1074                                                00010000D   1143
     126       0               3       0                               0D   1144
     126    1077                                                00010000D   1145
     126       0               3       0                               0D   1146
     126    1080                                                00010000D   1147
     126       0               3       0                               0D   1148
     126    1083                                                00010000D   1149
     126       0               4       0                               0D   1150
     126    1087                                                00010000D   1151
     126       0               4       0                               0D   1152
     126    1091                                                00010000D   1153
     126       0               4       0                               0D   1154
     126    1095                                                00010000D   1155
     126       0               3       0                               0D   1156
     126    1098                                                00010000D   1157
     126       0               4       0                               0D   1158
     126    1102                                                00010000D   1159
     126       0               3       0                               0D   1160
     126    1105                                                00010000D   1161
     126       0               4       0                               0D   1162
     126    1109                                                00010000D   1163
     126       0               3       0                               0D   1164
     126    1112                                                00010000D   1165
     126       0               3       0                               0D   1166
     126    1115                                                00010000D   1167
     126       0               3       0                               0D   1168
     126    1118                                                00010000D   1169
     126       0               3       0                               0D   1170
     126    1121                                                00010000D   1171
     126       0               3       0                               0D   1172
     126    1124                                                00010000D   1173
     126       0               3       0                               0D   1174
     126    1127                                                00010000D   1175
     126       0               3       0                               0D   1176
     126    1130                                                00010000D   1177
     126       0               3       0                               0D   1178
     126    1133                                                00010000D   1179
     126       0               3       0                               0D   1180
     126    1136                                                00010000D   1181
     126       0               3       0                               0D   1182
     126    1139                                                00010000D   1183
     126       0               3       0                               0D   1184
     126    1142                                                00010000D   1185
     126       0               3       0                               0D   1186
     126    1145                                                00010000D   1187
     126       0               3       0                               0D   1188
     126    1148                                                00010000D   1189
     126       0               3       0                               0D   1190
     126    1151                                                00010000D   1191
     126       0               3       0                               0D   1192
     126    1154                                                00010000D   1193
     126       0               3       0                               0D   1194
     126    1157                                                00010000D   1195
     126       0               3       0                               0D   1196
     126    1160                                                00010000D   1197
     126       0               3       0                               0D   1198
     126    1163                                                00010000D   1199
     126       0               4       0                               0D   1200
     126    1167                                                00010000D   1201
     126       0               3       0                               0D   1202
     126    1170                                                00010000D   1203
     126       0               4       0                               0D   1204
     126    1174                                                00010000D   1205
     126       0               3       0                               0D   1206
     126    1177                                                00010000D   1207
     126       0               4       0                               0D   1208
     126    1181                                                00010000D   1209
     126       0               3       0                               0D   1210
     126    1184                                                00010000D   1211
     126       0               4       0                               0D   1212
     126    1188                                                00010000D   1213
     126       0               3       0                               0D   1214
     126    1191                                                00010000D   1215
     126       0               3       0                               0D   1216
     126    1194                                                00010000D   1217
     126       0               3       0                               0D   1218
     126    1197                                                00010000D   1219
     126       0               3       0                               0D   1220
     126    1200                                                00010000D   1221
     126       0               3       0                               0D   1222
     126    1203                                                00010000D   1223
     126       0               3       0                               0D   1224
     126    1206                                                00010000D   1225
     126       0               3       0                               0D   1226
     126    1209                                                00010000D   1227
     126       0               3       0                               0D   1228
     126    1212                                                00010000D   1229
     126       0               3       0                               0D   1230
     126    1215                                                00010000D   1231
     126       0               3       0                               0D   1232
     126    1218                                                00010000D   1233
     126       0               3       0                               0D   1234
     126    1221                                                00010000D   1235
     126       0               3       0                               0D   1236
     126    1224                                                00010000D   1237
     126       0               3       0                               0D   1238
     126    1227                                                00010000D   1239
     126       0               3       0                               0D   1240
     126    1230                                                00010000D   1241
     126       0               3       0                               0D   1242
     126    1233                                                00010000D   1243
     126       0               3       0                               0D   1244
     126    1236                                                00010000D   1245
     126       0               3       0                               0D   1246
     126    1239                                                00010000D   1247
     126       0               3       0                               0D   1248
     126    1242                                                00010000D   1249
     126       0               3       0                               0D   1250
     126    1245                                                00010000D   1251
     126       0               3       0                               0D   1252
     126    1248                                                00010000D   1253
     126       0               4       0                               0D   1254
     126    1252                                                00010000D   1255
     126       0               3       0                               0D   1256
     126    1255                                                00010000D   1257
     126       0               3       0                               0D   1258
     126    1258                                                00010000D   1259
     126       0               3       0                               0D   1260
     126    1261                                                00010000D   1261
     126       0               4       0                               0D   1262
     126    1265                                                00010000D   1263
     126       0               3       0                               0D   1264
     126    1268                                                00010000D   1265
     126       0               3       0                               0D   1266
     126    1271                                                00010000D   1267
     126       0               3       0                               0D   1268
     126    1274                                                00010000D   1269
     126       0               4       0                               0D   1270
     126    1278                                                00010000D   1271
     126       0               3       0                               0D   1272
     126    1281                                                00010000D   1273
     126       0               3       0                               0D   1274
     126    1284                                                00010000D   1275
     126       0               3       0                               0D   1276
     126    1287                                                00010000D   1277
     126       0               4       0                               0D   1278
     126    1291                                                00010000D   1279
     126       0               3       0                               0D   1280
     126    1294                                                00010000D   1281
     126       0               4       0                               0D   1282
     126    1298                                                00010000D   1283
     126       0               3       0                               0D   1284
     126    1301                                                00010000D   1285
     126       0               3       0                               0D   1286
     126    1304                                                00010000D   1287
     126       0               3       0                               0D   1288
     126    1307                                                00010000D   1289
     126       0               3       0                               0D   1290
     126    1310                                                00010000D   1291
     126       0               3       0                               0D   1292
     126    1313                                                00010000D   1293
     126       0               3       0                               0D   1294
     126    1316                                                00010000D   1295
     126       0               3       0                               0D   1296
     126    1319                                                00010000D   1297
     126       0               3       0                               0D   1298
     126    1322                                                00010000D   1299
     126       0               3       0                               0D   1300
     126    1325                                                00010000D   1301
     126       0              10       0                               0D   1302
     126    1335                                                00010000D   1303
     126       0               6       0                               0D   1304
     126    1341                                                00010000D   1305
     126       0               3       0                               0D   1306
     126    1344                                                00010000D   1307
     126       0              10       0                               0D   1308
     126    1354                                                00010000D   1309
     126       0               6       0                               0D   1310
     126    1360                                                00010000D   1311
     126       0               3       0                               0D   1312
     126    1363                                                00010000D   1313
     126       0              10       0                               0D   1314
     126    1373                                                00010000D   1315
     126       0               6       0                               0D   1316
     126    1379                                                00010000D   1317
     126       0               3       0                               0D   1318
     126    1382                                                00010000D   1319
     126       0               3       0                               0D   1320
     126    1385                                                00010000D   1321
     126       0               3       0                               0D   1322
     126    1388                                                00010000D   1323
     126       0               3       0                               0D   1324
     126    1391                                                00010000D   1325
     126       0               3       0                               0D   1326
     126    1394                                                00010000D   1327
     126       0               3       0                               0D   1328
     126    1397                                                00010000D   1329
     126       0               3       0                               0D   1330
     126    1400                                                00010000D   1331
     126       0               3       0                               0D   1332
     126    1403                                                00010000D   1333
     126       0               3       0                               0D   1334
     126    1406                                                00010000D   1335
     126       0               3       0                               0D   1336
     126    1409                                                00010000D   1337
     126       0               3       0                               0D   1338
     126    1412                                                00010000D   1339
     126       0               3       0                               0D   1340
     126    1415                                                00010000D   1341
     126       0               3       0                               0D   1342
     126    1418                                                00010000D   1343
     126       0               3       0                               0D   1344
     126    1421                                                00010000D   1345
     126       0               3       0                               0D   1346
     126    1424                                                00010000D   1347
     126       0               3       0                               0D   1348
     126    1427                                                00010000D   1349
     126       0               3       0                               0D   1350
     126    1430                                                00010000D   1351
     126       0               2       0                               0D   1352
     126    1432                                                00010000D   1353
     126       0               2       0                               0D   1354
     126    1434                                                00010000D   1355
     126       0               2       0                               0D   1356
     126    1436                                                00010000D   1357
     126       0               3       0                               0D   1358
     126    1439                                                00010000D   1359
     126       0               2       0                               0D   1360
     126    1441                                                00010000D   1361
     126       0               2       0                               0D   1362
     126    1443                                                00010000D   1363
     126       0               2       0                               0D   1364
     126    1445                                                00010000D   1365
     126       0               2       0                               0D   1366
     126    1447                                                00010000D   1367
     126       0               2       0                               0D   1368
     126    1449                                                00010000D   1369
     126       0               2       0                               0D   1370
     126    1451                                                00010000D   1371
     126       0               2       0                               0D   1372
     126    1453                                                00010000D   1373
     126       0               2       0                               0D   1374
     126    1455                                                00010000D   1375
     126       0               3       0                               0D   1376
     126    1458                                                00010000D   1377
     126       0               3       0                               0D   1378
     126    1461                                                00010000D   1379
     126       0               2       0                               0D   1380
     126    1463                                                00010000D   1381
     126       0               2       0                               0D   1382
     126    1465                                                00010000D   1383
     126       0               2       0                               0D   1384
     126    1467                                                00010000D   1385
     126       0               2       0                               0D   1386
     126    1469                                                00010000D   1387
     126       0               2       0                               0D   1388
     126    1471                                                00010000D   1389
     126       0               2       0                               0D   1390
     126    1473                                                00010000D   1391
     126       0               2       0                               0D   1392
     126    1475                                                00010000D   1393
     126       0               2       0                               0D   1394
     126    1477                                                00010000D   1395
     126       0               2       0                               0D   1396
     126    1479                                                00010000D   1397
     126       0               2       0                               0D   1398
     126    1481                                                00010000D   1399
     126       0               2       0                               0D   1400
     126    1483                                                00010000D   1401
     126       0               2       0                               0D   1402
     126    1485                                                00010000D   1403
     126       0               2       0                               0D   1404
     126    1487                                                00010000D   1405
     126       0               2       0                               0D   1406
     126    1489                                                00010000D   1407
     126       0               2       0                               0D   1408
     126    1491                                                00010000D   1409
     126       0               2       0                               0D   1410
     126    1493                                                00010000D   1411
     126       0               2       0                               0D   1412
     126    1495                                                00010000D   1413
     126       0               2       0                               0D   1414
     126    1497                                                00010000D   1415
     126       0               2       0                               0D   1416
     126    1499                                                00010000D   1417
     126       0               2       0                               0D   1418
     126    1501                                                00010000D   1419
     126       0               2       0                               0D   1420
     126    1503                                                00010000D   1421
     126       0               3       0                               0D   1422
     126    1506                                                00010000D   1423
     126       0               3       0                               0D   1424
     126    1509                                                00010000D   1425
     126       0               3       0                               0D   1426
     126    1512                                                00010000D   1427
     126       0               3       0                               0D   1428
     126    1515                                                00010000D   1429
     126       0               3       0                               0D   1430
     126    1518                                                00010000D   1431
     126       0               3       0                               0D   1432
     126    1521                                                00010000D   1433
     126       0               3       0                               0D   1434
     126    1524                                                00010000D   1435
     126       0               3       0                               0D   1436
     126    1527                                                00010000D   1437
     126       0               3       0                               0D   1438
     126    1530                                                00010000D   1439
     126       0               3       0                               0D   1440
     126    1533                                                00010000D   1441
     126       0               3       0                               0D   1442
     126    1536                                                00010000D   1443
     126       0               3       0                               0D   1444
     126    1539                                                00010000D   1445
     126       0               3       0                               0D   1446
     126    1542                                                00010000D   1447
     126       0               3       0                               0D   1448
     126    1545                                                00010000D   1449
     126       0               3       0                               0D   1450
     126    1548                                                00010000D   1451
     126       0               3       0                               0D   1452
     126    1551                                                00010000D   1453
     126       0               4       0                               0D   1454
     126    1555                                                00010000D   1455
     126       0               4       0                               0D   1456
     126    1559                                                00010000D   1457
     126       0               3       0                               0D   1458
     126    1562                                                00010000D   1459
     126       0               3       0                               0D   1460
     126    1565                                                00010000D   1461
     126       0               3       0                               0D   1462
     126    1568                                                00010000D   1463
     126       0               3       0                               0D   1464
     126    1571                                                00010000D   1465
     126       0               4       0                               0D   1466
     126    1575                                                00010000D   1467
     126       0               4       0                               0D   1468
     126    1579                                                00010000D   1469
     126       0               3       0                               0D   1470
     126    1582                                                00010000D   1471
     126       0               3       0                               0D   1472
     126    1585                                                00010000D   1473
     126       0               3       0                               0D   1474
     126    1588                                                00010000D   1475
     126       0               3       0                               0D   1476
     126    1591                                                00010000D   1477
     126       0               3       0                               0D   1478
     126    1594                                                00010000D   1479
     126       0               3       0                               0D   1480
     126    1597                                                00010000D   1481
     126       0               3       0                               0D   1482
     126    1600                                                00010000D   1483
     126       0               3       0                               0D   1484
     126    1603                                                00010000D   1485
     126       0               3       0                               0D   1486
     126    1606                                                00010000D   1487
     126       0               3       0                               0D   1488
     126    1609                                                00010000D   1489
     126       0               3       0                               0D   1490
     126    1612                                                00010000D   1491
     126       0               3       0                               0D   1492
     126    1615                                                00010000D   1493
     126       0               3       0                               0D   1494
     126    1618                                                00010000D   1495
     126       0               3       0                               0D   1496
     126    1621                                                00010000D   1497
     126       0               3       0                               0D   1498
     126    1624                                                00010000D   1499
     126       0               3       0                               0D   1500
     126    1627                                                00010000D   1501
     126       0               4       0                               0D   1502
     126    1631                                                00010000D   1503
     126       0               3       0                               0D   1504
     126    1634                                                00010000D   1505
     126       0               4       0                               0D   1506
     126    1638                                                00010000D   1507
     126       0               3       0                               0D   1508
     126    1641                                                00010000D   1509
     126       0               3       0                               0D   1510
     126    1644                                                00010000D   1511
     126       0               3       0                               0D   1512
     126    1647                                                00010000D   1513
     126       0               4       0                               0D   1514
     126    1651                                                00010000D   1515
     126       0               4       0                               0D   1516
     126    1655                                                00010000D   1517
     126       0               3       0                               0D   1518
     126    1658                                                00010000D   1519
     126       0               3       0                               0D   1520
     126    1661                                                00010000D   1521
     126       0               3       0                               0D   1522
     126    1664                                                00010000D   1523
     126       0               3       0                               0D   1524
     126    1667                                                00010000D   1525
     126       0               3       0                               0D   1526
     126    1670                                                00010000D   1527
     126       0               3       0                               0D   1528
     126    1673                                                00010000D   1529
     126       0               3       0                               0D   1530
     126    1676                                                00010000D   1531
     126       0               3       0                               0D   1532
     126    1679                                                00010000D   1533
     126       0               3       0                               0D   1534
     126    1682                                                00010000D   1535
     126       0               3       0                               0D   1536
     126    1685                                                00010000D   1537
     126       0               3       0                               0D   1538
     126    1688                                                00010000D   1539
     126       0               3       0                               0D   1540
     126    1691                                                00010000D   1541
     126       0               3       0                               0D   1542
     126    1694                                                00010000D   1543
     126       0               3       0                               0D   1544
     126    1697                                                00010000D   1545
     126       0               3       0                               0D   1546
     126    1700                                                00010000D   1547
     126       0               3       0                               0D   1548
     126    1703                                                00010000D   1549
     126       0               4       0                               0D   1550
     126    1707                                                00010000D   1551
     126       0               3       0                               0D   1552
     126    1710                                                00010000D   1553
     126       0               4       0                               0D   1554
     126    1714                                                00010000D   1555
     126       0               3       0                               0D   1556
     126    1717                                                00010000D   1557
     126       0               3       0                               0D   1558
     126    1720                                                00010000D   1559
     126       0               3       0                               0D   1560
     126    1723                                                00010000D   1561
     126       0               4       0                               0D   1562
     126    1727                                                00010000D   1563
     126       0               4       0                               0D   1564
     126    1731                                                00010000D   1565
     126       0               3       0                               0D   1566
     126    1734                                                00010000D   1567
     126       0               3       0                               0D   1568
     126    1737                                                00010000D   1569
     126       0               3       0                               0D   1570
     126    1740                                                00010000D   1571
     126       0               3       0                               0D   1572
     126    1743                                                00010000D   1573
     126       0               3       0                               0D   1574
     126    1746                                                00010000D   1575
     126       0               3       0                               0D   1576
     126    1749                                                00010000D   1577
     126       0               3       0                               0D   1578
     126    1752                                                00010000D   1579
     126       0               3       0                               0D   1580
     126    1755                                                00010000D   1581
     126       0               3       0                               0D   1582
     126    1758                                                00010000D   1583
     126       0               3       0                               0D   1584
     126    1761                                                00010000D   1585
     126       0               3       0                               0D   1586
     126    1764                                                00010000D   1587
     126       0               3       0                               0D   1588
     126    1767                                                00010000D   1589
     126       0               3       0                               0D   1590
     126    1770                                                00010000D   1591
     126       0               3       0                               0D   1592
     126    1773                                                00010000D   1593
     126       0               3       0                               0D   1594
     126    1776                                                00010000D   1595
     126       0               3       0                               0D   1596
     126    1779                                                00010000D   1597
     126       0               4       0                               0D   1598
     126    1783                                                00010000D   1599
     126       0               4       0                               0D   1600
     126    1787                                                00010000D   1601
     126       0               3       0                               0D   1602
     126    1790                                                00010000D   1603
     126       0               3       0                               0D   1604
     126    1793                                                00010000D   1605
     126       0               3       0                               0D   1606
     126    1796                                                00010000D   1607
     126       0               3       0                               0D   1608
     126    1799                                                00010000D   1609
     126       0               4       0                               0D   1610
     126    1803                                                00010000D   1611
     126       0               4       0                               0D   1612
     128    1807                                                00010000D   1613
     128       0   -1981       3       0                               0D   1614
     128    1810                                                00010000D   1615
     128       0   -1981       3       0                               0D   1616
     128    1813                                                00010000D   1617
     128       0   -1981       3       0                               0D   1618
     128    1816                                                00010000D   1619
     128       0   -1981       3       0                               0D   1620
     128    1819                                                00010000D   1621
     128       0   -1981       3       0                               0D   1622
     128    1822                                                00010000D   1623
     128       0   -1981       3       0                               0D   1624
     128    1825                                                00010000D   1625
     128       0   -1981       3       0                               0D   1626
     128    1828                                                00010000D   1627
     128       0   -1981       4       0                               0D   1628
     128    1832                                                00010000D   1629
     128       0   -1981       4       0                               0D   1630
     128    1836                                                00010000D   1631
     128       0   -1981       4       0                               0D   1632
     128    1840                                                00010000D   1633
     128       0   -1981       4       0                               0D   1634
     128    1844                                                00010000D   1635
     128       0   -1981       3       0                               0D   1636
     128    1847                                                00010000D   1637
     128       0   -1981       3       0                               0D   1638
     128    1850                                                00010000D   1639
     128       0   -1981       3       0                               0D   1640
     128    1853                                                00010000D   1641
     128       0   -1981       3       0                               0D   1642
     128    1856                                                00010000D   1643
     128       0   -1981       3       0                               0D   1644
     128    1859                                                00010000D   1645
     128       0   -1981       3       0                               0D   1646
     128    1862                                                00010000D   1647
     128       0   -1981       3       0                               0D   1648
     128    1865                                                00010000D   1649
     128       0   -1981       3       0                               0D   1650
     128    1868                                                00010000D   1651
     128       0   -1981       6       0                               0D   1652
     128    1874                                                00010000D   1653
     128       0   -1981       7       0                               0D   1654
     128    1881                                                00010000D   1655
     128       0   -1981       4       0                               0D   1656
     128    1885                                                00010000D   1657
     128       0   -1981       4       0                               0D   1658
     128    1889                                                00010000D   1659
     128       0   -1981       4       0                               0D   1660
     128    1893                                                00010000D   1661
     128       0   -1981       3       0                               0D   1662
     128    1896                                                00010000D   1663
     128       0   -1981       4       0                               0D   1664
     128    1900                                                00010000D   1665
     128       0   -1981       4       0                               0D   1666
     128    1904                                                00010000D   1667
     128       0   -1981       4       0                               0D   1668
     128    1908                                                00010000D   1669
     128       0   -1981       4       0                               0D   1670
     128    1912                                                00010000D   1671
     128       0   -1981       7       0                               0D   1672
     128    1919                                                00010000D   1673
     128       0   -1981       6       0                               0D   1674
     128    1925                                                00010000D   1675
     128       0   -1981       3       0                               0D   1676
     128    1928                                                00010000D   1677
     128       0   -1981       3       0                               0D   1678
     128    1931                                                00010000D   1679
     128       0   -1981       3       0                               0D   1680
     128    1934                                                00010000D   1681
     128       0   -1981       3       0                               0D   1682
     128    1937                                                00010000D   1683
     128       0   -1981       3       0                               0D   1684
     128    1940                                                00010000D   1685
     128       0   -1981       3       0                               0D   1686
     128    1943                                                00010000D   1687
     128       0   -1981       9       0                               0D   1688
     128    1952                                                00010000D   1689
     128       0   -1981       5       0                               0D   1690
     128    1957                                                00010000D   1691
     128       0   -1981       5       0                               0D   1692
     128    1962                                                00010000D   1693
     128       0   -1981       9       0                               0D   1694
     128    1971                                                00010000D   1695
     128       0   -1981       6       0                               0D   1696
     128    1977                                                00010000D   1697
     128       0   -1981       5       0                               0D   1698
     128    1982                                                00010000D   1699
     128       0   -1981       5       0                               0D   1700
     128    1987                                                00010000D   1701
     128       0   -1981       5       0                               0D   1702
     128    1992                                                00010000D   1703
     128       0   -1981       5       0                               0D   1704
     128    1997                                                00010000D   1705
     128       0   -1981       5       0                               0D   1706
     128    2002                                                00010000D   1707
     128       0   -1981       5       0                               0D   1708
     128    2007                                                00010000D   1709
     128       0   -1981       5       0                               0D   1710
     128    2012                                                00010000D   1711
     128       0   -1981       5       0                               0D   1712
     128    2017                                                00010000D   1713
     128       0   -1981       5       0                               0D   1714
     128    2022                                                00010000D   1715
     128       0   -1981       5       0                               0D   1716
     128    2027                                                00010000D   1717
     128       0   -1981       5       0                               0D   1718
     128    2032                                                00010000D   1719
     128       0   -1981       5       0                               0D   1720
     128    2037                                                00010000D   1721
     128       0   -1981       5       0                               0D   1722
     128    2042                                                00010000D   1723
     128       0   -1981       5       0                               0D   1724
     128    2047                                                00010000D   1725
     128       0   -1981       5       0                               0D   1726
     128    2052                                                00010000D   1727
     128       0   -1981       5       0                               0D   1728
     128    2057                                                00010000D   1729
     128       0   -1981       5       0                               0D   1730
     128    2062                                                00010000D   1731
     128       0   -1981       5       0                               0D   1732
     128    2067                                                00010000D   1733
     128       0   -1981       5       0                               0D   1734
     128    2072                                                00010000D   1735
     128       0   -1981       5       0                               0D   1736
     128    2077                                                00010000D   1737
     128       0   -1981       5       0                               0D   1738
     128    2082                                                00010000D   1739
     128       0   -1981       5       0                               0D   1740
     128    2087                                                00010000D   1741
     128       0   -1981       5       0                               0D   1742
     128    2092                                                00010000D   1743
     128       0   -1981       6       0                               0D   1744
     128    2098                                                00010000D   1745
     128       0   -1981       5       0                               0D   1746
     128    2103                                                00010000D   1747
     128       0   -1981       5       0                               0D   1748
     128    2108                                                00010000D   1749
     128       0   -1981       5       0                               0D   1750
     128    2113                                                00010000D   1751
     128       0   -1981       5       0                               0D   1752
     128    2118                                                00010000D   1753
     128       0   -1981       5       0                               0D   1754
     128    2123                                                00010000D   1755
     128       0   -1981       5       0                               0D   1756
     128    2128                                                00010000D   1757
     128       0   -1981       5       0                               0D   1758
     128    2133                                                00010000D   1759
     128       0   -1981       5       0                               0D   1760
     128    2138                                                00010000D   1761
     128       0   -1981       5       0                               0D   1762
     128    2143                                                00010000D   1763
     128       0   -1981       5       0                               0D   1764
     128    2148                                                00010000D   1765
     128       0   -1981       5       0                               0D   1766
     128    2153                                                00010000D   1767
     128       0   -1981       5       0                               0D   1768
     128    2158                                                00010000D   1769
     128       0   -1981       6       0                               0D   1770
     128    2164                                                00010000D   1771
     128       0   -1981       5       0                               0D   1772
     128    2169                                                00010000D   1773
     128       0   -1981       6       0                               0D   1774
     128    2175                                                00010000D   1775
     128       0   -1981       5       0                               0D   1776
     128    2180                                                00010000D   1777
     128       0   -1981       5       0                               0D   1778
     128    2185                                                00010000D   1779
     128       0   -1981       5       0                               0D   1780
     128    2190                                                00010000D   1781
     128       0   -1981       6       0                               0D   1782
     128    2196                                                00010000D   1783
     128       0   -1981       5       0                               0D   1784
     128    2201                                                00010000D   1785
     128       0   -1981       5       0                               0D   1786
     128    2206                                                00010000D   1787
     128       0   -1981      21       0                               0D   1788
     128    2227                                                00010000D   1789
     128       0   -1981      21       0                               0D   1790
     128    2248                                                00010000D   1791
     128       0   -1981      21       0                               0D   1792
     128    2269                                                00010000D   1793
     128       0   -1981       5       0                               0D   1794
     128    2274                                                00010000D   1795
     128       0   -1981       5       0                               0D   1796
     128    2279                                                00010000D   1797
     128       0   -1981       5       0                               0D   1798
     128    2284                                                00010000D   1799
     128       0   -1981       5       0                               0D   1800
     128    2289                                                00010000D   1801
     128       0   -1981       5       0                               0D   1802
     128    2294                                                00010000D   1803
     128       0   -1981       5       0                               0D   1804
     128    2299                                                00010000D   1805
     128       0   -1981       5       0                               0D   1806
     128    2304                                                00010000D   1807
     128       0   -1981       5       0                               0D   1808
     128    2309                                                00010000D   1809
     128       0   -1981       5       0                               0D   1810
     128    2314                                                00010000D   1811
     128       0   -1981       5       0                               0D   1812
     128    2319                                                00010000D   1813
     128       0   -1981       5       0                               0D   1814
     128    2324                                                00010000D   1815
     128       0   -1981       4       0                               0D   1816
     128    2328                                                00010000D   1817
     128       0   -1981       4       0                               0D   1818
     128    2332                                                00010000D   1819
     128       0   -1981       4       0                               0D   1820
     128    2336                                                00010000D   1821
     128       0   -1981       4       0                               0D   1822
     128    2340                                                00010000D   1823
     128       0   -1981       4       0                               0D   1824
     128    2344                                                00010000D   1825
     128       0   -1981       4       0                               0D   1826
     128    2348                                                00010000D   1827
     128       0   -1981       4       0                               0D   1828
     128    2352                                                00010000D   1829
     128       0   -1981       4       0                               0D   1830
     128    2356                                                00010000D   1831
     128       0   -1981       4       0                               0D   1832
     128    2360                                                00010000D   1833
     128       0   -1981       4       0                               0D   1834
     128    2364                                                00010000D   1835
     128       0   -1981       3       0                               0D   1836
     128    2367                                                00010000D   1837
     128       0   -1981       3       0                               0D   1838
     128    2370                                                00010000D   1839
     128       0   -1981       3       0                               0D   1840
     128    2373                                                00010000D   1841
     128       0   -1981       3       0                               0D   1842
     128    2376                                                00010000D   1843
     128       0   -1981       4       0                               0D   1844
     128    2380                                                00010000D   1845
     128       0   -1981       4       0                               0D   1846
     128    2384                                                00010000D   1847
     128       0   -1981       5       0                               0D   1848
     128    2389                                                00010000D   1849
     128       0   -1981       6       0                               0D   1850
     128    2395                                                00010000D   1851
     128       0   -1981       5       0                               0D   1852
     128    2400                                                00010000D   1853
     128       0   -1981       5       0                               0D   1854
     128    2405                                                00010000D   1855
     128       0   -1981       5       0                               0D   1856
     128    2410                                                00010000D   1857
     128       0   -1981       6       0                               0D   1858
     128    2416                                                00010000D   1859
     128       0   -1981       6       0                               0D   1860
     128    2422                                                00010000D   1861
     128       0   -1981       5       0                               0D   1862
     128    2427                                                00010000D   1863
     128       0   -1981       5       0                               0D   1864
     128    2432                                                00010000D   1865
     128       0   -1981       5       0                               0D   1866
     128    2437                                                00010000D   1867
     128       0   -1981       5       0                               0D   1868
     128    2442                                                00010000D   1869
     128       0   -1981       6       0                               0D   1870
     128    2448                                                00010000D   1871
     128       0   -1981       5       0                               0D   1872
     128    2453                                                00010000D   1873
     128       0   -1981       5       0                               0D   1874
     128    2458                                                00010000D   1875
     128       0   -1981       5       0                               0D   1876
     128    2463                                                00010000D   1877
     128       0   -1981       6       0                               0D   1878
     128    2469                                                00010000D   1879
     128       0   -1981       6       0                               0D   1880
     128    2475                                                00010000D   1881
     128       0   -1981       5       0                               0D   1882
     128    2480                                                00010000D   1883
     128       0   -1981       5       0                               0D   1884
     128    2485                                                00010000D   1885
     128       0   -1981       5       0                               0D   1886
     128    2490                                                00010000D   1887
     128       0   -1981       5       0                               0D   1888
     128    2495                                                00010000D   1889
     128       0   -1981       5       0                               0D   1890
     128    2500                                                00010000D   1891
     128       0   -1981       5       0                               0D   1892
     128    2505                                                00010000D   1893
     128       0   -1981       5       0                               0D   1894
     128    2510                                                00010000D   1895
     128       0   -1981       5       0                               0D   1896
     128    2515                                                00010000D   1897
     128       0   -1981       5       0                               0D   1898
     128    2520                                                00010000D   1899
     128       0   -1981       6       0                               0D   1900
     128    2526                                                00010000D   1901
     128       0   -1981       5       0                               0D   1902
     128    2531                                                00010000D   1903
     128       0   -1981       5       0                               0D   1904
     128    2536                                                00010000D   1905
     128       0   -1981       5       0                               0D   1906
     128    2541                                                00010000D   1907
     128       0   -1981       5       0                               0D   1908
     128    2546                                                00010000D   1909
     128       0   -1981       5       0                               0D   1910
     128    2551                                                00010000D   1911
     128       0   -1981       5       0                               0D   1912
     128    2556                                                00010000D   1913
     128       0   -1981       5       0                               0D   1914
     128    2561                                                00010000D   1915
     128       0   -1981       5       0                               0D   1916
     128    2566                                                00010000D   1917
     128       0   -1981       5       0                               0D   1918
     128    2571                                                00010000D   1919
     128       0   -1981       6       0                               0D   1920
     128    2577                                                00010000D   1921
     128       0   -1981       5       0                               0D   1922
     128    2582                                                00010000D   1923
     128       0   -1981       5       0                               0D   1924
     128    2587                                                00010000D   1925
     128       0   -1981       5       0                               0D   1926
     502    2592                                                00010000D   1927
     502                      19       1                               0D   1928
     502    2611                                                00010000D   1929
     502                      89       1                               0D   1930
     502    2700                                                00010000D   1931
     502                       8       1                               0D   1932
     502    2708                                                00010000D   1933
     502                       2       1                               0D   1934
     502    2710                                                00010000D   1935
     502                      11       1                               0D   1936
     502    2721                                                00010000D   1937
     502                      11       1                               0D   1938
     502    2732                                                00010000D   1939
     502                      11       1                               0D   1940
     502    2743                                                00010000D   1941
     502                      11       1                               0D   1942
     504    2754                                                00010001D   1943
     504                      35       1                               0D   1944
     504    2789                                                00010001D   1945
     504                      69       1                               0D   1946
     504    2858                                                00010001D   1947
     504                       8       1                               0D   1948
     504    2866                                                00010001D   1949
     504                       4       1                               0D   1950
     504    2870                                                00010001D   1951
     504                       8       1                               0D   1952
     504    2878                                                00010001D   1953
     504                       8       1                               0D   1954
     504    2886                                                00010001D   1955
     504                       8       1                               0D   1956
     504    2894                                                00010001D   1957
     504                       8       1                               0D   1958
     406    2902                                                00000000D   1959
     406                       1      15                               0D   1960
     406    2903                                                00000000D   1961
     406                       1      15                               0D   1962
     406    2904                                                00000000D   1963
     406                       1      15                               0D   1964
     406    2905                                                00000000D   1965
     406                       1      15                               0D   1966
     406    2906                                                00000000D   1967
     406                       1      15                               0D   1968
     406    2907                                                00000000D   1969
     406                       1      15                               0D   1970
     406    2908                                                00000000D   1971
     406                       1      15                               0D   1972
     406    2909                                                00000000D   1973
     406                       1      15                               0D   1974
     406    2910                                                00000000D   1975
     406                       1      15                               0D   1976
     406    2911                                                00000000D   1977
     406                       1      15                               0D   1978
     406    2912                                                00000000D   1979
     406                       1      15                               0D   1980
     314    2913                                                00000200D   1981
     314                       2       0                               0D   1982
408,21,0.,0.,0.,1.,0,1,1961;                                           1P      1
408,23,0.,0.,0.,1.,0,1,1963;                                           3P      2
408,25,0.,0.,0.,1.,0,1,1965;                                           5P      3
408,27,0.,0.,0.,1.,0,1,1967;                                           7P      4
408,27,0.,0.,0.,1.,0,1,1969;                                           9P      5
408,29,0.,0.,0.,1.,0,1,1971;                                          11P      6
124,-1.,-1.11022302462516D-16,-2.60902410786913D-15,                  13P      7
53.6887188782662,2.60902410786912D-15,-2.22044604925026D-16,-1.,      13P      8
7.29999999999994,1.11022302462516D-16,-0.999999999999999,             13P      9
-2.24948617504431D-31,41.8236882379362;                               13P     10
124,-1.,0.,6.12323399573677D-17,50.0940971507503,                     15P     11
-6.12323399573677D-17,-6.12323399573677D-17,-1.,2.2,                  15P     12
3.74939945665464D-33,-1.,6.12323399573677D-17,31.2236882379362;       15P     13
124,1.,-6.66133814775095D-16,4.38442259523399D-16,                    17P     14
22.5387188782662,-3.03444994000224D-31,6.12323399573676D-17,          17P     15
0.999999999999998,-3.89999999999999,1.33226762955019D-15,             17P     16
-0.999999999999998,-4.56158389093861D-16,19.8486882379362;            17P     17
124,1.,-5.55111512312603D-17,-1.39314066772494D-16,                   19P     18
-17.4612811217338,-6.73223543322574D-31,6.12323399573677D-17,         19P     19
-1.,15.2,-1.33226762955019D-15,0.999999999999998,                     19P     20
9.58042936979499D-16,0.0986882379362086;                              19P     21
308,0,23HCanal - middle plate v7,1,31;                                21P     22
308,0,16HCanal - base v22,1,33;                                       23P     23
308,0,20HCanal - top plate v3,1,35;                                   25P     24
308,0,18HCanal - blocker v2,1,37;                                     27P     25
308,1,20HAssembly - Canal v11,5,1,3,5,7,9;                            29P     26
186,47,1,0,0,1,1959;                                                  31P     27
186,49,1,0,0,1,1959;                                                  33P     28
186,51,1,0,0,1,1959;                                                  35P     29
186,53,1,0,0,1,1959;                                                  37P     30
186,55,1,0,0,1,1973;                                                  39P     31
186,57,1,0,0,1,1975;                                                  41P     32
186,59,1,0,0,1,1977;                                                  43P     33
186,61,1,0,0,1,1979;                                                  45P     34
514,37,63,1,65,1,67,1,69,1,71,1,73,1,75,1,77,1,79,1,81,1,83,1,        47P     35
85,1,87,1,89,1,91,1,93,1,95,1,97,1,99,1,101,1,103,1,105,1,107,1,      47P     36
109,1,111,1,113,1,115,1,117,1,119,1,121,1,123,1,125,1,127,1,129,      47P     37
1,131,1,133,1,135,1;                                                  47P     38
514,64,137,1,139,1,141,1,143,1,145,1,147,1,149,1,151,1,153,1,         49P     39
155,1,157,1,159,1,161,1,163,1,165,1,167,1,169,1,171,1,173,1,175,      49P     40
1,177,1,179,1,181,1,183,1,185,1,187,1,189,1,191,1,193,1,195,1,        49P     41
197,1,199,1,201,1,203,1,205,1,207,1,209,1,211,1,213,1,215,1,217,      49P     42
1,219,1,221,1,223,1,225,1,227,1,229,1,231,1,233,1,235,1,237,1,        49P     43
239,1,241,1,243,1,245,1,247,1,249,1,251,1,253,1,255,1,257,1,259,      49P     44
1,261,1,263,1;                                                        49P     45
514,10,265,1,267,1,269,1,271,1,273,1,275,1,277,1,279,1,281,1,         51P     46
283,1;                                                                51P     47
514,6,285,1,287,1,289,1,291,1,293,1,295,1;                            53P     48
514,10,297,1,299,1,301,1,303,1,305,1,307,1,309,1,311,1,313,1,         55P     49
315,1;                                                                55P     50
514,10,317,1,319,1,321,1,323,1,325,1,327,1,329,1,331,1,333,1,         57P     51
335,1;                                                                57P     52
514,10,337,1,339,1,341,1,343,1,345,1,347,1,349,1,351,1,353,1,         59P     53
355,1;                                                                59P     54
514,10,357,1,359,1,361,1,363,1,365,1,367,1,369,1,371,1,373,1,         61P     55
375,1;                                                                61P     56
510,1613,1,1,377;                                                     63P     57
510,1615,1,1,379;                                                     65P     58
510,1617,1,1,381;                                                     67P     59
510,1619,1,1,383;                                                     69P     60
510,1621,1,1,385;                                                     71P     61
510,1623,3,1,387,389,391;                                             73P     62
510,1625,1,1,393;                                                     75P     63
510,1627,1,1,395;                                                     77P     64
510,1629,1,1,397;                                                     79P     65
510,1631,1,1,399;                                                     81P     66
510,1633,1,1,401;                                                     83P     67
510,1635,1,1,403;                                                     85P     68
510,1637,1,1,405;                                                     87P     69
510,1639,1,1,407;                                                     89P     70
510,1641,1,1,409;                                                     91P     71
510,1643,1,1,411;                                                     93P     72
510,1645,1,1,413;                                                     95P     73
510,1647,1,1,415;                                                     97P     74
510,1649,1,1,417;                                                     99P     75
510,1651,1,1,419;                                                    101P     76
510,1653,1,1,421;                                                    103P     77
510,1655,1,1,423;                                                    105P     78
510,1657,3,1,425,427,429;                                            107P     79
510,1659,1,1,431;                                                    109P     80
510,1661,1,1,433;                                                    111P     81
510,1663,1,1,435;                                                    113P     82
510,1665,1,1,437;                                                    115P     83
510,1667,1,1,439;                                                    117P     84
510,1669,1,1,441;                                                    119P     85
510,1671,1,1,443;                                                    121P     86
510,1673,1,1,445;                                                    123P     87
510,1675,1,1,447;                                                    125P     88
510,1677,1,1,449;                                                    127P     89
510,1679,1,1,451;                                                    129P     90
510,1681,1,1,453;                                                    131P     91
510,1683,1,1,455;                                                    133P     92
510,1685,2,1,457,459;                                                135P     93
510,1687,1,1,461;                                                    137P     94
510,1689,4,1,463,465,467,469;                                        139P     95
510,1691,4,1,471,473,475,477;                                        141P     96
510,1693,1,1,479;                                                    143P     97
510,1695,1,1,481;                                                    145P     98
510,1697,1,1,483;                                                    147P     99
510,1699,1,1,485;                                                    149P    100
510,1701,1,1,487;                                                    151P    101
510,1703,1,1,489;                                                    153P    102
510,1705,1,1,491;                                                    155P    103
510,1707,1,1,493;                                                    157P    104
510,1709,1,1,495;                                                    159P    105
510,1711,1,1,497;                                                    161P    106
510,1713,1,1,499;                                                    163P    107
510,1715,1,1,501;                                                    165P    108
510,1717,1,1,503;                                                    167P    109
510,1719,1,1,505;                                                    169P    110
510,1721,1,1,507;                                                    171P    111
510,1723,1,1,509;                                                    173P    112
510,1725,4,1,511,513,515,517;                                        175P    113
510,1727,1,1,519;                                                    177P    114
510,1729,1,1,521;                                                    179P    115
510,1731,4,1,523,525,527,529;                                        181P    116
510,1733,1,1,531;                                                    183P    117
510,1735,1,1,533;                                                    185P    118
510,1737,1,1,535;                                                    187P    119
510,1739,1,1,537;                                                    189P    120
510,1741,2,1,539,541;                                                191P    121
510,1743,1,1,543;                                                    193P    122
510,1745,1,1,545;                                                    195P    123
510,1747,1,1,547;                                                    197P    124
510,1749,1,1,549;                                                    199P    125
510,1751,1,1,551;                                                    201P    126
510,1753,1,1,553;                                                    203P    127
510,1755,1,1,555;                                                    205P    128
510,1757,1,1,557;                                                    207P    129
510,1759,1,1,559;                                                    209P    130
510,1761,1,1,561;                                                    211P    131
510,1763,1,1,563;                                                    213P    132
510,1765,1,1,565;                                                    215P    133
510,1767,1,1,567;                                                    217P    134
510,1769,1,1,569;                                                    219P    135
510,1771,1,1,571;                                                    221P    136
510,1773,1,1,573;                                                    223P    137
510,1775,1,1,575;                                                    225P    138
510,1777,1,1,577;                                                    227P    139
510,1779,1,1,579;                                                    229P    140
510,1781,1,1,581;                                                    231P    141
510,1783,1,1,583;                                                    233P    142
510,1785,1,1,585;                                                    235P    143
510,1787,1,1,587;                                                    237P    144
510,1789,1,1,589;                                                    239P    145
510,1791,1,1,591;                                                    241P    146
510,1793,1,1,593;                                                    243P    147
510,1795,1,1,595;                                                    245P    148
510,1797,1,1,597;                                                    247P    149
510,1799,1,1,599;                                                    249P    150
510,1801,1,1,601;                                                    251P    151
510,1803,1,1,603;                                                    253P    152
510,1805,1,1,605;                                                    255P    153
510,1807,1,1,607;                                                    257P    154
510,1809,1,1,609;                                                    259P    155
510,1811,4,1,611,613,615,617;                                        261P    156
510,1813,1,1,619;                                                    263P    157
510,1815,1,1,621;                                                    265P    158
510,1817,1,1,623;                                                    267P    159
510,1819,1,1,625;                                                    269P    160
510,1821,1,1,627;                                                    271P    161
510,1823,1,1,629;                                                    273P    162
510,1825,1,1,631;                                                    275P    163
510,1827,1,1,633;                                                    277P    164
510,1829,1,1,635;                                                    279P    165
510,1831,1,1,637;                                                    281P    166
510,1833,1,1,639;                                                    283P    167
510,1835,1,1,641;                                                    285P    168
510,1837,1,1,643;                                                    287P    169
510,1839,1,1,645;                                                    289P    170
510,1841,1,1,647;                                                    291P    171
510,1843,1,1,649;                                                    293P    172
510,1845,1,1,651;                                                    295P    173
510,1847,1,1,653;                                                    297P    174
510,1849,1,1,655;                                                    299P    175
510,1851,1,1,657;                                                    301P    176
510,1853,1,1,659;                                                    303P    177
510,1855,1,1,661;                                                    305P    178
510,1857,1,1,663;                                                    307P    179
510,1859,1,1,665;                                                    309P    180
510,1861,1,1,667;                                                    311P    181
510,1863,1,1,669;                                                    313P    182
510,1865,1,1,671;                                                    315P    183
510,1867,1,1,673;                                                    317P    184
510,1869,1,1,675;                                                    319P    185
510,1871,1,1,677;                                                    321P    186
510,1873,1,1,679;                                                    323P    187
510,1875,1,1,681;                                                    325P    188
510,1877,1,1,683;                                                    327P    189
510,1879,1,1,685;                                                    329P    190
510,1881,1,1,687;                                                    331P    191
510,1883,1,1,689;                                                    333P    192
510,1885,1,1,691;                                                    335P    193
510,1887,1,1,693;                                                    337P    194
510,1889,1,1,695;                                                    339P    195
510,1891,1,1,697;                                                    341P    196
510,1893,1,1,699;                                                    343P    197
510,1895,1,1,701;                                                    345P    198
510,1897,1,1,703;                                                    347P    199
510,1899,1,1,705;                                                    349P    200
510,1901,1,1,707;                                                    351P    201
510,1903,1,1,709;                                                    353P    202
510,1905,1,1,711;                                                    355P    203
510,1907,1,1,713;                                                    357P    204
510,1909,1,1,715;                                                    359P    205
510,1911,1,1,717;                                                    361P    206
510,1913,1,1,719;                                                    363P    207
510,1915,1,1,721;                                                    365P    208
510,1917,1,1,723;                                                    367P    209
510,1919,1,1,725;                                                    369P    210
510,1921,1,1,727;                                                    371P    211
510,1923,1,1,729;                                                    373P    212
510,1925,1,1,731;                                                    375P    213
508,4,0,1943,1,0,0,0,1943,2,0,0,0,1943,3,1,0,0,1943,4,0,0;           377P    214
508,4,0,1943,5,0,0,0,1943,6,0,0,0,1943,3,0,0,0,1943,7,0,0;           379P    215
508,4,0,1943,8,0,0,0,1943,9,0,0,0,1943,10,1,0,0,1943,11,0,0;         381P    216
508,4,0,1943,12,0,0,0,1943,13,0,0,0,1943,10,0,0,0,1943,14,0,0;       383P    217
508,10,0,1943,1,1,0,0,1943,15,1,0,0,1943,16,1,0,0,1943,17,1,0,0,     385P    218
1943,18,1,0,0,1943,19,1,0,0,1943,20,1,0,0,1943,21,1,0,0,1943,22,     385P    219
1,0,0,1943,23,1,0;                                                   385P    220
508,12,0,1943,7,1,0,0,1943,2,1,0,0,1943,23,0,0,0,1943,24,1,0,0,      387P    221
1943,25,1,0,0,1943,26,1,0,0,1943,27,0,0,0,1943,11,1,0,0,1943,13,     387P    222
1,0,0,1943,28,0,0,0,1943,29,0,0,0,1943,30,1,0;                       387P    223
508,4,0,1943,31,1,0,0,1943,32,1,0,0,1943,33,1,0,0,1943,34,1,0;       389P    224
508,4,0,1943,35,1,0,0,1943,36,1,0,0,1943,37,1,0,0,1943,38,1,0;       391P    225
508,4,0,1943,12,1,0,0,1943,39,0,0,0,1943,40,0,0,0,1943,28,1,0;       393P    226
508,4,0,1943,41,0,0,0,1943,42,0,0,0,1943,43,0,0,0,1943,44,0,0;       395P    227
508,4,0,1943,45,0,0,0,1943,16,0,0,0,1943,46,0,0,0,1943,47,1,0;       397P    228
508,4,0,1943,48,0,0,0,1943,49,0,0,0,1943,26,0,0,0,1943,50,0,0;       399P    229
508,4,0,1943,24,0,0,0,1943,22,0,0,0,1943,51,0,0,0,1943,52,1,0;       401P    230
508,4,0,1943,37,0,0,0,1943,53,0,0,0,1943,54,0,0,0,1943,55,1,0;       403P    231
508,4,0,1943,38,0,0,0,1943,55,0,0,0,1943,56,0,0,0,1943,57,1,0;       405P    232
508,4,0,1943,35,0,0,0,1943,57,0,0,0,1943,58,0,0,0,1943,59,1,0;       407P    233
508,4,0,1943,36,0,0,0,1943,59,0,0,0,1943,60,0,0,0,1943,53,1,0;       409P    234
508,4,0,1943,33,0,0,0,1943,61,0,0,0,1943,62,0,0,0,1943,63,1,0;       411P    235
508,4,0,1943,34,0,0,0,1943,63,0,0,0,1943,64,0,0,0,1943,65,1,0;       413P    236
508,4,0,1943,31,0,0,0,1943,65,0,0,0,1943,66,0,0,0,1943,67,1,0;       415P    237
508,4,0,1943,32,0,0,0,1943,67,0,0,0,1943,68,0,0,0,1943,61,1,0;       417P    238
508,4,0,1943,41,1,0,0,1943,69,0,0,0,1943,70,1,0,0,1943,71,1,0;       419P    239
508,4,0,1943,45,1,0,0,1943,72,1,0,0,1943,73,0,0,0,1943,17,0,0;       421P    240
508,16,0,1943,71,0,0,0,1943,74,0,0,0,1943,75,1,0,0,1943,76,0,0,      423P    241
0,1943,77,0,0,0,1943,50,1,0,0,1943,25,0,0,0,1943,52,0,0,0,1943,      423P    242
78,0,0,0,1943,79,0,0,0,1943,80,0,0,0,1943,81,0,0,0,1943,72,0,0,      423P    243
0,1943,47,0,0,0,1943,82,0,0,0,1943,42,1,0;                           423P    244
508,12,0,1943,6,1,0,0,1943,83,0,0,0,1943,84,0,0,0,1943,39,1,0,0,     425P    245
1943,14,1,0,0,1943,9,1,0,0,1943,85,0,0,0,1943,43,1,0,0,1943,82,      425P    246
1,0,0,1943,46,1,0,0,1943,15,0,0,0,1943,4,1,0;                        425P    247
508,4,0,1943,66,1,0,0,1943,64,1,0,0,1943,62,1,0,0,1943,68,1,0;       427P    248
508,4,0,1943,58,1,0,0,1943,56,1,0,0,1943,54,1,0,0,1943,60,1,0;       429P    249
508,4,0,1943,86,0,0,0,1943,87,0,0,0,1943,88,0,0,0,1943,89,0,0;       431P    250
508,4,0,1943,90,0,0,0,1943,91,0,0,0,1943,88,1,0,0,1943,92,1,0;       433P    251
508,5,0,1943,93,0,0,0,1943,94,0,0,0,1943,75,0,0,0,1943,89,1,0,0,     435P    252
1943,91,1,0;                                                         435P    253
508,5,0,1943,95,0,0,0,1943,96,1,0,0,1943,86,1,0,0,1943,74,1,0,0,     437P    254
1943,70,0,0;                                                         437P    255
508,6,0,1943,97,0,0,0,1943,98,1,0,0,1943,99,0,0,0,1943,92,0,0,0,     439P    256
1943,87,1,0,0,1943,96,0,0;                                           439P    257
508,6,0,1943,100,0,0,0,1943,101,1,0,0,1943,76,1,0,0,1943,94,1,0,     441P    258
0,1943,102,0,0,0,1943,98,0,0;                                        441P    259
508,4,0,1943,48,1,0,0,1943,77,1,0,0,1943,101,0,0,0,1943,103,0,0;     443P    260
508,4,0,1943,51,1,0,0,1943,21,0,0,0,1943,104,1,0,0,1943,78,1,0;      445P    261
508,4,0,1943,20,0,0,0,1943,105,1,0,0,1943,79,1,0,0,1943,104,0,0;     447P    262
508,4,0,1943,19,0,0,0,1943,106,1,0,0,1943,80,1,0,0,1943,105,0,0;     449P    263
508,4,0,1943,18,0,0,0,1943,73,1,0,0,1943,81,1,0,0,1943,106,0,0;      451P    264
508,4,0,1943,5,1,0,0,1943,30,0,0,0,1943,107,0,0,0,1943,83,1,0;       453P    265
508,10,0,1943,8,1,0,0,1943,27,1,0,0,1943,49,1,0,0,1943,103,1,0,      455P    266
0,1943,100,1,0,0,1943,97,1,0,0,1943,95,1,0,0,1943,69,1,0,0,1943,     455P    267
44,1,0,0,1943,85,1,0;                                                455P    268
508,4,0,1943,29,1,0,0,1943,40,1,0,0,1943,84,1,0,0,1943,107,1,0;      457P    269
508,4,0,1943,102,1,0,0,1943,93,1,0,0,1943,90,1,0,0,1943,99,1,0;      459P    270
508,4,0,1945,1,1,0,0,1945,2,1,0,0,1945,3,1,0,0,1945,4,1,0;           461P    271
508,18,0,1945,3,0,0,0,1945,5,0,0,0,1945,6,0,0,0,1945,7,0,0,0,        463P    272
1945,8,1,0,0,1945,9,1,0,0,1945,10,1,0,0,1945,11,1,0,0,1945,12,1,     463P    273
0,0,1945,13,0,0,0,1945,14,0,0,0,1945,15,1,0,0,1945,16,1,0,0,         463P    274
1945,17,1,0,0,1945,18,1,0,0,1945,19,1,0,0,1945,20,1,0,0,1945,21,     463P    275
1,0;                                                                 463P    276
508,4,0,1945,22,1,0,0,1945,23,1,0,0,1945,24,1,0,0,1945,25,1,0;       465P    277
508,4,0,1945,26,1,0,0,1945,27,1,0,0,1945,28,1,0,0,1945,29,1,0;       467P    278
508,4,0,1945,30,1,0,0,1945,31,1,0,0,1945,32,1,0,0,1945,33,1,0;       469P    279
508,4,0,1945,2,0,0,0,1945,34,1,0,0,1945,35,0,0,0,1945,5,1,0;         471P    280
508,1,0,1945,36,1,0;                                                 473P    281
508,1,0,1945,37,1,0;                                                 475P    282
508,1,0,1945,38,1,0;                                                 477P    283
508,4,0,1945,6,1,0,0,1945,35,1,0,0,1945,39,1,0,0,1945,40,1,0;        479P    284
508,4,0,1945,41,0,0,0,1945,42,0,0,0,1945,8,0,0,0,1945,43,0,0;        481P    285
508,4,0,1945,44,0,0,0,1945,45,0,0,0,1945,10,0,0,0,1945,46,1,0;       483P    286
508,4,0,1945,47,0,0,0,1945,48,0,0,0,1945,49,0,0,0,1945,50,1,0;       485P    287
508,4,0,1945,51,0,0,0,1945,52,0,0,0,1945,11,0,0,0,1945,45,1,0;       487P    288
508,8,0,1945,53,0,0,0,1945,54,0,0,0,1945,12,0,0,0,1945,52,1,0,0,     489P    289
1945,55,0,0,0,1945,56,0,0,0,1945,57,0,0,0,1945,58,1,0;               489P    290
508,4,0,1945,59,0,0,0,1945,58,0,0,0,1945,60,0,0,0,1945,48,1,0;       491P    291
508,4,0,1945,61,0,0,0,1945,62,1,0,0,1945,63,0,0,0,1945,64,0,0;       493P    292
508,4,0,1945,65,0,0,0,1945,66,1,0,0,1945,67,0,0,0,1945,62,0,0;       495P    293
508,8,0,1945,68,0,0,0,1945,69,0,0,0,1945,16,0,0,0,1945,70,0,0,0,     497P    294
1945,71,0,0,0,1945,66,0,0,0,1945,72,0,0,0,1945,73,0,0;               497P    295
508,4,0,1945,74,0,0,0,1945,75,0,0,0,1945,20,0,0,0,1945,76,1,0;       499P    296
508,4,0,1945,77,0,0,0,1945,78,0,0,0,1945,18,0,0,0,1945,79,1,0;       501P    297
508,4,0,1945,80,0,0,0,1945,79,0,0,0,1945,17,0,0,0,1945,69,1,0;       503P    298
508,12,0,1945,54,1,0,0,1945,81,0,0,0,1945,82,0,0,0,1945,83,1,0,      505P    299
0,1945,84,1,0,0,1945,85,1,0,0,1945,86,1,0,0,1945,87,1,0,0,1945,      505P    300
88,1,0,0,1945,89,1,0,0,1945,90,0,0,0,1945,13,1,0;                    505P    301
508,8,0,1945,91,1,0,0,1945,92,1,0,0,1945,93,0,0,0,1945,46,0,0,0,     507P    302
1945,9,0,0,0,1945,42,1,0,0,1945,94,0,0,0,1945,50,0,0;                507P    303
508,4,0,1945,56,1,0,0,1945,95,0,0,0,1945,96,1,0,0,1945,97,1,0;       509P    304
508,12,0,1945,49,1,0,0,1945,60,1,0,0,1945,57,1,0,0,1945,97,0,0,      511P    305
0,1945,98,1,0,0,1945,99,1,0,0,1945,72,1,0,0,1945,65,1,0,0,1945,      511P    306
61,1,0,0,1945,100,1,0,0,1945,101,1,0,0,1945,91,0,0;                  511P    307
508,4,0,1945,102,1,0,0,1945,103,1,0,0,1945,104,1,0,0,1945,105,1,     513P    308
0;                                                                   513P    309
508,4,0,1945,106,1,0,0,1945,107,1,0,0,1945,108,1,0,0,1945,109,1,     515P    310
0;                                                                   515P    311
508,4,0,1945,110,1,0,0,1945,111,1,0,0,1945,112,1,0,0,1945,113,1,     517P    312
0;                                                                   517P    313
508,8,0,1945,114,1,0,0,1945,115,1,0,0,1945,100,0,0,0,1945,64,1,      519P    314
0,0,1945,116,0,0,0,1945,76,0,0,0,1945,19,0,0,0,1945,78,1,0;          519P    315
508,4,0,1945,73,1,0,0,1945,99,0,0,0,1945,117,1,0,0,1945,118,1,0;     521P    316
508,18,0,1945,1,0,0,0,1945,119,0,0,0,1945,74,1,0,0,1945,116,1,0,     523P    317
0,1945,63,1,0,0,1945,67,1,0,0,1945,71,1,0,0,1945,120,0,0,0,1945,     523P    318
121,0,0,0,1945,81,1,0,0,1945,53,1,0,0,1945,59,1,0,0,1945,47,1,0,     523P    319
0,1945,94,1,0,0,1945,41,1,0,0,1945,122,1,0,0,1945,39,0,0,0,1945,     523P    320
34,0,0;                                                              523P    321
508,4,0,1945,123,1,0,0,1945,124,1,0,0,1945,125,1,0,0,1945,126,1,     525P    322
0;                                                                   525P    323
508,4,0,1945,127,1,0,0,1945,128,1,0,0,1945,129,1,0,0,1945,130,1,     527P    324
0;                                                                   527P    325
508,4,0,1945,131,1,0,0,1945,132,1,0,0,1945,133,1,0,0,1945,134,1,     529P    326
0;                                                                   529P    327
508,4,0,1945,70,1,0,0,1945,15,0,0,0,1945,135,0,0,0,1945,120,1,0;     531P    328
508,8,0,1945,136,0,0,0,1945,88,0,0,0,1945,137,1,0,0,1945,138,1,      533P    329
0,0,1945,139,0,0,0,1945,84,0,0,0,1945,140,0,0,0,1945,141,0,0;        533P    330
508,8,0,1945,142,1,0,0,1945,82,1,0,0,1945,121,1,0,0,1945,135,1,      535P    331
0,0,1945,14,1,0,0,1945,90,1,0,0,1945,143,1,0,0,1945,144,1,0;         535P    332
508,4,0,1945,40,0,0,0,1945,122,0,0,0,1945,43,1,0,0,1945,7,1,0;       537P    333
508,4,0,1945,86,0,0,0,1945,145,1,0,0,1945,146,1,0,0,1945,147,0,      539P    334
0;                                                                   539P    335
508,4,0,1945,117,0,0,0,1945,98,0,0,0,1945,96,0,0,0,1945,148,0,0;     541P    336
508,4,0,1945,85,0,0,0,1945,139,1,0,0,1945,149,1,0,0,1945,145,0,      543P    337
0;                                                                   543P    338
508,4,0,1945,87,0,0,0,1945,147,1,0,0,1945,150,1,0,0,1945,137,0,      545P    339
0;                                                                   545P    340
508,4,0,1945,150,0,0,0,1945,146,0,0,0,1945,149,0,0,0,1945,138,0,     547P    341
0;                                                                   547P    342
508,4,0,1945,140,1,0,0,1945,83,0,0,0,1945,142,0,0,0,1945,151,1,      549P    343
0;                                                                   549P    344
508,4,0,1945,136,1,0,0,1945,152,0,0,0,1945,143,0,0,0,1945,89,0,      551P    345
0;                                                                   551P    346
508,4,0,1945,141,1,0,0,1945,151,0,0,0,1945,144,0,0,0,1945,152,1,     553P    347
0;                                                                   553P    348
508,4,0,1945,32,0,0,0,1945,153,0,0,0,1945,154,0,0,0,1945,155,1,      555P    349
0;                                                                   555P    350
508,4,0,1945,33,0,0,0,1945,155,0,0,0,1945,156,0,0,0,1945,157,1,      557P    351
0;                                                                   557P    352
508,4,0,1945,30,0,0,0,1945,157,0,0,0,1945,158,0,0,0,1945,159,1,      559P    353
0;                                                                   559P    354
508,4,0,1945,31,0,0,0,1945,159,0,0,0,1945,160,0,0,0,1945,153,1,      561P    355
0;                                                                   561P    356
508,4,0,1945,28,0,0,0,1945,161,0,0,0,1945,162,0,0,0,1945,163,1,      563P    357
0;                                                                   563P    358
508,4,0,1945,29,0,0,0,1945,163,0,0,0,1945,164,0,0,0,1945,165,1,      565P    359
0;                                                                   565P    360
508,4,0,1945,26,0,0,0,1945,165,0,0,0,1945,166,0,0,0,1945,167,1,      567P    361
0;                                                                   567P    362
508,4,0,1945,27,0,0,0,1945,167,0,0,0,1945,168,0,0,0,1945,161,1,      569P    363
0;                                                                   569P    364
508,4,0,1945,133,0,0,0,1945,169,0,0,0,1945,104,0,0,0,1945,170,1,     571P    365
0;                                                                   571P    366
508,4,0,1945,134,0,0,0,1945,170,0,0,0,1945,103,0,0,0,1945,171,1,     573P    367
0;                                                                   573P    368
508,4,0,1945,131,0,0,0,1945,171,0,0,0,1945,102,0,0,0,1945,172,1,     575P    369
0;                                                                   575P    370
508,4,0,1945,132,0,0,0,1945,172,0,0,0,1945,105,0,0,0,1945,169,1,     577P    371
0;                                                                   577P    372
508,4,0,1945,129,0,0,0,1945,173,0,0,0,1945,108,0,0,0,1945,174,1,     579P    373
0;                                                                   579P    374
508,4,0,1945,130,0,0,0,1945,174,0,0,0,1945,107,0,0,0,1945,175,1,     581P    375
0;                                                                   581P    376
508,4,0,1945,127,0,0,0,1945,175,0,0,0,1945,106,0,0,0,1945,176,1,     583P    377
0;                                                                   583P    378
508,4,0,1945,128,0,0,0,1945,176,0,0,0,1945,109,0,0,0,1945,173,1,     585P    379
0;                                                                   585P    380
508,5,0,1945,36,0,0,0,1945,177,1,0,0,1945,178,0,0,0,1945,179,0,      587P    381
0,0,1945,177,0,0;                                                    587P    382
508,5,0,1945,37,0,0,0,1945,180,1,0,0,1945,181,0,0,0,1945,182,0,      589P    383
0,0,1945,180,0,0;                                                    589P    384
508,5,0,1945,38,0,0,0,1945,183,1,0,0,1945,184,0,0,0,1945,185,0,      591P    385
0,0,1945,183,0,0;                                                    591P    386
508,13,0,1945,186,0,0,0,1945,92,0,0,0,1945,101,0,0,0,1945,115,0,     593P    387
0,0,1945,187,0,0,0,1945,178,1,0,0,1945,179,1,0,0,1945,188,0,0,0,     593P    388
1945,181,1,0,0,1945,182,1,0,0,1945,189,0,0,0,1945,184,1,0,0,         593P    389
1945,185,1,0;                                                        593P    390
508,4,0,1945,112,0,0,0,1945,190,1,0,0,1945,125,0,0,0,1945,191,0,     595P    391
0;                                                                   595P    392
508,4,0,1945,192,0,0,0,1945,193,0,0,0,1945,24,0,0,0,1945,194,1,      597P    393
0;                                                                   597P    394
508,4,0,1945,113,0,0,0,1945,191,1,0,0,1945,124,0,0,0,1945,195,0,     599P    395
0;                                                                   599P    396
508,4,0,1945,111,0,0,0,1945,196,1,0,0,1945,126,0,0,0,1945,190,0,     601P    397
0;                                                                   601P    398
508,4,0,1945,197,0,0,0,1945,194,0,0,0,1945,23,0,0,0,1945,198,1,      603P    399
0;                                                                   603P    400
508,4,0,1945,110,0,0,0,1945,195,1,0,0,1945,123,0,0,0,1945,196,0,     605P    401
0;                                                                   605P    402
508,4,0,1945,199,0,0,0,1945,198,0,0,0,1945,22,0,0,0,1945,200,1,      607P    403
0;                                                                   607P    404
508,4,0,1945,201,0,0,0,1945,200,0,0,0,1945,25,0,0,0,1945,193,1,      609P    405
0;                                                                   609P    406
508,15,0,1945,44,1,0,0,1945,93,1,0,0,1945,186,1,0,0,1945,189,1,      611P    407
0,0,1945,188,1,0,0,1945,187,1,0,0,1945,114,0,0,0,1945,77,1,0,0,      611P    408
1945,80,1,0,0,1945,68,1,0,0,1945,118,0,0,0,1945,148,1,0,0,1945,      611P    409
95,1,0,0,1945,55,1,0,0,1945,51,1,0;                                  611P    410
508,4,0,1945,158,1,0,0,1945,156,1,0,0,1945,154,1,0,0,1945,160,1,     613P    411
0;                                                                   613P    412
508,4,0,1945,166,1,0,0,1945,164,1,0,0,1945,162,1,0,0,1945,168,1,     615P    413
0;                                                                   615P    414
508,4,0,1945,199,1,0,0,1945,201,1,0,0,1945,192,1,0,0,1945,197,1,     617P    415
0;                                                                   617P    416
508,4,0,1945,4,0,0,0,1945,21,0,0,0,1945,75,1,0,0,1945,119,1,0;       619P    417
508,4,0,1947,1,0,0,0,1947,2,1,0,0,1947,3,0,0,0,1947,4,0,0;           621P    418
508,4,0,1947,5,0,0,0,1947,4,1,0,0,1947,6,0,0,0,1947,7,0,0;           623P    419
508,4,0,1947,8,0,0,0,1947,7,1,0,0,1947,9,0,0,0,1947,10,0,0;          625P    420
508,4,0,1947,11,1,0,0,1947,9,1,0,0,1947,6,1,0,0,1947,3,1,0;          627P    421
508,8,0,1947,12,0,0,0,1947,13,1,0,0,1947,14,0,0,0,1947,10,1,0,0,     629P    422
1947,11,0,0,0,1947,2,0,0,0,1947,15,0,0,0,1947,16,0,0;                629P    423
508,4,0,1947,17,0,0,0,1947,16,1,0,0,1947,18,0,0,0,1947,19,0,0;       631P    424
508,4,0,1947,20,0,0,0,1947,19,1,0,0,1947,21,0,0,0,1947,22,0,0;       633P    425
508,4,0,1947,23,0,0,0,1947,22,1,0,0,1947,24,0,0,0,1947,13,0,0;       635P    426
508,8,0,1947,8,1,0,0,1947,14,1,0,0,1947,24,1,0,0,1947,21,1,0,0,      637P    427
1947,18,1,0,0,1947,15,1,0,0,1947,1,1,0,0,1947,5,1,0;                 637P    428
508,4,0,1947,23,1,0,0,1947,12,1,0,0,1947,17,1,0,0,1947,20,1,0;       639P    429
508,4,0,1949,1,1,0,0,1949,2,1,0,0,1949,3,0,0,0,1949,4,0,0;           641P    430
508,4,0,1949,5,1,0,0,1949,4,1,0,0,1949,6,0,0,0,1949,7,0,0;           643P    431
508,4,0,1949,8,1,0,0,1949,7,1,0,0,1949,9,0,0,0,1949,10,0,0;          645P    432
508,4,0,1949,11,1,0,0,1949,10,1,0,0,1949,12,0,0,0,1949,2,0,0;        647P    433
508,4,0,1949,12,1,0,0,1949,9,1,0,0,1949,6,1,0,0,1949,3,1,0;          649P    434
508,4,0,1949,11,0,0,0,1949,1,0,0,0,1949,5,0,0,0,1949,8,0,0;          651P    435
508,4,0,1951,1,0,0,0,1951,2,1,0,0,1951,3,0,0,0,1951,4,0,0;           653P    436
508,4,0,1951,5,0,0,0,1951,4,1,0,0,1951,6,0,0,0,1951,7,0,0;           655P    437
508,4,0,1951,8,1,0,0,1951,7,1,0,0,1951,9,0,0,0,1951,10,0,0;          657P    438
508,4,0,1951,11,1,0,0,1951,10,1,0,0,1951,12,0,0,0,1951,13,0,0;       659P    439
508,4,0,1951,14,1,0,0,1951,13,1,0,0,1951,15,0,0,0,1951,16,0,0;       661P    440
508,4,0,1951,17,1,0,0,1951,16,1,0,0,1951,18,0,0,0,1951,19,0,0;       663P    441
508,4,0,1951,20,1,0,0,1951,19,1,0,0,1951,21,0,0,0,1951,22,0,0;       665P    442
508,4,0,1951,23,0,0,0,1951,22,1,0,0,1951,24,0,0,0,1951,2,0,0;        667P    443
508,8,0,1951,23,1,0,0,1951,1,1,0,0,1951,5,1,0,0,1951,8,0,0,0,        669P    444
1951,11,0,0,0,1951,14,0,0,0,1951,17,0,0,0,1951,20,0,0;               669P    445
508,8,0,1951,24,1,0,0,1951,21,1,0,0,1951,18,1,0,0,1951,15,1,0,0,     671P    446
1951,12,1,0,0,1951,9,1,0,0,1951,6,1,0,0,1951,3,1,0;                  671P    447
508,4,0,1953,1,1,0,0,1953,2,1,0,0,1953,3,1,0,0,1953,4,0,0;           673P    448
508,4,0,1953,5,1,0,0,1953,6,1,0,0,1953,7,1,0,0,1953,2,0,0;           675P    449
508,4,0,1953,8,0,0,0,1953,9,1,0,0,1953,10,1,0,0,1953,6,0,0;          677P    450
508,4,0,1953,11,0,0,0,1953,12,1,0,0,1953,13,1,0,0,1953,9,0,0;        679P    451
508,4,0,1953,14,0,0,0,1953,15,1,0,0,1953,16,1,0,0,1953,12,0,0;       681P    452
508,4,0,1953,17,0,0,0,1953,18,1,0,0,1953,19,1,0,0,1953,15,0,0;       683P    453
508,4,0,1953,20,0,0,0,1953,21,1,0,0,1953,22,1,0,0,1953,18,0,0;       685P    454
508,4,0,1953,23,1,0,0,1953,4,1,0,0,1953,24,1,0,0,1953,21,0,0;        687P    455
508,8,0,1953,23,0,0,0,1953,20,1,0,0,1953,17,1,0,0,1953,14,1,0,0,     689P    456
1953,11,1,0,0,1953,8,1,0,0,1953,5,0,0,0,1953,1,0,0;                  689P    457
508,8,0,1953,24,0,0,0,1953,3,0,0,0,1953,7,0,0,0,1953,10,0,0,0,       691P    458
1953,13,0,0,0,1953,16,0,0,0,1953,19,0,0,0,1953,22,0,0;               691P    459
508,4,0,1955,1,1,0,0,1955,2,1,0,0,1955,3,1,0,0,1955,4,0,0;           693P    460
508,4,0,1955,5,1,0,0,1955,6,1,0,0,1955,7,1,0,0,1955,2,0,0;           695P    461
508,4,0,1955,8,0,0,0,1955,9,1,0,0,1955,10,1,0,0,1955,6,0,0;          697P    462
508,4,0,1955,11,0,0,0,1955,12,1,0,0,1955,13,1,0,0,1955,9,0,0;        699P    463
508,4,0,1955,14,0,0,0,1955,15,1,0,0,1955,16,1,0,0,1955,12,0,0;       701P    464
508,4,0,1955,17,0,0,0,1955,18,1,0,0,1955,19,1,0,0,1955,15,0,0;       703P    465
508,4,0,1955,20,0,0,0,1955,21,1,0,0,1955,22,1,0,0,1955,18,0,0;       705P    466
508,4,0,1955,23,1,0,0,1955,4,1,0,0,1955,24,1,0,0,1955,21,0,0;        707P    467
508,8,0,1955,23,0,0,0,1955,20,1,0,0,1955,17,1,0,0,1955,14,1,0,0,     709P    468
1955,11,1,0,0,1955,8,1,0,0,1955,5,0,0,0,1955,1,0,0;                  709P    469
508,8,0,1955,24,0,0,0,1955,3,0,0,0,1955,7,0,0,0,1955,10,0,0,0,       711P    470
1955,13,0,0,0,1955,16,0,0,0,1955,19,0,0,0,1955,22,0,0;               711P    471
508,4,0,1957,1,0,0,0,1957,2,1,0,0,1957,3,0,0,0,1957,4,0,0;           713P    472
508,4,0,1957,5,0,0,0,1957,4,1,0,0,1957,6,0,0,0,1957,7,0,0;           715P    473
508,4,0,1957,8,1,0,0,1957,7,1,0,0,1957,9,0,0,0,1957,10,0,0;          717P    474
508,4,0,1957,11,1,0,0,1957,10,1,0,0,1957,12,0,0,0,1957,13,0,0;       719P    475
508,4,0,1957,14,1,0,0,1957,13,1,0,0,1957,15,0,0,0,1957,16,0,0;       721P    476
508,4,0,1957,17,1,0,0,1957,16,1,0,0,1957,18,0,0,0,1957,19,0,0;       723P    477
508,4,0,1957,20,1,0,0,1957,19,1,0,0,1957,21,0,0,0,1957,22,0,0;       725P    478
508,4,0,1957,23,0,0,0,1957,22,1,0,0,1957,24,0,0,0,1957,2,0,0;        727P    479
508,8,0,1957,23,1,0,0,1957,1,1,0,0,1957,5,1,0,0,1957,8,0,0,0,        729P    480
1957,11,0,0,0,1957,14,0,0,0,1957,17,0,0,0,1957,20,0,0;               729P    481
508,8,0,1957,24,1,0,0,1957,21,1,0,0,1957,18,1,0,0,1957,15,1,0,0,     731P    482
1957,12,1,0,0,1957,9,1,0,0,1957,6,1,0,0,1957,3,1,0;                  731P    483
126,1,1,0,0,1,0,-0.40875,-0.40875,1.22625,1.22625,1.,1.,67.5,        733P    484
23.65,3.,67.5,40.,3.,-0.40875,1.22625,0.,0.,0.;                      733P    485
126,1,1,0,0,1,0,-0.05,-0.05,0.15,0.15,1.,1.,67.5,23.65,1.,67.5,      735P    486
23.65,3.,-0.05,0.15,0.,0.,0.;                                        735P    487
126,1,1,0,0,1,0,-1.635,-1.635,0.,0.,1.,1.,67.5,23.65,1.,67.5,        737P    488
40.,1.,-1.635,0.,0.,0.,0.;                                           737P    489
126,1,1,0,0,1,0,-0.15,-0.15,0.05,0.05,1.,1.,67.5,40.,3.,67.5,        739P    490
40.,1.,-0.15,0.05,0.,0.,0.;                                          739P    491
126,1,1,0,0,1,0,-1.22625,-1.22625,0.40875,0.40875,1.,1.,70.,40.,     741P    492
1.,70.,23.65,1.,-1.22625,0.40875,0.,0.,0.;                           741P    493
126,1,1,0,0,1,0,-0.1875,-0.1875,0.0625,0.0625,1.,1.,67.5,40.,1.,     743P    494
70.,40.,1.,-0.1875,0.0625,0.,0.,0.;                                  743P    495
126,1,1,0,0,1,0,-3.0925,-3.0925,-2.8425,-2.8425,1.,1.,70.,23.65,     745P    496
1.,67.5,23.65,1.,-3.0925,-2.8425,0.,0.,0.;                           745P    497
126,1,1,0,0,1,0,-0.40875,-0.40875,1.22625,1.22625,1.,1.,11.9,        747P    498
40.,3.,11.9,23.65,3.,-0.40875,1.22625,0.,0.,0.;                      747P    499
126,1,1,0,0,1,0,-0.05,-0.05,0.15,0.15,1.,1.,11.9,40.,1.,11.9,        749P    500
40.,3.,-0.05,0.15,0.,0.,0.;                                          749P    501
126,1,1,0,0,1,0,0.,0.,1.635,1.635,1.,1.,11.9,40.,1.,11.9,23.65,      751P    502
1.,0.,1.635,0.,0.,0.;                                                751P    503
126,1,1,0,0,1,0,-0.15,-0.15,0.05,0.05,1.,1.,11.9,23.65,3.,11.9,      753P    504
23.65,1.,-0.15,0.05,0.,0.,0.;                                        753P    505
126,1,1,0,0,1,0,-1.22625,-1.22625,0.40875,0.40875,1.,1.,9.4,         755P    506
23.65,1.,9.4,40.,1.,-1.22625,0.40875,0.,0.,0.;                       755P    507
126,1,1,0,0,1,0,-0.1875,-0.1875,0.0625,0.0625,1.,1.,11.9,23.65,      757P    508
1.,9.4,23.65,1.,-0.1875,0.0625,0.,0.,0.;                             757P    509
126,1,1,0,0,1,0,-3.0925,-3.0925,-2.8425,-2.8425,1.,1.,9.4,40.,       759P    510
1.,11.9,40.,1.,-3.0925,-2.8425,0.,0.,0.;                             759P    511
126,1,1,0,0,1,0,-5.81,-5.81,-3.49,-3.49,1.,1.,67.5,40.,3.,44.3,      761P    512
40.,3.,-5.81,-3.49,0.,0.,0.;                                         761P    513
126,1,1,0,0,1,0,-0.40875,-0.40875,-0.233978219713413,                763P    514
-0.233978219713413,1.,1.,44.3,40.,3.,44.3,38.2522821971341,3.,       763P    515
-0.40875,-0.233978219713413,0.,0.,0.;                                763P    516
126,2,2,0,0,0,0,0.182828716744077,0.182828716744077,                 765P    517
0.182828716744077,1.5707963267949,1.5707963267949,                   765P    518
1.5707963267949,1.,0.768704061579376,1.,44.3,38.2522821971341,       765P    519
3.,44.5269164096941,37.025,3.,45.775,37.025,3.,                      765P    520
0.182828716744077,1.5707963267949,0.,0.,0.;                          765P    521
126,1,1,0,0,1,0,0.303750000000001,0.303750000000001,0.77875,         767P    522
0.77875,1.,1.,45.775,37.025,3.,50.525,37.025,3.,                     767P    523
0.303750000000001,0.77875,0.,0.,0.;                                  767P    524
126,1,1,0,0,1,0,-0.26,-0.26,0.78,0.78,1.,1.,50.525,37.025,3.,        769P    525
50.525,26.625,3.,-0.26,0.78,0.,0.,0.;                                769P    526
126,1,1,0,0,1,0,-0.54125,-0.54125,-0.0662500000000001,               771P    527
-0.0662500000000001,1.,1.,50.525,26.625,3.,45.775,26.625,3.,         771P    528
-0.54125,-0.0662500000000001,0.,0.,0.;                               771P    529
126,2,2,0,0,0,0,0.,0.,0.,1.38796761005084,1.38796761005084,          773P    530
1.38796761005084,1.,0.768704061579371,1.,45.775,26.625,3.,           773P    531
44.5269164096941,26.625,3.,44.3,25.3977178028658,3.,0.,              773P    532
1.38796761005084,0.,0.,0.;                                           773P    533
126,1,1,0,0,1,0,1.05147821971342,1.05147821971342,1.22625,           775P    534
1.22625,1.,1.,44.3,25.3977178028658,3.,44.3,23.65,3.,                775P    535
1.05147821971342,1.22625,0.,0.,0.;                                   775P    536
126,1,1,0,0,1,0,-2.57,-2.57,-0.25,-0.25,1.,1.,44.3,23.65,3.,         777P    537
67.5,23.65,3.,-2.57,-0.25,0.,0.,0.;                                  777P    538
126,1,1,0,0,1,0,-0.25,-0.25,-0.05,-0.05,1.,1.,44.3,23.65,3.,         779P    539
44.3,23.65,1.,-0.25,-0.05,0.,0.,0.;                                  779P    540
126,1,1,0,0,1,0,-2.205,-2.205,-1.285,-1.285,1.,1.,44.3,23.65,1.,     781P    541
35.1,23.65,1.,-2.205,-1.285,0.,0.,0.;                                781P    542
126,1,1,0,0,1,0,-0.05,-0.05,0.15,0.15,1.,1.,35.1,23.65,1.,35.1,      783P    543
23.65,3.,-0.05,0.15,0.,0.,0.;                                        783P    544
126,1,1,0,0,1,0,-5.81,-5.81,-3.49,-3.49,1.,1.,11.9,23.65,3.,         785P    545
35.1,23.65,3.,-5.81,-3.49,0.,0.,0.;                                  785P    546
126,1,1,0,0,1,0,0.,0.,0.1,0.1,1.,1.,9.4,23.65,0.,9.4,23.65,1.,       787P    547
0.,0.1,0.,0.,0.;                                                     787P    548
126,1,1,0,0,1,0,0.,0.,6.06,6.06,1.,1.,70.,23.65,0.,9.4,23.65,0.,     789P    549
0.,6.06,0.,0.,0.;                                                    789P    550
126,1,1,0,0,1,0,0.,0.,0.1,0.1,1.,1.,70.,23.65,0.,70.,23.65,1.,       791P    551
0.,0.1,0.,0.,0.;                                                     791P    552
126,1,1,0,0,1,0,2.275,2.275,2.595,2.595,1.,1.,58.1,23.65,2.1,        793P    553
61.3,23.65,2.1,2.275,2.595,0.,0.,0.;                                 793P    554
126,1,1,0,0,1,0,-0.165,-0.165,-0.045,-0.045,1.,1.,61.3,23.65,        795P    555
2.1,61.3,23.65,0.9,-0.165,-0.045,0.,0.,0.;                           795P    556
126,1,1,0,0,1,0,-2.755,-2.755,-2.435,-2.435,1.,1.,61.3,23.65,        797P    557
0.9,58.1,23.65,0.9,-2.755,-2.435,0.,0.,0.;                           797P    558
126,1,1,0,0,1,0,-0.015,-0.015,0.105,0.105,1.,1.,58.1,23.65,0.9,      799P    559
58.1,23.65,2.1,-0.015,0.105,0.,0.,0.;                                799P    560
126,1,1,0,0,1,0,-0.015,-0.015,0.105,0.105,1.,1.,18.1,23.65,0.9,      801P    561
18.1,23.65,2.1,-0.015,0.105,0.,0.,0.;                                801P    562
126,1,1,0,0,1,0,0.275,0.275,0.595,0.595,1.,1.,18.1,23.65,2.1,        803P    563
21.3,23.65,2.1,0.275,0.595,0.,0.,0.;                                 803P    564
126,1,1,0,0,1,0,-0.165,-0.165,-0.045,-0.045,1.,1.,21.3,23.65,        805P    565
2.1,21.3,23.65,0.9,-0.165,-0.045,0.,0.,0.;                           805P    566
126,1,1,0,0,1,0,-0.755,-0.755,-0.435,-0.435,1.,1.,21.3,23.65,        807P    567
0.9,18.1,23.65,0.9,-0.755,-0.435,0.,0.,0.;                           807P    568
126,1,1,0,0,1,0,0.,0.,0.1,0.1,1.,1.,9.4,40.,0.,9.4,40.,1.,0.,        809P    569
0.1,0.,0.,0.;                                                        809P    570
126,1,1,0,0,1,0,0.,0.,1.635,1.635,1.,1.,9.4,23.65,0.,9.4,40.,0.,     811P    571
0.,1.635,0.,0.,0.;                                                   811P    572
126,1,1,0,0,1,0,-0.2,-0.2,0.,0.,1.,1.,35.1,38.2522821971341,1.,      813P    573
35.1,38.2522821971341,3.,-0.2,0.,0.,0.,0.;                           813P    574
126,1,1,0,0,1,0,0.,0.,0.174771780286589,0.174771780286589,1.,1.,     815P    575
35.1,40.,1.,35.1,38.2522821971341,1.,0.,0.174771780286589,0.,0.,     815P    576
0.;                                                                  815P    577
126,1,1,0,0,1,0,-0.15,-0.15,0.05,0.05,1.,1.,35.1,40.,3.,35.1,        817P    578
40.,1.,-0.15,0.05,0.,0.,0.;                                          817P    579
126,1,1,0,0,1,0,0.233978219713411,0.233978219713411,0.40875,         819P    580
0.40875,1.,1.,35.1,38.2522821971341,3.,35.1,40.,3.,                  819P    581
0.233978219713411,0.40875,0.,0.,0.;                                  819P    582
126,1,1,0,0,1,0,0.,0.,0.2,0.2,1.,1.,44.3,38.2522821971341,3.,        821P    583
44.3,38.2522821971341,1.,0.,0.2,0.,0.,0.;                            821P    584
126,1,1,0,0,1,0,0.05,0.05,0.25,0.25,1.,1.,44.3,40.,1.,44.3,40.,      823P    585
3.,0.05,0.25,0.,0.,0.;                                               823P    586
126,1,1,0,0,1,0,0.,0.,0.174771780286587,0.174771780286587,1.,1.,     825P    587
44.3,40.,1.,44.3,38.2522821971341,1.,0.,0.174771780286587,0.,0.,     825P    588
0.;                                                                  825P    589
126,1,1,0,0,1,0,0.,0.,0.2,0.2,1.,1.,35.1,25.3977178028659,3.,        827P    590
35.1,25.3977178028659,1.,0.,0.2,0.,0.,0.;                            827P    591
126,1,1,0,0,1,0,-1.22625,-1.22625,-1.05147821971341,                 829P    592
-1.05147821971341,1.,1.,35.1,23.65,3.,35.1,25.3977178028659,3.,      829P    593
-1.22625,-1.05147821971341,0.,0.,0.;                                 829P    594
126,1,1,0,0,1,0,1.46022821971341,1.46022821971341,1.635,1.635,       831P    595
1.,1.,35.1,25.3977178028659,1.,35.1,23.65,1.,1.46022821971341,       831P    596
1.635,0.,0.,0.;                                                      831P    597
126,1,1,0,0,1,0,-0.2,-0.2,0.,0.,1.,1.,44.3,25.3977178028658,1.,      833P    598
44.3,25.3977178028658,3.,-0.2,0.,0.,0.,0.;                           833P    599
126,1,1,0,0,1,0,1.46022821971342,1.46022821971342,1.635,1.635,       835P    600
1.,1.,44.3,25.3977178028658,1.,44.3,23.65,1.,1.46022821971342,       835P    601
1.635,0.,0.,0.;                                                      835P    602
126,1,1,0,0,1,0,0.,0.,1.635,1.635,1.,1.,21.3,40.,2.1,21.3,23.65,     837P    603
2.1,0.,1.635,0.,0.,0.;                                               837P    604
126,1,1,0,0,1,0,0.045,0.045,0.165,0.165,1.,1.,21.3,40.,0.9,21.3,     839P    605
40.,2.1,0.045,0.165,0.,0.,0.;                                        839P    606
126,1,1,0,0,1,0,0.,0.,1.635,1.635,1.,1.,21.3,40.,0.9,21.3,23.65,     841P    607
0.9,0.,1.635,0.,0.,0.;                                               841P    608
126,1,1,0,0,1,0,-2.595,-2.595,-2.275,-2.275,1.,1.,18.1,40.,0.9,      843P    609
21.3,40.,0.9,-2.595,-2.275,0.,0.,0.;                                 843P    610
126,1,1,0,0,1,0,0.,0.,1.635,1.635,1.,1.,18.1,40.,0.9,18.1,23.65,     845P    611
0.9,0.,1.635,0.,0.,0.;                                               845P    612
126,1,1,0,0,1,0,-0.105,-0.105,0.015,0.015,1.,1.,18.1,40.,2.1,        847P    613
18.1,40.,0.9,-0.105,0.015,0.,0.,0.;                                  847P    614
126,1,1,0,0,1,0,0.,0.,1.635,1.635,1.,1.,18.1,40.,2.1,18.1,23.65,     849P    615
2.1,0.,1.635,0.,0.,0.;                                               849P    616
126,1,1,0,0,1,0,2.435,2.435,2.755,2.755,1.,1.,21.3,40.,2.1,18.1,     851P    617
40.,2.1,2.435,2.755,0.,0.,0.;                                        851P    618
126,1,1,0,0,1,0,0.,0.,1.635,1.635,1.,1.,61.3,40.,0.9,61.3,23.65,     853P    619
0.9,0.,1.635,0.,0.,0.;                                               853P    620
126,1,1,0,0,1,0,-0.595,-0.595,-0.274999999999999,                    855P    621
-0.274999999999999,1.,1.,58.1,40.,0.9,61.3,40.,0.9,-0.595,           855P    622
-0.274999999999999,0.,0.,0.;                                         855P    623
126,1,1,0,0,1,0,0.,0.,1.635,1.635,1.,1.,58.1,40.,0.9,58.1,23.65,     857P    624
0.9,0.,1.635,0.,0.,0.;                                               857P    625
126,1,1,0,0,1,0,-0.105,-0.105,0.015,0.015,1.,1.,58.1,40.,2.1,        859P    626
58.1,40.,0.9,-0.105,0.015,0.,0.,0.;                                  859P    627
126,1,1,0,0,1,0,0.,0.,1.635,1.635,1.,1.,58.1,40.,2.1,58.1,23.65,     861P    628
2.1,0.,1.635,0.,0.,0.;                                               861P    629
126,1,1,0,0,1,0,0.435,0.435,0.755,0.755,1.,1.,61.3,40.,2.1,58.1,     863P    630
40.,2.1,0.435,0.755,0.,0.,0.;                                        863P    631
126,1,1,0,0,1,0,0.,0.,1.635,1.635,1.,1.,61.3,40.,2.1,61.3,23.65,     865P    632
2.1,0.,1.635,0.,0.,0.;                                               865P    633
126,1,1,0,0,1,0,0.045,0.045,0.165,0.165,1.,1.,61.3,40.,0.9,61.3,     867P    634
40.,2.1,0.045,0.165,0.,0.,0.;                                        867P    635
126,2,2,0,0,0,0,0.,0.,0.,1.3879676100508,1.3879676100508,            869P    636
1.3879676100508,1.,0.768704061579382,1.,33.625,37.025,3.,            869P    637
34.8730835903059,37.025,3.,35.1,38.2522821971341,3.,0.,              869P    638
1.3879676100508,0.,0.,0.;                                            869P    639
126,1,1,0,0,1,0,0.,0.,0.2,0.2,1.,1.,33.625,37.025,3.,33.625,         871P    640
37.025,1.,0.,0.2,0.,0.,0.;                                           871P    641
126,2,2,0,0,0,0,0.,0.,0.,1.3879676100508,1.3879676100508,            873P    642
1.3879676100508,1.,0.768704061579382,1.,33.625,37.025,1.,            873P    643
34.8730835903059,37.025,1.,35.1,38.2522821971341,1.,0.,              873P    644
1.3879676100508,0.,0.,0.;                                            873P    645
126,2,2,0,0,0,0,0.182828716744077,0.182828716744077,                 875P    646
0.182828716744077,1.5707963267949,1.5707963267949,                   875P    647
1.5707963267949,1.,0.768704061579376,1.,44.3,38.2522821971341,       875P    648
1.,44.5269164096941,37.025,1.,45.775,37.025,1.,                      875P    649
0.182828716744077,1.5707963267949,0.,0.,0.;                          875P    650
126,1,1,0,0,1,0,0.,0.,0.2,0.2,1.,1.,45.775,37.025,3.,45.775,         877P    651
37.025,1.,0.,0.2,0.,0.,0.;                                           877P    652
126,1,1,0,0,1,0,0.3,0.3,0.475000000000001,0.475000000000001,1.,      879P    653
1.,31.875,37.025,1.,33.625,37.025,1.,0.3,0.475000000000001,0.,       879P    654
0.,0.;                                                               879P    655
126,1,1,0,0,1,0,-0.12875,-0.12875,0.91125,0.91125,1.,1.,31.875,      881P    656
37.025,1.,31.875,26.625,1.,-0.12875,0.91125,0.,0.,0.;                881P    657
126,1,1,0,0,1,0,0.,0.,0.175,0.175,1.,1.,33.625,26.625,1.,31.875,     883P    658
26.625,1.,0.,0.175,0.,0.,0.;                                         883P    659
126,2,2,0,0,0,0,0.182828716744077,0.182828716744077,                 885P    660
0.182828716744077,1.5707963267949,1.5707963267949,                   885P    661
1.5707963267949,1.,0.768704061579369,1.,35.1,25.3977178028659,       885P    662
1.,34.8730835903059,26.625,1.,33.625,26.625,1.,                      885P    663
0.182828716744077,1.5707963267949,0.,0.,0.;                          885P    664
126,2,2,0,0,0,0,0.,0.,0.,1.38796761005084,1.38796761005084,          887P    665
1.38796761005084,1.,0.768704061579371,1.,45.775,26.625,1.,           887P    666
44.5269164096941,26.625,1.,44.3,25.3977178028658,1.,0.,              887P    667
1.38796761005084,0.,0.,0.;                                           887P    668
126,1,1,0,0,1,0,0.,0.,0.475,0.475,1.,1.,50.525,26.625,1.,45.775,     889P    669
26.625,1.,0.,0.475,0.,0.,0.;                                         889P    670
126,1,1,0,0,1,0,0.2625,0.2625,1.3025,1.3025,1.,1.,50.525,37.025,     891P    671
1.,50.525,26.625,1.,0.2625,1.3025,0.,0.,0.;                          891P    672
126,1,1,0,0,1,0,-0.475,-0.475,0.,0.,1.,1.,45.775,37.025,1.,          893P    673
50.525,37.025,1.,-0.475,0.,0.,0.,0.;                                 893P    674
126,1,1,0,0,1,0,-1.745,-1.745,-0.825,-0.825,1.,1.,35.1,40.,1.,       895P    675
44.3,40.,1.,-1.745,-0.825,0.,0.,0.;                                  895P    676
126,1,1,0,0,1,0,0.,0.,0.1,0.1,1.,1.,70.,40.,0.,70.,40.,1.,0.,        897P    677
0.1,0.,0.,0.;                                                        897P    678
126,1,1,0,0,1,0,0.,0.,6.06,6.06,1.,1.,9.4,40.,0.,70.,40.,0.,0.,      899P    679
6.06,0.,0.,0.;                                                       899P    680
126,1,1,0,0,1,0,-2.57,-2.57,-0.25,-0.25,1.,1.,35.1,40.,3.,11.9,      901P    681
40.,3.,-2.57,-0.25,0.,0.,0.;                                         901P    682
126,1,1,0,0,1,0,0.,0.,0.3,0.3,1.,1.,28.875,37.025,1.,31.875,         903P    683
37.025,1.,0.,0.3,0.,0.,0.;                                           903P    684
126,1,1,0,0,1,0,0.,0.,0.2625,0.2625,1.,1.,28.875,39.65,1.,           905P    685
28.875,37.025,1.,0.,0.2625,0.,0.,0.;                                 905P    686
126,1,1,0,0,1,0,0.,0.,0.3,0.3,1.,1.,31.875,39.65,1.,28.875,          907P    687
39.65,1.,0.,0.3,0.,0.,0.;                                            907P    688
126,1,1,0,0,1,0,1.04,1.04,1.3025,1.3025,1.,1.,31.875,37.025,1.,      909P    689
31.875,39.65,1.,1.04,1.3025,0.,0.,0.;                                909P    690
126,1,1,0,0,1,0,0.24125,0.24125,0.54125,0.54125,1.,1.,31.875,        911P    691
39.65,0.,28.875,39.65,0.,0.24125,0.54125,0.,0.,0.;                   911P    692
126,1,1,0,0,1,0,0.,0.,0.1,0.1,1.,1.,31.875,39.65,1.,31.875,          913P    693
39.65,0.,0.,0.1,0.,0.,0.;                                            913P    694
126,1,1,0,0,1,0,0.,0.,0.1,0.1,1.,1.,28.875,39.65,1.,28.875,          915P    695
39.65,0.,0.,0.1,0.,0.,0.;                                            915P    696
126,1,1,0,0,1,0,-0.91125,-0.91125,0.39125,0.39125,1.,1.,31.875,      917P    697
26.625,0.,31.875,39.65,0.,-0.91125,0.39125,0.,0.,0.;                 917P    698
126,1,1,0,0,1,0,0.,0.,0.1,0.1,1.,1.,31.875,26.625,1.,31.875,         919P    699
26.625,0.,0.,0.1,0.,0.,0.;                                           919P    700
126,1,1,0,0,1,0,-0.54125,-0.54125,-0.0662499999999997,               921P    701
-0.0662499999999997,1.,1.,28.875,37.025,3.,33.625,37.025,3.,         921P    702
-0.54125,-0.0662499999999997,0.,0.,0.;                               921P    703
126,1,1,0,0,1,0,0.,0.,0.2,0.2,1.,1.,28.875,37.025,3.,28.875,         923P    704
37.025,1.,0.,0.2,0.,0.,0.;                                           923P    705
126,1,1,0,0,1,0,-0.26,-0.26,0.78,0.78,1.,1.,28.875,26.625,3.,        925P    706
28.875,37.025,3.,-0.26,0.78,0.,0.,0.;                                925P    707
126,1,1,0,0,1,0,0.,0.,0.3,0.3,1.,1.,28.875,26.625,3.,28.875,         927P    708
26.625,0.,0.,0.3,0.,0.,0.;                                           927P    709
126,1,1,0,0,1,0,-1.0425,-1.0425,0.26,0.26,1.,1.,28.875,39.65,0.,     929P    710
28.875,26.625,0.,-1.0425,0.26,0.,0.,0.;                              929P    711
126,1,1,0,0,1,0,0.30375,0.30375,0.77875,0.77875,1.,1.,33.625,        931P    712
26.625,3.,28.875,26.625,3.,0.30375,0.77875,0.,0.,0.;                 931P    713
126,1,1,0,0,1,0,0.,0.,0.2,0.2,1.,1.,33.625,26.625,3.,33.625,         933P    714
26.625,1.,0.,0.2,0.,0.,0.;                                           933P    715
126,1,1,0,0,1,0,-0.69125,-0.69125,-0.39125,-0.39125,1.,1.,           935P    716
28.875,26.625,0.,31.875,26.625,0.,-0.69125,-0.39125,0.,0.,0.;        935P    717
126,2,2,0,0,0,0,0.182828716744077,0.182828716744077,                 937P    718
0.182828716744077,1.5707963267949,1.5707963267949,                   937P    719
1.5707963267949,1.,0.768704061579369,1.,35.1,25.3977178028659,       937P    720
3.,34.8730835903059,26.625,3.,33.625,26.625,3.,                      937P    721
0.182828716744077,1.5707963267949,0.,0.,0.;                          937P    722
126,1,1,0,0,1,0,0.,0.,0.2,0.2,1.,1.,45.775,26.625,3.,45.775,         939P    723
26.625,1.,0.,0.2,0.,0.,0.;                                           939P    724
126,1,1,0,0,1,0,0.,0.,0.2,0.2,1.,1.,50.525,26.625,3.,50.525,         941P    725
26.625,1.,0.,0.2,0.,0.,0.;                                           941P    726
126,1,1,0,0,1,0,0.,0.,0.2,0.2,1.,1.,50.525,37.025,3.,50.525,         943P    727
37.025,1.,0.,0.2,0.,0.,0.;                                           943P    728
126,1,1,0,0,1,0,0.,0.,1.635,1.635,1.,1.,70.,40.,0.,70.,23.65,0.,     945P    729
0.,1.635,0.,0.,0.;                                                   945P    730
126,2,2,0,0,0,0,-0.785398163397448,-0.785398163397448,               947P    731
-0.785398163397448,0.785398163397444,0.785398163397444,              947P    732
0.785398163397444,1.,0.707106781186544,1.,-18.0112811217338,12.,     947P    733
19.8486882379362,-18.0112811217338,13.,19.8486882379362,             947P    734
-17.0112811217338,13.,19.8486882379362,-0.785398163397448,           947P    735
0.785398163397444,0.,0.,0.;                                          947P    736
126,1,1,0,0,1,0,-1.48125,-1.48125,0.49375,0.49375,1.,1.,             949P    737
-17.0112811217338,13.,19.8486882379362,-17.0112811217338,13.,        949P    738
0.0986882379361909,-1.48125,0.49375,0.,0.,0.;                        949P    739
126,2,2,0,0,0,0,-0.785398163397448,-0.785398163397448,               951P    740
-0.785398163397448,0.785398163397448,0.785398163397448,              951P    741
0.785398163397448,1.,0.707106781186549,1.,-17.0112811217338,13.,     951P    742
0.0986882379361909,-18.0112811217338,13.,0.0986882379361909,         951P    743
-18.0112811217338,12.,0.0986882379361909,-0.785398163397448,         951P    744
0.785398163397448,0.,0.,0.;                                          951P    745
126,1,1,0,0,1,0,-0.49375,-0.49375,1.48125,1.48125,1.,1.,             953P    746
-18.0112811217338,12.,0.0986882379361909,-18.0112811217338,12.,      953P    747
19.8486882379362,-0.49375,1.48125,0.,0.,0.;                          953P    748
126,1,1,0,0,1,0,-6.3,-6.3,-0.0999999999999996,                       955P    749
-0.0999999999999996,1.,1.,44.9887188782662,13.,                      955P    750
0.0986882379361909,-17.0112811217338,13.,0.0986882379361909,         955P    751
-6.3,-0.0999999999999996,0.,0.,0.;                                   955P    752
126,2,2,0,0,0,0,-0.785398163397451,-0.785398163397451,               957P    753
-0.785398163397451,0.785398163397446,0.785398163397446,              957P    754
0.785398163397446,1.,0.707106781186551,1.,45.9887188782662,12.,      957P    755
0.0986882379361909,45.9887188782662,13.,0.0986882379361909,          957P    756
44.9887188782662,13.,0.0986882379361909,-0.785398163397451,          957P    757
0.785398163397446,0.,0.,0.;                                          957P    758
126,1,1,0,0,1,0,0.43,0.43,1.2,1.2,1.,1.,45.9887188782662,4.3,        959P    759
0.0986882379361909,45.9887188782662,12.,0.0986882379361909,0.43,     959P    760
1.2,0.,0.,0.;                                                        959P    761
126,1,1,0,0,1,0,0.,0.,0.15,0.15,1.,1.,45.9887188782662,4.3,          961P    762
0.0986882379361909,44.4887188782662,4.3,0.0986882379361909,0.,       961P    763
0.15,0.,0.,0.;                                                       961P    764
126,1,1,0,0,1,0,0.215,0.215,0.415,0.415,1.,1.,44.4887188782662,      963P    765
4.3,0.0986882379361909,44.4887188782662,6.3,0.0986882379361909,      963P    766
0.215,0.415,0.,0.,0.;                                                963P    767
126,1,1,0,0,1,0,0.0750000000000002,0.0750000000000002,0.325,         965P    768
0.325,1.,1.,44.4887188782662,6.3,0.0986882379361909,                 965P    769
41.9887188782662,6.3,0.0986882379361909,0.0750000000000002,          965P    770
0.325,0.,0.,0.;                                                      965P    771
126,1,1,0,0,1,0,-0.315,-0.315,-0.015,-0.015,1.,1.,                   967P    772
41.9887188782662,6.3,0.0986882379361909,41.9887188782662,3.3,        967P    773
0.0986882379361909,-0.315,-0.015,0.,0.,0.;                           967P    774
126,1,1,0,0,1,0,-0.2,-0.2,0.2,0.2,1.,1.,41.9887188782662,3.3,        969P    775
0.0986882379361909,45.9887188782662,3.3,0.0986882379361909,-0.2,     969P    776
0.2,0.,0.,0.;                                                        969P    777
126,1,1,0,0,1,0,0.,0.,0.33,0.33,1.,1.,45.9887188782662,0.,           971P    778
0.0986882379361909,45.9887188782662,3.3,0.0986882379361909,0.,       971P    779
0.33,0.,0.,0.;                                                       971P    780
126,1,1,0,0,1,0,0.,0.,6.4,6.4,1.,1.,-18.0112811217338,0.,            973P    781
0.0986882379361909,45.9887188782662,0.,0.0986882379361909,0.,        973P    782
6.4,0.,0.,0.;                                                        973P    783
126,1,1,0,0,1,0,0.,0.,0.33,0.33,1.,1.,-18.0112811217338,0.,          975P    784
0.0986882379361909,-18.0112811217338,3.3,0.0986882379361909,0.,      975P    785
0.33,0.,0.,0.;                                                       975P    786
126,1,1,0,0,1,0,-3.2,-3.2,-2.8,-2.8,1.,1.,-18.0112811217338,3.3,     977P    787
0.0986882379361909,-14.0112811217338,3.3,0.0986882379361909,         977P    788
-3.2,-2.8,0.,0.,0.;                                                  977P    789
126,1,1,0,0,1,0,0.165,0.165,0.465,0.465,1.,1.,-14.0112811217338,     979P    790
3.3,0.0986882379361909,-14.0112811217338,6.3,0.0986882379361909,     979P    791
0.165,0.465,0.,0.,0.;                                                979P    792
126,1,1,0,0,1,0,3.,3.,3.25,3.25,1.,1.,-14.0112811217338,6.3,         981P    793
0.0986882379361909,-16.5112811217338,6.3,0.0986882379361909,3.,      981P    794
3.25,0.,0.,0.;                                                       981P    795
126,1,1,0,0,1,0,-0.315,-0.315,-0.115,-0.115,1.,1.,                   983P    796
-16.5112811217338,6.3,0.0986882379361909,-16.5112811217338,4.3,      983P    797
0.0986882379361909,-0.315,-0.115,0.,0.,0.;                           983P    798
126,1,1,0,0,1,0,3.125,3.125,3.275,3.275,1.,1.,-16.5112811217338,     985P    799
4.3,0.0986882379361909,-18.0112811217338,4.3,0.0986882379361909,     985P    800
3.125,3.275,0.,0.,0.;                                                985P    801
126,1,1,0,0,1,0,0.43,0.43,1.2,1.2,1.,1.,-18.0112811217338,4.3,       987P    802
0.0986882379361909,-18.0112811217338,12.,0.0986882379361909,         987P    803
0.43,1.2,0.,0.,0.;                                                   987P    804
126,1,1,0,0,1,0,-0.315,-0.315,-0.015,-0.015,1.,1.,                   989P    805
6.48871887826622,6.3,0.0986882379361909,6.48871887826622,3.3,        989P    806
0.0986882379361909,-0.315,-0.015,0.,0.,0.;                           989P    807
126,1,1,0,0,1,0,-1.975,-1.975,-0.475,-0.475,1.,1.,                   991P    808
6.48871887826622,3.3,0.0986882379361909,21.4887188782662,3.3,        991P    809
0.0986882379361909,-1.975,-0.475,0.,0.,0.;                           991P    810
126,1,1,0,0,1,0,0.165,0.165,0.465,0.465,1.,1.,21.4887188782662,      993P    811
3.3,0.0986882379361909,21.4887188782662,6.3,0.0986882379361909,      993P    812
0.165,0.465,0.,0.,0.;                                                993P    813
126,1,1,0,0,1,0,1.225,1.225,2.725,2.725,1.,1.,21.4887188782662,      995P    814
6.3,0.0986882379361909,6.48871887826622,6.3,0.0986882379361909,      995P    815
1.225,2.725,0.,0.,0.;                                                995P    816
126,1,1,0,0,1,0,0.260000000000002,0.260000000000002,                 997P    817
0.380000000000002,0.380000000000002,1.,1.,35.5887188782662,5.2,      997P    818
0.0986882379361909,35.5887188782662,6.4,0.0986882379361909,          997P    819
0.260000000000002,0.380000000000002,0.,0.,0.;                        997P    820
126,1,1,0,0,1,0,0.52,0.52,0.839999999999999,0.839999999999999,       999P    821
1.,1.,35.5887188782662,6.4,0.0986882379361909,32.3887188782662,      999P    822
6.4,0.0986882379361909,0.52,0.839999999999999,0.,0.,0.;              999P    823
126,1,1,0,0,1,0,-0.319999999999995,-0.319999999999995,              1001P    824
-0.199999999999995,-0.199999999999995,1.,1.,32.3887188782662,       1001P    825
6.4,0.0986882379361909,32.3887188782662,5.2,0.0986882379361909,     1001P    826
-0.319999999999995,-0.199999999999995,0.,0.,0.;                     1001P    827
126,1,1,0,0,1,0,-0.68,-0.68,-0.36,-0.36,1.,1.,32.3887188782662,     1003P    828
5.2,0.0986882379361909,35.5887188782662,5.2,0.0986882379361909,     1003P    829
-0.68,-0.36,0.,0.,0.;                                               1003P    830
126,1,1,0,0,1,0,0.260000000000014,0.260000000000014,                1005P    831
0.380000000000014,0.380000000000014,1.,1.,-4.41128112173378,5.2,    1005P    832
0.0986882379361909,-4.41128112173379,6.4,0.0986882379361909,        1005P    833
0.260000000000014,0.380000000000014,0.,0.,0.;                       1005P    834
126,1,1,0,0,1,0,2.52,2.52,2.84,2.84,1.,1.,-4.41128112173379,6.4,    1007P    835
0.0986882379361909,-7.61128112173378,6.4,0.0986882379361909,        1007P    836
2.52,2.84,0.,0.,0.;                                                 1007P    837
126,1,1,0,0,1,0,-0.319999999999995,-0.319999999999995,              1009P    838
-0.199999999999995,-0.199999999999995,1.,1.,-7.61128112173378,      1009P    839
6.4,0.0986882379361909,-7.61128112173378,5.2,0.0986882379361909,    1009P    840
-0.319999999999995,-0.199999999999995,0.,0.,0.;                     1009P    841
126,1,1,0,0,1,0,-2.68,-2.68,-2.36,-2.36,1.,1.,-7.61128112173378,    1011P    842
5.2,0.0986882379361909,-4.41128112173378,5.2,0.0986882379361909,    1011P    843
-2.68,-2.36,0.,0.,0.;                                               1011P    844
126,1,1,0,0,1,0,-6.3,-6.3,-0.0999999999999996,                      1013P    845
-0.0999999999999996,1.,1.,-17.0112811217338,13.,                    1013P    846
19.8486882379362,44.9887188782662,13.,19.8486882379362,-6.3,        1013P    847
-0.0999999999999996,0.,0.,0.;                                       1013P    848
126,1,1,0,0,1,0,-1.48125,-1.48125,0.49375,0.49375,1.,1.,            1015P    849
44.9887188782662,13.,0.0986882379361909,44.9887188782662,13.,       1015P    850
19.8486882379362,-1.48125,0.49375,0.,0.,0.;                         1015P    851
126,8,2,0,1,0,0,-3.14159265358979,-3.14159265358979,                1017P    852
-3.14159265358979,-1.5707963267949,-1.5707963267949,0.,0.,          1017P    853
1.5707963267949,1.5707963267949,3.14159265358979,                   1017P    854
3.14159265358979,3.14159265358979,1.,0.707106781186547,1.,          1017P    855
0.707106781186548,1.,0.707106781186548,1.,0.707106781186547,1.,     1017P    856
0.238718878266218,13.,7.84868823793619,0.238718878266217,13.,       1017P    857
14.0986882379362,-6.01128112173378,13.,14.0986882379362,            1017P    858
-12.2612811217338,13.,14.0986882379362,-12.2612811217338,13.,       1017P    859
7.84868823793619,-12.2612811217338,13.,1.59868823793619,            1017P    860
-6.01128112173378,13.,1.59868823793619,0.238718878266217,13.,       1017P    861
1.59868823793619,0.238718878266218,13.,7.84868823793619,            1017P    862
-3.14159265358979,3.14159265358979,0.,0.,0.;                        1017P    863
126,8,2,0,1,0,0,-3.14159265358979,-3.14159265358979,                1019P    864
-3.14159265358979,-1.5707963267949,-1.5707963267949,0.,0.,          1019P    865
1.5707963267949,1.5707963267949,3.14159265358979,                   1019P    866
3.14159265358979,3.14159265358979,1.,0.707106781186547,1.,          1019P    867
0.707106781186548,1.,0.707106781186548,1.,0.707106781186548,1.,     1019P    868
20.2387188782662,13.,7.84868823793619,20.2387188782662,13.,         1019P    869
14.0986882379362,13.9887188782662,13.,14.0986882379362,             1019P    870
7.73871887826622,13.,14.0986882379362,7.73871887826622,13.,         1019P    871
7.84868823793619,7.73871887826622,13.,1.59868823793619,             1019P    872
13.9887188782662,13.,1.59868823793619,20.2387188782662,13.,         1019P    873
1.59868823793619,20.2387188782662,13.,7.84868823793619,             1019P    874
-3.14159265358979,3.14159265358979,0.,0.,0.;                        1019P    875
126,8,2,0,1,0,0,-3.14159265358979,-3.14159265358979,                1021P    876
-3.14159265358979,-1.5707963267949,-1.5707963267949,0.,0.,          1021P    877
1.5707963267949,1.5707963267949,3.14159265358979,                   1021P    878
3.14159265358979,3.14159265358979,1.,0.707106781186547,1.,          1021P    879
0.707106781186548,1.,0.707106781186548,1.,0.707106781186548,1.,     1021P    880
40.2387188782662,13.,7.84868823793619,40.2387188782662,13.,         1021P    881
14.0986882379362,33.9887188782662,13.,14.0986882379362,             1021P    882
27.7387188782662,13.,14.0986882379362,27.7387188782662,13.,         1021P    883
7.84868823793619,27.7387188782662,13.,1.59868823793619,             1021P    884
33.9887188782662,13.,1.59868823793619,40.2387188782662,13.,         1021P    885
1.59868823793619,40.2387188782662,13.,7.84868823793619,             1021P    886
-3.14159265358979,3.14159265358979,0.,0.,0.;                        1021P    887
126,2,2,0,0,0,0,-0.785398163397446,-0.785398163397446,              1023P    888
-0.785398163397446,0.785398163397451,0.785398163397451,             1023P    889
0.785398163397451,1.,0.707106781186551,1.,44.9887188782662,13.,     1023P    890
19.8486882379362,45.9887188782662,13.,19.8486882379362,             1023P    891
45.9887188782662,12.,19.8486882379362,-0.785398163397446,           1023P    892
0.785398163397451,0.,0.,0.;                                         1023P    893
126,1,1,0,0,1,0,-0.49375,-0.49375,1.48125,1.48125,1.,1.,            1025P    894
45.9887188782662,12.,19.8486882379362,45.9887188782662,12.,         1025P    895
0.0986882379361909,-0.49375,1.48125,0.,0.,0.;                       1025P    896
126,1,1,0,0,1,0,3.05,3.05,3.2,3.2,1.,1.,44.4887188782662,4.3,       1027P    897
19.8486882379362,45.9887188782662,4.3,19.8486882379362,3.05,3.2,    1027P    898
0.,0.,0.;                                                           1027P    899
126,1,1,0,0,1,0,-1.11022302462516D-16,-1.11022302462516D-16,        1029P    900
1.975,1.975,1.,1.,44.4887188782662,4.3,0.0986882379361897,          1029P    901
44.4887188782662,4.3,19.8486882379362,-1.11022302462516D-16,        1029P    902
1.975,0.,0.,0.;                                                     1029P    903
126,1,1,0,0,1,0,-0.9875,-0.9875,0.9875,0.9875,1.,1.,                1031P    904
45.9887188782662,4.3,19.8486882379362,45.9887188782662,4.3,         1031P    905
0.0986882379361909,-0.9875,0.9875,0.,0.,0.;                         1031P    906
126,1,1,0,0,1,0,-0.325,-0.325,-0.0750000000000002,                  1033P    907
-0.0750000000000002,1.,1.,41.9887188782662,6.3,1.59868823793619,    1033P    908
44.4887188782662,6.3,1.59868823793619,-0.325,                       1033P    909
-0.0750000000000002,0.,0.,0.;                                       1033P    910
126,1,1,0,0,1,0,0.,0.,0.15,0.15,1.,1.,41.9887188782662,6.3,         1035P    911
0.0986882379361909,41.9887188782662,6.3,1.59868823793619,0.,        1035P    912
0.15,0.,0.,0.;                                                      1035P    913
126,1,1,0,0,1,0,0.,0.,0.15,0.15,1.,1.,44.4887188782662,6.3,         1037P    914
0.0986882379361909,44.4887188782662,6.3,1.59868823793619,0.,        1037P    915
0.15,0.,0.,0.;                                                      1037P    916
126,1,1,0,0,1,0,2.875,2.875,3.125,3.125,1.,1.,41.9887188782662,     1039P    917
6.3,19.8486882379362,44.4887188782662,6.3,19.8486882379362,         1039P    918
2.875,3.125,0.,0.,0.;                                               1039P    919
126,1,1,0,0,1,0,1.825,1.825,1.975,1.975,1.,1.,41.9887188782662,     1041P    920
6.3,18.3486882379362,41.9887188782662,6.3,19.8486882379362,         1041P    921
1.825,1.975,0.,0.,0.;                                               1041P    922
126,1,1,0,0,1,0,-3.125,-3.125,-2.875,-2.875,1.,1.,                  1043P    923
44.4887188782662,6.3,18.3486882379362,41.9887188782662,6.3,         1043P    924
18.3486882379362,-3.125,-2.875,0.,0.,0.;                            1043P    925
126,1,1,0,0,1,0,1.825,1.825,1.975,1.975,1.,1.,44.4887188782662,     1045P    926
6.3,18.3486882379362,44.4887188782662,6.3,19.8486882379362,         1045P    927
1.825,1.975,0.,0.,0.;                                               1045P    928
126,1,1,0,0,1,0,0.015,0.015,0.315,0.315,1.,1.,41.9887188782662,     1047P    929
3.3,1.59868823793619,41.9887188782662,6.3,1.59868823793619,         1047P    930
0.015,0.315,0.,0.,0.;                                               1047P    931
126,1,1,0,0,1,0,0.,0.,0.15,0.15,1.,1.,41.9887188782662,3.3,         1049P    932
0.0986882379361909,41.9887188782662,3.3,1.59868823793619,0.,        1049P    933
0.15,0.,0.,0.;                                                      1049P    934
126,1,1,0,0,1,0,-3.4,-3.4,-3.,-3.,1.,1.,45.9887188782662,3.3,       1051P    935
19.8486882379362,41.9887188782662,3.3,19.8486882379362,-3.4,-3.,    1051P    936
0.,0.,0.;                                                           1051P    937
126,1,1,0,0,1,0,-0.9875,-0.9875,0.9875,0.9875,1.,1.,                1053P    938
45.9887188782662,3.3,0.0986882379361909,45.9887188782662,3.3,       1053P    939
19.8486882379362,-0.9875,0.9875,0.,0.,0.;                           1053P    940
126,1,1,0,0,1,0,-0.0499999999999998,-0.0499999999999998,0.2,0.2,    1055P    941
1.,1.,44.4887188782662,3.3,1.59868823793619,41.9887188782662,       1055P    942
3.3,1.59868823793619,-0.0499999999999998,0.2,0.,0.,0.;              1055P    943
126,1,1,0,0,1,0,-0.8375,-0.8375,0.8375,0.8375,1.,1.,                1057P    944
44.4887188782662,3.3,18.3486882379362,44.4887188782662,3.3,         1057P    945
1.59868823793619,-0.8375,0.8375,0.,0.,0.;                           1057P    946
126,1,1,0,0,1,0,3.,3.,3.25,3.25,1.,1.,41.9887188782662,3.3,         1059P    947
18.3486882379362,44.4887188782662,3.3,18.3486882379362,3.,3.25,     1059P    948
0.,0.,0.;                                                           1059P    949
126,1,1,0,0,1,0,1.825,1.825,1.975,1.975,1.,1.,41.9887188782662,     1061P    950
3.3,18.3486882379362,41.9887188782662,3.3,19.8486882379362,         1061P    951
1.825,1.975,0.,0.,0.;                                               1061P    952
126,1,1,0,0,1,0,0.015,0.015,0.315,0.315,1.,1.,41.9887188782662,     1063P    953
3.3,19.8486882379362,41.9887188782662,6.3,19.8486882379362,         1063P    954
0.015,0.315,0.,0.,0.;                                               1063P    955
126,1,1,0,0,1,0,-0.315,-0.315,-0.015,-0.015,1.,1.,                  1065P    956
41.9887188782662,6.3,18.3486882379362,41.9887188782662,3.3,         1065P    957
18.3486882379362,-0.315,-0.015,0.,0.,0.;                            1065P    958
126,1,1,0,0,1,0,-0.2,-0.2,0.0499999999999998,0.0499999999999998,    1067P    959
1.,1.,-14.0112811217338,6.3,18.3486882379362,-16.5112811217338,     1067P    960
6.3,18.3486882379362,-0.2,0.0499999999999998,0.,0.,0.;              1067P    961
126,1,1,0,0,1,0,1.825,1.825,1.975,1.975,1.,1.,-14.0112811217338,    1069P    962
6.3,18.3486882379362,-14.0112811217338,6.3,19.8486882379362,        1069P    963
1.825,1.975,0.,0.,0.;                                               1069P    964
126,1,1,0,0,1,0,-0.0499999999999998,-0.0499999999999998,0.2,0.2,    1071P    965
1.,1.,-16.5112811217338,6.3,19.8486882379362,-14.0112811217338,     1071P    966
6.3,19.8486882379362,-0.0499999999999998,0.2,0.,0.,0.;              1071P    967
126,1,1,0,0,1,0,1.825,1.825,1.975,1.975,1.,1.,-16.5112811217338,    1073P    968
6.3,18.3486882379362,-16.5112811217338,6.3,19.8486882379362,        1073P    969
1.825,1.975,0.,0.,0.;                                               1073P    970
126,1,1,0,0,1,0,0.165,0.165,0.465,0.465,1.,1.,-14.0112811217338,    1075P    971
3.3,18.3486882379362,-14.0112811217338,6.3,18.3486882379362,        1075P    972
0.165,0.465,0.,0.,0.;                                               1075P    973
126,1,1,0,0,1,0,1.825,1.825,1.975,1.975,1.,1.,-14.0112811217338,    1077P    974
3.3,18.3486882379362,-14.0112811217338,3.3,19.8486882379362,        1077P    975
1.825,1.975,0.,0.,0.;                                               1077P    976
126,1,1,0,0,1,0,-0.465,-0.465,-0.165,-0.165,1.,1.,                  1079P    977
-14.0112811217338,6.3,19.8486882379362,-14.0112811217338,3.3,       1079P    978
19.8486882379362,-0.465,-0.165,0.,0.,0.;                            1079P    979
126,1,1,0,0,1,0,2.8,2.8,3.05,3.05,1.,1.,-14.0112811217338,3.3,      1081P    980
1.59868823793619,-16.5112811217338,3.3,1.59868823793619,2.8,        1081P    981
3.05,0.,0.,0.;                                                      1081P    982
126,1,1,0,0,1,0,0.,0.,0.15,0.15,1.,1.,-14.0112811217338,3.3,        1083P    983
0.0986882379361909,-14.0112811217338,3.3,1.59868823793619,0.,       1083P    984
0.15,0.,0.,0.;                                                      1083P    985
126,1,1,0,0,1,0,-1.975,-1.975,0.,0.,1.,1.,-18.0112811217338,3.3,    1085P    986
19.8486882379362,-18.0112811217338,3.3,0.0986882379361909,          1085P    987
-1.975,0.,0.,0.,0.;                                                 1085P    988
126,1,1,0,0,1,0,-0.4,-0.4,0.,0.,1.,1.,-14.0112811217338,3.3,        1087P    989
19.8486882379362,-18.0112811217338,3.3,19.8486882379362,-0.4,0.,    1087P    990
0.,0.,0.;                                                           1087P    991
126,1,1,0,0,1,0,0.15,0.15,0.4,0.4,1.,1.,-16.5112811217338,3.3,      1089P    992
18.3486882379362,-14.0112811217338,3.3,18.3486882379362,0.15,       1089P    993
0.4,0.,0.,0.;                                                       1089P    994
126,1,1,0,0,1,0,0.15,0.15,1.825,1.825,1.,1.,-16.5112811217338,      1091P    995
3.3,1.59868823793619,-16.5112811217338,3.3,18.3486882379362,        1091P    996
0.15,1.825,0.,0.,0.;                                                1091P    997
126,1,1,0,0,1,0,-0.0750000000000002,-0.0750000000000002,            1093P    998
0.0750000000000002,0.0750000000000002,1.,1.,-18.0112811217338,      1093P    999
4.3,19.8486882379362,-16.5112811217338,4.3,19.8486882379362,        1093P   1000
-0.0750000000000002,0.0750000000000002,0.,0.,0.;                    1093P   1001
126,1,1,0,0,1,0,0.,0.,1.975,1.975,1.,1.,-18.0112811217338,4.3,      1095P   1002
0.0986882379361909,-18.0112811217338,4.3,19.8486882379362,0.,       1095P   1003
1.975,0.,0.,0.;                                                     1095P   1004
126,1,1,0,0,1,0,0.,0.,1.975,1.975,1.,1.,-16.5112811217338,4.3,      1097P   1005
0.0986882379361909,-16.5112811217338,4.3,19.8486882379362,0.,       1097P   1006
1.975,0.,0.,0.;                                                     1097P   1007
126,1,1,0,0,1,0,-3.25,-3.25,-3.,-3.,1.,1.,-16.5112811217338,6.3,    1099P   1008
1.59868823793619,-14.0112811217338,6.3,1.59868823793619,-3.25,      1099P   1009
-3.,0.,0.,0.;                                                       1099P   1010
126,1,1,0,0,1,0,0.,0.,0.15,0.15,1.,1.,-16.5112811217338,6.3,        1101P   1011
0.0986882379361909,-16.5112811217338,6.3,1.59868823793619,0.,       1101P   1012
0.15,0.,0.,0.;                                                      1101P   1013
126,1,1,0,0,1,0,0.,0.,0.15,0.15,1.,1.,-14.0112811217338,6.3,        1103P   1014
0.0986882379361909,-14.0112811217338,6.3,1.59868823793619,0.,       1103P   1015
0.15,0.,0.,0.;                                                      1103P   1016
126,1,1,0,0,1,0,-0.465,-0.465,-0.165,-0.165,1.,1.,                  1105P   1017
-14.0112811217338,6.3,1.59868823793619,-14.0112811217338,3.3,       1105P   1018
1.59868823793619,-0.465,-0.165,0.,0.,0.;                            1105P   1019
126,1,1,0,0,1,0,0.,0.,0.33,0.33,1.,1.,45.9887188782662,0.,          1107P   1020
19.8486882379362,45.9887188782662,3.3,19.8486882379362,0.,0.33,     1107P   1021
0.,0.,0.;                                                           1107P   1022
126,1,1,0,0,1,0,1.825,1.825,1.975,1.975,1.,1.,45.9887188782662,     1109P   1023
0.,18.3486882379362,45.9887188782662,0.,19.8486882379362,1.825,     1109P   1024
1.975,0.,0.,0.;                                                     1109P   1025
126,1,1,0,0,1,0,0.,0.,0.1,0.1,1.,1.,45.9887188782662,0.,            1111P   1026
18.3486882379362,45.9887188782662,1.,18.3486882379362,0.,0.1,0.,    1111P   1027
0.,0.;                                                              1111P   1028
126,1,1,0,0,1,0,0.7975,0.7975,0.8675,0.8675,1.,1.,                  1113P   1029
45.9887188782662,1.,18.3486882379362,45.9887188782662,1.,           1113P   1030
19.0486882379362,0.7975,0.8675,0.,0.,0.;                            1113P   1031
126,1,1,0,0,1,0,0.05,0.05,0.19,0.19,1.,1.,45.9887188782662,1.,      1115P   1032
19.0486882379362,45.9887188782662,2.4,19.0486882379362,0.05,        1115P   1033
0.19,0.,0.,0.;                                                      1115P   1034
126,1,1,0,0,1,0,0.04,0.04,1.855,1.855,1.,1.,45.9887188782662,       1117P   1035
2.4,19.0486882379362,45.9887188782662,2.4,0.898688237936192,        1117P   1036
0.04,1.855,0.,0.,0.;                                                1117P   1037
126,1,1,0,0,1,0,-0.12,-0.12,0.02,0.02,1.,1.,45.9887188782662,       1119P   1038
2.4,0.898688237936192,45.9887188782662,1.,0.898688237936192,        1119P   1039
-0.12,0.02,0.,0.,0.;                                                1119P   1040
126,1,1,0,0,1,0,-0.9475,-0.9475,-0.8775,-0.8775,1.,1.,              1121P   1041
45.9887188782662,1.,0.898688237936192,45.9887188782662,1.,          1121P   1042
1.59868823793619,-0.9475,-0.8775,0.,0.,0.;                          1121P   1043
126,1,1,0,0,1,0,-0.1,-0.1,0.,0.,1.,1.,45.9887188782662,1.,          1123P   1044
1.59868823793619,45.9887188782662,0.,1.59868823793619,-0.1,0.,      1123P   1045
0.,0.,0.;                                                           1123P   1046
126,1,1,0,0,1,0,0.,0.,0.15,0.15,1.,1.,45.9887188782662,0.,          1125P   1047
0.0986882379361909,45.9887188782662,0.,1.59868823793619,0.,0.15,    1125P   1048
0.,0.,0.;                                                           1125P   1049
126,1,1,0,0,1,0,0.63,0.63,1.24,1.24,1.,1.,44.4887188782662,6.3,     1127P   1050
18.3486882379362,44.4887188782662,12.4,18.3486882379362,0.63,       1127P   1051
1.24,0.,0.,0.;                                                      1127P   1052
126,1,1,0,0,1,0,0.,0.,1.675,1.675,1.,1.,44.4887188782662,12.4,      1129P   1053
18.3486882379362,44.4887188782662,12.4,1.59868823793619,0.,         1129P   1054
1.675,0.,0.,0.;                                                     1129P   1055
126,1,1,0,0,1,0,0.63,0.63,1.24,1.24,1.,1.,44.4887188782662,6.3,     1131P   1056
1.59868823793619,44.4887188782662,12.4,1.59868823793619,0.63,       1131P   1057
1.24,0.,0.,0.;                                                      1131P   1058
126,1,1,0,0,1,0,-0.415,-0.415,-0.215,-0.215,1.,1.,                  1133P   1059
44.4887188782662,6.3,19.8486882379362,44.4887188782662,4.3,         1133P   1060
19.8486882379362,-0.415,-0.215,0.,0.,0.;                            1133P   1061
126,1,1,0,0,1,0,0.24,0.24,0.33,0.33,1.,1.,44.4887188782662,2.4,     1135P   1062
1.59868823793619,44.4887188782662,3.3,1.59868823793619,0.24,        1135P   1063
0.33,0.,0.,0.;                                                      1135P   1064
126,1,1,0,0,1,0,-1.785,-1.785,-0.11,-0.11,1.,1.,                    1137P   1065
44.4887188782662,2.4,1.59868823793619,44.4887188782662,2.4,         1137P   1066
18.3486882379362,-1.785,-0.11,0.,0.,0.;                             1137P   1067
126,1,1,0,0,1,0,0.24,0.24,0.33,0.33,1.,1.,44.4887188782662,2.4,     1139P   1068
18.3486882379362,44.4887188782662,3.3,18.3486882379362,0.24,        1139P   1069
0.33,0.,0.,0.;                                                      1139P   1070
126,1,1,0,0,1,0,-3.05,-3.05,3.05,3.05,1.,1.,44.4887188782662,       1141P   1071
2.4,18.3486882379362,-16.5112811217338,2.4,18.3486882379362,        1141P   1072
-3.05,3.05,0.,0.,0.;                                                1141P   1073
126,1,1,0,0,1,0,0.24,0.24,0.33,0.33,1.,1.,-16.5112811217338,2.4,    1143P   1074
18.3486882379362,-16.5112811217338,3.3,18.3486882379362,0.24,       1143P   1075
0.33,0.,0.,0.;                                                      1143P   1076
126,1,1,0,0,1,0,0.63,0.63,1.24,1.24,1.,1.,-16.5112811217338,6.3,    1145P   1077
18.3486882379362,-16.5112811217338,12.4,18.3486882379362,0.63,      1145P   1078
1.24,0.,0.,0.;                                                      1145P   1079
126,1,1,0,0,1,0,0.,0.,6.1,6.1,1.,1.,-16.5112811217338,12.4,         1147P   1080
18.3486882379362,44.4887188782662,12.4,18.3486882379362,0.,6.1,     1147P   1081
0.,0.,0.;                                                           1147P   1082
126,1,1,0,0,1,0,0.259999999999996,0.259999999999996,                1149P   1083
0.379999999999996,0.379999999999996,1.,1.,-4.41128112173378,5.2,    1149P   1084
18.3486882379362,-4.41128112173379,6.4,18.3486882379362,            1149P   1085
0.259999999999996,0.379999999999996,0.,0.,0.;                       1149P   1086
126,1,1,0,0,1,0,-0.68,-0.68,-0.360000000000001,                     1151P   1087
-0.360000000000001,1.,1.,-4.41128112173379,6.4,18.3486882379362,    1151P   1088
-7.61128112173378,6.4,18.3486882379362,-0.68,-0.360000000000001,    1151P   1089
0.,0.,0.;                                                           1151P   1090
126,1,1,0,0,1,0,-0.320000000000001,-0.320000000000001,              1153P   1091
-0.200000000000001,-0.200000000000001,1.,1.,-7.61128112173378,      1153P   1092
6.4,18.3486882379362,-7.61128112173378,5.2,18.3486882379362,        1153P   1093
-0.320000000000001,-0.200000000000001,0.,0.,0.;                     1153P   1094
126,1,1,0,0,1,0,0.52,0.52,0.84,0.84,1.,1.,-7.61128112173378,5.2,    1155P   1095
18.3486882379362,-4.41128112173378,5.2,18.3486882379362,0.52,       1155P   1096
0.84,0.,0.,0.;                                                      1155P   1097
126,1,1,0,0,1,0,0.25999999999999,0.25999999999999,                  1157P   1098
0.37999999999999,0.37999999999999,1.,1.,35.5887188782662,5.2,       1157P   1099
18.3486882379362,35.5887188782662,6.4,18.3486882379362,             1157P   1100
0.25999999999999,0.37999999999999,0.,0.,0.;                         1157P   1101
126,1,1,0,0,1,0,-2.68,-2.68,-2.36,-2.36,1.,1.,35.5887188782662,     1159P   1102
6.4,18.3486882379362,32.3887188782662,6.4,18.3486882379362,         1159P   1103
-2.68,-2.36,0.,0.,0.;                                               1159P   1104
126,1,1,0,0,1,0,-0.320000000000019,-0.320000000000019,              1161P   1105
-0.200000000000019,-0.200000000000019,1.,1.,32.3887188782662,       1161P   1106
6.4,18.3486882379362,32.3887188782662,5.2,18.3486882379362,         1161P   1107
-0.320000000000019,-0.200000000000019,0.,0.,0.;                     1161P   1108
126,1,1,0,0,1,0,2.52,2.52,2.84,2.84,1.,1.,32.3887188782662,5.2,     1163P   1109
18.3486882379362,35.5887188782662,5.2,18.3486882379362,2.52,        1163P   1110
2.84,0.,0.,0.;                                                      1163P   1111
126,1,1,0,0,1,0,-0.315,-0.315,-0.015,-0.015,1.,1.,                  1165P   1112
6.48871887826622,6.3,18.3486882379362,6.48871887826622,3.3,         1165P   1113
18.3486882379362,-0.315,-0.015,0.,0.,0.;                            1165P   1114
126,1,1,0,0,1,0,1.225,1.225,2.725,2.725,1.,1.,6.48871887826622,     1167P   1115
3.3,18.3486882379362,21.4887188782662,3.3,18.3486882379362,         1167P   1116
1.225,2.725,0.,0.,0.;                                               1167P   1117
126,1,1,0,0,1,0,0.165,0.165,0.465,0.465,1.,1.,21.4887188782662,     1169P   1118
3.3,18.3486882379362,21.4887188782662,6.3,18.3486882379362,         1169P   1119
0.165,0.465,0.,0.,0.;                                               1169P   1120
126,1,1,0,0,1,0,-1.975,-1.975,-0.475,-0.475,1.,1.,                  1171P   1121
21.4887188782662,6.3,18.3486882379362,6.48871887826622,6.3,         1171P   1122
18.3486882379362,-1.975,-0.475,0.,0.,0.;                            1171P   1123
126,1,1,0,0,1,0,0.63,0.63,1.24,1.24,1.,1.,-16.5112811217338,6.3,    1173P   1124
1.59868823793619,-16.5112811217338,12.4,1.59868823793619,0.63,      1173P   1125
1.24,0.,0.,0.;                                                      1173P   1126
126,1,1,0,0,1,0,0.,0.,1.675,1.675,1.,1.,-16.5112811217338,12.4,     1175P   1127
1.5986882379362,-16.5112811217338,12.4,18.3486882379362,0.,         1175P   1128
1.675,0.,0.,0.;                                                     1175P   1129
126,1,1,0,0,1,0,0.115,0.115,0.315,0.315,1.,1.,-16.5112811217338,    1177P   1130
4.3,19.8486882379362,-16.5112811217338,6.3,19.8486882379362,        1177P   1131
0.115,0.315,0.,0.,0.;                                               1177P   1132
126,1,1,0,0,1,0,-0.8775,-0.8775,0.7975,0.7975,1.,1.,                1179P   1133
-16.5112811217338,2.4,18.3486882379362,-16.5112811217338,2.4,       1179P   1134
1.59868823793619,-0.8775,0.7975,0.,0.,0.;                           1179P   1135
126,1,1,0,0,1,0,0.24,0.24,0.33,0.33,1.,1.,-16.5112811217338,2.4,    1181P   1136
1.59868823793619,-16.5112811217338,3.3,1.59868823793619,0.24,       1181P   1137
0.33,0.,0.,0.;                                                      1181P   1138
126,1,1,0,0,1,0,0.43,0.43,1.2,1.2,1.,1.,-18.0112811217338,4.3,      1183P   1139
19.8486882379362,-18.0112811217338,12.,19.8486882379362,0.43,       1183P   1140
1.2,0.,0.,0.;                                                       1183P   1141
126,1,1,0,0,1,0,0.,0.,0.33,0.33,1.,1.,-18.0112811217338,0.,         1185P   1142
19.8486882379362,-18.0112811217338,3.3,19.8486882379362,0.,0.33,    1185P   1143
0.,0.,0.;                                                           1185P   1144
126,1,1,0,0,1,0,0.,0.,6.4,6.4,1.,1.,45.9887188782662,0.,            1187P   1145
19.8486882379362,-18.0112811217338,0.,19.8486882379362,0.,6.4,      1187P   1146
0.,0.,0.;                                                           1187P   1147
126,1,1,0,0,1,0,0.43,0.43,1.2,1.2,1.,1.,45.9887188782662,4.3,       1189P   1148
19.8486882379362,45.9887188782662,12.,19.8486882379362,0.43,1.2,    1189P   1149
0.,0.,0.;                                                           1189P   1150
126,1,1,0,0,1,0,0.015,0.015,0.315,0.315,1.,1.,6.48871887826622,     1191P   1151
3.3,19.8486882379362,6.48871887826622,6.3,19.8486882379362,         1191P   1152
0.015,0.315,0.,0.,0.;                                               1191P   1153
126,1,1,0,0,1,0,0.475,0.475,1.975,1.975,1.,1.,6.48871887826622,     1193P   1154
6.3,19.8486882379362,21.4887188782662,6.3,19.8486882379362,         1193P   1155
0.475,1.975,0.,0.,0.;                                               1193P   1156
126,1,1,0,0,1,0,-0.465,-0.465,-0.165,-0.165,1.,1.,                  1195P   1157
21.4887188782662,6.3,19.8486882379362,21.4887188782662,3.3,         1195P   1158
19.8486882379362,-0.465,-0.165,0.,0.,0.;                            1195P   1159
126,1,1,0,0,1,0,-2.725,-2.725,-1.225,-1.225,1.,1.,                  1197P   1160
21.4887188782662,3.3,19.8486882379362,6.48871887826622,3.3,         1197P   1161
19.8486882379362,-2.725,-1.225,0.,0.,0.;                            1197P   1162
126,1,1,0,0,1,0,-0.37999999999999,-0.37999999999999,                1199P   1163
-0.25999999999999,-0.25999999999999,1.,1.,35.5887188782662,6.4,     1199P   1164
19.8486882379362,35.5887188782662,5.2,19.8486882379362,             1199P   1165
-0.37999999999999,-0.25999999999999,0.,0.,0.;                       1199P   1166
126,1,1,0,0,1,0,-2.84,-2.84,-2.52,-2.52,1.,1.,35.5887188782662,     1201P   1167
5.2,19.8486882379362,32.3887188782662,5.2,19.8486882379362,         1201P   1168
-2.84,-2.52,0.,0.,0.;                                               1201P   1169
126,1,1,0,0,1,0,0.200000000000019,0.200000000000019,                1203P   1170
0.320000000000019,0.320000000000019,1.,1.,32.3887188782662,5.2,     1203P   1171
19.8486882379362,32.3887188782662,6.4,19.8486882379362,             1203P   1172
0.200000000000019,0.320000000000019,0.,0.,0.;                       1203P   1173
126,1,1,0,0,1,0,2.36,2.36,2.68,2.68,1.,1.,32.3887188782662,6.4,     1205P   1174
19.8486882379362,35.5887188782662,6.4,19.8486882379362,2.36,        1205P   1175
2.68,0.,0.,0.;                                                      1205P   1176
126,1,1,0,0,1,0,-0.379999999999996,-0.379999999999996,              1207P   1177
-0.259999999999996,-0.259999999999996,1.,1.,-4.41128112173379,      1207P   1178
6.4,19.8486882379362,-4.41128112173378,5.2,19.8486882379362,        1207P   1179
-0.379999999999996,-0.259999999999996,0.,0.,0.;                     1207P   1180
126,1,1,0,0,1,0,-0.84,-0.84,-0.52,-0.52,1.,1.,-4.41128112173378,    1209P   1181
5.2,19.8486882379362,-7.61128112173378,5.2,19.8486882379362,        1209P   1182
-0.84,-0.52,0.,0.,0.;                                               1209P   1183
126,1,1,0,0,1,0,0.200000000000001,0.200000000000001,                1211P   1184
0.320000000000001,0.320000000000001,1.,1.,-7.61128112173378,5.2,    1211P   1185
19.8486882379362,-7.61128112173378,6.4,19.8486882379362,            1211P   1186
0.200000000000001,0.320000000000001,0.,0.,0.;                       1211P   1187
126,1,1,0,0,1,0,0.360000000000001,0.360000000000001,0.68,0.68,      1213P   1188
1.,1.,-7.61128112173378,6.4,19.8486882379362,-4.41128112173379,     1213P   1189
6.4,19.8486882379362,0.360000000000001,0.68,0.,0.,0.;               1213P   1190
126,1,1,0,0,1,0,0.,0.,1.975,1.975,1.,1.,-18.0112811217338,0.,       1215P   1191
19.8486882379362,-18.0112811217338,0.,0.0986882379361909,0.,        1215P   1192
1.975,0.,0.,0.;                                                     1215P   1193
126,1,1,0,0,1,0,0.,0.,6.25,6.25,1.,1.,45.9887188782662,1.,          1217P   1194
1.59868823793619,-16.5112811217338,1.,1.59868823793619,0.,6.25,     1217P   1195
0.,0.,0.;                                                           1217P   1196
126,1,1,0,0,1,0,0.,0.,6.32,6.32,1.,1.,45.9887188782662,1.,          1219P   1197
0.898688237936191,-17.2112811217338,1.,0.898688237936191,0.,        1219P   1198
6.32,0.,0.,0.;                                                      1219P   1199
126,1,1,0,0,1,0,0.,0.,1.815,1.815,1.,1.,-17.2112811217338,1.,       1221P   1200
0.898688237936191,-17.2112811217338,1.,19.0486882379362,0.,         1221P   1201
1.815,0.,0.,0.;                                                     1221P   1202
126,1,1,0,0,1,0,0.,0.,6.32,6.32,1.,1.,45.9887188782662,1.,          1223P   1203
19.0486882379362,-17.2112811217338,1.,19.0486882379362,0.,6.32,     1223P   1204
0.,0.,0.;                                                           1223P   1205
126,1,1,0,0,1,0,-3.05,-3.05,3.2,3.2,1.,1.,-16.5112811217338,1.,     1225P   1206
18.3486882379362,45.9887188782662,1.,18.3486882379362,-3.05,3.2,    1225P   1207
0.,0.,0.;                                                           1225P   1208
126,1,1,0,0,1,0,0.11,0.11,1.785,1.785,1.,1.,-16.5112811217338,      1227P   1209
1.,1.59868823793619,-16.5112811217338,1.,18.3486882379362,0.11,     1227P   1210
1.785,0.,0.,0.;                                                     1227P   1211
126,1,1,0,0,1,0,-4.575,-4.575,1.675,1.675,1.,1.,                    1229P   1212
-16.5112811217338,0.,18.3486882379362,45.9887188782662,0.,          1229P   1213
18.3486882379362,-4.575,1.675,0.,0.,0.;                             1229P   1214
126,1,1,0,0,1,0,-1.6,-1.6,4.65,4.65,1.,1.,45.9887188782662,0.,      1231P   1215
1.59868823793619,-16.5112811217338,0.,1.59868823793619,-1.6,        1231P   1216
4.65,0.,0.,0.;                                                      1231P   1217
126,1,1,0,0,1,0,-0.34375,-0.34375,1.33125,1.33125,1.,1.,            1233P   1218
-16.5112811217338,0.,1.59868823793619,-16.5112811217338,0.,         1233P   1219
18.3486882379362,-0.34375,1.33125,0.,0.,0.;                         1233P   1220
126,1,1,0,0,1,0,0.,0.,6.32,6.32,1.,1.,45.9887188782662,2.4,         1235P   1221
19.0486882379362,-17.2112811217338,2.4,19.0486882379362,0.,6.32,    1235P   1222
0.,0.,0.;                                                           1235P   1223
126,1,1,0,0,1,0,0.,0.,1.815,1.815,1.,1.,-17.2112811217338,2.4,      1237P   1224
19.0486882379362,-17.2112811217338,2.4,0.898688237936192,0.,        1237P   1225
1.815,0.,0.,0.;                                                     1237P   1226
126,1,1,0,0,1,0,0.,0.,6.32,6.32,1.,1.,45.9887188782662,2.4,         1239P   1227
0.898688237936191,-17.2112811217338,2.4,0.898688237936191,0.,       1239P   1228
6.32,0.,0.,0.;                                                      1239P   1229
126,1,1,0,0,1,0,-6.25,-6.25,-0.15,-0.15,1.,1.,-16.5112811217338,    1241P   1230
2.4,1.59868823793619,44.4887188782662,2.4,1.59868823793619,         1241P   1231
-6.25,-0.15,0.,0.,0.;                                               1241P   1232
126,1,1,0,0,1,0,0.,0.,0.14,0.14,1.,1.,-17.2112811217338,1.,         1243P   1233
19.0486882379362,-17.2112811217338,2.4,19.0486882379362,0.,0.14,    1243P   1234
0.,0.,0.;                                                           1243P   1235
126,1,1,0,0,1,0,0.,0.,0.14,0.14,1.,1.,-17.2112811217338,2.4,        1245P   1236
0.898688237936191,-17.2112811217338,1.,0.898688237936191,0.,        1245P   1237
0.14,0.,0.,0.;                                                      1245P   1238
126,1,1,0,0,1,0,0.,0.,0.1,0.1,1.,1.,-16.5112811217338,0.,           1247P   1239
18.3486882379362,-16.5112811217338,1.,18.3486882379362,0.,0.1,      1247P   1240
0.,0.,0.;                                                           1247P   1241
126,1,1,0,0,1,0,0.,0.,0.1,0.1,1.,1.,-16.5112811217338,0.,           1249P   1242
1.59868823793619,-16.5112811217338,1.,1.59868823793619,0.,0.1,      1249P   1243
0.,0.,0.;                                                           1249P   1244
126,1,1,0,0,1,0,0.,0.,0.15,0.15,1.,1.,-7.61128112173378,6.4,        1251P   1245
1.59868823793619,-7.61128112173378,6.4,0.0986882379361909,0.,       1251P   1246
0.15,0.,0.,0.;                                                      1251P   1247
126,1,1,0,0,1,0,0.199999999999995,0.199999999999995,                1253P   1248
0.319999999999995,0.319999999999995,1.,1.,-7.61128112173378,5.2,    1253P   1249
1.59868823793619,-7.61128112173378,6.4,1.59868823793619,            1253P   1250
0.199999999999995,0.319999999999995,0.,0.,0.;                       1253P   1251
126,1,1,0,0,1,0,0.,0.,0.15,0.15,1.,1.,-7.61128112173378,5.2,        1255P   1252
1.59868823793619,-7.61128112173378,5.2,0.0986882379361909,0.,       1255P   1253
0.15,0.,0.,0.;                                                      1255P   1254
126,1,1,0,0,1,0,2.36,2.36,2.68,2.68,1.,1.,-4.41128112173378,5.2,    1257P   1255
1.59868823793619,-7.61128112173378,5.2,1.59868823793619,2.36,       1257P   1256
2.68,0.,0.,0.;                                                      1257P   1257
126,1,1,0,0,1,0,0.,0.,0.15,0.15,1.,1.,-4.41128112173378,5.2,        1259P   1258
1.59868823793619,-4.41128112173378,5.2,0.0986882379361909,0.,       1259P   1259
0.15,0.,0.,0.;                                                      1259P   1260
126,1,1,0,0,1,0,-0.380000000000014,-0.380000000000014,              1261P   1261
-0.260000000000014,-0.260000000000014,1.,1.,-4.41128112173379,      1261P   1262
6.4,1.59868823793619,-4.41128112173378,5.2,1.59868823793619,        1261P   1263
-0.380000000000014,-0.260000000000014,0.,0.,0.;                     1261P   1264
126,1,1,0,0,1,0,0.,0.,0.15,0.15,1.,1.,-4.41128112173379,6.4,        1263P   1265
1.59868823793619,-4.41128112173379,6.4,0.0986882379361909,0.,       1263P   1266
0.15,0.,0.,0.;                                                      1263P   1267
126,1,1,0,0,1,0,-2.84,-2.84,-2.52,-2.52,1.,1.,-7.61128112173378,    1265P   1268
6.4,1.59868823793619,-4.41128112173379,6.4,1.59868823793619,        1265P   1269
-2.84,-2.52,0.,0.,0.;                                               1265P   1270
126,1,1,0,0,1,0,0.,0.,0.15,0.15,1.,1.,32.3887188782662,6.4,         1267P   1271
1.59868823793619,32.3887188782662,6.4,0.0986882379361909,0.,        1267P   1272
0.15,0.,0.,0.;                                                      1267P   1273
126,1,1,0,0,1,0,0.199999999999995,0.199999999999995,                1269P   1274
0.319999999999995,0.319999999999995,1.,1.,32.3887188782662,5.2,     1269P   1275
1.59868823793619,32.3887188782662,6.4,1.59868823793619,             1269P   1276
0.199999999999995,0.319999999999995,0.,0.,0.;                       1269P   1277
126,1,1,0,0,1,0,0.,0.,0.15,0.15,1.,1.,32.3887188782662,5.2,         1271P   1278
1.59868823793619,32.3887188782662,5.2,0.0986882379361909,0.,        1271P   1279
0.15,0.,0.,0.;                                                      1271P   1280
126,1,1,0,0,1,0,0.36,0.36,0.68,0.68,1.,1.,35.5887188782662,5.2,     1273P   1281
1.59868823793619,32.3887188782662,5.2,1.59868823793619,0.36,        1273P   1282
0.68,0.,0.,0.;                                                      1273P   1283
126,1,1,0,0,1,0,0.,0.,0.15,0.15,1.,1.,35.5887188782662,5.2,         1275P   1284
1.59868823793619,35.5887188782662,5.2,0.0986882379361909,0.,        1275P   1285
0.15,0.,0.,0.;                                                      1275P   1286
126,1,1,0,0,1,0,-0.380000000000002,-0.380000000000002,              1277P   1287
-0.260000000000002,-0.260000000000002,1.,1.,35.5887188782662,       1277P   1288
6.4,1.59868823793619,35.5887188782662,5.2,1.59868823793619,         1277P   1289
-0.380000000000002,-0.260000000000002,0.,0.,0.;                     1277P   1290
126,1,1,0,0,1,0,0.,0.,0.15,0.15,1.,1.,35.5887188782662,6.4,         1279P   1291
1.59868823793619,35.5887188782662,6.4,0.0986882379361909,0.,        1279P   1292
0.15,0.,0.,0.;                                                      1279P   1293
126,1,1,0,0,1,0,-0.839999999999999,-0.839999999999999,-0.52,        1281P   1294
-0.52,1.,1.,32.3887188782662,6.4,1.59868823793619,                  1281P   1295
35.5887188782662,6.4,1.59868823793619,-0.839999999999999,-0.52,     1281P   1296
0.,0.,0.;                                                           1281P   1297
126,1,1,0,0,1,0,0.,0.,0.15,0.15,1.,1.,-7.61128112173378,5.2,        1283P   1298
18.3486882379362,-7.61128112173378,5.2,19.8486882379362,0.,0.15,    1283P   1299
0.,0.,0.;                                                           1283P   1300
126,1,1,0,0,1,0,0.,0.,0.15,0.15,1.,1.,-7.61128112173378,6.4,        1285P   1301
18.3486882379362,-7.61128112173378,6.4,19.8486882379362,0.,0.15,    1285P   1302
0.,0.,0.;                                                           1285P   1303
126,1,1,0,0,1,0,0.,0.,0.15,0.15,1.,1.,-4.41128112173379,6.4,        1287P   1304
18.3486882379362,-4.41128112173379,6.4,19.8486882379362,0.,0.15,    1287P   1305
0.,0.,0.;                                                           1287P   1306
126,1,1,0,0,1,0,0.,0.,0.15,0.15,1.,1.,-4.41128112173378,5.2,        1289P   1307
18.3486882379362,-4.41128112173378,5.2,19.8486882379362,0.,0.15,    1289P   1308
0.,0.,0.;                                                           1289P   1309
126,1,1,0,0,1,0,0.,0.,0.15,0.15,1.,1.,32.3887188782662,5.2,         1291P   1310
18.3486882379362,32.3887188782662,5.2,19.8486882379362,0.,0.15,     1291P   1311
0.,0.,0.;                                                           1291P   1312
126,1,1,0,0,1,0,0.,0.,0.15,0.15,1.,1.,32.3887188782662,6.4,         1293P   1313
18.3486882379362,32.3887188782662,6.4,19.8486882379362,0.,0.15,     1293P   1314
0.,0.,0.;                                                           1293P   1315
126,1,1,0,0,1,0,0.,0.,0.15,0.15,1.,1.,35.5887188782662,6.4,         1295P   1316
18.3486882379362,35.5887188782662,6.4,19.8486882379362,0.,0.15,     1295P   1317
0.,0.,0.;                                                           1295P   1318
126,1,1,0,0,1,0,0.,0.,0.15,0.15,1.,1.,35.5887188782662,5.2,         1297P   1319
18.3486882379362,35.5887188782662,5.2,19.8486882379362,0.,0.15,     1297P   1320
0.,0.,0.;                                                           1297P   1321
126,1,1,0,0,1,0,0.,0.,0.0960000000000001,0.0960000000000001,1.,     1299P   1322
1.,0.238718878266218,13.,7.84868823793619,0.238718878266218,        1299P   1323
12.4,7.84868823793619,0.,0.0960000000000001,0.,0.,0.;               1299P   1324
126,6,2,0,0,0,0,-1.5707963267949,-1.5707963267949,                  1301P   1325
-1.5707963267949,0.,0.,1.5707963267949,1.5707963267949,             1301P   1326
3.14159265358979,3.14159265358979,3.14159265358979,1.,              1301P   1327
0.707106781186548,1.,0.707106781186548,1.,0.707106781186547,1.,     1301P   1328
-6.01128112173378,12.4,1.59868823793619,-12.2612811217338,12.4,     1301P   1329
1.59868823793619,-12.2612811217338,12.4,7.84868823793619,           1301P   1330
-12.2612811217338,12.4,14.0986882379362,-6.01128112173378,12.4,     1301P   1331
14.0986882379362,0.238718878266217,12.4,14.0986882379362,           1301P   1332
0.238718878266218,12.4,7.84868823793619,-1.5707963267949,           1301P   1333
3.14159265358979,0.,0.,0.;                                          1301P   1334
126,2,2,0,0,0,0,3.14159265358979,3.14159265358979,                  1303P   1335
3.14159265358979,4.71238898038469,4.71238898038469,                 1303P   1336
4.71238898038469,1.,0.707106781186548,1.,0.238718878266218,12.4,    1303P   1337
7.84868823793619,0.238718878266218,12.4,1.59868823793619,           1303P   1338
-6.01128112173378,12.4,1.59868823793619,3.14159265358979,           1303P   1339
4.71238898038469,0.,0.,0.;                                          1303P   1340
126,1,1,0,0,1,0,0.,0.,0.0960000000000001,0.0960000000000001,1.,     1305P   1341
1.,20.2387188782662,13.,7.84868823793619,20.2387188782662,12.4,     1305P   1342
7.84868823793619,0.,0.0960000000000001,0.,0.,0.;                    1305P   1343
126,6,2,0,0,0,0,-1.5707963267949,-1.5707963267949,                  1307P   1344
-1.5707963267949,0.,0.,1.5707963267949,1.5707963267949,             1307P   1345
3.14159265358979,3.14159265358979,3.14159265358979,1.,              1307P   1346
0.707106781186548,1.,0.707106781186548,1.,0.707106781186547,1.,     1307P   1347
13.9887188782662,12.4,1.59868823793619,7.73871887826622,12.4,       1307P   1348
1.59868823793619,7.73871887826622,12.4,7.84868823793619,            1307P   1349
7.73871887826622,12.4,14.0986882379362,13.9887188782662,12.4,       1307P   1350
14.0986882379362,20.2387188782662,12.4,14.0986882379362,            1307P   1351
20.2387188782662,12.4,7.84868823793619,-1.5707963267949,            1307P   1352
3.14159265358979,0.,0.,0.;                                          1307P   1353
126,2,2,0,0,0,0,3.14159265358979,3.14159265358979,                  1309P   1354
3.14159265358979,4.71238898038469,4.71238898038469,                 1309P   1355
4.71238898038469,1.,0.707106781186547,1.,20.2387188782662,12.4,     1309P   1356
7.84868823793619,20.2387188782662,12.4,1.59868823793619,            1309P   1357
13.9887188782662,12.4,1.59868823793619,3.14159265358979,            1309P   1358
4.71238898038469,0.,0.,0.;                                          1309P   1359
126,1,1,0,0,1,0,0.,0.,0.0960000000000001,0.0960000000000001,1.,     1311P   1360
1.,40.2387188782662,13.,7.84868823793619,40.2387188782662,12.4,     1311P   1361
7.84868823793619,0.,0.0960000000000001,0.,0.,0.;                    1311P   1362
126,6,2,0,0,0,0,-1.5707963267949,-1.5707963267949,                  1313P   1363
-1.5707963267949,0.,0.,1.5707963267949,1.5707963267949,             1313P   1364
3.14159265358979,3.14159265358979,3.14159265358979,1.,              1313P   1365
0.707106781186548,1.,0.707106781186548,1.,0.707106781186547,1.,     1313P   1366
33.9887188782662,12.4,1.59868823793619,27.7387188782662,12.4,       1313P   1367
1.59868823793619,27.7387188782662,12.4,7.84868823793619,            1313P   1368
27.7387188782662,12.4,14.0986882379362,33.9887188782662,12.4,       1313P   1369
14.0986882379362,40.2387188782662,12.4,14.0986882379362,            1313P   1370
40.2387188782662,12.4,7.84868823793619,-1.5707963267949,            1313P   1371
3.14159265358979,0.,0.,0.;                                          1313P   1372
126,2,2,0,0,0,0,3.14159265358979,3.14159265358979,                  1315P   1373
3.14159265358979,4.71238898038469,4.71238898038469,                 1315P   1374
4.71238898038469,1.,0.707106781186548,1.,40.2387188782662,12.4,     1315P   1375
7.84868823793619,40.2387188782662,12.4,1.59868823793619,            1315P   1376
33.9887188782662,12.4,1.59868823793619,3.14159265358979,            1315P   1377
4.71238898038469,0.,0.,0.;                                          1315P   1378
126,1,1,0,0,1,0,0.,0.,1.05,1.05,1.,1.,44.4887188782662,12.4,        1317P   1379
1.59868823793619,33.9887188782662,12.4,1.59868823793619,0.,1.05,    1317P   1380
0.,0.,0.;                                                           1317P   1381
126,1,1,0,0,1,0,5.05,5.05,6.1,6.1,1.,1.,-6.01128112173378,12.4,     1319P   1382
1.5986882379362,-16.5112811217338,12.4,1.5986882379362,5.05,6.1,    1319P   1383
0.,0.,0.;                                                           1319P   1384
126,1,1,0,0,1,0,3.05,3.05,5.05,5.05,1.,1.,13.9887188782662,12.4,    1321P   1385
1.59868823793619,-6.01128112173378,12.4,1.5986882379362,3.05,       1321P   1386
5.05,0.,0.,0.;                                                      1321P   1387
126,1,1,0,0,1,0,1.05,1.05,3.05,3.05,1.,1.,33.9887188782662,12.4,    1323P   1388
1.59868823793619,13.9887188782662,12.4,1.59868823793619,1.05,       1323P   1389
3.05,0.,0.,0.;                                                      1323P   1390
126,1,1,0,0,1,0,1.825,1.825,1.975,1.975,1.,1.,21.4887188782662,     1325P   1391
3.3,18.3486882379362,21.4887188782662,3.3,19.8486882379362,         1325P   1392
1.825,1.975,0.,0.,0.;                                               1325P   1393
126,1,1,0,0,1,0,1.825,1.825,1.975,1.975,1.,1.,21.4887188782662,     1327P   1394
6.3,18.3486882379362,21.4887188782662,6.3,19.8486882379362,         1327P   1395
1.825,1.975,0.,0.,0.;                                               1327P   1396
126,1,1,0,0,1,0,-0.465,-0.465,-0.165,-0.165,1.,1.,                  1329P   1397
21.4887188782662,6.3,1.59868823793619,21.4887188782662,3.3,         1329P   1398
1.59868823793619,-0.465,-0.165,0.,0.,0.;                            1329P   1399
126,1,1,0,0,1,0,0.,0.,0.15,0.15,1.,1.,21.4887188782662,6.3,         1331P   1400
0.0986882379361909,21.4887188782662,6.3,1.59868823793619,0.,        1331P   1401
0.15,0.,0.,0.;                                                      1331P   1402
126,1,1,0,0,1,0,0.,0.,0.15,0.15,1.,1.,21.4887188782662,3.3,         1333P   1403
0.0986882379361909,21.4887188782662,3.3,1.59868823793619,0.,        1333P   1404
0.15,0.,0.,0.;                                                      1333P   1405
126,1,1,0,0,1,0,1.825,1.825,1.975,1.975,1.,1.,6.48871887826622,     1335P   1406
6.3,18.3486882379362,6.48871887826622,6.3,19.8486882379362,         1335P   1407
1.825,1.975,0.,0.,0.;                                               1335P   1408
126,1,1,0,0,1,0,1.825,1.825,1.975,1.975,1.,1.,6.48871887826622,     1337P   1409
3.3,18.3486882379362,6.48871887826622,3.3,19.8486882379362,         1337P   1410
1.825,1.975,0.,0.,0.;                                               1337P   1411
126,1,1,0,0,1,0,0.475,0.475,1.975,1.975,1.,1.,21.4887188782662,     1339P   1412
3.3,1.59868823793619,6.48871887826622,3.3,1.59868823793619,         1339P   1413
0.475,1.975,0.,0.,0.;                                               1339P   1414
126,1,1,0,0,1,0,0.,0.,0.15,0.15,1.,1.,6.48871887826622,3.3,         1341P   1415
0.0986882379361909,6.48871887826622,3.3,1.59868823793619,0.,        1341P   1416
0.15,0.,0.,0.;                                                      1341P   1417
126,1,1,0,0,1,0,0.015,0.015,0.315,0.315,1.,1.,6.48871887826622,     1343P   1418
3.3,1.59868823793619,6.48871887826622,6.3,1.59868823793619,         1343P   1419
0.015,0.315,0.,0.,0.;                                               1343P   1420
126,1,1,0,0,1,0,0.,0.,0.15,0.15,1.,1.,6.48871887826622,6.3,         1345P   1421
0.0986882379361909,6.48871887826622,6.3,1.59868823793619,0.,        1345P   1422
0.15,0.,0.,0.;                                                      1345P   1423
126,1,1,0,0,1,0,-2.725,-2.725,-1.225,-1.225,1.,1.,                  1347P   1424
6.48871887826622,6.3,1.59868823793619,21.4887188782662,6.3,         1347P   1425
1.59868823793619,-2.725,-1.225,0.,0.,0.;                            1347P   1426
126,1,1,0,0,1,0,-1.675,-1.675,-1.475,-1.475,1.,1.,                  1349P   1427
4.30537827248404,29.3,1.,6.30537827248404,29.3,1.,-1.675,-1.475,    1349P   1428
0.,0.,0.;                                                           1349P   1429
126,1,1,0,0,1,0,0.,0.,0.1,0.1,1.,1.,4.30537827248404,29.3,1.,       1351P   1430
4.30537827248404,29.3,2.,0.,0.1,0.,0.,0.;                           1351P   1431
126,1,1,0,0,1,0,0.,0.,0.2,0.2,1.,1.,6.30537827248404,29.3,2.,       1353P   1432
4.30537827248404,29.3,2.,0.,0.2,0.,0.,0.;                           1353P   1433
126,1,1,0,0,1,0,0.,0.,0.1,0.1,1.,1.,6.30537827248404,29.3,1.,       1355P   1434
6.30537827248404,29.3,2.,0.,0.1,0.,0.,0.;                           1355P   1435
126,1,1,0,0,1,0,-1.22625,-1.22625,0.40875,0.40875,1.,1.,            1357P   1436
6.30537827248404,29.3,1.,6.30537827248404,12.95,1.,-1.22625,        1357P   1437
0.40875,0.,0.,0.;                                                   1357P   1438
126,1,1,0,0,1,0,0.,0.,1.635,1.635,1.,1.,6.30537827248404,12.95,     1359P   1439
2.,6.30537827248404,29.3,2.,0.,1.635,0.,0.,0.;                      1359P   1440
126,1,1,0,0,1,0,0.,0.,0.1,0.1,1.,1.,6.30537827248404,12.95,1.,      1361P   1441
6.30537827248404,12.95,2.,0.,0.1,0.,0.,0.;                          1361P   1442
126,1,1,0,0,1,0,1.375,1.375,1.575,1.575,1.,1.,6.30537827248404,     1363P   1443
12.95,1.,4.30537827248404,12.95,1.,1.375,1.575,0.,0.,0.;            1363P   1444
126,1,1,0,0,1,0,0.,0.,0.2,0.2,1.,1.,4.30537827248404,12.95,2.,      1365P   1445
6.30537827248404,12.95,2.,0.,0.2,0.,0.,0.;                          1365P   1446
126,1,1,0,0,1,0,0.,0.,0.1,0.1,1.,1.,4.30537827248404,12.95,1.,      1367P   1447
4.30537827248404,12.95,2.,0.,0.1,0.,0.,0.;                          1367P   1448
126,1,1,0,0,1,0,0.,0.,1.635,1.635,1.,1.,4.30537827248404,29.3,      1369P   1449
2.,4.30537827248404,12.95,2.,0.,1.635,0.,0.,0.;                     1369P   1450
126,1,1,0,0,1,0,0.,0.,1.775,1.775,1.,1.,4.30537827248404,12.25,     1371P   1451
0.,4.30537827248404,30.,0.,0.,1.775,0.,0.,0.;                       1371P   1452
126,1,1,0,0,1,0,0.,0.,0.1,0.1,1.,1.,4.30537827248404,12.25,0.,      1373P   1453
4.30537827248404,12.25,1.,0.,0.1,0.,0.,0.;                          1373P   1454
126,1,1,0,0,1,0,-0.0699999999999998,-0.0699999999999998,0.,0.,      1375P   1455
1.,1.,4.30537827248404,12.95,1.,4.30537827248404,12.25,1.,          1375P   1456
-0.0699999999999998,0.,0.,0.,0.;                                    1375P   1457
126,1,1,0,0,1,0,-1.775,-1.775,-1.705,-1.705,1.,1.,                  1377P   1458
4.30537827248404,30.,1.,4.30537827248404,29.3,1.,-1.775,-1.705,     1377P   1459
0.,0.,0.;                                                           1377P   1460
126,1,1,0,0,1,0,0.,0.,0.1,0.1,1.,1.,4.30537827248404,30.,0.,        1379P   1461
4.30537827248404,30.,1.,0.,0.1,0.,0.,0.;                            1379P   1462
126,1,1,0,0,1,0,0.,0.,6.3,6.3,1.,1.,4.30537827248404,30.,0.,        1381P   1463
67.305378272484,30.,0.,0.,6.3,0.,0.,0.;                             1381P   1464
126,1,1,0,0,1,0,-6.3,-6.3,0.,0.,1.,1.,67.305378272484,30.,1.,       1383P   1465
4.30537827248404,30.,1.,-6.3,0.,0.,0.,0.;                           1383P   1466
126,1,1,0,0,1,0,0.,0.,0.1,0.1,1.,1.,67.305378272484,30.,0.,         1385P   1467
67.305378272484,30.,1.,0.,0.1,0.,0.,0.;                             1385P   1468
126,1,1,0,0,1,0,0.,0.,1.775,1.775,1.,1.,67.305378272484,30.,0.,     1387P   1469
67.305378272484,12.25,0.,0.,1.775,0.,0.,0.;                         1387P   1470
126,1,1,0,0,1,0,-1.775,-1.775,0.,0.,1.,1.,67.305378272484,12.25,    1389P   1471
1.,67.305378272484,30.,1.,-1.775,0.,0.,0.,0.;                       1389P   1472
126,1,1,0,0,1,0,0.,0.,0.1,0.1,1.,1.,67.305378272484,12.25,0.,       1391P   1473
67.305378272484,12.25,1.,0.,0.1,0.,0.,0.;                           1391P   1474
126,1,1,0,0,1,0,0.,0.,6.3,6.3,1.,1.,67.305378272484,12.25,0.,       1393P   1475
4.30537827248404,12.25,0.,0.,6.3,0.,0.,0.;                          1393P   1476
126,1,1,0,0,1,0,-6.3,-6.3,0.,0.,1.,1.,4.30537827248404,12.25,1.,    1395P   1477
67.305378272484,12.25,1.,-6.3,0.,0.,0.,0.;                          1395P   1478
126,1,1,0,0,1,0,0.,0.,0.29,0.29,1.,1.,12.9,0.,9.1,10.,0.,9.1,0.,    1397P   1479
0.29,0.,0.,0.;                                                      1397P   1480
126,1,1,0,0,1,0,0.,0.,1.975,1.975,1.,1.,10.,0.,9.1,10.,19.75,       1399P   1481
9.1,0.,1.975,0.,0.,0.;                                              1399P   1482
126,1,1,0,0,1,0,0.,0.,0.29,0.29,1.,1.,12.9,19.75,9.1,10.,19.75,     1401P   1483
9.1,0.,0.29,0.,0.,0.;                                               1401P   1484
126,1,1,0,0,1,0,0.,0.,1.975,1.975,1.,1.,12.9,0.,9.1,12.9,19.75,     1403P   1485
9.1,0.,1.975,0.,0.,0.;                                              1403P   1486
126,1,1,0,0,1,0,0.,0.,0.09,0.09,1.,1.,12.9,0.,10.,12.9,0.,9.1,      1405P   1487
0.,0.09,0.,0.,0.;                                                   1405P   1488
126,1,1,0,0,1,0,0.,0.,0.09,0.09,1.,1.,12.9,19.75,10.,12.9,19.75,    1407P   1489
9.1,0.,0.09,0.,0.,0.;                                               1407P   1490
126,1,1,0,0,1,0,0.,0.,1.975,1.975,1.,1.,12.9,0.,10.,12.9,19.75,     1409P   1491
10.,0.,1.975,0.,0.,0.;                                              1409P   1492
126,1,1,0,0,1,0,0.,0.,0.29,0.29,1.,1.,10.,0.,10.,12.9,0.,10.,0.,    1411P   1493
0.29,0.,0.,0.;                                                      1411P   1494
126,1,1,0,0,1,0,0.,0.,0.29,0.29,1.,1.,10.,19.75,10.,12.9,19.75,     1413P   1495
10.,0.,0.29,0.,0.,0.;                                               1413P   1496
126,1,1,0,0,1,0,0.,0.,1.975,1.975,1.,1.,10.,0.,10.,10.,19.75,       1415P   1497
10.,0.,1.975,0.,0.,0.;                                              1415P   1498
126,1,1,0,0,1,0,0.,0.,0.09,0.09,1.,1.,10.,0.,9.1,10.,0.,10.,0.,     1417P   1499
0.09,0.,0.,0.;                                                      1417P   1500
126,1,1,0,0,1,0,0.,0.,0.09,0.09,1.,1.,10.,19.75,9.1,10.,19.75,      1419P   1501
10.,0.,0.09,0.,0.,0.;                                               1419P   1502
126,1,1,0,0,1,0,0.,0.,0.44,0.44,1.,1.,38.1887188782662,2.,          1421P   1503
-4.30131176206381,33.7887188782662,2.,-4.30131176206381,0.,0.44,    1421P   1504
0.,0.,0.;                                                           1421P   1505
126,1,1,0,0,1,0,0.,0.,0.3,0.3,1.,1.,38.1887188782662,2.,            1423P   1506
-4.30131176206381,38.1887188782662,5.,-4.30131176206381,0.,0.3,     1423P   1507
0.,0.,0.;                                                           1423P   1508
126,1,1,0,0,1,0,-0.44,-0.44,0.,0.,1.,1.,33.7887188782662,5.,        1425P   1509
-4.30131176206381,38.1887188782662,5.,-4.30131176206381,-0.44,      1425P   1510
0.,0.,0.,0.;                                                        1425P   1511
126,1,1,0,0,1,0,0.,0.,0.3,0.3,1.,1.,33.7887188782662,2.,            1427P   1512
-4.30131176206381,33.7887188782662,5.,-4.30131176206381,0.,0.3,     1427P   1513
0.,0.,0.;                                                           1427P   1514
126,1,1,0,0,1,0,0.,0.,0.44,0.44,1.,1.,33.7887188782662,2.,          1429P   1515
-4.30131176206381,33.7887188782662,2.,0.0986882379361909,0.,        1429P   1516
0.44,0.,0.,0.;                                                      1429P   1517
126,1,1,0,0,1,0,-0.44,-0.44,0.,0.,1.,1.,33.7887188782662,5.,        1431P   1518
0.0986882379361909,33.7887188782662,5.,-4.30131176206381,-0.44,     1431P   1519
0.,0.,0.,0.;                                                        1431P   1520
126,1,1,0,0,1,0,0.,0.,0.3,0.3,1.,1.,33.7887188782662,2.,            1433P   1521
0.0986882379361909,33.7887188782662,5.,0.0986882379361909,0.,       1433P   1522
0.3,0.,0.,0.;                                                       1433P   1523
126,1,1,0,0,1,0,5.08,5.08,5.18,5.18,1.,1.,32.7887188782662,2.,      1435P   1524
0.0986882379361909,33.7887188782662,2.,0.0986882379361909,5.08,     1435P   1525
5.18,0.,0.,0.;                                                      1435P   1526
126,1,1,0,0,1,0,5.08,5.08,5.18,5.18,1.,1.,32.7887188782662,5.,      1437P   1527
0.0986882379361909,33.7887188782662,5.,0.0986882379361909,5.08,     1437P   1528
5.18,0.,0.,0.;                                                      1437P   1529
126,1,1,0,0,1,0,0.,0.,0.3,0.3,1.,1.,32.7887188782662,2.,            1439P   1530
0.0986882379361909,32.7887188782662,5.,0.0986882379361909,0.,       1439P   1531
0.3,0.,0.,0.;                                                       1439P   1532
126,1,1,0,0,1,0,0.,0.,0.54,0.54,1.,1.,32.7887188782662,2.,          1441P   1533
-5.30131176206381,32.7887188782662,2.,0.0986882379361909,0.,        1441P   1534
0.54,0.,0.,0.;                                                      1441P   1535
126,1,1,0,0,1,0,0.,0.,0.54,0.54,1.,1.,32.7887188782662,5.,          1443P   1536
-5.30131176206381,32.7887188782662,5.,0.0986882379361909,0.,        1443P   1537
0.54,0.,0.,0.;                                                      1443P   1538
126,1,1,0,0,1,0,0.,0.,0.3,0.3,1.,1.,32.7887188782662,2.,            1445P   1539
-5.30131176206381,32.7887188782662,5.,-5.30131176206381,0.,0.3,     1445P   1540
0.,0.,0.;                                                           1445P   1541
126,1,1,0,0,1,0,0.,0.,0.64,0.64,1.,1.,39.1887188782662,2.,          1447P   1542
-5.30131176206381,32.7887188782662,2.,-5.30131176206381,0.,0.64,    1447P   1543
0.,0.,0.;                                                           1447P   1544
126,1,1,0,0,1,0,0.,0.,0.64,0.64,1.,1.,39.1887188782662,5.,          1449P   1545
-5.30131176206381,32.7887188782662,5.,-5.30131176206381,0.,0.64,    1449P   1546
0.,0.,0.;                                                           1449P   1547
126,1,1,0,0,1,0,0.,0.,0.3,0.3,1.,1.,39.1887188782662,2.,            1451P   1548
-5.30131176206381,39.1887188782662,5.,-5.30131176206381,0.,0.3,     1451P   1549
0.,0.,0.;                                                           1451P   1550
126,1,1,0,0,1,0,1.38777878078145D-17,1.38777878078145D-17,0.54,     1453P   1551
0.54,1.,1.,39.1887188782662,2.,0.0986882379361909,                  1453P   1552
39.1887188782662,2.,-5.30131176206381,1.38777878078145D-17,0.54,    1453P   1553
0.,0.,0.;                                                           1453P   1554
126,1,1,0,0,1,0,1.38777878078145D-17,1.38777878078145D-17,0.54,     1455P   1555
0.54,1.,1.,39.1887188782662,5.,0.0986882379361909,                  1455P   1556
39.1887188782662,5.,-5.30131176206381,1.38777878078145D-17,0.54,    1455P   1557
0.,0.,0.;                                                           1455P   1558
126,1,1,0,0,1,0,0.,0.,0.3,0.3,1.,1.,39.1887188782662,2.,            1457P   1559
0.0986882379361909,39.1887188782662,5.,0.0986882379361909,0.,       1457P   1560
0.3,0.,0.,0.;                                                       1457P   1561
126,1,1,0,0,1,0,5.62,5.62,5.72,5.72,1.,1.,38.1887188782662,2.,      1459P   1562
0.0986882379361909,39.1887188782662,2.,0.0986882379361909,5.62,     1459P   1563
5.72,0.,0.,0.;                                                      1459P   1564
126,1,1,0,0,1,0,5.62,5.62,5.72,5.72,1.,1.,38.1887188782662,5.,      1461P   1565
0.0986882379361909,39.1887188782662,5.,0.0986882379361909,5.62,     1461P   1566
5.72,0.,0.,0.;                                                      1461P   1567
126,1,1,0,0,1,0,0.,0.,0.3,0.3,1.,1.,38.1887188782662,2.,            1463P   1568
0.0986882379361909,38.1887188782662,5.,0.0986882379361909,0.,       1463P   1569
0.3,0.,0.,0.;                                                       1463P   1570
126,1,1,0,0,1,0,4.85722573273506D-17,4.85722573273506D-17,0.44,     1465P   1571
0.44,1.,1.,38.1887188782662,2.,0.0986882379361909,                  1465P   1572
38.1887188782662,2.,-4.30131176206381,4.85722573273506D-17,0.44,    1465P   1573
0.,0.,0.;                                                           1465P   1574
126,1,1,0,0,1,0,-0.44,-0.44,-5.55111512312578D-17,                  1467P   1575
-5.55111512312578D-17,1.,1.,38.1887188782662,5.,                    1467P   1576
-4.30131176206381,38.1887188782662,5.,0.0986882379361909,-0.44,     1467P   1577
-5.55111512312578D-17,0.,0.,0.;                                     1467P   1578
126,1,1,0,0,1,0,0.,0.,0.44,0.44,1.,1.,-10.2112811217338,2.,         1469P   1579
-4.30131176206381,-5.81128112173379,2.,-4.30131176206381,0.,        1469P   1580
0.44,0.,0.,0.;                                                      1469P   1581
126,1,1,0,0,1,0,0.,0.,0.3,0.3,1.,1.,-5.81128112173379,2.,           1471P   1582
-4.30131176206381,-5.81128112173379,5.,-4.30131176206381,0.,0.3,    1471P   1583
0.,0.,0.;                                                           1471P   1584
126,1,1,0,0,1,0,-0.44,-0.44,0.,0.,1.,1.,-5.81128112173379,5.,       1473P   1585
-4.30131176206381,-10.2112811217338,5.,-4.30131176206381,-0.44,     1473P   1586
0.,0.,0.,0.;                                                        1473P   1587
126,1,1,0,0,1,0,0.,0.,0.3,0.3,1.,1.,-10.2112811217338,2.,           1475P   1588
-4.30131176206381,-10.2112811217338,5.,-4.30131176206381,0.,0.3,    1475P   1589
0.,0.,0.;                                                           1475P   1590
126,1,1,0,0,1,0,0.,0.,0.44,0.44,1.,1.,-5.81128112173379,2.,         1477P   1591
-4.30131176206381,-5.81128112173378,2.,0.0986882379361909,0.,       1477P   1592
0.44,0.,0.,0.;                                                      1477P   1593
126,1,1,0,0,1,0,0.,0.,0.3,0.3,1.,1.,-5.81128112173378,2.,           1479P   1594
0.0986882379361909,-5.81128112173378,5.,0.0986882379361909,0.,      1479P   1595
0.3,0.,0.,0.;                                                       1479P   1596
126,1,1,0,0,1,0,-0.44,-0.44,0.,0.,1.,1.,-5.81128112173378,5.,       1481P   1597
0.0986882379361909,-5.81128112173379,5.,-4.30131176206381,-0.44,    1481P   1598
0.,0.,0.,0.;                                                        1481P   1599
126,1,1,0,0,1,0,5.08,5.08,5.18,5.18,1.,1.,-4.81128112173378,2.,     1483P   1600
0.0986882379361909,-5.81128112173378,2.,0.0986882379361909,5.08,    1483P   1601
5.18,0.,0.,0.;                                                      1483P   1602
126,1,1,0,0,1,0,0.,0.,0.3,0.3,1.,1.,-4.81128112173378,2.,           1485P   1603
0.0986882379361909,-4.81128112173378,5.,0.0986882379361909,0.,      1485P   1604
0.3,0.,0.,0.;                                                       1485P   1605
126,1,1,0,0,1,0,5.08,5.08,5.18,5.18,1.,1.,-4.81128112173378,5.,     1487P   1606
0.0986882379361909,-5.81128112173378,5.,0.0986882379361909,5.08,    1487P   1607
5.18,0.,0.,0.;                                                      1487P   1608
126,1,1,0,0,1,0,0.,0.,0.54,0.54,1.,1.,-4.81128112173379,2.,         1489P   1609
-5.30131176206381,-4.81128112173379,2.,0.0986882379361909,0.,       1489P   1610
0.54,0.,0.,0.;                                                      1489P   1611
126,1,1,0,0,1,0,0.,0.,0.3,0.3,1.,1.,-4.81128112173379,2.,           1491P   1612
-5.30131176206381,-4.81128112173379,5.,-5.30131176206381,0.,0.3,    1491P   1613
0.,0.,0.;                                                           1491P   1614
126,1,1,0,0,1,0,0.,0.,0.54,0.54,1.,1.,-4.81128112173379,5.,         1493P   1615
-5.30131176206381,-4.81128112173379,5.,0.0986882379361909,0.,       1493P   1616
0.54,0.,0.,0.;                                                      1493P   1617
126,1,1,0,0,1,0,0.,0.,0.64,0.64,1.,1.,-11.2112811217338,2.,         1495P   1618
-5.30131176206381,-4.81128112173379,2.,-5.30131176206381,0.,        1495P   1619
0.64,0.,0.,0.;                                                      1495P   1620
126,1,1,0,0,1,0,0.,0.,0.3,0.3,1.,1.,-11.2112811217338,2.,           1497P   1621
-5.30131176206381,-11.2112811217338,5.,-5.30131176206381,0.,0.3,    1497P   1622
0.,0.,0.;                                                           1497P   1623
126,1,1,0,0,1,0,0.,0.,0.64,0.64,1.,1.,-11.2112811217338,5.,         1499P   1624
-5.30131176206381,-4.81128112173379,5.,-5.30131176206381,0.,        1499P   1625
0.64,0.,0.,0.;                                                      1499P   1626
126,1,1,0,0,1,0,1.38777878078145D-17,1.38777878078145D-17,0.54,     1501P   1627
0.54,1.,1.,-11.2112811217338,2.,0.0986882379361909,                 1501P   1628
-11.2112811217338,2.,-5.30131176206381,1.38777878078145D-17,        1501P   1629
0.54,0.,0.,0.;                                                      1501P   1630
126,1,1,0,0,1,0,0.,0.,0.3,0.3,1.,1.,-11.2112811217338,2.,           1503P   1631
0.0986882379361909,-11.2112811217338,5.,0.0986882379361909,0.,      1503P   1632
0.3,0.,0.,0.;                                                       1503P   1633
126,1,1,0,0,1,0,1.38777878078145D-17,1.38777878078145D-17,0.54,     1505P   1634
0.54,1.,1.,-11.2112811217338,5.,0.0986882379361909,                 1505P   1635
-11.2112811217338,5.,-5.30131176206381,1.38777878078145D-17,        1505P   1636
0.54,0.,0.,0.;                                                      1505P   1637
126,1,1,0,0,1,0,5.62,5.62,5.72,5.72,1.,1.,-10.2112811217338,2.,     1507P   1638
0.0986882379361909,-11.2112811217338,2.,0.0986882379361909,5.62,    1507P   1639
5.72,0.,0.,0.;                                                      1507P   1640
126,1,1,0,0,1,0,0.,0.,0.3,0.3,1.,1.,-10.2112811217338,2.,           1509P   1641
0.0986882379361909,-10.2112811217338,5.,0.0986882379361909,0.,      1509P   1642
0.3,0.,0.,0.;                                                       1509P   1643
126,1,1,0,0,1,0,5.62,5.62,5.72,5.72,1.,1.,-10.2112811217338,5.,     1511P   1644
0.0986882379361909,-11.2112811217338,5.,0.0986882379361909,5.62,    1511P   1645
5.72,0.,0.,0.;                                                      1511P   1646
126,1,1,0,0,1,0,4.85722573273506D-17,4.85722573273506D-17,0.44,     1513P   1647
0.44,1.,1.,-10.2112811217338,2.,0.0986882379361909,                 1513P   1648
-10.2112811217338,2.,-4.30131176206381,4.85722573273506D-17,        1513P   1649
0.44,0.,0.,0.;                                                      1513P   1650
126,1,1,0,0,1,0,-0.44,-0.44,-5.55111512312578D-17,                  1515P   1651
-5.55111512312578D-17,1.,1.,-10.2112811217338,5.,                   1515P   1652
-4.30131176206381,-10.2112811217338,5.,0.0986882379361909,-0.44,    1515P   1653
-5.55111512312578D-17,0.,0.,0.;                                     1515P   1654
126,1,1,0,0,1,0,0.,0.,0.44,0.44,1.,1.,38.1887188782662,2.,          1517P   1655
24.2486882379362,33.7887188782662,2.,24.2486882379362,0.,0.44,      1517P   1656
0.,0.,0.;                                                           1517P   1657
126,1,1,0,0,1,0,0.,0.,0.3,0.3,1.,1.,33.7887188782662,2.,            1519P   1658
24.2486882379362,33.7887188782662,5.,24.2486882379362,0.,0.3,0.,    1519P   1659
0.,0.;                                                              1519P   1660
126,1,1,0,0,1,0,-0.44,-0.44,0.,0.,1.,1.,33.7887188782662,5.,        1521P   1661
24.2486882379362,38.1887188782662,5.,24.2486882379362,-0.44,0.,     1521P   1662
0.,0.,0.;                                                           1521P   1663
126,1,1,0,0,1,0,0.,0.,0.3,0.3,1.,1.,38.1887188782662,2.,            1523P   1664
24.2486882379362,38.1887188782662,5.,24.2486882379362,0.,0.3,0.,    1523P   1665
0.,0.;                                                              1523P   1666
126,1,1,0,0,1,0,0.,0.,0.44,0.44,1.,1.,33.7887188782662,2.,          1525P   1667
24.2486882379362,33.7887188782662,2.,19.8486882379362,0.,0.44,      1525P   1668
0.,0.,0.;                                                           1525P   1669
126,1,1,0,0,1,0,0.,0.,0.3,0.3,1.,1.,33.7887188782662,2.,            1527P   1670
19.8486882379362,33.7887188782662,5.,19.8486882379362,0.,0.3,0.,    1527P   1671
0.,0.;                                                              1527P   1672
126,1,1,0,0,1,0,-0.44,-0.44,0.,0.,1.,1.,33.7887188782662,5.,        1529P   1673
19.8486882379362,33.7887188782662,5.,24.2486882379362,-0.44,0.,     1529P   1674
0.,0.,0.;                                                           1529P   1675
126,1,1,0,0,1,0,5.08,5.08,5.18,5.18,1.,1.,32.7887188782662,2.,      1531P   1676
19.8486882379362,33.7887188782662,2.,19.8486882379362,5.08,5.18,    1531P   1677
0.,0.,0.;                                                           1531P   1678
126,1,1,0,0,1,0,0.,0.,0.3,0.3,1.,1.,32.7887188782662,2.,            1533P   1679
19.8486882379362,32.7887188782662,5.,19.8486882379362,0.,0.3,0.,    1533P   1680
0.,0.;                                                              1533P   1681
126,1,1,0,0,1,0,5.08,5.08,5.18,5.18,1.,1.,32.7887188782662,5.,      1535P   1682
19.8486882379362,33.7887188782662,5.,19.8486882379362,5.08,5.18,    1535P   1683
0.,0.,0.;                                                           1535P   1684
126,1,1,0,0,1,0,0.,0.,0.54,0.54,1.,1.,32.7887188782662,2.,          1537P   1685
25.2486882379362,32.7887188782662,2.,19.8486882379362,0.,0.54,      1537P   1686
0.,0.,0.;                                                           1537P   1687
126,1,1,0,0,1,0,0.,0.,0.3,0.3,1.,1.,32.7887188782662,2.,            1539P   1688
25.2486882379362,32.7887188782662,5.,25.2486882379362,0.,0.3,0.,    1539P   1689
0.,0.;                                                              1539P   1690
126,1,1,0,0,1,0,0.,0.,0.54,0.54,1.,1.,32.7887188782662,5.,          1541P   1691
25.2486882379362,32.7887188782662,5.,19.8486882379362,0.,0.54,      1541P   1692
0.,0.,0.;                                                           1541P   1693
126,1,1,0,0,1,0,0.,0.,0.64,0.64,1.,1.,39.1887188782662,2.,          1543P   1694
25.2486882379362,32.7887188782662,2.,25.2486882379362,0.,0.64,      1543P   1695
0.,0.,0.;                                                           1543P   1696
126,1,1,0,0,1,0,0.,0.,0.3,0.3,1.,1.,39.1887188782662,2.,            1545P   1697
25.2486882379362,39.1887188782662,5.,25.2486882379362,0.,0.3,0.,    1545P   1698
0.,0.;                                                              1545P   1699
126,1,1,0,0,1,0,0.,0.,0.64,0.64,1.,1.,39.1887188782662,5.,          1547P   1700
25.2486882379362,32.7887188782662,5.,25.2486882379362,0.,0.64,      1547P   1701
0.,0.,0.;                                                           1547P   1702
126,1,1,0,0,1,0,1.38777878078145D-17,1.38777878078145D-17,0.54,     1549P   1703
0.54,1.,1.,39.1887188782662,2.,19.8486882379362,                    1549P   1704
39.1887188782662,2.,25.2486882379362,1.38777878078145D-17,0.54,     1549P   1705
0.,0.,0.;                                                           1549P   1706
126,1,1,0,0,1,0,0.,0.,0.3,0.3,1.,1.,39.1887188782662,2.,            1551P   1707
19.8486882379362,39.1887188782662,5.,19.8486882379362,0.,0.3,0.,    1551P   1708
0.,0.;                                                              1551P   1709
126,1,1,0,0,1,0,1.38777878078145D-17,1.38777878078145D-17,0.54,     1553P   1710
0.54,1.,1.,39.1887188782662,5.,19.8486882379362,                    1553P   1711
39.1887188782662,5.,25.2486882379362,1.38777878078145D-17,0.54,     1553P   1712
0.,0.,0.;                                                           1553P   1713
126,1,1,0,0,1,0,5.62,5.62,5.72,5.72,1.,1.,38.1887188782662,2.,      1555P   1714
19.8486882379362,39.1887188782662,2.,19.8486882379362,5.62,5.72,    1555P   1715
0.,0.,0.;                                                           1555P   1716
126,1,1,0,0,1,0,0.,0.,0.3,0.3,1.,1.,38.1887188782662,2.,            1557P   1717
19.8486882379362,38.1887188782662,5.,19.8486882379362,0.,0.3,0.,    1557P   1718
0.,0.;                                                              1557P   1719
126,1,1,0,0,1,0,5.62,5.62,5.72,5.72,1.,1.,38.1887188782662,5.,      1559P   1720
19.8486882379362,39.1887188782662,5.,19.8486882379362,5.62,5.72,    1559P   1721
0.,0.,0.;                                                           1559P   1722
126,1,1,0,0,1,0,4.85722573273506D-17,4.85722573273506D-17,0.44,     1561P   1723
0.44,1.,1.,38.1887188782662,2.,19.8486882379362,                    1561P   1724
38.1887188782662,2.,24.2486882379362,4.85722573273506D-17,0.44,     1561P   1725
0.,0.,0.;                                                           1561P   1726
126,1,1,0,0,1,0,-0.44,-0.44,-5.55111512312578D-17,                  1563P   1727
-5.55111512312578D-17,1.,1.,38.1887188782662,5.,                    1563P   1728
24.2486882379362,38.1887188782662,5.,19.8486882379362,-0.44,        1563P   1729
-5.55111512312578D-17,0.,0.,0.;                                     1563P   1730
126,1,1,0,0,1,0,0.,0.,0.44,0.44,1.,1.,-10.2112811217338,2.,         1565P   1731
24.2486882379362,-5.81128112173379,2.,24.2486882379362,0.,0.44,     1565P   1732
0.,0.,0.;                                                           1565P   1733
126,1,1,0,0,1,0,0.,0.,0.3,0.3,1.,1.,-10.2112811217338,2.,           1567P   1734
24.2486882379362,-10.2112811217338,5.,24.2486882379362,0.,0.3,      1567P   1735
0.,0.,0.;                                                           1567P   1736
126,1,1,0,0,1,0,-0.44,-0.44,0.,0.,1.,1.,-5.81128112173379,5.,       1569P   1737
24.2486882379362,-10.2112811217338,5.,24.2486882379362,-0.44,0.,    1569P   1738
0.,0.,0.;                                                           1569P   1739
126,1,1,0,0,1,0,0.,0.,0.3,0.3,1.,1.,-5.81128112173379,2.,           1571P   1740
24.2486882379362,-5.81128112173379,5.,24.2486882379362,0.,0.3,      1571P   1741
0.,0.,0.;                                                           1571P   1742
126,1,1,0,0,1,0,0.,0.,0.44,0.44,1.,1.,-5.81128112173379,2.,         1573P   1743
24.2486882379362,-5.81128112173378,2.,19.8486882379362,0.,0.44,     1573P   1744
0.,0.,0.;                                                           1573P   1745
126,1,1,0,0,1,0,-0.44,-0.44,0.,0.,1.,1.,-5.81128112173378,5.,       1575P   1746
19.8486882379362,-5.81128112173379,5.,24.2486882379362,-0.44,0.,    1575P   1747
0.,0.,0.;                                                           1575P   1748
126,1,1,0,0,1,0,0.,0.,0.3,0.3,1.,1.,-5.81128112173378,2.,           1577P   1749
19.8486882379362,-5.81128112173378,5.,19.8486882379362,0.,0.3,      1577P   1750
0.,0.,0.;                                                           1577P   1751
126,1,1,0,0,1,0,5.08,5.08,5.18,5.18,1.,1.,-4.81128112173378,2.,     1579P   1752
19.8486882379362,-5.81128112173378,2.,19.8486882379362,5.08,        1579P   1753
5.18,0.,0.,0.;                                                      1579P   1754
126,1,1,0,0,1,0,5.08,5.08,5.18,5.18,1.,1.,-4.81128112173378,5.,     1581P   1755
19.8486882379362,-5.81128112173378,5.,19.8486882379362,5.08,        1581P   1756
5.18,0.,0.,0.;                                                      1581P   1757
126,1,1,0,0,1,0,0.,0.,0.3,0.3,1.,1.,-4.81128112173378,2.,           1583P   1758
19.8486882379362,-4.81128112173378,5.,19.8486882379362,0.,0.3,      1583P   1759
0.,0.,0.;                                                           1583P   1760
126,1,1,0,0,1,0,0.,0.,0.54,0.54,1.,1.,-4.81128112173379,2.,         1585P   1761
25.2486882379362,-4.81128112173379,2.,19.8486882379362,0.,0.54,     1585P   1762
0.,0.,0.;                                                           1585P   1763
126,1,1,0,0,1,0,0.,0.,0.54,0.54,1.,1.,-4.81128112173379,5.,         1587P   1764
25.2486882379362,-4.81128112173379,5.,19.8486882379362,0.,0.54,     1587P   1765
0.,0.,0.;                                                           1587P   1766
126,1,1,0,0,1,0,0.,0.,0.3,0.3,1.,1.,-4.81128112173379,2.,           1589P   1767
25.2486882379362,-4.81128112173379,5.,25.2486882379362,0.,0.3,      1589P   1768
0.,0.,0.;                                                           1589P   1769
126,1,1,0,0,1,0,0.,0.,0.64,0.64,1.,1.,-11.2112811217338,2.,         1591P   1770
25.2486882379362,-4.81128112173379,2.,25.2486882379362,0.,0.64,     1591P   1771
0.,0.,0.;                                                           1591P   1772
126,1,1,0,0,1,0,0.,0.,0.64,0.64,1.,1.,-11.2112811217338,5.,         1593P   1773
25.2486882379362,-4.81128112173379,5.,25.2486882379362,0.,0.64,     1593P   1774
0.,0.,0.;                                                           1593P   1775
126,1,1,0,0,1,0,0.,0.,0.3,0.3,1.,1.,-11.2112811217338,2.,           1595P   1776
25.2486882379362,-11.2112811217338,5.,25.2486882379362,0.,0.3,      1595P   1777
0.,0.,0.;                                                           1595P   1778
126,1,1,0,0,1,0,1.38777878078145D-17,1.38777878078145D-17,0.54,     1597P   1779
0.54,1.,1.,-11.2112811217338,2.,19.8486882379362,                   1597P   1780
-11.2112811217338,2.,25.2486882379362,1.38777878078145D-17,0.54,    1597P   1781
0.,0.,0.;                                                           1597P   1782
126,1,1,0,0,1,0,1.38777878078145D-17,1.38777878078145D-17,0.54,     1599P   1783
0.54,1.,1.,-11.2112811217338,5.,19.8486882379362,                   1599P   1784
-11.2112811217338,5.,25.2486882379362,1.38777878078145D-17,0.54,    1599P   1785
0.,0.,0.;                                                           1599P   1786
126,1,1,0,0,1,0,0.,0.,0.3,0.3,1.,1.,-11.2112811217338,2.,           1601P   1787
19.8486882379362,-11.2112811217338,5.,19.8486882379362,0.,0.3,      1601P   1788
0.,0.,0.;                                                           1601P   1789
126,1,1,0,0,1,0,5.62,5.62,5.72,5.72,1.,1.,-10.2112811217338,2.,     1603P   1790
19.8486882379362,-11.2112811217338,2.,19.8486882379362,5.62,        1603P   1791
5.72,0.,0.,0.;                                                      1603P   1792
126,1,1,0,0,1,0,5.62,5.62,5.72,5.72,1.,1.,-10.2112811217338,5.,     1605P   1793
19.8486882379362,-11.2112811217338,5.,19.8486882379362,5.62,        1605P   1794
5.72,0.,0.,0.;                                                      1605P   1795
126,1,1,0,0,1,0,0.,0.,0.3,0.3,1.,1.,-10.2112811217338,2.,           1607P   1796
19.8486882379362,-10.2112811217338,5.,19.8486882379362,0.,0.3,      1607P   1797
0.,0.,0.;                                                           1607P   1798
126,1,1,0,0,1,0,4.85722573273506D-17,4.85722573273506D-17,0.44,     1609P   1799
0.44,1.,1.,-10.2112811217338,2.,19.8486882379362,                   1609P   1800
-10.2112811217338,2.,24.2486882379362,4.85722573273506D-17,0.44,    1609P   1801
0.,0.,0.;                                                           1609P   1802
126,1,1,0,0,1,0,-0.44,-0.44,-5.55111512312578D-17,                  1611P   1803
-5.55111512312578D-17,1.,1.,-10.2112811217338,5.,                   1611P   1804
24.2486882379362,-10.2112811217338,5.,19.8486882379362,-0.44,       1611P   1805
-5.55111512312578D-17,0.,0.,0.;                                     1611P   1806
128,1,1,1,1,0,0,1,0,0,-0.001,-0.001,1.636,1.636,-0.001,-0.001,      1613P   1807
0.201,0.201,1.,1.,1.,1.,67.5,40.01,3.01,67.5,23.64,3.01,67.5,       1613P   1808
40.01,0.99,67.5,23.64,0.99,-0.001,1.636,-0.001,0.201;               1613P   1809
128,1,1,1,1,0,0,1,0,0,-0.126,-0.126,0.126,0.126,-0.8185,-0.8185,    1615P   1810
0.8185,0.8185,1.,1.,1.,1.,67.49,23.64,1.,70.01,23.64,1.,67.49,      1615P   1811
40.01,1.,70.01,40.01,1.,-0.126,0.126,-0.8185,0.8185;                1615P   1812
128,1,1,1,1,0,0,1,0,0,-0.001,-0.001,1.636,1.636,-0.001,-0.001,      1617P   1813
0.201,0.201,1.,1.,1.,1.,11.9,23.64,3.01,11.9,40.01,3.01,11.9,       1617P   1814
23.64,0.99,11.9,40.01,0.99,-0.001,1.636,-0.001,0.201;               1617P   1815
128,1,1,1,1,0,0,1,0,0,-0.126,-0.126,0.126,0.126,-0.8185,-0.8185,    1619P   1816
0.8185,0.8185,1.,1.,1.,1.,9.39,23.64,1.,11.91,23.64,1.,9.39,        1619P   1817
40.01,1.,11.91,40.01,1.,-0.126,0.126,-0.8185,0.8185;                1619P   1818
128,1,1,1,1,0,0,1,0,0,0.459,0.459,2.781,2.781,-0.8185,-0.8185,      1621P   1819
0.8185,0.8185,1.,1.,1.,1.,44.29,23.64,3.,67.51,23.64,3.,44.29,      1621P   1820
40.01,3.,67.51,40.01,3.,0.459,2.781,-0.8185,0.8185;                 1621P   1821
128,1,1,1,1,0,0,1,0,0,-0.001,-0.001,6.061,6.061,-0.001,-0.001,      1623P   1822
0.301,0.301,1.,1.,1.,1.,9.39,23.65,-0.01,70.01,23.65,-0.01,9.39,    1623P   1823
23.65,3.01,70.01,23.65,3.01,-0.001,6.061,-0.001,0.301;              1623P   1824
128,1,1,1,1,0,0,1,0,0,-0.001,-0.001,1.636,1.636,-0.001,-0.001,      1625P   1825
0.101,0.101,1.,1.,1.,1.,9.4,40.01,-0.01,9.4,23.64,-0.01,9.4,        1625P   1826
40.01,1.01,9.4,23.64,1.01,-0.001,1.636,-0.001,0.101;                1625P   1827
128,1,1,1,1,0,0,1,0,0,-0.001,-0.001,0.201,0.201,-0.001,-0.001,      1627P   1828
0.175771780286589,0.175771780286589,1.,1.,1.,1.,35.1,40.01,0.99,    1627P   1829
35.1,40.01,3.01,35.1,38.2422821971341,0.99,35.1,                    1627P   1830
38.2422821971341,3.01,-0.001,0.201,-0.001,0.175771780286589;        1627P   1831
128,1,1,1,1,0,0,1,0,0,-0.001,-0.001,0.201,0.201,-0.001,-0.001,      1629P   1832
0.175771780286587,0.175771780286587,1.,1.,1.,1.,44.3,40.01,3.01,    1629P   1833
44.3,40.01,0.99,44.3,38.2422821971341,3.01,44.3,                    1629P   1834
38.2422821971341,0.99,-0.001,0.201,-0.001,0.175771780286587;        1629P   1835
128,1,1,1,1,0,0,1,0,0,-0.001,-0.001,0.201,0.201,                    1631P   1836
1.45922821971341,1.45922821971341,1.636,1.636,1.,1.,1.,1.,35.1,     1631P   1837
25.4077178028659,0.99,35.1,25.4077178028659,3.01,35.1,23.64,        1631P   1838
0.99,35.1,23.64,3.01,-0.001,0.201,1.45922821971341,1.636;           1631P   1839
128,1,1,1,1,0,0,1,0,0,-0.001,-0.001,0.201,0.201,                    1633P   1840
1.45922821971342,1.45922821971342,1.636,1.636,1.,1.,1.,1.,44.3,     1633P   1841
25.4077178028658,3.01,44.3,25.4077178028658,0.99,44.3,23.64,        1633P   1842
3.01,44.3,23.64,0.99,-0.001,0.201,1.45922821971342,1.636;           1633P   1843
128,1,1,1,1,0,0,1,0,0,-0.001,-0.001,0.121,0.121,-0.001,-0.001,      1635P   1844
1.636,1.636,1.,1.,1.,1.,21.3,40.01,2.11,21.3,40.01,0.89,21.3,       1635P   1845
23.64,2.11,21.3,23.64,0.89,-0.001,0.121,-0.001,1.636;               1635P   1846
128,1,1,1,1,0,0,1,0,0,-0.001,-0.001,0.321,0.321,-0.001,-0.001,      1637P   1847
1.636,1.636,1.,1.,1.,1.,21.31,40.01,0.9,18.09,40.01,0.9,21.31,      1637P   1848
23.64,0.9,18.09,23.64,0.9,-0.001,0.321,-0.001,1.636;                1637P   1849
128,1,1,1,1,0,0,1,0,0,-0.001,-0.001,0.121,0.121,-0.001,-0.001,      1639P   1850
1.636,1.636,1.,1.,1.,1.,18.1,40.01,0.89,18.1,40.01,2.11,18.1,       1639P   1851
23.64,0.89,18.1,23.64,2.11,-0.001,0.121,-0.001,1.636;               1639P   1852
128,1,1,1,1,0,0,1,0,0,-0.001,-0.001,0.321,0.321,-0.001,-0.001,      1641P   1853
1.636,1.636,1.,1.,1.,1.,18.09,40.01,2.1,21.31,40.01,2.1,18.09,      1641P   1854
23.64,2.1,21.31,23.64,2.1,-0.001,0.321,-0.001,1.636;                1641P   1855
128,1,1,1,1,0,0,1,0,0,-0.001,-0.001,0.321,0.321,-0.001,-0.001,      1643P   1856
1.636,1.636,1.,1.,1.,1.,61.31,40.01,0.9,58.09,40.01,0.9,61.31,      1643P   1857
23.64,0.9,58.09,23.64,0.9,-0.001,0.321,-0.001,1.636;                1643P   1858
128,1,1,1,1,0,0,1,0,0,-0.001,-0.001,0.121,0.121,-0.001,-0.001,      1645P   1859
1.636,1.636,1.,1.,1.,1.,58.1,40.01,0.89,58.1,40.01,2.11,58.1,       1645P   1860
23.64,0.89,58.1,23.64,2.11,-0.001,0.121,-0.001,1.636;               1645P   1861
128,1,1,1,1,0,0,1,0,0,-0.001,-0.001,0.321,0.321,-0.001,-0.001,      1647P   1862
1.636,1.636,1.,1.,1.,1.,58.09,40.01,2.1,61.31,40.01,2.1,58.09,      1647P   1863
23.64,2.1,61.31,23.64,2.1,-0.001,0.321,-0.001,1.636;                1647P   1864
128,1,1,1,1,0,0,1,0,0,-0.001,-0.001,0.121,0.121,-0.001,-0.001,      1649P   1865
1.636,1.636,1.,1.,1.,1.,61.3,40.01,2.11,61.3,40.01,0.89,61.3,       1649P   1866
23.64,2.11,61.3,23.64,0.89,-0.001,0.121,-0.001,1.636;               1649P   1867
128,1,2,1,2,0,0,0,0,0,0.,0.,1.33333333333333,1.33333333333333,      1651P   1868
-1.3879676100508,-1.3879676100508,-1.3879676100508,0.,0.,0.,1.,     1651P   1869
1.,0.768704061579377,0.768704061579377,1.,1.,35.1,                  1651P   1870
38.2522821971341,1.,35.1,38.2522821971341,3.,34.8730835903059,      1651P   1871
37.025,1.,34.8730835903059,37.025,3.,33.625,37.025,1.,33.625,       1651P   1872
37.025,3.,0.,1.33333333333333,-1.3879676100508,0.;                  1651P   1873
128,1,2,1,2,0,0,0,0,0,0.,0.,1.33333333333333,1.33333333333333,      1653P   1874
-1.5707963267949,-1.5707963267949,-1.5707963267949,                 1653P   1875
-0.182828716744077,-0.182828716744077,-0.182828716744077,1.,1.,     1653P   1876
0.768704061579372,0.768704061579372,1.,1.,45.775,37.025,1.,         1653P   1877
45.775,37.025,3.,44.5269164096941,37.025,1.,44.5269164096941,       1653P   1878
37.025,3.,44.3,38.2522821971341,1.,44.3,38.2522821971341,3.,0.,     1653P   1879
1.33333333333333,-1.5707963267949,-0.182828716744077;               1653P   1880
128,1,1,1,1,0,0,1,0,0,-1.0835,-1.0835,0.783500000000001,            1655P   1881
0.783500000000001,-0.8185,-0.8185,0.8185,0.8185,1.,1.,1.,1.,        1655P   1882
50.535,40.01,1.,31.865,40.01,1.,50.535,23.64,1.,31.865,23.64,1.,    1655P   1883
-1.0835,0.783500000000001,-0.8185,0.8185;                           1655P   1884
128,1,1,1,1,0,0,1,0,0,-0.001,-0.001,6.061,6.061,-0.001,-0.001,      1657P   1885
0.301,0.301,1.,1.,1.,1.,70.01,40.,-0.01,9.38999999999999,40.,       1657P   1886
-0.01,70.01,40.,3.01,9.38999999999999,40.,3.01,-0.001,6.061,        1657P   1887
-0.001,0.301;                                                       1657P   1888
128,1,1,1,1,0,0,1,0,0,-0.151,-0.151,0.151,0.151,-0.65225,           1659P   1889
-0.65225,-0.38775,-0.38775,1.,1.,1.,1.,28.865,39.66,1.,31.885,      1659P   1890
39.66,1.,28.865,37.015,1.,31.885,37.015,1.,-0.151,0.151,            1659P   1891
-0.65225,-0.38775;                                                  1659P   1892
128,1,1,1,1,0,0,1,0,0,-0.001,-0.001,0.301,0.301,-0.001,-0.001,      1661P   1893
0.101,0.101,1.,1.,1.,1.,31.885,39.65,1.01,28.865,39.65,1.01,        1661P   1894
31.885,39.65,-0.01,28.865,39.65,-0.01,-0.001,0.301,-0.001,0.101;    1661P   1895
128,1,1,1,1,0,0,1,0,0,-0.001,-0.001,1.3035,1.3035,-0.001,-0.001,    1663P   1896
0.101,0.101,1.,1.,1.,1.,31.875,26.615,1.01,31.875,39.66,1.01,       1663P   1897
31.875,26.615,-0.01,31.875,39.66,-0.01,-0.001,1.3035,-0.001,        1663P   1898
0.101;                                                              1663P   1899
128,1,1,1,1,0,0,1,0,0,-0.001,-0.001,0.476000000000001,              1665P   1900
0.476000000000001,-0.001,-0.001,0.201,0.201,1.,1.,1.,1.,33.635,     1665P   1901
37.025,3.01,28.865,37.025,3.01,33.635,37.025,0.99,28.865,37.025,    1665P   1902
0.99,-0.001,0.476000000000001,-0.001,0.201;                         1665P   1903
128,1,1,1,1,0,0,1,0,0,-0.001,-0.001,1.3035,1.3035,-0.001,-0.001,    1667P   1904
0.301,0.301,1.,1.,1.,1.,28.875,39.66,3.01,28.875,26.615,3.01,       1667P   1905
28.875,39.66,-0.01,28.875,26.615,-0.01,-0.001,1.3035,-0.001,        1667P   1906
0.301;                                                              1667P   1907
128,1,1,1,1,0,0,1,0,0,-0.001,-0.001,0.476,0.476,-0.001,-0.001,      1669P   1908
0.301,0.301,1.,1.,1.,1.,28.865,26.625,3.01,33.635,26.625,3.01,      1669P   1909
28.865,26.625,-0.01,33.635,26.625,-0.01,-0.001,0.476,-0.001,        1669P   1910
0.301;                                                              1669P   1911
128,1,2,1,2,0,0,0,0,0,0.,0.,1.33333333333333,1.33333333333333,      1671P   1912
-1.5707963267949,-1.5707963267949,-1.5707963267949,                 1671P   1913
-0.182828716744077,-0.182828716744077,-0.182828716744077,1.,1.,     1671P   1914
0.768704061579372,0.768704061579372,1.,1.,33.625,26.625,1.,         1671P   1915
33.625,26.625,3.,34.8730835903059,26.625,1.,34.8730835903059,       1671P   1916
26.625,3.,35.1,25.3977178028659,1.,35.1,25.3977178028659,3.,0.,     1671P   1917
1.33333333333333,-1.5707963267949,-0.182828716744077;               1671P   1918
128,1,2,1,2,0,0,0,0,0,0.,0.,1.33333333333333,1.33333333333333,      1673P   1919
-1.38796761005084,-1.38796761005084,-1.38796761005084,0.,0.,0.,     1673P   1920
1.,1.,0.768704061579366,0.768704061579366,1.,1.,44.3,               1673P   1921
25.3977178028658,1.,44.3,25.3977178028658,3.,44.5269164096941,      1673P   1922
26.625,1.,44.5269164096941,26.625,3.,45.775,26.625,1.,45.775,       1673P   1923
26.625,3.,0.,1.33333333333333,-1.38796761005084,0.;                 1673P   1924
128,1,1,1,1,0,0,1,0,0,-0.001,-0.001,0.476,0.476,-0.001,-0.001,      1675P   1925
0.201,0.201,1.,1.,1.,1.,45.765,26.625,3.01,50.535,26.625,3.01,      1675P   1926
45.765,26.625,0.99,50.535,26.625,0.99,-0.001,0.476,-0.001,0.201;    1675P   1927
128,1,1,1,1,0,0,1,0,0,-0.001,-0.001,1.041,1.041,-0.001,-0.001,      1677P   1928
0.201,0.201,1.,1.,1.,1.,50.525,26.615,3.01,50.525,37.035,3.01,      1677P   1929
50.525,26.615,0.99,50.525,37.035,0.99,-0.001,1.041,-0.001,0.201;    1677P   1930
128,1,1,1,1,0,0,1,0,0,-0.001,-0.001,0.476,0.476,-0.001,-0.001,      1679P   1931
0.201,0.201,1.,1.,1.,1.,50.535,37.025,3.01,45.765,37.025,3.01,      1679P   1932
50.535,37.025,0.99,45.765,37.025,0.99,-0.001,0.476,-0.001,0.201;    1679P   1933
128,1,1,1,1,0,0,1,0,0,-0.001,-0.001,1.636,1.636,-0.001,-0.001,      1681P   1934
0.101,0.101,1.,1.,1.,1.,70.,23.64,-0.01,70.,40.01,-0.01,70.,        1681P   1935
23.64,1.01,70.,40.01,1.01,-0.001,1.636,-0.001,0.101;                1681P   1936
128,1,1,1,1,0,0,1,0,0,-2.781,-2.781,-0.459,-0.459,-0.8185,          1683P   1937
-0.8185,0.8185,0.8185,1.,1.,1.,1.,11.89,23.64,3.,35.11,23.64,3.,    1683P   1938
11.89,40.01,3.,35.11,40.01,3.,-2.781,-0.459,-0.8185,0.8185;         1683P   1939
128,1,1,1,1,0,0,1,0,0,-3.031,-3.031,3.031,3.031,-0.8185,-0.8185,    1685P   1940
0.8185,0.8185,1.,1.,1.,1.,70.01,23.64,0.,9.39,23.64,0.,70.01,       1685P   1941
40.01,0.,9.39,40.01,0.,-3.031,3.031,-0.8185,0.8185;                 1685P   1942
128,1,2,1,2,0,0,0,0,0,-4.9375,-4.9375,14.8125,14.8125,              1687P   1943
-0.785398163397448,-0.785398163397448,-0.785398163397448,           1687P   1944
0.785398163397448,0.785398163397448,0.785398163397448,1.,1.,        1687P   1945
0.707106781186548,0.707106781186548,1.,1.,-17.0112811217338,13.,    1687P   1946
19.8486882379362,-17.0112811217338,13.,0.0986882379361909,          1687P   1947
-18.0112811217338,13.,19.8486882379362,-18.0112811217338,13.,       1687P   1948
0.0986882379361909,-18.0112811217338,12.,19.8486882379362,          1687P   1949
-18.0112811217338,12.,0.0986882379361909,-4.9375,14.8125,           1687P   1950
-0.785398163397448,0.785398163397448;                               1687P   1951
128,1,1,1,1,0,0,1,0,0,-0.001,-0.001,6.401,6.401,-0.001,-0.001,      1689P   1952
1.301,1.301,1.,1.,1.,1.,45.9987188782662,-0.01,                     1689P   1953
0.0986882379361909,-18.0212811217338,-0.01,0.0986882379361909,      1689P   1954
45.9987188782662,13.01,0.0986882379361909,-18.0212811217338,        1689P   1955
13.01,0.0986882379361909,-0.001,6.401,-0.001,1.301;                 1689P   1956
128,1,1,1,1,0,0,1,0,0,-0.9885,-0.9885,0.9885,0.9885,-3.101,         1691P   1957
-3.101,3.101,3.101,1.,1.,1.,1.,-17.0212811217338,13.,               1691P   1958
0.0886882379361909,-17.0212811217338,13.,19.8586882379362,          1691P   1959
44.9987188782662,13.,0.0886882379361909,44.9987188782662,13.,       1691P   1960
19.8586882379362,-0.9885,0.9885,-3.101,3.101;                       1691P   1961
128,1,2,1,2,0,0,0,0,0,-4.9375,-4.9375,14.8125,14.8125,              1693P   1962
-0.785398163397446,-0.785398163397446,-0.785398163397446,           1693P   1963
0.785398163397451,0.785398163397451,0.785398163397451,1.,1.,        1693P   1964
0.707106781186548,0.707106781186548,1.,1.,44.9887188782662,13.,     1693P   1965
0.0986882379361909,44.9887188782662,13.,19.8486882379362,           1693P   1966
45.9887188782662,13.,0.0986882379361909,45.9887188782662,13.,       1693P   1967
19.8486882379362,45.9887188782662,12.,0.0986882379361909,           1693P   1968
45.9887188782662,12.,19.8486882379362,-4.9375,14.8125,              1693P   1969
-0.785398163397446,0.785398163397451;                               1693P   1970
128,1,1,1,1,0,0,1,0,0,-0.001,-0.001,0.151,0.151,                    1695P   1971
-0.00100000000000011,-0.00100000000000011,1.976,1.976,1.,1.,1.,     1695P   1972
1.,44.4787188782662,4.3,0.0886882379361897,45.9987188782662,4.3,    1695P   1973
0.0886882379361897,44.4787188782662,4.3,19.8586882379362,           1695P   1974
45.9987188782662,4.3,19.8586882379362,-0.001,0.151,                 1695P   1975
-0.00100000000000011,1.976;                                         1695P   1976
128,1,1,1,1,0,0,1,0,0,-0.001,-0.001,0.251,0.251,-0.001,-0.001,      1697P   1977
0.151,0.151,1.,1.,1.,1.,41.9787188782662,6.3,0.0886882379361909,    1697P   1978
44.4987188782662,6.3,0.0886882379361909,41.9787188782662,6.3,       1697P   1979
1.60868823793619,44.4987188782662,6.3,1.60868823793619,-0.001,      1697P   1980
0.251,-0.001,0.151;                                                 1697P   1981
128,1,1,1,1,0,0,1,0,0,-0.001,-0.001,0.251,0.251,1.824,1.824,        1699P   1982
1.976,1.976,1.,1.,1.,1.,41.9787188782662,6.3,18.3386882379362,      1699P   1983
44.4987188782662,6.3,18.3386882379362,41.9787188782662,6.3,         1699P   1984
19.8586882379362,44.4987188782662,6.3,19.8586882379362,-0.001,      1699P   1985
0.251,1.824,1.976;                                                  1699P   1986
128,1,1,1,1,0,0,1,0,0,-0.001,-0.001,0.301,0.301,-0.001,-0.001,      1701P   1987
0.151,0.151,1.,1.,1.,1.,41.9887188782662,3.29,                      1701P   1988
0.0886882379361909,41.9887188782662,6.31,0.0886882379361909,        1701P   1989
41.9887188782662,3.29,1.60868823793619,41.9887188782662,6.31,       1701P   1990
1.60868823793619,-0.001,0.301,-0.001,0.151;                         1701P   1991
128,1,1,1,1,0,0,1,0,0,-0.001,-0.001,0.401,0.401,-0.001,-0.001,      1703P   1992
1.976,1.976,1.,1.,1.,1.,45.9987188782662,3.3,0.0886882379361909,    1703P   1993
41.9787188782662,3.3,0.0886882379361909,45.9987188782662,3.3,       1703P   1994
19.8586882379362,41.9787188782662,3.3,19.8586882379362,-0.001,      1703P   1995
0.401,-0.001,1.976;                                                 1703P   1996
128,1,1,1,1,0,0,1,0,0,-0.001,-0.001,0.301,0.301,1.824,1.824,        1705P   1997
1.976,1.976,1.,1.,1.,1.,41.9887188782662,3.29,18.3386882379362,     1705P   1998
41.9887188782662,6.31,18.3386882379362,41.9887188782662,3.29,       1705P   1999
19.8586882379362,41.9887188782662,6.31,19.8586882379362,-0.001,     1705P   2000
0.301,1.824,1.976;                                                  1705P   2001
128,1,1,1,1,0,0,1,0,0,-0.001,-0.001,0.251,0.251,1.824,1.824,        1707P   2002
1.976,1.976,1.,1.,1.,1.,-16.5212811217338,6.3,18.3386882379362,     1707P   2003
-14.0012811217338,6.3,18.3386882379362,-16.5212811217338,6.3,       1707P   2004
19.8586882379362,-14.0012811217338,6.3,19.8586882379362,-0.001,     1707P   2005
0.251,1.824,1.976;                                                  1707P   2006
128,1,1,1,1,0,0,1,0,0,-0.001,-0.001,0.301,0.301,1.824,1.824,        1709P   2007
1.976,1.976,1.,1.,1.,1.,-14.0112811217338,6.31,18.3386882379362,    1709P   2008
-14.0112811217338,3.29,18.3386882379362,-14.0112811217338,6.31,     1709P   2009
19.8586882379362,-14.0112811217338,3.29,19.8586882379362,-0.001,    1709P   2010
0.301,1.824,1.976;                                                  1709P   2011
128,1,1,1,1,0,0,1,0,0,-0.001,-0.001,0.401,0.401,-0.001,-0.001,      1711P   2012
1.976,1.976,1.,1.,1.,1.,-14.0012811217338,3.3,                      1711P   2013
0.0886882379361909,-18.0212811217338,3.3,0.0886882379361909,        1711P   2014
-14.0012811217338,3.3,19.8586882379362,-18.0212811217338,3.3,       1711P   2015
19.8586882379362,-0.001,0.401,-0.001,1.976;                         1711P   2016
128,1,1,1,1,0,0,1,0,0,-0.001,-0.001,0.151,0.151,-0.001,-0.001,      1713P   2017
1.976,1.976,1.,1.,1.,1.,-18.0212811217338,4.3,                      1713P   2018
0.0886882379361909,-16.5012811217338,4.3,0.0886882379361909,        1713P   2019
-18.0212811217338,4.3,19.8586882379362,-16.5012811217338,4.3,       1713P   2020
19.8586882379362,-0.001,0.151,-0.001,1.976;                         1713P   2021
128,1,1,1,1,0,0,1,0,0,-0.001,-0.001,0.251,0.251,-0.001,-0.001,      1715P   2022
0.151,0.151,1.,1.,1.,1.,-16.5212811217338,6.3,                      1715P   2023
0.0886882379361909,-14.0012811217338,6.3,0.0886882379361909,        1715P   2024
-16.5212811217338,6.3,1.60868823793619,-14.0012811217338,6.3,       1715P   2025
1.60868823793619,-0.001,0.251,-0.001,0.151;                         1715P   2026
128,1,1,1,1,0,0,1,0,0,-0.001,-0.001,0.301,0.301,-0.001,-0.001,      1717P   2027
0.151,0.151,1.,1.,1.,1.,-14.0112811217338,6.31,                     1717P   2028
0.0886882379361909,-14.0112811217338,3.29,0.0886882379361909,       1717P   2029
-14.0112811217338,6.31,1.60868823793619,-14.0112811217338,3.29,     1717P   2030
1.60868823793619,-0.001,0.301,-0.001,0.151;                         1717P   2031
128,1,1,1,1,0,0,1,0,0,-0.001,-0.001,1.976,1.976,-0.001,-0.001,      1719P   2032
0.331,0.331,1.,1.,1.,1.,45.9887188782662,-0.01,19.8586882379362,    1719P   2033
45.9887188782662,-0.01,0.088688237936192,45.9887188782662,3.31,     1719P   2034
19.8586882379362,45.9887188782662,3.31,0.088688237936192,-0.001,    1719P   2035
1.976,-0.001,0.331;                                                 1719P   2036
128,1,1,1,1,0,0,1,0,0,-0.001,-0.001,1.976,1.976,0.429,0.429,        1721P   2037
1.241,1.241,1.,1.,1.,1.,44.4887188782662,4.29,0.088688237936192,    1721P   2038
44.4887188782662,4.29,19.8586882379362,44.4887188782662,12.41,      1721P   2039
0.088688237936192,44.4887188782662,12.41,19.8586882379362,          1721P   2040
-0.001,1.976,0.429,1.241;                                           1721P   2041
128,1,1,1,1,0,0,1,0,0,0.149,0.149,1.826,1.826,0.239,0.239,0.331,    1723P   2042
0.331,1.,1.,1.,1.,44.4887188782662,2.39,1.58868823793619,           1723P   2043
44.4887188782662,2.39,18.3586882379362,44.4887188782662,3.31,       1723P   2044
1.58868823793619,44.4887188782662,3.31,18.3586882379362,0.149,      1723P   2045
1.826,0.239,0.331;                                                  1723P   2046
128,1,1,1,1,0,0,1,0,0,0.149,0.149,6.251,6.251,0.239,0.239,1.241,    1725P   2047
1.241,1.,1.,1.,1.,44.4987188782662,2.39,18.3486882379362,           1725P   2048
-16.5212811217338,2.39,18.3486882379362,44.4987188782662,12.41,     1725P   2049
18.3486882379362,-16.5212811217338,12.41,18.3486882379362,0.149,    1725P   2050
6.251,0.239,1.241;                                                  1725P   2051
128,1,1,1,1,0,0,1,0,0,-0.001,-0.001,1.976,1.976,0.429,0.429,        1727P   2052
1.241,1.241,1.,1.,1.,1.,-16.5112811217338,4.29,19.8586882379362,    1727P   2053
-16.5112811217338,4.29,0.0886882379361909,-16.5112811217338,        1727P   2054
12.41,19.8586882379362,-16.5112811217338,12.41,                     1727P   2055
0.0886882379361909,-0.001,1.976,0.429,1.241;                        1727P   2056
128,1,1,1,1,0,0,1,0,0,0.149,0.149,1.826,1.826,0.239,0.239,0.331,    1729P   2057
0.331,1.,1.,1.,1.,-16.5112811217338,2.39,18.3586882379362,          1729P   2058
-16.5112811217338,2.39,1.58868823793619,-16.5112811217338,3.31,     1729P   2059
18.3586882379362,-16.5112811217338,3.31,1.58868823793619,0.149,     1729P   2060
1.826,0.239,0.331;                                                  1729P   2061
128,1,1,1,1,0,0,1,0,0,-0.001,-0.001,6.401,6.401,-0.001,-0.001,      1731P   2062
1.301,1.301,1.,1.,1.,1.,-18.0212811217338,-0.01,                    1731P   2063
19.8486882379362,45.9987188782662,-0.01,19.8486882379362,           1731P   2064
-18.0212811217338,13.01,19.8486882379362,45.9987188782662,13.01,    1731P   2065
19.8486882379362,-0.001,6.401,-0.001,1.301;                         1731P   2066
128,1,1,1,1,0,0,1,0,0,-0.001,-0.001,1.976,1.976,-0.001,-0.001,      1733P   2067
0.331,0.331,1.,1.,1.,1.,-18.0112811217338,-0.01,                    1733P   2068
0.0886882379361909,-18.0112811217338,-0.01,19.8586882379362,        1733P   2069
-18.0112811217338,3.31,0.0886882379361909,-18.0112811217338,        1733P   2070
3.31,19.8586882379362,-0.001,1.976,-0.001,0.331;                    1733P   2071
128,1,1,1,1,0,0,1,0,0,-0.001,-0.001,1.816,1.816,-0.001,-0.001,      1735P   2072
6.321,6.321,1.,1.,1.,1.,45.9987188782662,1.,19.0586882379362,       1735P   2073
45.9987188782662,1.,0.888688237936191,-17.2212811217338,1.,         1735P   2074
19.0586882379362,-17.2212811217338,1.,0.888688237936191,-0.001,     1735P   2075
1.816,-0.001,6.321;                                                 1735P   2076
128,1,1,1,1,0,0,1,0,0,-3.201,-3.201,3.201,3.201,-0.9885,-0.9885,    1737P   2077
0.9885,0.9885,1.,1.,1.,1.,45.9987188782662,0.,19.8586882379362,     1737P   2078
-18.0212811217338,0.,19.8586882379362,45.9987188782662,0.,          1737P   2079
0.088688237936192,-18.0212811217338,0.,0.0886882379361909,          1737P   2080
-3.201,3.201,-0.9885,0.9885;                                        1737P   2081
128,1,1,1,1,0,0,1,0,0,-0.001,-0.001,1.976,1.976,0.429,0.429,        1739P   2082
1.201,1.201,1.,1.,1.,1.,45.9887188782662,4.29,19.8586882379362,     1739P   2083
45.9887188782662,4.29,0.088688237936192,45.9887188782662,12.01,     1739P   2084
19.8586882379362,45.9887188782662,12.01,0.088688237936192,          1739P   2085
-0.001,1.976,0.429,1.201;                                           1739P   2086
128,1,1,1,1,0,0,1,0,0,-0.001,-0.001,1.816,1.816,-0.001,-0.001,      1741P   2087
6.321,6.321,1.,1.,1.,1.,45.9987188782662,2.4,0.888688237936193,     1741P   2088
45.9987188782662,2.4,19.0586882379362,-17.2212811217338,2.4,        1741P   2089
0.888688237936193,-17.2212811217338,2.4,19.0586882379362,-0.001,    1741P   2090
1.816,-0.001,6.321;                                                 1741P   2091
128,1,1,1,1,0,0,1,0,0,-0.00100000000000001,-0.00100000000000001,    1743P   2092
0.141,0.141,-0.001,-0.001,6.321,6.321,1.,1.,1.,1.,                  1743P   2093
45.9987188782662,2.41,19.0486882379362,45.9987188782662,0.99,       1743P   2094
19.0486882379362,-17.2212811217338,2.41,19.0486882379362,           1743P   2095
-17.2212811217338,0.99,19.0486882379362,-0.00100000000000001,       1743P   2096
0.141,-0.001,6.321;                                                 1743P   2097
128,1,1,1,1,0,0,1,0,0,-0.001,-0.001,0.141,0.141,-0.001,-0.001,      1745P   2098
6.321,6.321,1.,1.,1.,1.,45.9987188782662,0.99,0.898688237936191,    1745P   2099
45.9987188782662,2.41,0.898688237936191,-17.2212811217338,0.99,     1745P   2100
0.898688237936191,-17.2212811217338,2.41,0.898688237936191,         1745P   2101
-0.001,0.141,-0.001,6.321;                                          1745P   2102
128,1,1,1,1,0,0,1,0,0,-0.9085,-0.9085,0.9085,0.9085,-0.071,         1747P   2103
-0.071,0.071,0.071,1.,1.,1.,1.,-17.2112811217338,0.99,              1747P   2104
19.0586882379362,-17.2112811217338,0.99,0.888688237936192,          1747P   2105
-17.2112811217338,2.41,19.0586882379362,-17.2112811217338,2.41,     1747P   2106
0.888688237936192,-0.9085,0.9085,-0.071,0.071;                      1747P   2107
128,1,1,1,1,0,0,1,0,0,0.148999999999999,0.148999999999999,6.401,    1749P   2108
6.401,-0.001,-0.001,0.101,0.101,1.,1.,1.,1.,45.9987188782662,       1749P   2109
-0.01,18.3486882379362,-16.5212811217338,-0.01,18.3486882379362,    1749P   2110
45.9987188782662,1.01,18.3486882379362,-16.5212811217338,1.01,      1749P   2111
18.3486882379362,0.148999999999999,6.401,-0.001,0.101;              1749P   2112
128,1,1,1,1,0,0,1,0,0,-0.001,-0.001,6.251,6.251,-0.001,-0.001,      1751P   2113
0.101,0.101,1.,1.,1.,1.,-16.5212811217338,-0.01,                    1751P   2114
1.59868823793619,45.9987188782662,-0.01,1.59868823793619,           1751P   2115
-16.5212811217338,1.01,1.59868823793619,45.9987188782662,1.01,      1751P   2116
1.59868823793619,-0.001,6.251,-0.001,0.101;                         1751P   2117
128,1,1,1,1,0,0,1,0,0,0.149,0.149,1.826,1.826,-0.001,-0.001,        1753P   2118
0.101,0.101,1.,1.,1.,1.,-16.5112811217338,-0.01,                    1753P   2119
18.3586882379362,-16.5112811217338,-0.01,1.58868823793619,          1753P   2120
-16.5112811217338,1.01,18.3586882379362,-16.5112811217338,1.01,     1753P   2121
1.58868823793619,0.149,1.826,-0.001,0.101;                          1753P   2122
128,1,1,1,1,0,0,1,0,0,-0.001,-0.001,0.121,0.121,-0.001,-0.001,      1755P   2123
0.151,0.151,1.,1.,1.,1.,-7.61128112173378,6.41,1.60868823793619,    1755P   2124
-7.61128112173378,5.19,1.60868823793619,-7.61128112173378,6.41,     1755P   2125
0.0886882379361909,-7.61128112173378,5.19,0.0886882379361909,       1755P   2126
-0.001,0.121,-0.001,0.151;                                          1755P   2127
128,1,1,1,1,0,0,1,0,0,-0.001,-0.001,0.321,0.321,-0.001,-0.001,      1757P   2128
0.151,0.151,1.,1.,1.,1.,-7.62128112173378,5.2,1.60868823793619,     1757P   2129
-4.40128112173378,5.2,1.60868823793619,-7.62128112173378,5.2,       1757P   2130
0.0886882379361909,-4.40128112173378,5.2,0.0886882379361909,        1757P   2131
-0.001,0.321,-0.001,0.151;                                          1757P   2132
128,1,1,1,1,0,0,1,0,0,-0.001,-0.001,0.121,0.121,-0.001,-0.001,      1759P   2133
0.151,0.151,1.,1.,1.,1.,-4.41128112173378,5.19,1.60868823793619,    1759P   2134
-4.41128112173379,6.41,1.60868823793619,-4.41128112173378,5.19,     1759P   2135
0.0886882379361909,-4.41128112173379,6.41,0.0886882379361909,       1759P   2136
-0.001,0.121,-0.001,0.151;                                          1759P   2137
128,1,1,1,1,0,0,1,0,0,-0.001,-0.001,0.321,0.321,-0.001,-0.001,      1761P   2138
0.151,0.151,1.,1.,1.,1.,-4.40128112173379,6.4,1.60868823793619,     1761P   2139
-7.62128112173378,6.4,1.60868823793619,-4.40128112173379,6.4,       1761P   2140
0.0886882379361909,-7.62128112173378,6.4,0.0886882379361909,        1761P   2141
-0.001,0.321,-0.001,0.151;                                          1761P   2142
128,1,1,1,1,0,0,1,0,0,-0.001,-0.001,0.121,0.121,-0.001,-0.001,      1763P   2143
0.151,0.151,1.,1.,1.,1.,32.3887188782662,6.41,1.60868823793619,     1763P   2144
32.3887188782662,5.19,1.60868823793619,32.3887188782662,6.41,       1763P   2145
0.0886882379361909,32.3887188782662,5.19,0.0886882379361909,        1763P   2146
-0.001,0.121,-0.001,0.151;                                          1763P   2147
128,1,1,1,1,0,0,1,0,0,-0.001,-0.001,0.321,0.321,-0.001,-0.001,      1765P   2148
0.151,0.151,1.,1.,1.,1.,32.3787188782662,5.2,1.60868823793619,      1765P   2149
35.5987188782662,5.2,1.60868823793619,32.3787188782662,5.2,         1765P   2150
0.0886882379361909,35.5987188782662,5.2,0.0886882379361909,         1765P   2151
-0.001,0.321,-0.001,0.151;                                          1765P   2152
128,1,1,1,1,0,0,1,0,0,-0.001,-0.001,0.121,0.121,-0.001,-0.001,      1767P   2153
0.151,0.151,1.,1.,1.,1.,35.5887188782662,5.19,1.60868823793619,     1767P   2154
35.5887188782662,6.41,1.60868823793619,35.5887188782662,5.19,       1767P   2155
0.0886882379361909,35.5887188782662,6.41,0.0886882379361909,        1767P   2156
-0.001,0.121,-0.001,0.151;                                          1767P   2157
128,1,1,1,1,0,0,1,0,0,-0.001,-0.001,0.320999999999999,              1769P   2158
0.320999999999999,-0.001,-0.001,0.151,0.151,1.,1.,1.,1.,            1769P   2159
35.5987188782662,6.4,1.60868823793619,32.3787188782662,6.4,         1769P   2160
1.60868823793619,35.5987188782662,6.4,0.0886882379361909,           1769P   2161
32.3787188782662,6.4,0.0886882379361909,-0.001,                     1769P   2162
0.320999999999999,-0.001,0.151;                                     1769P   2163
128,1,1,1,1,0,0,1,0,0,-0.001,-0.001,0.121,0.121,-0.001,-0.001,      1771P   2164
0.151,0.151,1.,1.,1.,1.,-7.61128112173378,5.19,18.3386882379362,    1771P   2165
-7.61128112173378,6.41,18.3386882379362,-7.61128112173378,5.19,     1771P   2166
19.8586882379362,-7.61128112173378,6.41,19.8586882379362,-0.001,    1771P   2167
0.121,-0.001,0.151;                                                 1771P   2168
128,1,1,1,1,0,0,1,0,0,-0.001,-0.001,0.320999999999999,              1773P   2169
0.320999999999999,-0.001,-0.001,0.151,0.151,1.,1.,1.,1.,            1773P   2170
-7.62128112173378,6.4,18.3386882379362,-4.40128112173379,6.4,       1773P   2171
18.3386882379362,-7.62128112173378,6.4,19.8586882379362,            1773P   2172
-4.40128112173379,6.4,19.8586882379362,-0.001,0.320999999999999,    1773P   2173
-0.001,0.151;                                                       1773P   2174
128,1,1,1,1,0,0,1,0,0,-0.001,-0.001,0.121,0.121,-0.001,-0.001,      1775P   2175
0.151,0.151,1.,1.,1.,1.,-4.41128112173379,6.41,18.3386882379362,    1775P   2176
-4.41128112173378,5.19,18.3386882379362,-4.41128112173379,6.41,     1775P   2177
19.8586882379362,-4.41128112173378,5.19,19.8586882379362,-0.001,    1775P   2178
0.121,-0.001,0.151;                                                 1775P   2179
128,1,1,1,1,0,0,1,0,0,-0.001,-0.001,0.321,0.321,-0.001,-0.001,      1777P   2180
0.151,0.151,1.,1.,1.,1.,-4.40128112173378,5.2,18.3386882379362,     1777P   2181
-7.62128112173378,5.2,18.3386882379362,-4.40128112173378,5.2,       1777P   2182
19.8586882379362,-7.62128112173378,5.2,19.8586882379362,-0.001,     1777P   2183
0.321,-0.001,0.151;                                                 1777P   2184
128,1,1,1,1,0,0,1,0,0,-0.001,-0.001,0.121,0.121,-0.001,-0.001,      1779P   2185
0.151,0.151,1.,1.,1.,1.,32.3887188782662,5.19,18.3386882379362,     1779P   2186
32.3887188782662,6.41,18.3386882379362,32.3887188782662,5.19,       1779P   2187
19.8586882379362,32.3887188782662,6.41,19.8586882379362,-0.001,     1779P   2188
0.121,-0.001,0.151;                                                 1779P   2189
128,1,1,1,1,0,0,1,0,0,-0.001,-0.001,0.320999999999999,              1781P   2190
0.320999999999999,-0.001,-0.001,0.151,0.151,1.,1.,1.,1.,            1781P   2191
32.3787188782662,6.4,18.3386882379362,35.5987188782662,6.4,         1781P   2192
18.3386882379362,32.3787188782662,6.4,19.8586882379362,             1781P   2193
35.5987188782662,6.4,19.8586882379362,-0.001,0.320999999999999,     1781P   2194
-0.001,0.151;                                                       1781P   2195
128,1,1,1,1,0,0,1,0,0,-0.001,-0.001,0.121,0.121,-0.001,-0.001,      1783P   2196
0.151,0.151,1.,1.,1.,1.,35.5887188782662,6.41,18.3386882379362,     1783P   2197
35.5887188782662,5.19,18.3386882379362,35.5887188782662,6.41,       1783P   2198
19.8586882379362,35.5887188782662,5.19,19.8586882379362,-0.001,     1783P   2199
0.121,-0.001,0.151;                                                 1783P   2200
128,1,1,1,1,0,0,1,0,0,-0.001,-0.001,0.321,0.321,-0.001,-0.001,      1785P   2201
0.151,0.151,1.,1.,1.,1.,35.5987188782662,5.2,18.3386882379362,      1785P   2202
32.3787188782662,5.2,18.3386882379362,35.5987188782662,5.2,         1785P   2203
19.8586882379362,32.3787188782662,5.2,19.8586882379362,-0.001,      1785P   2204
0.321,-0.001,0.151;                                                 1785P   2205
128,1,8,1,2,0,1,0,0,1,0.,0.,0.0960000000000001,                     1787P   2206
0.0960000000000001,-3.14159265358979,-3.14159265358979,             1787P   2207
-3.14159265358979,-1.5707963267949,-1.5707963267949,0.,0.,          1787P   2208
1.5707963267949,1.5707963267949,3.14159265358979,                   1787P   2209
3.14159265358979,3.14159265358979,1.,1.,0.707106781186548,          1787P   2210
0.707106781186548,1.,1.,0.707106781186548,0.707106781186548,1.,     1787P   2211
1.,0.707106781186548,0.707106781186548,1.,1.,0.707106781186548,     1787P   2212
0.707106781186548,1.,1.,0.238718878266218,13.,7.84868823793619,     1787P   2213
0.238718878266218,12.4,7.84868823793619,0.238718878266216,13.,      1787P   2214
14.0986882379362,0.238718878266216,12.4,14.0986882379362,           1787P   2215
-6.01128112173378,13.,14.0986882379362,-6.01128112173378,12.4,      1787P   2216
14.0986882379362,-12.2612811217338,13.,14.0986882379362,            1787P   2217
-12.2612811217338,12.4,14.0986882379362,-12.2612811217338,13.,      1787P   2218
7.84868823793619,-12.2612811217338,12.4,7.84868823793619,           1787P   2219
-12.2612811217338,13.,1.59868823793619,-12.2612811217338,12.4,      1787P   2220
1.59868823793619,-6.01128112173378,13.,1.59868823793619,            1787P   2221
-6.01128112173378,12.4,1.59868823793619,0.238718878266216,13.,      1787P   2222
1.59868823793619,0.238718878266216,12.4,1.59868823793619,           1787P   2223
0.238718878266218,13.,7.84868823793619,0.238718878266218,12.4,      1787P   2224
7.84868823793619,0.,0.0960000000000001,-3.14159265358979,           1787P   2225
3.14159265358979;                                                   1787P   2226
128,1,8,1,2,0,1,0,0,1,0.,0.,0.0960000000000001,                     1789P   2227
0.0960000000000001,-3.14159265358979,-3.14159265358979,             1789P   2228
-3.14159265358979,-1.5707963267949,-1.5707963267949,0.,0.,          1789P   2229
1.5707963267949,1.5707963267949,3.14159265358979,                   1789P   2230
3.14159265358979,3.14159265358979,1.,1.,0.707106781186548,          1789P   2231
0.707106781186548,1.,1.,0.707106781186548,0.707106781186548,1.,     1789P   2232
1.,0.707106781186548,0.707106781186548,1.,1.,0.707106781186548,     1789P   2233
0.707106781186548,1.,1.,20.2387188782662,13.,7.84868823793619,      1789P   2234
20.2387188782662,12.4,7.84868823793619,20.2387188782662,13.,        1789P   2235
14.0986882379362,20.2387188782662,12.4,14.0986882379362,            1789P   2236
13.9887188782662,13.,14.0986882379362,13.9887188782662,12.4,        1789P   2237
14.0986882379362,7.73871887826622,13.,14.0986882379362,             1789P   2238
7.73871887826622,12.4,14.0986882379362,7.73871887826622,13.,        1789P   2239
7.84868823793619,7.73871887826622,12.4,7.84868823793619,            1789P   2240
7.73871887826622,13.,1.59868823793619,7.73871887826622,12.4,        1789P   2241
1.59868823793619,13.9887188782662,13.,1.59868823793619,             1789P   2242
13.9887188782662,12.4,1.59868823793619,20.2387188782662,13.,        1789P   2243
1.59868823793619,20.2387188782662,12.4,1.59868823793619,            1789P   2244
20.2387188782662,13.,7.84868823793619,20.2387188782662,12.4,        1789P   2245
7.84868823793619,0.,0.0960000000000001,-3.14159265358979,           1789P   2246
3.14159265358979;                                                   1789P   2247
128,1,8,1,2,0,1,0,0,1,0.,0.,0.0960000000000001,                     1791P   2248
0.0960000000000001,-3.14159265358979,-3.14159265358979,             1791P   2249
-3.14159265358979,-1.5707963267949,-1.5707963267949,0.,0.,          1791P   2250
1.5707963267949,1.5707963267949,3.14159265358979,                   1791P   2251
3.14159265358979,3.14159265358979,1.,1.,0.707106781186548,          1791P   2252
0.707106781186548,1.,1.,0.707106781186548,0.707106781186548,1.,     1791P   2253
1.,0.707106781186548,0.707106781186548,1.,1.,0.707106781186548,     1791P   2254
0.707106781186548,1.,1.,40.2387188782662,13.,7.84868823793619,      1791P   2255
40.2387188782662,12.4,7.84868823793619,40.2387188782662,13.,        1791P   2256
14.0986882379362,40.2387188782662,12.4,14.0986882379362,            1791P   2257
33.9887188782662,13.,14.0986882379362,33.9887188782662,12.4,        1791P   2258
14.0986882379362,27.7387188782662,13.,14.0986882379362,             1791P   2259
27.7387188782662,12.4,14.0986882379362,27.7387188782662,13.,        1791P   2260
7.84868823793619,27.7387188782662,12.4,7.84868823793619,            1791P   2261
27.7387188782662,13.,1.59868823793619,27.7387188782662,12.4,        1791P   2262
1.59868823793619,33.9887188782662,13.,1.59868823793619,             1791P   2263
33.9887188782662,12.4,1.59868823793619,40.2387188782662,13.,        1791P   2264
1.59868823793619,40.2387188782662,12.4,1.59868823793619,            1791P   2265
40.2387188782662,13.,7.84868823793619,40.2387188782662,12.4,        1791P   2266
7.84868823793619,0.,0.0960000000000001,-3.14159265358979,           1791P   2267
3.14159265358979;                                                   1791P   2268
128,1,1,1,1,0,0,1,0,0,-0.8385,-0.8385,0.8385,0.8385,-3.051,         1793P   2269
-3.051,3.051,3.051,1.,1.,1.,1.,-16.5212811217338,12.4,              1793P   2270
18.3586882379362,-16.5212811217338,12.4,1.58868823793619,           1793P   2271
44.4987188782662,12.4,18.3586882379362,44.4987188782662,12.4,       1793P   2272
1.58868823793619,-0.8385,0.8385,-3.051,3.051;                       1793P   2273
128,1,1,1,1,0,0,1,0,0,-0.001,-0.001,0.301,0.301,1.824,1.824,        1795P   2274
1.976,1.976,1.,1.,1.,1.,21.4887188782662,6.31,18.3386882379362,     1795P   2275
21.4887188782662,3.29,18.3386882379362,21.4887188782662,6.31,       1795P   2276
19.8586882379362,21.4887188782662,3.29,19.8586882379362,-0.001,     1795P   2277
0.301,1.824,1.976;                                                  1795P   2278
128,1,1,1,1,0,0,1,0,0,-0.001,-0.001,0.301,0.301,-0.001,-0.001,      1797P   2279
0.151,0.151,1.,1.,1.,1.,21.4887188782662,6.31,                      1797P   2280
0.0886882379361909,21.4887188782662,3.29,0.0886882379361909,        1797P   2281
21.4887188782662,6.31,1.60868823793619,21.4887188782662,3.29,       1797P   2282
1.60868823793619,-0.001,0.301,-0.001,0.151;                         1797P   2283
128,1,1,1,1,0,0,1,0,0,-0.001,-0.001,1.501,1.501,1.824,1.824,        1799P   2284
1.976,1.976,1.,1.,1.,1.,6.47871887826622,6.3,18.3386882379362,      1799P   2285
21.4987188782662,6.3,18.3386882379362,6.47871887826622,6.3,         1799P   2286
19.8586882379362,21.4987188782662,6.3,19.8586882379362,-0.001,      1799P   2287
1.501,1.824,1.976;                                                  1799P   2288
128,1,1,1,1,0,0,1,0,0,-0.001,-0.001,1.501,1.501,1.824,1.824,        1801P   2289
1.976,1.976,1.,1.,1.,1.,21.4987188782662,3.3,18.3386882379362,      1801P   2290
6.47871887826622,3.3,18.3386882379362,21.4987188782662,3.3,         1801P   2291
19.8586882379362,6.47871887826622,3.3,19.8586882379362,-0.001,      1801P   2292
1.501,1.824,1.976;                                                  1801P   2293
128,1,1,1,1,0,0,1,0,0,-0.001,-0.001,1.501,1.501,-0.001,-0.001,      1803P   2294
0.151,0.151,1.,1.,1.,1.,21.4987188782662,3.3,0.0886882379361909,    1803P   2295
6.47871887826622,3.3,0.0886882379361909,21.4987188782662,3.3,       1803P   2296
1.60868823793619,6.47871887826622,3.3,1.60868823793619,-0.001,      1803P   2297
1.501,-0.001,0.151;                                                 1803P   2298
128,1,1,1,1,0,0,1,0,0,-0.001,-0.001,0.301,0.301,1.824,1.824,        1805P   2299
1.976,1.976,1.,1.,1.,1.,6.48871887826622,3.29,18.3386882379362,     1805P   2300
6.48871887826622,6.31,18.3386882379362,6.48871887826622,3.29,       1805P   2301
19.8586882379362,6.48871887826622,6.31,19.8586882379362,-0.001,     1805P   2302
0.301,1.824,1.976;                                                  1805P   2303
128,1,1,1,1,0,0,1,0,0,-0.001,-0.001,0.301,0.301,-0.001,-0.001,      1807P   2304
0.151,0.151,1.,1.,1.,1.,6.48871887826622,3.29,                      1807P   2305
0.0886882379361909,6.48871887826622,6.31,0.0886882379361909,        1807P   2306
6.48871887826622,3.29,1.60868823793619,6.48871887826622,6.31,       1807P   2307
1.60868823793619,-0.001,0.301,-0.001,0.151;                         1807P   2308
128,1,1,1,1,0,0,1,0,0,-0.001,-0.001,1.501,1.501,-0.001,-0.001,      1809P   2309
0.151,0.151,1.,1.,1.,1.,6.47871887826622,6.3,0.0886882379361909,    1809P   2310
21.4987188782662,6.3,0.0886882379361909,6.47871887826622,6.3,       1809P   2311
1.60868823793619,21.4987188782662,6.3,1.60868823793619,-0.001,      1809P   2312
1.501,-0.001,0.151;                                                 1809P   2313
128,1,1,1,1,0,0,1,0,0,0.149,0.149,6.251,6.251,0.239,0.239,1.241,    1811P   2314
1.241,1.,1.,1.,1.,-16.5212811217338,2.39,1.59868823793619,          1811P   2315
44.4987188782662,2.39,1.59868823793619,-16.5212811217338,12.41,     1811P   2316
1.59868823793619,44.4987188782662,12.41,1.59868823793619,0.149,     1811P   2317
6.251,0.239,1.241;                                                  1811P   2318
128,1,1,1,1,0,0,1,0,0,-0.001,-0.001,1.976,1.976,0.429,0.429,        1813P   2319
1.201,1.201,1.,1.,1.,1.,-18.0112811217338,4.29,                     1813P   2320
0.0886882379361909,-18.0112811217338,4.29,19.8586882379362,         1813P   2321
-18.0112811217338,12.01,0.0886882379361909,-18.0112811217338,       1813P   2322
12.01,19.8586882379362,-0.001,1.976,0.429,1.201;                    1813P   2323
128,1,1,1,1,0,0,1,0,0,-0.001,-0.001,0.201,0.201,-0.001,-0.001,      1815P   2324
0.101,0.101,1.,1.,1.,1.,6.31537827248404,29.3,0.99,                 1815P   2325
4.29537827248404,29.3,0.99,6.31537827248404,29.3,2.01,              1815P   2326
4.29537827248404,29.3,2.01,-0.001,0.201,-0.001,0.101;               1815P   2327
128,1,1,1,1,0,0,1,0,0,-0.001,-0.001,1.636,1.636,-0.001,-0.001,      1817P   2328
0.101,0.101,1.,1.,1.,1.,6.30537827248404,12.94,0.99,                1817P   2329
6.30537827248404,29.31,0.99,6.30537827248404,12.94,2.01,            1817P   2330
6.30537827248404,29.31,2.01,-0.001,1.636,-0.001,0.101;              1817P   2331
128,1,1,1,1,0,0,1,0,0,-0.001,-0.001,0.201,0.201,-0.001,-0.001,      1819P   2332
0.101,0.101,1.,1.,1.,1.,4.29537827248404,12.95,0.99,                1819P   2333
6.31537827248404,12.95,0.99,4.29537827248404,12.95,2.01,            1819P   2334
6.31537827248404,12.95,2.01,-0.001,0.201,-0.001,0.101;              1819P   2335
128,1,1,1,1,0,0,1,0,0,-0.101,-0.101,0.101,0.101,-0.8185,-0.8185,    1821P   2336
0.8185,0.8185,1.,1.,1.,1.,4.29537827248404,12.94,2.,                1821P   2337
6.31537827248404,12.94,2.,4.29537827248404,29.31,2.,                1821P   2338
6.31537827248404,29.31,2.,-0.101,0.101,-0.8185,0.8185;              1821P   2339
128,1,1,1,1,0,0,1,0,0,-0.001,-0.001,1.776,1.776,-0.001,-0.001,      1823P   2340
0.201,0.201,1.,1.,1.,1.,4.30537827248404,30.01,-0.01,               1823P   2341
4.30537827248404,12.24,-0.01,4.30537827248404,30.01,2.01,           1823P   2342
4.30537827248404,12.24,2.01,-0.001,1.776,-0.001,0.201;              1823P   2343
128,1,1,1,1,0,0,1,0,0,-0.001,-0.001,6.301,6.301,-0.001,-0.001,      1825P   2344
0.101,0.101,1.,1.,1.,1.,67.3153782724841,30.,-0.01,                 1825P   2345
4.29537827248404,30.,-0.01,67.3153782724841,30.,1.01,               1825P   2346
4.29537827248404,30.,1.01,-0.001,6.301,-0.001,0.101;                1825P   2347
128,1,1,1,1,0,0,1,0,0,-0.001,-0.001,1.776,1.776,-0.001,-0.001,      1827P   2348
0.101,0.101,1.,1.,1.,1.,67.305378272484,12.24,-0.01,                1827P   2349
67.305378272484,30.01,-0.01,67.305378272484,12.24,1.01,             1827P   2350
67.305378272484,30.01,1.01,-0.001,1.776,-0.001,0.101;               1827P   2351
128,1,1,1,1,0,0,1,0,0,-0.001,-0.001,6.301,6.301,-0.001,-0.001,      1829P   2352
0.101,0.101,1.,1.,1.,1.,4.29537827248404,12.25,-0.01,               1829P   2353
67.3153782724841,12.25,-0.01,4.29537827248404,12.25,1.01,           1829P   2354
67.3153782724841,12.25,1.01,-0.001,6.301,-0.001,0.101;              1829P   2355
128,1,1,1,1,0,0,1,0,0,-3.151,-3.151,3.151,3.151,-0.8885,-0.8885,    1831P   2356
0.8885,0.8885,1.,1.,1.,1.,4.29537827248404,12.24,1.,                1831P   2357
67.315378272484,12.24,1.,4.29537827248404,30.01,1.,                 1831P   2358
67.315378272484,30.01,1.,-3.151,3.151,-0.8885,0.8885;               1831P   2359
128,1,1,1,1,0,0,1,0,0,-3.151,-3.151,3.151,3.151,-0.8885,-0.8885,    1833P   2360
0.8885,0.8885,1.,1.,1.,1.,67.315378272484,12.24,0.,                 1833P   2361
4.29537827248404,12.24,0.,67.315378272484,30.01,0.,                 1833P   2362
4.29537827248404,30.01,0.,-3.151,3.151,-0.8885,0.8885;              1833P   2363
128,1,1,1,1,0,0,1,0,0,-0.001,-0.001,0.291,0.291,-0.001,-0.001,      1835P   2364
1.976,1.976,1.,1.,1.,1.,12.91,-0.01,9.1,9.99,-0.01,9.1,12.91,       1835P   2365
19.76,9.1,9.99,19.76,9.1,-0.001,0.291,-0.001,1.976;                 1835P   2366
128,1,1,1,1,0,0,1,0,0,-0.001,-0.001,0.091,0.091,-0.001,-0.001,      1837P   2367
1.976,1.976,1.,1.,1.,1.,12.9,-0.01,10.01,12.9,-0.01,9.09,12.9,      1837P   2368
19.76,10.01,12.9,19.76,9.09,-0.001,0.091,-0.001,1.976;              1837P   2369
128,1,1,1,1,0,0,1,0,0,-0.001,-0.001,0.291,0.291,-0.001,-0.001,      1839P   2370
1.976,1.976,1.,1.,1.,1.,9.99,-0.01,10.,12.91,-0.01,10.,9.99,        1839P   2371
19.76,10.,12.91,19.76,10.,-0.001,0.291,-0.001,1.976;                1839P   2372
128,1,1,1,1,0,0,1,0,0,-0.001,-0.001,0.091,0.091,-0.001,-0.001,      1841P   2373
1.976,1.976,1.,1.,1.,1.,10.,-0.01,9.09,10.,-0.01,10.01,10.,         1841P   2374
19.76,9.09,10.,19.76,10.01,-0.001,0.091,-0.001,1.976;               1841P   2375
128,1,1,1,1,0,0,1,0,0,-0.046,-0.046,0.0459999999999999,             1843P   2376
0.0459999999999999,-0.146,-0.146,0.146,0.146,1.,1.,1.,1.,9.99,      1843P   2377
19.75,9.09,9.99,19.75,10.01,12.91,19.75,9.09,12.91,19.75,10.01,     1843P   2378
-0.046,0.0459999999999999,-0.146,0.146;                             1843P   2379
128,1,1,1,1,0,0,1,0,0,-0.146,-0.146,0.146,0.146,                    1845P   2380
-0.0459999999999999,-0.0459999999999999,0.046,0.046,1.,1.,1.,1.,    1845P   2381
12.91,0.,10.01,9.99,0.,10.01,12.91,0.,9.09,9.99,0.,9.09,-0.146,     1845P   2382
0.146,-0.0459999999999999,0.046;                                    1845P   2383
128,1,1,1,1,0,0,1,0,0,-0.001,-0.001,0.441,0.441,-0.001,-0.001,      1847P   2384
0.301,0.301,1.,1.,1.,1.,33.7787188782662,1.99,-4.30131176206381,    1847P   2385
38.1987188782662,1.99,-4.30131176206381,33.7787188782662,5.01,      1847P   2386
-4.30131176206381,38.1987188782662,5.01,-4.30131176206381,          1847P   2387
-0.001,0.441,-0.001,0.301;                                          1847P   2388
128,1,1,1,1,0,0,1,0,0,-0.00100000000000006,-0.00100000000000006,    1849P   2389
0.441,0.441,-0.001,-0.001,0.301,0.301,1.,1.,1.,1.,                  1849P   2390
33.7887188782662,1.99,0.108688237936191,33.7887188782662,1.99,      1849P   2391
-4.31131176206381,33.7887188782662,5.01,0.108688237936191,          1849P   2392
33.7887188782662,5.01,-4.31131176206381,-0.00100000000000006,       1849P   2393
0.441,-0.001,0.301;                                                 1849P   2394
128,1,1,1,1,0,0,1,0,0,-0.001,-0.001,0.101,0.101,-0.001,-0.001,      1851P   2395
0.301,0.301,1.,1.,1.,1.,32.7787188782662,1.99,                      1851P   2396
0.0986882379361909,33.7987188782662,1.99,0.0986882379361909,        1851P   2397
32.7787188782662,5.01,0.0986882379361909,33.7987188782662,5.01,     1851P   2398
0.0986882379361909,-0.001,0.101,-0.001,0.301;                       1851P   2399
128,1,1,1,1,0,0,1,0,0,-0.001,-0.001,0.541,0.541,-0.001,-0.001,      1853P   2400
0.301,0.301,1.,1.,1.,1.,32.7887188782662,1.99,-5.31131176206381,    1853P   2401
32.7887188782662,1.99,0.108688237936191,32.7887188782662,5.01,      1853P   2402
-5.31131176206381,32.7887188782662,5.01,0.108688237936191,          1853P   2403
-0.001,0.541,-0.001,0.301;                                          1853P   2404
128,1,1,1,1,0,0,1,0,0,-0.001,-0.001,0.641,0.641,-0.001,-0.001,      1855P   2405
0.301,0.301,1.,1.,1.,1.,39.1987188782662,1.99,-5.30131176206381,    1855P   2406
32.7787188782662,1.99,-5.30131176206381,39.1987188782662,5.01,      1855P   2407
-5.30131176206381,32.7787188782662,5.01,-5.30131176206381,          1855P   2408
-0.001,0.641,-0.001,0.301;                                          1855P   2409
128,1,1,1,1,0,0,1,0,0,-0.00100000000000001,-0.00100000000000001,    1857P   2410
0.541,0.541,-0.001,-0.001,0.301,0.301,1.,1.,1.,1.,                  1857P   2411
39.1887188782662,1.99,0.108688237936191,39.1887188782662,1.99,      1857P   2412
-5.31131176206381,39.1887188782662,5.01,0.108688237936191,          1857P   2413
39.1887188782662,5.01,-5.31131176206381,-0.00100000000000001,       1857P   2414
0.541,-0.001,0.301;                                                 1857P   2415
128,1,1,1,1,0,0,1,0,0,-0.001,-0.001,0.101000000000001,              1859P   2416
0.101000000000001,-0.001,-0.001,0.301,0.301,1.,1.,1.,1.,            1859P   2417
38.1787188782662,1.99,0.0986882379361909,39.1987188782662,1.99,     1859P   2418
0.0986882379361909,38.1787188782662,5.01,0.0986882379361909,        1859P   2419
39.1987188782662,5.01,0.0986882379361909,-0.001,                    1859P   2420
0.101000000000001,-0.001,0.301;                                     1859P   2421
128,1,1,1,1,0,0,1,0,0,-0.001,-0.001,0.441,0.441,-0.001,-0.001,      1861P   2422
0.301,0.301,1.,1.,1.,1.,38.1887188782662,1.99,-4.31131176206381,    1861P   2423
38.1887188782662,1.99,0.108688237936191,38.1887188782662,5.01,      1861P   2424
-4.31131176206381,38.1887188782662,5.01,0.108688237936191,          1861P   2425
-0.001,0.441,-0.001,0.301;                                          1861P   2426
128,1,1,1,1,0,0,1,0,0,-0.321,-0.321,0.321,0.321,-0.271,-0.271,      1863P   2427
0.271,0.271,1.,1.,1.,1.,39.1987188782662,2.,0.108688237936191,      1863P   2428
32.7787188782662,2.,0.108688237936191,39.1987188782662,2.,          1863P   2429
-5.31131176206381,32.7787188782662,2.,-5.31131176206381,-0.321,     1863P   2430
0.321,-0.271,0.271;                                                 1863P   2431
128,1,1,1,1,0,0,1,0,0,-0.271,-0.271,0.271,0.271,-0.321,-0.321,      1865P   2432
0.321,0.321,1.,1.,1.,1.,32.7787188782662,5.,-5.31131176206381,      1865P   2433
32.7787188782662,5.,0.108688237936191,39.1987188782662,5.,          1865P   2434
-5.31131176206381,39.1987188782662,5.,0.108688237936191,-0.271,     1865P   2435
0.271,-0.321,0.321;                                                 1865P   2436
128,1,1,1,1,0,0,1,0,0,-0.001,-0.001,0.441,0.441,-0.001,-0.001,      1867P   2437
0.301,0.301,1.,1.,1.,1.,-10.2212811217338,1.99,                     1867P   2438
-4.30131176206381,-5.80128112173379,1.99,-4.30131176206381,         1867P   2439
-10.2212811217338,5.01,-4.30131176206381,-5.80128112173379,5.01,    1867P   2440
-4.30131176206381,-0.001,0.441,-0.001,0.301;                        1867P   2441
128,1,1,1,1,0,0,1,0,0,-0.00100000000000006,-0.00100000000000006,    1869P   2442
0.441,0.441,-0.001,-0.001,0.301,0.301,1.,1.,1.,1.,                  1869P   2443
-5.81128112173379,1.99,-4.31131176206381,-5.81128112173378,1.99,    1869P   2444
0.108688237936191,-5.81128112173379,5.01,-4.31131176206381,         1869P   2445
-5.81128112173378,5.01,0.108688237936191,-0.00100000000000006,      1869P   2446
0.441,-0.001,0.301;                                                 1869P   2447
128,1,1,1,1,0,0,1,0,0,-0.001,-0.001,0.101,0.101,-0.001,-0.001,      1871P   2448
0.301,0.301,1.,1.,1.,1.,-5.82128112173378,1.99,                     1871P   2449
0.0986882379361909,-4.80128112173378,1.99,0.0986882379361909,       1871P   2450
-5.82128112173378,5.01,0.0986882379361909,-4.80128112173378,        1871P   2451
5.01,0.0986882379361909,-0.001,0.101,-0.001,0.301;                  1871P   2452
128,1,1,1,1,0,0,1,0,0,-0.001,-0.001,0.541,0.541,-0.001,-0.001,      1873P   2453
0.301,0.301,1.,1.,1.,1.,-4.81128112173379,1.99,                     1873P   2454
0.108688237936191,-4.81128112173379,1.99,-5.31131176206381,         1873P   2455
-4.81128112173379,5.01,0.108688237936191,-4.81128112173379,5.01,    1873P   2456
-5.31131176206381,-0.001,0.541,-0.001,0.301;                        1873P   2457
128,1,1,1,1,0,0,1,0,0,-0.001,-0.001,0.641,0.641,-0.001,-0.001,      1875P   2458
0.301,0.301,1.,1.,1.,1.,-4.80128112173379,1.99,                     1875P   2459
-5.30131176206381,-11.2212811217338,1.99,-5.30131176206381,         1875P   2460
-4.80128112173379,5.01,-5.30131176206381,-11.2212811217338,5.01,    1875P   2461
-5.30131176206381,-0.001,0.641,-0.001,0.301;                        1875P   2462
128,1,1,1,1,0,0,1,0,0,-0.00100000000000001,-0.00100000000000001,    1877P   2463
0.541,0.541,-0.001,-0.001,0.301,0.301,1.,1.,1.,1.,                  1877P   2464
-11.2112811217338,1.99,-5.31131176206381,-11.2112811217338,1.99,    1877P   2465
0.108688237936191,-11.2112811217338,5.01,-5.31131176206381,         1877P   2466
-11.2112811217338,5.01,0.108688237936191,-0.00100000000000001,      1877P   2467
0.541,-0.001,0.301;                                                 1877P   2468
128,1,1,1,1,0,0,1,0,0,-0.001,-0.001,0.101000000000001,              1879P   2469
0.101000000000001,-0.001,-0.001,0.301,0.301,1.,1.,1.,1.,            1879P   2470
-11.2212811217338,1.99,0.0986882379361909,-10.2012811217338,        1879P   2471
1.99,0.0986882379361909,-11.2212811217338,5.01,                     1879P   2472
0.0986882379361909,-10.2012811217338,5.01,0.0986882379361909,       1879P   2473
-0.001,0.101000000000001,-0.001,0.301;                              1879P   2474
128,1,1,1,1,0,0,1,0,0,-0.001,-0.001,0.441,0.441,-0.001,-0.001,      1881P   2475
0.301,0.301,1.,1.,1.,1.,-10.2112811217338,1.99,                     1881P   2476
0.108688237936191,-10.2112811217338,1.99,-4.31131176206381,         1881P   2477
-10.2112811217338,5.01,0.108688237936191,-10.2112811217338,5.01,    1881P   2478
-4.31131176206381,-0.001,0.441,-0.001,0.301;                        1881P   2479
128,1,1,1,1,0,0,1,0,0,-0.321,-0.321,0.321,0.321,-0.271,-0.271,      1883P   2480
0.271,0.271,1.,1.,1.,1.,-4.80128112173378,2.,0.108688237936191,     1883P   2481
-11.2212811217338,2.,0.108688237936191,-4.80128112173378,2.,        1883P   2482
-5.31131176206381,-11.2212811217338,2.,-5.31131176206381,-0.321,    1883P   2483
0.321,-0.271,0.271;                                                 1883P   2484
128,1,1,1,1,0,0,1,0,0,-0.271,-0.271,0.271,0.271,-0.321,-0.321,      1885P   2485
0.321,0.321,1.,1.,1.,1.,-4.80128112173378,5.,0.108688237936191,     1885P   2486
-4.80128112173378,5.,-5.31131176206381,-11.2212811217338,5.,        1885P   2487
0.108688237936191,-11.2212811217338,5.,-5.31131176206381,-0.271,    1885P   2488
0.271,-0.321,0.321;                                                 1885P   2489
128,1,1,1,1,0,0,1,0,0,-0.001,-0.001,0.441,0.441,-0.001,-0.001,      1887P   2490
0.301,0.301,1.,1.,1.,1.,38.1987188782662,1.99,24.2486882379362,     1887P   2491
33.7787188782662,1.99,24.2486882379362,38.1987188782662,5.01,       1887P   2492
24.2486882379362,33.7787188782662,5.01,24.2486882379362,-0.001,     1887P   2493
0.441,-0.001,0.301;                                                 1887P   2494
128,1,1,1,1,0,0,1,0,0,-0.001,-0.001,0.441,0.441,-0.001,-0.001,      1889P   2495
0.301,0.301,1.,1.,1.,1.,33.7887188782662,1.99,24.2586882379362,     1889P   2496
33.7887188782662,1.99,19.8386882379362,33.7887188782662,5.01,       1889P   2497
24.2586882379362,33.7887188782662,5.01,19.8386882379362,-0.001,     1889P   2498
0.441,-0.001,0.301;                                                 1889P   2499
128,1,1,1,1,0,0,1,0,0,-0.001,-0.001,0.101,0.101,-0.001,-0.001,      1891P   2500
0.301,0.301,1.,1.,1.,1.,33.7987188782662,1.99,19.8486882379362,     1891P   2501
32.7787188782662,1.99,19.8486882379362,33.7987188782662,5.01,       1891P   2502
19.8486882379362,32.7787188782662,5.01,19.8486882379362,-0.001,     1891P   2503
0.101,-0.001,0.301;                                                 1891P   2504
128,1,1,1,1,0,0,1,0,0,-0.001,-0.001,0.541,0.541,-0.001,-0.001,      1893P   2505
0.301,0.301,1.,1.,1.,1.,32.7887188782662,1.99,19.8386882379362,     1893P   2506
32.7887188782662,1.99,25.2586882379362,32.7887188782662,5.01,       1893P   2507
19.8386882379362,32.7887188782662,5.01,25.2586882379362,-0.001,     1893P   2508
0.541,-0.001,0.301;                                                 1893P   2509
128,1,1,1,1,0,0,1,0,0,-0.001,-0.001,0.641,0.641,-0.001,-0.001,      1895P   2510
0.301,0.301,1.,1.,1.,1.,32.7787188782662,1.99,25.2486882379362,     1895P   2511
39.1987188782662,1.99,25.2486882379362,32.7787188782662,5.01,       1895P   2512
25.2486882379362,39.1987188782662,5.01,25.2486882379362,-0.001,     1895P   2513
0.641,-0.001,0.301;                                                 1895P   2514
128,1,1,1,1,0,0,1,0,0,-0.001,-0.001,0.541,0.541,-0.001,-0.001,      1897P   2515
0.301,0.301,1.,1.,1.,1.,39.1887188782662,1.99,25.2586882379362,     1897P   2516
39.1887188782662,1.99,19.8386882379362,39.1887188782662,5.01,       1897P   2517
25.2586882379362,39.1887188782662,5.01,19.8386882379362,-0.001,     1897P   2518
0.541,-0.001,0.301;                                                 1897P   2519
128,1,1,1,1,0,0,1,0,0,-0.001,-0.001,0.101000000000001,              1899P   2520
0.101000000000001,-0.001,-0.001,0.301,0.301,1.,1.,1.,1.,            1899P   2521
39.1987188782662,1.99,19.8486882379362,38.1787188782662,1.99,       1899P   2522
19.8486882379362,39.1987188782662,5.01,19.8486882379362,            1899P   2523
38.1787188782662,5.01,19.8486882379362,-0.001,0.101000000000001,    1899P   2524
-0.001,0.301;                                                       1899P   2525
128,1,1,1,1,0,0,1,0,0,-0.001,-0.001,0.441,0.441,-0.001,-0.001,      1901P   2526
0.301,0.301,1.,1.,1.,1.,38.1887188782662,1.99,19.8386882379362,     1901P   2527
38.1887188782662,1.99,24.2586882379362,38.1887188782662,5.01,       1901P   2528
19.8386882379362,38.1887188782662,5.01,24.2586882379362,-0.001,     1901P   2529
0.441,-0.001,0.301;                                                 1901P   2530
128,1,1,1,1,0,0,1,0,0,-0.321,-0.321,0.321,0.321,-0.271,-0.271,      1903P   2531
0.271,0.271,1.,1.,1.,1.,32.7787188782662,2.,19.8386882379362,       1903P   2532
39.1987188782662,2.,19.8386882379362,32.7787188782662,2.,           1903P   2533
25.2586882379362,39.1987188782662,2.,25.2586882379362,-0.321,       1903P   2534
0.321,-0.271,0.271;                                                 1903P   2535
128,1,1,1,1,0,0,1,0,0,-0.271,-0.271,0.271,0.271,-0.321,-0.321,      1905P   2536
0.321,0.321,1.,1.,1.,1.,32.7787188782662,5.,19.8386882379362,       1905P   2537
32.7787188782662,5.,25.2586882379362,39.1987188782662,5.,           1905P   2538
19.8386882379362,39.1987188782662,5.,25.2586882379362,-0.271,       1905P   2539
0.271,-0.321,0.321;                                                 1905P   2540
128,1,1,1,1,0,0,1,0,0,-0.001,-0.001,0.441,0.441,-0.001,-0.001,      1907P   2541
0.301,0.301,1.,1.,1.,1.,-5.80128112173379,1.99,24.2486882379362,    1907P   2542
-10.2212811217338,1.99,24.2486882379362,-5.80128112173379,5.01,     1907P   2543
24.2486882379362,-10.2212811217338,5.01,24.2486882379362,-0.001,    1907P   2544
0.441,-0.001,0.301;                                                 1907P   2545
128,1,1,1,1,0,0,1,0,0,-0.001,-0.001,0.441,0.441,-0.001,-0.001,      1909P   2546
0.301,0.301,1.,1.,1.,1.,-5.81128112173378,1.99,19.8386882379362,    1909P   2547
-5.81128112173379,1.99,24.2586882379362,-5.81128112173378,5.01,     1909P   2548
19.8386882379362,-5.81128112173379,5.01,24.2586882379362,-0.001,    1909P   2549
0.441,-0.001,0.301;                                                 1909P   2550
128,1,1,1,1,0,0,1,0,0,-0.001,-0.001,0.101,0.101,-0.001,-0.001,      1911P   2551
0.301,0.301,1.,1.,1.,1.,-4.80128112173378,1.99,19.8486882379362,    1911P   2552
-5.82128112173378,1.99,19.8486882379362,-4.80128112173378,5.01,     1911P   2553
19.8486882379362,-5.82128112173378,5.01,19.8486882379362,-0.001,    1911P   2554
0.101,-0.001,0.301;                                                 1911P   2555
128,1,1,1,1,0,0,1,0,0,-0.001,-0.001,0.541,0.541,-0.001,-0.001,      1913P   2556
0.301,0.301,1.,1.,1.,1.,-4.81128112173379,1.99,25.2586882379362,    1913P   2557
-4.81128112173379,1.99,19.8386882379362,-4.81128112173379,5.01,     1913P   2558
25.2586882379362,-4.81128112173379,5.01,19.8386882379362,-0.001,    1913P   2559
0.541,-0.001,0.301;                                                 1913P   2560
128,1,1,1,1,0,0,1,0,0,-0.001,-0.001,0.641,0.641,-0.001,-0.001,      1915P   2561
0.301,0.301,1.,1.,1.,1.,-11.2212811217338,1.99,25.2486882379362,    1915P   2562
-4.80128112173379,1.99,25.2486882379362,-11.2212811217338,5.01,     1915P   2563
25.2486882379362,-4.80128112173379,5.01,25.2486882379362,-0.001,    1915P   2564
0.641,-0.001,0.301;                                                 1915P   2565
128,1,1,1,1,0,0,1,0,0,-0.001,-0.001,0.541,0.541,-0.001,-0.001,      1917P   2566
0.301,0.301,1.,1.,1.,1.,-11.2112811217338,1.99,19.8386882379362,    1917P   2567
-11.2112811217338,1.99,25.2586882379362,-11.2112811217338,5.01,     1917P   2568
19.8386882379362,-11.2112811217338,5.01,25.2586882379362,-0.001,    1917P   2569
0.541,-0.001,0.301;                                                 1917P   2570
128,1,1,1,1,0,0,1,0,0,-0.001,-0.001,0.101000000000001,              1919P   2571
0.101000000000001,-0.001,-0.001,0.301,0.301,1.,1.,1.,1.,            1919P   2572
-10.2012811217338,1.99,19.8486882379362,-11.2212811217338,1.99,     1919P   2573
19.8486882379362,-10.2012811217338,5.01,19.8486882379362,           1919P   2574
-11.2212811217338,5.01,19.8486882379362,-0.001,                     1919P   2575
0.101000000000001,-0.001,0.301;                                     1919P   2576
128,1,1,1,1,0,0,1,0,0,-0.001,-0.001,0.441,0.441,-0.001,-0.001,      1921P   2577
0.301,0.301,1.,1.,1.,1.,-10.2112811217338,1.99,24.2586882379362,    1921P   2578
-10.2112811217338,1.99,19.8386882379362,-10.2112811217338,5.01,     1921P   2579
24.2586882379362,-10.2112811217338,5.01,19.8386882379362,-0.001,    1921P   2580
0.441,-0.001,0.301;                                                 1921P   2581
128,1,1,1,1,0,0,1,0,0,-0.321,-0.321,0.321,0.321,-0.271,-0.271,      1923P   2582
0.271,0.271,1.,1.,1.,1.,-11.2212811217338,2.,19.8386882379362,      1923P   2583
-4.80128112173378,2.,19.8386882379362,-11.2212811217338,2.,         1923P   2584
25.2586882379362,-4.80128112173378,2.,25.2586882379362,-0.321,      1923P   2585
0.321,-0.271,0.271;                                                 1923P   2586
128,1,1,1,1,0,0,1,0,0,-0.271,-0.271,0.271,0.271,-0.321,-0.321,      1925P   2587
0.321,0.321,1.,1.,1.,1.,-4.80128112173378,5.,25.2586882379362,      1925P   2588
-4.80128112173378,5.,19.8386882379362,-11.2212811217338,5.,         1925P   2589
25.2586882379362,-11.2212811217338,5.,19.8386882379362,-0.271,      1925P   2590
0.271,-0.321,0.321;                                                 1925P   2591
502,71,67.5,23.65,3.,67.5,40.,3.,67.5,23.65,1.,67.5,40.,1.,70.,     1927P   2592
40.,1.,70.,23.65,1.,11.9,40.,3.,11.9,23.65,3.,11.9,40.,1.,11.9,     1927P   2593
23.65,1.,9.4,23.65,1.,9.4,40.,1.,44.3,40.,3.,44.3,                  1927P   2594
38.2522821971341,3.,45.775,37.025,3.,50.525,37.025,3.,50.525,       1927P   2595
26.625,3.,45.775,26.625,3.,44.3,25.3977178028658,3.,44.3,23.65,     1927P   2596
3.,44.3,23.65,1.,35.1,23.65,1.,35.1,23.65,3.,9.4,23.65,0.,70.,      1927P   2597
23.65,0.,58.1,23.65,2.1,61.3,23.65,2.1,61.3,23.65,0.9,58.1,         1927P   2598
23.65,0.9,18.1,23.65,0.9,18.1,23.65,2.1,21.3,23.65,2.1,21.3,        1927P   2599
23.65,0.9,9.4,40.,0.,35.1,38.2522821971341,1.,35.1,                 1927P   2600
38.2522821971341,3.,35.1,40.,1.,35.1,40.,3.,44.3,                   1927P   2601
38.2522821971341,1.,44.3,40.,1.,35.1,25.3977178028659,3.,35.1,      1927P   2602
25.3977178028659,1.,44.3,25.3977178028658,1.,21.3,40.,2.1,21.3,     1927P   2603
40.,0.9,18.1,40.,0.9,18.1,40.,2.1,61.3,40.,0.9,58.1,40.,0.9,        1927P   2604
58.1,40.,2.1,61.3,40.,2.1,33.625,37.025,3.,33.625,37.025,1.,        1927P   2605
45.775,37.025,1.,31.875,37.025,1.,31.875,26.625,1.,33.625,          1927P   2606
26.625,1.,45.775,26.625,1.,50.525,26.625,1.,50.525,37.025,1.,       1927P   2607
70.,40.,0.,28.875,37.025,1.,28.875,39.65,1.,31.875,39.65,1.,        1927P   2608
31.875,39.65,0.,28.875,39.65,0.,31.875,26.625,0.,28.875,37.025,     1927P   2609
3.,28.875,26.625,3.,28.875,26.625,0.,33.625,26.625,3.;              1927P   2610
502,133,-18.0112811217338,12.,19.8486882379362,                     1929P   2611
-17.0112811217338,13.,19.8486882379362,-17.0112811217338,13.,       1929P   2612
0.0986882379361909,-18.0112811217338,12.,0.0986882379361909,        1929P   2613
44.9887188782662,13.,0.0986882379361909,45.9887188782662,12.,       1929P   2614
0.0986882379361909,45.9887188782662,4.3,0.0986882379361909,         1929P   2615
44.4887188782662,4.3,0.0986882379361909,44.4887188782662,6.3,       1929P   2616
0.0986882379361909,41.9887188782662,6.3,0.0986882379361909,         1929P   2617
41.9887188782662,3.3,0.0986882379361909,45.9887188782662,3.3,       1929P   2618
0.0986882379361909,45.9887188782662,0.,0.0986882379361909,          1929P   2619
-18.0112811217338,0.,0.0986882379361909,-18.0112811217338,3.3,      1929P   2620
0.0986882379361909,-14.0112811217338,3.3,0.0986882379361909,        1929P   2621
-14.0112811217338,6.3,0.0986882379361909,-16.5112811217338,6.3,     1929P   2622
0.0986882379361909,-16.5112811217338,4.3,0.0986882379361909,        1929P   2623
-18.0112811217338,4.3,0.0986882379361909,6.48871887826622,6.3,      1929P   2624
0.0986882379361909,6.48871887826622,3.3,0.0986882379361909,         1929P   2625
21.4887188782662,3.3,0.0986882379361909,21.4887188782662,6.3,       1929P   2626
0.0986882379361909,35.5887188782662,5.2,0.0986882379361909,         1929P   2627
35.5887188782662,6.4,0.0986882379361909,32.3887188782662,6.4,       1929P   2628
0.0986882379361909,32.3887188782662,5.2,0.0986882379361909,         1929P   2629
-4.41128112173378,5.2,0.0986882379361909,-4.41128112173379,6.4,     1929P   2630
0.0986882379361909,-7.61128112173378,6.4,0.0986882379361909,        1929P   2631
-7.61128112173378,5.2,0.0986882379361909,44.9887188782662,13.,      1929P   2632
19.8486882379362,0.238718878266218,13.,7.84868823793619,            1929P   2633
20.2387188782662,13.,7.84868823793619,40.2387188782662,13.,         1929P   2634
7.84868823793619,45.9887188782662,12.,19.8486882379362,             1929P   2635
44.4887188782662,4.3,19.8486882379362,45.9887188782662,4.3,         1929P   2636
19.8486882379362,41.9887188782662,6.3,1.59868823793619,             1929P   2637
44.4887188782662,6.3,1.59868823793619,41.9887188782662,6.3,         1929P   2638
19.8486882379362,44.4887188782662,6.3,19.8486882379362,             1929P   2639
41.9887188782662,6.3,18.3486882379362,44.4887188782662,6.3,         1929P   2640
18.3486882379362,41.9887188782662,3.3,1.59868823793619,             1929P   2641
45.9887188782662,3.3,19.8486882379362,41.9887188782662,3.3,         1929P   2642
19.8486882379362,44.4887188782662,3.3,1.59868823793619,             1929P   2643
44.4887188782662,3.3,18.3486882379362,41.9887188782662,3.3,         1929P   2644
18.3486882379362,-14.0112811217338,6.3,18.3486882379362,            1929P   2645
-16.5112811217338,6.3,18.3486882379362,-14.0112811217338,6.3,       1929P   2646
19.8486882379362,-16.5112811217338,6.3,19.8486882379362,            1929P   2647
-14.0112811217338,3.3,18.3486882379362,-14.0112811217338,3.3,       1929P   2648
19.8486882379362,-14.0112811217338,3.3,1.59868823793619,            1929P   2649
-16.5112811217338,3.3,1.59868823793619,-18.0112811217338,3.3,       1929P   2650
19.8486882379362,-16.5112811217338,3.3,18.3486882379362,            1929P   2651
-18.0112811217338,4.3,19.8486882379362,-16.5112811217338,4.3,       1929P   2652
19.8486882379362,-16.5112811217338,6.3,1.59868823793619,            1929P   2653
-14.0112811217338,6.3,1.59868823793619,45.9887188782662,0.,         1929P   2654
19.8486882379362,45.9887188782662,0.,18.3486882379362,              1929P   2655
45.9887188782662,1.,18.3486882379362,45.9887188782662,1.,           1929P   2656
19.0486882379362,45.9887188782662,2.4,19.0486882379362,             1929P   2657
45.9887188782662,2.4,0.898688237936191,45.9887188782662,1.,         1929P   2658
0.898688237936191,45.9887188782662,1.,1.59868823793619,             1929P   2659
45.9887188782662,0.,1.59868823793619,44.4887188782662,12.4,         1929P   2660
18.3486882379362,44.4887188782662,12.4,1.59868823793619,            1929P   2661
44.4887188782662,2.4,1.59868823793619,44.4887188782662,2.4,         1929P   2662
18.3486882379362,-16.5112811217338,2.4,18.3486882379362,            1929P   2663
-16.5112811217338,12.4,18.3486882379362,-4.41128112173378,5.2,      1929P   2664
18.3486882379362,-4.41128112173379,6.4,18.3486882379362,            1929P   2665
-7.61128112173378,6.4,18.3486882379362,-7.61128112173378,5.2,       1929P   2666
18.3486882379362,35.5887188782662,5.2,18.3486882379362,             1929P   2667
35.5887188782662,6.4,18.3486882379362,32.3887188782662,6.4,         1929P   2668
18.3486882379362,32.3887188782662,5.2,18.3486882379362,             1929P   2669
6.48871887826622,6.3,18.3486882379362,6.48871887826622,3.3,         1929P   2670
18.3486882379362,21.4887188782662,3.3,18.3486882379362,             1929P   2671
21.4887188782662,6.3,18.3486882379362,-16.5112811217338,12.4,       1929P   2672
1.5986882379362,-16.5112811217338,2.4,1.59868823793619,             1929P   2673
-18.0112811217338,0.,19.8486882379362,6.48871887826622,3.3,         1929P   2674
19.8486882379362,6.48871887826622,6.3,19.8486882379362,             1929P   2675
21.4887188782662,6.3,19.8486882379362,21.4887188782662,3.3,         1929P   2676
19.8486882379362,35.5887188782662,6.4,19.8486882379362,             1929P   2677
35.5887188782662,5.2,19.8486882379362,32.3887188782662,5.2,         1929P   2678
19.8486882379362,32.3887188782662,6.4,19.8486882379362,             1929P   2679
-4.41128112173379,6.4,19.8486882379362,-4.41128112173378,5.2,       1929P   2680
19.8486882379362,-7.61128112173378,5.2,19.8486882379362,            1929P   2681
-7.61128112173378,6.4,19.8486882379362,-16.5112811217338,1.,        1929P   2682
1.59868823793619,-17.2112811217338,1.,0.898688237936191,            1929P   2683
-17.2112811217338,1.,19.0486882379362,-16.5112811217338,1.,         1929P   2684
18.3486882379362,-16.5112811217338,0.,18.3486882379362,             1929P   2685
-16.5112811217338,0.,1.59868823793619,-17.2112811217338,2.4,        1929P   2686
19.0486882379362,-17.2112811217338,2.4,0.898688237936191,           1929P   2687
-7.61128112173378,6.4,1.59868823793619,-7.61128112173378,5.2,       1929P   2688
1.59868823793619,-4.41128112173378,5.2,1.59868823793619,            1929P   2689
-4.41128112173379,6.4,1.59868823793619,32.3887188782662,6.4,        1929P   2690
1.59868823793619,32.3887188782662,5.2,1.59868823793619,             1929P   2691
35.5887188782662,5.2,1.59868823793619,35.5887188782662,6.4,         1929P   2692
1.59868823793619,0.238718878266218,12.4,7.84868823793619,           1929P   2693
-6.01128112173378,12.4,1.5986882379362,20.2387188782662,12.4,       1929P   2694
7.84868823793619,13.9887188782662,12.4,1.59868823793619,            1929P   2695
40.2387188782662,12.4,7.84868823793619,33.9887188782662,12.4,       1929P   2696
1.59868823793619,21.4887188782662,6.3,1.59868823793619,             1929P   2697
21.4887188782662,3.3,1.59868823793619,6.48871887826622,3.3,         1929P   2698
1.59868823793619,6.48871887826622,6.3,1.59868823793619;             1929P   2699
502,16,4.30537827248404,29.3,1.,6.30537827248404,29.3,1.,           1931P   2700
4.30537827248404,29.3,2.,6.30537827248404,29.3,2.,                  1931P   2701
6.30537827248404,12.95,1.,6.30537827248404,12.95,2.,                1931P   2702
4.30537827248404,12.95,1.,4.30537827248404,12.95,2.,                1931P   2703
4.30537827248404,12.25,0.,4.30537827248404,30.,0.,                  1931P   2704
4.30537827248404,12.25,1.,4.30537827248404,30.,1.,                  1931P   2705
67.305378272484,30.,0.,67.305378272484,30.,1.,67.305378272484,      1931P   2706
12.25,0.,67.305378272484,12.25,1.;                                  1931P   2707
502,8,12.9,0.,9.1,10.,0.,9.1,10.,19.75,9.1,12.9,19.75,9.1,12.9,     1933P   2708
0.,10.,12.9,19.75,10.,10.,0.,10.,10.,19.75,10.;                     1933P   2709
502,16,38.1887188782662,2.,-4.30131176206381,33.7887188782662,      1935P   2710
2.,-4.30131176206381,38.1887188782662,5.,-4.30131176206381,         1935P   2711
33.7887188782662,5.,-4.30131176206381,33.7887188782662,2.,          1935P   2712
0.0986882379361909,33.7887188782662,5.,0.0986882379361909,          1935P   2713
32.7887188782662,2.,0.0986882379361909,32.7887188782662,5.,         1935P   2714
0.0986882379361909,32.7887188782662,2.,-5.30131176206381,           1935P   2715
32.7887188782662,5.,-5.30131176206381,39.1887188782662,2.,          1935P   2716
-5.30131176206381,39.1887188782662,5.,-5.30131176206381,            1935P   2717
39.1887188782662,2.,0.0986882379361909,39.1887188782662,5.,         1935P   2718
0.0986882379361909,38.1887188782662,2.,0.0986882379361909,          1935P   2719
38.1887188782662,5.,0.0986882379361909;                             1935P   2720
502,16,-10.2112811217338,2.,-4.30131176206381,-5.81128112173379,    1937P   2721
2.,-4.30131176206381,-5.81128112173379,5.,-4.30131176206381,        1937P   2722
-10.2112811217338,5.,-4.30131176206381,-5.81128112173378,2.,        1937P   2723
0.0986882379361909,-5.81128112173378,5.,0.0986882379361909,         1937P   2724
-4.81128112173378,2.,0.0986882379361909,-4.81128112173378,5.,       1937P   2725
0.0986882379361909,-4.81128112173379,2.,-5.30131176206381,          1937P   2726
-4.81128112173379,5.,-5.30131176206381,-11.2112811217338,2.,        1937P   2727
-5.30131176206381,-11.2112811217338,5.,-5.30131176206381,           1937P   2728
-11.2112811217338,2.,0.0986882379361909,-11.2112811217338,5.,       1937P   2729
0.0986882379361909,-10.2112811217338,2.,0.0986882379361909,         1937P   2730
-10.2112811217338,5.,0.0986882379361909;                            1937P   2731
502,16,38.1887188782662,2.,24.2486882379362,33.7887188782662,2.,    1939P   2732
24.2486882379362,33.7887188782662,5.,24.2486882379362,              1939P   2733
38.1887188782662,5.,24.2486882379362,33.7887188782662,2.,           1939P   2734
19.8486882379362,33.7887188782662,5.,19.8486882379362,              1939P   2735
32.7887188782662,2.,19.8486882379362,32.7887188782662,5.,           1939P   2736
19.8486882379362,32.7887188782662,2.,25.2486882379362,              1939P   2737
32.7887188782662,5.,25.2486882379362,39.1887188782662,2.,           1939P   2738
25.2486882379362,39.1887188782662,5.,25.2486882379362,              1939P   2739
39.1887188782662,2.,19.8486882379362,39.1887188782662,5.,           1939P   2740
19.8486882379362,38.1887188782662,2.,19.8486882379362,              1939P   2741
38.1887188782662,5.,19.8486882379362;                               1939P   2742
502,16,-10.2112811217338,2.,24.2486882379362,-5.81128112173379,     1941P   2743
2.,24.2486882379362,-10.2112811217338,5.,24.2486882379362,          1941P   2744
-5.81128112173379,5.,24.2486882379362,-5.81128112173378,2.,         1941P   2745
19.8486882379362,-5.81128112173378,5.,19.8486882379362,             1941P   2746
-4.81128112173378,2.,19.8486882379362,-4.81128112173378,5.,         1941P   2747
19.8486882379362,-4.81128112173379,2.,25.2486882379362,             1941P   2748
-4.81128112173379,5.,25.2486882379362,-11.2112811217338,2.,         1941P   2749
25.2486882379362,-11.2112811217338,5.,25.2486882379362,             1941P   2750
-11.2112811217338,2.,19.8486882379362,-11.2112811217338,5.,         1941P   2751
19.8486882379362,-10.2112811217338,2.,19.8486882379362,             1941P   2752
-10.2112811217338,5.,19.8486882379362;                              1941P   2753
504,107,733,1927,1,1927,2,735,1927,3,1927,1,737,1927,3,1927,4,      1943P   2754
739,1927,2,1927,4,741,1927,5,1927,6,743,1927,4,1927,5,745,1927,     1943P   2755
6,1927,3,747,1927,7,1927,8,749,1927,9,1927,7,751,1927,9,1927,10,    1943P   2756
753,1927,8,1927,10,755,1927,11,1927,12,757,1927,10,1927,11,759,     1943P   2757
1927,12,1927,9,761,1927,2,1927,13,763,1927,13,1927,14,765,1927,     1943P   2758
14,1927,15,767,1927,15,1927,16,769,1927,16,1927,17,771,1927,17,     1943P   2759
1927,18,773,1927,18,1927,19,775,1927,19,1927,20,777,1927,20,        1943P   2760
1927,1,779,1927,20,1927,21,781,1927,21,1927,22,783,1927,22,1927,    1943P   2761
23,785,1927,8,1927,23,787,1927,24,1927,11,789,1927,25,1927,24,      1943P   2762
791,1927,25,1927,6,793,1927,26,1927,27,795,1927,27,1927,28,797,     1943P   2763
1927,28,1927,29,799,1927,29,1927,26,801,1927,30,1927,31,803,        1943P   2764
1927,31,1927,32,805,1927,32,1927,33,807,1927,33,1927,30,809,        1943P   2765
1927,34,1927,12,811,1927,24,1927,34,813,1927,35,1927,36,815,        1943P   2766
1927,37,1927,35,817,1927,38,1927,37,819,1927,36,1927,38,821,        1943P   2767
1927,14,1927,39,823,1927,40,1927,13,825,1927,40,1927,39,827,        1943P   2768
1927,41,1927,42,829,1927,23,1927,41,831,1927,42,1927,22,833,        1943P   2769
1927,43,1927,19,835,1927,43,1927,21,837,1927,44,1927,32,839,        1943P   2770
1927,45,1927,44,841,1927,45,1927,33,843,1927,46,1927,45,845,        1943P   2771
1927,46,1927,30,847,1927,47,1927,46,849,1927,47,1927,31,851,        1943P   2772
1927,44,1927,47,853,1927,48,1927,28,855,1927,49,1927,48,857,        1943P   2773
1927,49,1927,29,859,1927,50,1927,49,861,1927,50,1927,26,863,        1943P   2774
1927,51,1927,50,865,1927,51,1927,27,867,1927,48,1927,51,869,        1943P   2775
1927,52,1927,36,871,1927,52,1927,53,873,1927,53,1927,35,875,        1943P   2776
1927,39,1927,54,877,1927,15,1927,54,879,1927,55,1927,53,881,        1943P   2777
1927,55,1927,56,883,1927,57,1927,56,885,1927,42,1927,57,887,        1943P   2778
1927,58,1927,43,889,1927,59,1927,58,891,1927,60,1927,59,893,        1943P   2779
1927,54,1927,60,895,1927,37,1927,40,897,1927,61,1927,5,899,1927,    1943P   2780
34,1927,61,901,1927,38,1927,7,903,1927,62,1927,55,905,1927,63,      1943P   2781
1927,62,907,1927,64,1927,63,909,1927,55,1927,64,911,1927,65,        1943P   2782
1927,66,913,1927,64,1927,65,915,1927,63,1927,66,917,1927,67,        1943P   2783
1927,65,919,1927,56,1927,67,921,1927,68,1927,52,923,1927,68,        1943P   2784
1927,62,925,1927,69,1927,68,927,1927,69,1927,70,929,1927,66,        1943P   2785
1927,70,931,1927,71,1927,69,933,1927,71,1927,57,935,1927,70,        1943P   2786
1927,67,937,1927,41,1927,71,939,1927,18,1927,58,941,1927,17,        1943P   2787
1927,59,943,1927,16,1927,60,945,1927,61,1927,25;                    1943P   2788
504,201,947,1929,1,1929,2,949,1929,2,1929,3,951,1929,3,1929,4,      1945P   2789
953,1929,4,1929,1,955,1929,5,1929,3,957,1929,6,1929,5,959,1929,     1945P   2790
7,1929,6,961,1929,7,1929,8,963,1929,8,1929,9,965,1929,9,1929,10,    1945P   2791
967,1929,10,1929,11,969,1929,11,1929,12,971,1929,13,1929,12,973,    1945P   2792
1929,14,1929,13,975,1929,14,1929,15,977,1929,15,1929,16,979,        1945P   2793
1929,16,1929,17,981,1929,17,1929,18,983,1929,18,1929,19,985,        1945P   2794
1929,19,1929,20,987,1929,20,1929,4,989,1929,21,1929,22,991,1929,    1945P   2795
22,1929,23,993,1929,23,1929,24,995,1929,24,1929,21,997,1929,25,     1945P   2796
1929,26,999,1929,26,1929,27,1001,1929,27,1929,28,1003,1929,28,      1945P   2797
1929,25,1005,1929,29,1929,30,1007,1929,30,1929,31,1009,1929,31,     1945P   2798
1929,32,1011,1929,32,1929,29,1013,1929,2,1929,33,1015,1929,5,       1945P   2799
1929,33,1017,1929,34,1929,34,1019,1929,35,1929,35,1021,1929,36,     1945P   2800
1929,36,1023,1929,33,1929,37,1025,1929,37,1929,6,1027,1929,38,      1945P   2801
1929,39,1029,1929,8,1929,38,1031,1929,39,1929,7,1033,1929,40,       1945P   2802
1929,41,1035,1929,10,1929,40,1037,1929,9,1929,41,1039,1929,42,      1945P   2803
1929,43,1041,1929,44,1929,42,1043,1929,45,1929,44,1045,1929,45,     1945P   2804
1929,43,1047,1929,46,1929,40,1049,1929,11,1929,46,1051,1929,47,     1945P   2805
1929,48,1053,1929,12,1929,47,1055,1929,49,1929,46,1057,1929,50,     1945P   2806
1929,49,1059,1929,51,1929,50,1061,1929,51,1929,48,1063,1929,48,     1945P   2807
1929,42,1065,1929,44,1929,51,1067,1929,52,1929,53,1069,1929,52,     1945P   2808
1929,54,1071,1929,55,1929,54,1073,1929,53,1929,55,1075,1929,56,     1945P   2809
1929,52,1077,1929,56,1929,57,1079,1929,54,1929,57,1081,1929,58,     1945P   2810
1929,59,1083,1929,16,1929,58,1085,1929,60,1929,15,1087,1929,57,     1945P   2811
1929,60,1089,1929,61,1929,56,1091,1929,59,1929,61,1093,1929,62,     1945P   2812
1929,63,1095,1929,20,1929,62,1097,1929,19,1929,63,1099,1929,64,     1945P   2813
1929,65,1101,1929,18,1929,64,1103,1929,17,1929,65,1105,1929,65,     1945P   2814
1929,58,1107,1929,66,1929,47,1109,1929,67,1929,66,1111,1929,67,     1945P   2815
1929,68,1113,1929,68,1929,69,1115,1929,69,1929,70,1117,1929,70,     1945P   2816
1929,71,1119,1929,71,1929,72,1121,1929,72,1929,73,1123,1929,73,     1945P   2817
1929,74,1125,1929,13,1929,74,1127,1929,45,1929,75,1129,1929,75,     1945P   2818
1929,76,1131,1929,41,1929,76,1133,1929,43,1929,38,1135,1929,77,     1945P   2819
1929,49,1137,1929,77,1929,78,1139,1929,78,1929,50,1141,1929,78,     1945P   2820
1929,79,1143,1929,79,1929,61,1145,1929,53,1929,80,1147,1929,80,     1945P   2821
1929,75,1149,1929,81,1929,82,1151,1929,82,1929,83,1153,1929,83,     1945P   2822
1929,84,1155,1929,84,1929,81,1157,1929,85,1929,86,1159,1929,86,     1945P   2823
1929,87,1161,1929,87,1929,88,1163,1929,88,1929,85,1165,1929,89,     1945P   2824
1929,90,1167,1929,90,1929,91,1169,1929,91,1929,92,1171,1929,92,     1945P   2825
1929,89,1173,1929,64,1929,93,1175,1929,93,1929,80,1177,1929,63,     1945P   2826
1929,55,1179,1929,79,1929,94,1181,1929,94,1929,59,1183,1929,62,     1945P   2827
1929,1,1185,1929,95,1929,60,1187,1929,66,1929,95,1189,1929,39,      1945P   2828
1929,37,1191,1929,96,1929,97,1193,1929,97,1929,98,1195,1929,98,     1945P   2829
1929,99,1197,1929,99,1929,96,1199,1929,100,1929,101,1201,1929,      1945P   2830
101,1929,102,1203,1929,102,1929,103,1205,1929,103,1929,100,1207,    1945P   2831
1929,104,1929,105,1209,1929,105,1929,106,1211,1929,106,1929,107,    1945P   2832
1213,1929,107,1929,104,1215,1929,95,1929,14,1217,1929,73,1929,      1945P   2833
108,1219,1929,72,1929,109,1221,1929,109,1929,110,1223,1929,69,      1945P   2834
1929,110,1225,1929,111,1929,68,1227,1929,108,1929,111,1229,1929,    1945P   2835
112,1929,67,1231,1929,74,1929,113,1233,1929,113,1929,112,1235,      1945P   2836
1929,70,1929,114,1237,1929,114,1929,115,1239,1929,71,1929,115,      1945P   2837
1241,1929,94,1929,77,1243,1929,110,1929,114,1245,1929,115,1929,     1945P   2838
109,1247,1929,112,1929,111,1249,1929,113,1929,108,1251,1929,116,    1945P   2839
1929,31,1253,1929,117,1929,116,1255,1929,117,1929,32,1257,1929,     1945P   2840
118,1929,117,1259,1929,118,1929,29,1261,1929,119,1929,118,1263,     1945P   2841
1929,119,1929,30,1265,1929,116,1929,119,1267,1929,120,1929,27,      1945P   2842
1269,1929,121,1929,120,1271,1929,121,1929,28,1273,1929,122,1929,    1945P   2843
121,1275,1929,122,1929,25,1277,1929,123,1929,122,1279,1929,123,     1945P   2844
1929,26,1281,1929,120,1929,123,1283,1929,84,1929,106,1285,1929,     1945P   2845
83,1929,107,1287,1929,82,1929,104,1289,1929,81,1929,105,1291,       1945P   2846
1929,88,1929,102,1293,1929,87,1929,103,1295,1929,86,1929,100,       1945P   2847
1297,1929,85,1929,101,1299,1929,34,1929,124,1301,1929,125,1929,     1945P   2848
124,1303,1929,124,1929,125,1305,1929,35,1929,126,1307,1929,127,     1945P   2849
1929,126,1309,1929,126,1929,127,1311,1929,36,1929,128,1313,1929,    1945P   2850
129,1929,128,1315,1929,128,1929,129,1317,1929,76,1929,129,1319,     1945P   2851
1929,125,1929,93,1321,1929,127,1929,125,1323,1929,129,1929,127,     1945P   2852
1325,1929,91,1929,99,1327,1929,92,1929,98,1329,1929,130,1929,       1945P   2853
131,1331,1929,24,1929,130,1333,1929,23,1929,131,1335,1929,89,       1945P   2854
1929,97,1337,1929,90,1929,96,1339,1929,131,1929,132,1341,1929,      1945P   2855
22,1929,132,1343,1929,132,1929,133,1345,1929,21,1929,133,1347,      1945P   2856
1929,133,1929,130;                                                  1945P   2857
504,24,1349,1931,1,1931,2,1351,1931,1,1931,3,1353,1931,4,1931,3,    1947P   2858
1355,1931,2,1931,4,1357,1931,2,1931,5,1359,1931,6,1931,4,1361,      1947P   2859
1931,5,1931,6,1363,1931,5,1931,7,1365,1931,8,1931,6,1367,1931,7,    1947P   2860
1931,8,1369,1931,3,1931,8,1371,1931,9,1931,10,1373,1931,9,1931,     1947P   2861
11,1375,1931,7,1931,11,1377,1931,12,1931,1,1379,1931,10,1931,12,    1947P   2862
1381,1931,10,1931,13,1383,1931,14,1931,12,1385,1931,13,1931,14,     1947P   2863
1387,1931,13,1931,15,1389,1931,16,1931,14,1391,1931,15,1931,16,     1947P   2864
1393,1931,15,1931,9,1395,1931,11,1931,16;                           1947P   2865
504,12,1397,1933,1,1933,2,1399,1933,2,1933,3,1401,1933,4,1933,3,    1949P   2866
1403,1933,1,1933,4,1405,1933,5,1933,1,1407,1933,6,1933,4,1409,      1949P   2867
1933,5,1933,6,1411,1933,7,1933,5,1413,1933,8,1933,6,1415,1933,7,    1949P   2868
1933,8,1417,1933,2,1933,7,1419,1933,3,1933,8;                       1949P   2869
504,24,1421,1935,1,1935,2,1423,1935,1,1935,3,1425,1935,4,1935,3,    1951P   2870
1427,1935,2,1935,4,1429,1935,2,1935,5,1431,1935,6,1935,4,1433,      1951P   2871
1935,5,1935,6,1435,1935,7,1935,5,1437,1935,8,1935,6,1439,1935,7,    1951P   2872
1935,8,1441,1935,9,1935,7,1443,1935,10,1935,8,1445,1935,9,1935,     1951P   2873
10,1447,1935,11,1935,9,1449,1935,12,1935,10,1451,1935,11,1935,      1951P   2874
12,1453,1935,13,1935,11,1455,1935,14,1935,12,1457,1935,13,1935,     1951P   2875
14,1459,1935,15,1935,13,1461,1935,16,1935,14,1463,1935,15,1935,     1951P   2876
16,1465,1935,15,1935,1,1467,1935,3,1935,16;                         1951P   2877
504,24,1469,1937,1,1937,2,1471,1937,2,1937,3,1473,1937,3,1937,4,    1953P   2878
1475,1937,1,1937,4,1477,1937,2,1937,5,1479,1937,5,1937,6,1481,      1953P   2879
1937,6,1937,3,1483,1937,7,1937,5,1485,1937,7,1937,8,1487,1937,8,    1953P   2880
1937,6,1489,1937,9,1937,7,1491,1937,9,1937,10,1493,1937,10,1937,    1953P   2881
8,1495,1937,11,1937,9,1497,1937,11,1937,12,1499,1937,12,1937,10,    1953P   2882
1501,1937,13,1937,11,1503,1937,13,1937,14,1505,1937,14,1937,12,     1953P   2883
1507,1937,15,1937,13,1509,1937,15,1937,16,1511,1937,16,1937,14,     1953P   2884
1513,1937,15,1937,1,1515,1937,4,1937,16;                            1953P   2885
504,24,1517,1939,1,1939,2,1519,1939,2,1939,3,1521,1939,3,1939,4,    1955P   2886
1523,1939,1,1939,4,1525,1939,2,1939,5,1527,1939,5,1939,6,1529,      1955P   2887
1939,6,1939,3,1531,1939,7,1939,5,1533,1939,7,1939,8,1535,1939,8,    1955P   2888
1939,6,1537,1939,9,1939,7,1539,1939,9,1939,10,1541,1939,10,1939,    1955P   2889
8,1543,1939,11,1939,9,1545,1939,11,1939,12,1547,1939,12,1939,10,    1955P   2890
1549,1939,13,1939,11,1551,1939,13,1939,14,1553,1939,14,1939,12,     1955P   2891
1555,1939,15,1939,13,1557,1939,15,1939,16,1559,1939,16,1939,14,     1955P   2892
1561,1939,15,1939,1,1563,1939,4,1939,16;                            1955P   2893
504,24,1565,1941,1,1941,2,1567,1941,1,1941,3,1569,1941,4,1941,3,    1957P   2894
1571,1941,2,1941,4,1573,1941,2,1941,5,1575,1941,6,1941,4,1577,      1957P   2895
1941,5,1941,6,1579,1941,7,1941,5,1581,1941,8,1941,6,1583,1941,7,    1957P   2896
1941,8,1585,1941,9,1941,7,1587,1941,10,1941,8,1589,1941,9,1941,     1957P   2897
10,1591,1941,11,1941,9,1593,1941,12,1941,10,1595,1941,11,1941,      1957P   2898
12,1597,1941,13,1941,11,1599,1941,14,1941,12,1601,1941,13,1941,     1957P   2899
14,1603,1941,15,1941,13,1605,1941,16,1941,14,1607,1941,15,1941,     1957P   2900
16,1609,1941,15,1941,1,1611,1941,3,1941,16;                         1957P   2901
406,1,5HBody1;                                                      1959P   2902
406,1,25HCanal - middle plate v7:1;                                 1961P   2903
406,1,18HCanal - base v22:1;                                        1963P   2904
406,1,22HCanal - top plate v3:1;                                    1965P   2905
406,1,20HCanal - blocker v2:1;                                      1967P   2906
406,1,20HCanal - blocker v2:2;                                      1969P   2907
406,1,22HAssembly - Canal v11:1;                                    1971P   2908
406,1,6HBody21;                                                     1973P   2909
406,1,6HBody22;                                                     1975P   2910
406,1,6HBody23;                                                     1977P   2911
406,1,6HBody24;                                                     1979P   2912
314,62.7450980392157,62.7450980392157,62.7450980392157,13HSteel     1981P   2913
- Satin;                                                            1981P   2914
S      1G      3D   1982P   2914                                        T      1
