ISO-10303-21;
HEADER;
FILE_DESCRIPTION(('STEP AP242'),'1');
FILE_NAME('2053380003.stp','2024-12-16T15:42:13',('TraceParts'),('TraceParts S.A.'),'Spatial InterOp 3D',' ',' ');
FILE_SCHEMA(('AP242_MANAGED_MODEL_BASED_3D_ENGINEERING_MIM_LF  {1 0 10303 442 1 1 4}'));
ENDSEC;
DATA;
#1=MECHANICAL_DESIGN_GEOMETRIC_PRESENTATION_REPRESENTATION(' ',(#10),#6);
#2=PRODUCT_DEFINITION_CONTEXT('',#11,'design');
#3=APPLICATION_PROTOCOL_DEFINITION('INTERNATIONAL STANDARD','ap242_managed_model_based_3d_engineering',2014,#11);
#4=PRODUCT_CATEGORY_RELATIONSHIP('NONE','NONE',#12,#13);
#5=SHAPE_DEFINITION_REPRESENTATION(#14,#15);
#6= (GEOMETRIC_REPRESENTATION_CONTEXT(3)GLOBAL_UNCERTAINTY_ASSIGNED_CONTEXT((#18))GLOBAL_UNIT_ASSIGNED_CONTEXT((#20,#21,#22))REPRESENTATION_CONTEXT('NONE','WORKSPACE'));
#10=STYLED_ITEM('',(#24),#25);
#11=APPLICATION_CONTEXT('managed model based 3d engineering');
#12=PRODUCT_CATEGORY('part','NONE');
#13=PRODUCT_RELATED_PRODUCT_CATEGORY('detail',' ',(#26));
#14=PRODUCT_DEFINITION_SHAPE('NONE','NONE',#27);
#15=ADVANCED_BREP_SHAPE_REPRESENTATION('2053380003',(#25,#28),#6);
#18=UNCERTAINTY_MEASURE_WITH_UNIT(LENGTH_MEASURE(1.0E-06),#20,'','');
#20= (CONVERSION_BASED_UNIT('MILLIMETRE',#31)LENGTH_UNIT()NAMED_UNIT(#34));
#21= (NAMED_UNIT(#36)PLANE_ANGLE_UNIT()SI_UNIT($,.RADIAN.));
#22= (NAMED_UNIT(#36)SOLID_ANGLE_UNIT()SI_UNIT($,.STERADIAN.));
#24=PRESENTATION_STYLE_ASSIGNMENT((#42));
#25=MANIFOLD_SOLID_BREP('2053380003',#43);
#26=PRODUCT('2053380003','','PART--DESC',(#44));
#27=PRODUCT_DEFINITION('','NONE',#45,#2);
#28=AXIS2_PLACEMENT_3D('',#46,#47,#48);
#31=LENGTH_MEASURE_WITH_UNIT(LENGTH_MEASURE(1.0),#49);
#34=DIMENSIONAL_EXPONENTS(1.0,0.0,0.0,0.0,0.0,0.0,0.0);
#36=DIMENSIONAL_EXPONENTS(0.0,0.0,0.0,0.0,0.0,0.0,0.0);
#42=SURFACE_STYLE_USAGE(.BOTH.,#50);
#43=CLOSED_SHELL('',(#51,#52,#53,#54,#55,#56,#57,#58,#59,#60,#61,#62,#63,#64,#65,#66,#67,#68,#69,#70,#71,#72,#73,#74,#75,#76,#77,#78,#79,#80,#81,#82,#83,#84,#85,#86,#87,#88,#89,#90,#91,#92,#93,#94,#95,#96,#97,#98,#99,#100,#101,#102,#103,#104,#105,#106,#107,#108,#109,#110,#111,#112,#113,#114,#115,#116,#117,#118,#119,#120,#121,#122,#123,#124,#125,#126,#127,#128,#129,#130,#131,#132,#133,#134,#135,#136,#137,#138,#139,#140,#141,#142,#143,#144,#145,#146,#147,#148,#149,#150,#151,#152,#153,#154,#155,#156,#157,#158,#159,#160,#161,#162,#163,#164,#165,#166,#167,#168,#169,#170,#171,#172,#173,#174,#175,#176,#177,#178,#179,#180,#181,#182,#183,#184,#185,#186,#187,#188,#189,#190,#191,#192,#193,#194,#195,#196,#197,#198,#199,#200,#201,#202,#203,#204,#205,#206,#207,#208,#209,#210));
#44=PRODUCT_CONTEXT('',#11,'mechanical');
#45=PRODUCT_DEFINITION_FORMATION_WITH_SPECIFIED_SOURCE(' ','NONE',#26,.NOT_KNOWN.);
#46=CARTESIAN_POINT('',(0.0,0.0,0.0));
#47=DIRECTION('',(0.0,0.0,1.0));
#48=DIRECTION('',(1.0,0.0,0.0));
#49= (NAMED_UNIT(#34)LENGTH_UNIT()SI_UNIT(.MILLI.,.METRE.));
#50=SURFACE_SIDE_STYLE('',(#212));
#51=ADVANCED_FACE('',(#213),#214,.F.);
#52=ADVANCED_FACE('',(#215),#216,.T.);
#53=ADVANCED_FACE('',(#217),#218,.F.);
#54=ADVANCED_FACE('',(#219,#220),#221,.F.);
#55=ADVANCED_FACE('',(#222),#223,.T.);
#56=ADVANCED_FACE('',(#224),#225,.F.);
#57=ADVANCED_FACE('',(#226),#227,.F.);
#58=ADVANCED_FACE('',(#228),#229,.F.);
#59=ADVANCED_FACE('',(#230),#231,.T.);
#60=ADVANCED_FACE('',(#232),#233,.F.);
#61=ADVANCED_FACE('',(#234),#235,.F.);
#62=ADVANCED_FACE('',(#236),#237,.F.);
#63=ADVANCED_FACE('',(#238),#239,.F.);
#64=ADVANCED_FACE('',(#240),#241,.F.);
#65=ADVANCED_FACE('',(#242),#243,.F.);
#66=ADVANCED_FACE('',(#244),#245,.F.);
#67=ADVANCED_FACE('',(#246),#247,.F.);
#68=ADVANCED_FACE('',(#248),#249,.F.);
#69=ADVANCED_FACE('',(#250),#251,.F.);
#70=ADVANCED_FACE('',(#252),#253,.T.);
#71=ADVANCED_FACE('',(#254),#255,.T.);
#72=ADVANCED_FACE('',(#256),#257,.T.);
#73=ADVANCED_FACE('',(#258),#259,.T.);
#74=ADVANCED_FACE('',(#260),#261,.F.);
#75=ADVANCED_FACE('',(#262),#263,.F.);
#76=ADVANCED_FACE('',(#264),#265,.F.);
#77=ADVANCED_FACE('',(#266,#267),#268,.T.);
#78=ADVANCED_FACE('',(#269),#270,.F.);
#79=ADVANCED_FACE('',(#271,#272),#273,.F.);
#80=ADVANCED_FACE('',(#274),#275,.F.);
#81=ADVANCED_FACE('',(#276),#277,.F.);
#82=ADVANCED_FACE('',(#278),#279,.F.);
#83=ADVANCED_FACE('',(#280),#281,.F.);
#84=ADVANCED_FACE('',(#282),#283,.F.);
#85=ADVANCED_FACE('',(#284),#285,.F.);
#86=ADVANCED_FACE('',(#286),#287,.F.);
#87=ADVANCED_FACE('',(#288),#289,.F.);
#88=ADVANCED_FACE('',(#290),#291,.F.);
#89=ADVANCED_FACE('',(#292),#293,.F.);
#90=ADVANCED_FACE('',(#294),#295,.F.);
#91=ADVANCED_FACE('',(#296),#297,.F.);
#92=ADVANCED_FACE('',(#298),#299,.T.);
#93=ADVANCED_FACE('',(#300),#301,.F.);
#94=ADVANCED_FACE('',(#302),#303,.F.);
#95=ADVANCED_FACE('',(#304),#305,.T.);
#96=ADVANCED_FACE('',(#306),#307,.F.);
#97=ADVANCED_FACE('',(#308),#309,.F.);
#98=ADVANCED_FACE('',(#310),#311,.T.);
#99=ADVANCED_FACE('',(#312),#313,.F.);
#100=ADVANCED_FACE('',(#314),#315,.F.);
#101=ADVANCED_FACE('',(#316),#317,.F.);
#102=ADVANCED_FACE('',(#318),#319,.F.);
#103=ADVANCED_FACE('',(#320),#321,.F.);
#104=ADVANCED_FACE('',(#322),#323,.T.);
#105=ADVANCED_FACE('',(#324),#325,.T.);
#106=ADVANCED_FACE('',(#326),#327,.F.);
#107=ADVANCED_FACE('',(#328),#329,.F.);
#108=ADVANCED_FACE('',(#330),#331,.F.);
#109=ADVANCED_FACE('',(#332),#333,.F.);
#110=ADVANCED_FACE('',(#334),#335,.F.);
#111=ADVANCED_FACE('',(#336),#337,.F.);
#112=ADVANCED_FACE('',(#338),#339,.F.);
#113=ADVANCED_FACE('',(#340),#341,.F.);
#114=ADVANCED_FACE('',(#342),#343,.F.);
#115=ADVANCED_FACE('',(#344),#345,.T.);
#116=ADVANCED_FACE('',(#346),#347,.T.);
#117=ADVANCED_FACE('',(#348),#349,.F.);
#118=ADVANCED_FACE('',(#350),#351,.F.);
#119=ADVANCED_FACE('',(#352),#353,.F.);
#120=ADVANCED_FACE('',(#354),#355,.T.);
#121=ADVANCED_FACE('',(#356),#357,.T.);
#122=ADVANCED_FACE('',(#358),#359,.F.);
#123=ADVANCED_FACE('',(#360),#361,.F.);
#124=ADVANCED_FACE('',(#362),#363,.F.);
#125=ADVANCED_FACE('',(#364),#365,.F.);
#126=ADVANCED_FACE('',(#366),#367,.F.);
#127=ADVANCED_FACE('',(#368),#369,.F.);
#128=ADVANCED_FACE('',(#370),#371,.F.);
#129=ADVANCED_FACE('',(#372),#373,.F.);
#130=ADVANCED_FACE('',(#374),#375,.F.);
#131=ADVANCED_FACE('',(#376),#377,.T.);
#132=ADVANCED_FACE('',(#378),#379,.T.);
#133=ADVANCED_FACE('',(#380),#381,.F.);
#134=ADVANCED_FACE('',(#382),#383,.F.);
#135=ADVANCED_FACE('',(#384),#385,.F.);
#136=ADVANCED_FACE('',(#386),#387,.T.);
#137=ADVANCED_FACE('',(#388),#389,.T.);
#138=ADVANCED_FACE('',(#390),#391,.F.);
#139=ADVANCED_FACE('',(#392),#393,.F.);
#140=ADVANCED_FACE('',(#394),#395,.F.);
#141=ADVANCED_FACE('',(#396),#397,.F.);
#142=ADVANCED_FACE('',(#398),#399,.F.);
#143=ADVANCED_FACE('',(#400),#401,.F.);
#144=ADVANCED_FACE('',(#402),#403,.F.);
#145=ADVANCED_FACE('',(#404),#405,.F.);
#146=ADVANCED_FACE('',(#406),#407,.F.);
#147=ADVANCED_FACE('',(#408),#409,.T.);
#148=ADVANCED_FACE('',(#410),#411,.T.);
#149=ADVANCED_FACE('',(#412),#413,.T.);
#150=ADVANCED_FACE('',(#414),#415,.T.);
#151=ADVANCED_FACE('',(#416),#417,.T.);
#152=ADVANCED_FACE('',(#418),#419,.T.);
#153=ADVANCED_FACE('',(#420),#421,.T.);
#154=ADVANCED_FACE('',(#422),#423,.F.);
#155=ADVANCED_FACE('',(#424),#425,.F.);
#156=ADVANCED_FACE('',(#426),#427,.F.);
#157=ADVANCED_FACE('',(#428),#429,.T.);
#158=ADVANCED_FACE('',(#430),#431,.T.);
#159=ADVANCED_FACE('',(#432),#433,.T.);
#160=ADVANCED_FACE('',(#434),#435,.T.);
#161=ADVANCED_FACE('',(#436),#437,.F.);
#162=ADVANCED_FACE('',(#438),#439,.T.);
#163=ADVANCED_FACE('',(#440),#441,.T.);
#164=ADVANCED_FACE('',(#442),#443,.T.);
#165=ADVANCED_FACE('',(#444),#445,.T.);
#166=ADVANCED_FACE('',(#446),#447,.F.);
#167=ADVANCED_FACE('',(#448),#449,.T.);
#168=ADVANCED_FACE('',(#450),#451,.T.);
#169=ADVANCED_FACE('',(#452),#453,.T.);
#170=ADVANCED_FACE('',(#454),#455,.T.);
#171=ADVANCED_FACE('',(#456),#457,.T.);
#172=ADVANCED_FACE('',(#458),#459,.T.);
#173=ADVANCED_FACE('',(#460),#461,.T.);
#174=ADVANCED_FACE('',(#462),#463,.F.);
#175=ADVANCED_FACE('',(#464),#465,.F.);
#176=ADVANCED_FACE('',(#466),#467,.F.);
#177=ADVANCED_FACE('',(#468),#469,.T.);
#178=ADVANCED_FACE('',(#470),#471,.F.);
#179=ADVANCED_FACE('',(#472),#473,.F.);
#180=ADVANCED_FACE('',(#474),#475,.F.);
#181=ADVANCED_FACE('',(#476),#477,.F.);
#182=ADVANCED_FACE('',(#478),#479,.F.);
#183=ADVANCED_FACE('',(#480),#481,.F.);
#184=ADVANCED_FACE('',(#482),#483,.F.);
#185=ADVANCED_FACE('',(#484),#485,.T.);
#186=ADVANCED_FACE('',(#486),#487,.F.);
#187=ADVANCED_FACE('',(#488),#489,.F.);
#188=ADVANCED_FACE('',(#490),#491,.F.);
#189=ADVANCED_FACE('',(#492),#493,.T.);
#190=ADVANCED_FACE('',(#494),#495,.T.);
#191=ADVANCED_FACE('',(#496),#497,.F.);
#192=ADVANCED_FACE('',(#498),#499,.F.);
#193=ADVANCED_FACE('',(#500),#501,.T.);
#194=ADVANCED_FACE('',(#502),#503,.F.);
#195=ADVANCED_FACE('',(#504),#505,.F.);
#196=ADVANCED_FACE('',(#506),#507,.F.);
#197=ADVANCED_FACE('',(#508),#509,.F.);
#198=ADVANCED_FACE('',(#510),#511,.F.);
#199=ADVANCED_FACE('',(#512),#513,.F.);
#200=ADVANCED_FACE('',(#514),#515,.F.);
#201=ADVANCED_FACE('',(#516),#517,.F.);
#202=ADVANCED_FACE('',(#518),#519,.F.);
#203=ADVANCED_FACE('',(#520),#521,.T.);
#204=ADVANCED_FACE('',(#522),#523,.T.);
#205=ADVANCED_FACE('',(#524),#525,.T.);
#206=ADVANCED_FACE('',(#526),#527,.F.);
#207=ADVANCED_FACE('',(#528),#529,.F.);
#208=ADVANCED_FACE('',(#530),#531,.F.);
#209=ADVANCED_FACE('',(#532),#533,.F.);
#210=ADVANCED_FACE('',(#534),#535,.F.);
#212=SURFACE_STYLE_FILL_AREA(#536);
#213=FACE_OUTER_BOUND('',#537,.T.);
#214=PLANE('',#538);
#215=FACE_OUTER_BOUND('',#539,.T.);
#216=PLANE('',#540);
#217=FACE_OUTER_BOUND('',#541,.T.);
#218=PLANE('',#542);
#219=FACE_OUTER_BOUND('',#543,.T.);
#220=FACE_BOUND('',#544,.T.);
#221=PLANE('',#545);
#222=FACE_OUTER_BOUND('',#546,.T.);
#223=PLANE('',#547);
#224=FACE_OUTER_BOUND('',#548,.T.);
#225=PLANE('',#549);
#226=FACE_OUTER_BOUND('',#550,.T.);
#227=PLANE('',#551);
#228=FACE_OUTER_BOUND('',#552,.T.);
#229=PLANE('',#553);
#230=FACE_OUTER_BOUND('',#554,.T.);
#231=PLANE('',#555);
#232=FACE_OUTER_BOUND('',#556,.T.);
#233=PLANE('',#557);
#234=FACE_OUTER_BOUND('',#558,.T.);
#235=PLANE('',#559);
#236=FACE_OUTER_BOUND('',#560,.T.);
#237=PLANE('',#561);
#238=FACE_OUTER_BOUND('',#562,.T.);
#239=PLANE('',#563);
#240=FACE_OUTER_BOUND('',#564,.T.);
#241=PLANE('',#565);
#242=FACE_OUTER_BOUND('',#566,.T.);
#243=PLANE('',#567);
#244=FACE_OUTER_BOUND('',#568,.T.);
#245=PLANE('',#569);
#246=FACE_OUTER_BOUND('',#570,.T.);
#247=PLANE('',#571);
#248=FACE_OUTER_BOUND('',#572,.T.);
#249=PLANE('',#573);
#250=FACE_OUTER_BOUND('',#574,.T.);
#251=PLANE('',#575);
#252=FACE_OUTER_BOUND('',#576,.T.);
#253=PLANE('',#577);
#254=FACE_OUTER_BOUND('',#578,.T.);
#255=PLANE('',#579);
#256=FACE_OUTER_BOUND('',#580,.T.);
#257=PLANE('',#581);
#258=FACE_OUTER_BOUND('',#582,.T.);
#259=PLANE('',#583);
#260=FACE_OUTER_BOUND('',#584,.T.);
#261=PLANE('',#585);
#262=FACE_OUTER_BOUND('',#586,.T.);
#263=PLANE('',#587);
#264=FACE_OUTER_BOUND('',#588,.T.);
#265=PLANE('',#589);
#266=FACE_BOUND('',#590,.T.);
#267=FACE_OUTER_BOUND('',#591,.T.);
#268=PLANE('',#592);
#269=FACE_OUTER_BOUND('',#593,.T.);
#270=PLANE('',#594);
#271=FACE_BOUND('',#595,.T.);
#272=FACE_OUTER_BOUND('',#596,.T.);
#273=PLANE('',#597);
#274=FACE_OUTER_BOUND('',#598,.T.);
#275=PLANE('',#599);
#276=FACE_OUTER_BOUND('',#600,.T.);
#277=PLANE('',#601);
#278=FACE_OUTER_BOUND('',#602,.T.);
#279=PLANE('',#603);
#280=FACE_OUTER_BOUND('',#604,.T.);
#281=PLANE('',#605);
#282=FACE_OUTER_BOUND('',#606,.T.);
#283=PLANE('',#607);
#284=FACE_OUTER_BOUND('',#608,.T.);
#285=PLANE('',#609);
#286=FACE_OUTER_BOUND('',#610,.T.);
#287=PLANE('',#611);
#288=FACE_OUTER_BOUND('',#612,.T.);
#289=PLANE('',#613);
#290=FACE_OUTER_BOUND('',#614,.T.);
#291=PLANE('',#615);
#292=FACE_OUTER_BOUND('',#616,.T.);
#293=PLANE('',#617);
#294=FACE_OUTER_BOUND('',#618,.T.);
#295=PLANE('',#619);
#296=FACE_OUTER_BOUND('',#620,.T.);
#297=PLANE('',#621);
#298=FACE_OUTER_BOUND('',#622,.T.);
#299=PLANE('',#623);
#300=FACE_OUTER_BOUND('',#624,.T.);
#301=PLANE('',#625);
#302=FACE_OUTER_BOUND('',#626,.T.);
#303=PLANE('',#627);
#304=FACE_OUTER_BOUND('',#628,.T.);
#305=PLANE('',#629);
#306=FACE_OUTER_BOUND('',#630,.T.);
#307=PLANE('',#631);
#308=FACE_OUTER_BOUND('',#632,.T.);
#309=PLANE('',#633);
#310=FACE_OUTER_BOUND('',#634,.T.);
#311=PLANE('',#635);
#312=FACE_OUTER_BOUND('',#636,.T.);
#313=PLANE('',#637);
#314=FACE_OUTER_BOUND('',#638,.T.);
#315=PLANE('',#639);
#316=FACE_OUTER_BOUND('',#640,.T.);
#317=PLANE('',#641);
#318=FACE_OUTER_BOUND('',#642,.T.);
#319=PLANE('',#643);
#320=FACE_OUTER_BOUND('',#644,.T.);
#321=PLANE('',#645);
#322=FACE_OUTER_BOUND('',#646,.T.);
#323=PLANE('',#647);
#324=FACE_OUTER_BOUND('',#648,.T.);
#325=PLANE('',#649);
#326=FACE_OUTER_BOUND('',#650,.T.);
#327=PLANE('',#651);
#328=FACE_OUTER_BOUND('',#652,.T.);
#329=PLANE('',#653);
#330=FACE_OUTER_BOUND('',#654,.T.);
#331=PLANE('',#655);
#332=FACE_OUTER_BOUND('',#656,.T.);
#333=PLANE('',#657);
#334=FACE_OUTER_BOUND('',#658,.T.);
#335=PLANE('',#659);
#336=FACE_OUTER_BOUND('',#660,.T.);
#337=PLANE('',#661);
#338=FACE_OUTER_BOUND('',#662,.T.);
#339=CYLINDRICAL_SURFACE('',#663,0.3);
#340=FACE_OUTER_BOUND('',#664,.T.);
#341=PLANE('',#665);
#342=FACE_OUTER_BOUND('',#666,.T.);
#343=PLANE('',#667);
#344=FACE_OUTER_BOUND('',#668,.T.);
#345=PLANE('',#669);
#346=FACE_OUTER_BOUND('',#670,.T.);
#347=PLANE('',#671);
#348=FACE_OUTER_BOUND('',#672,.T.);
#349=PLANE('',#673);
#350=FACE_OUTER_BOUND('',#674,.T.);
#351=PLANE('',#675);
#352=FACE_OUTER_BOUND('',#676,.T.);
#353=PLANE('',#677);
#354=FACE_OUTER_BOUND('',#678,.T.);
#355=PLANE('',#679);
#356=FACE_OUTER_BOUND('',#680,.T.);
#357=PLANE('',#681);
#358=FACE_OUTER_BOUND('',#682,.T.);
#359=PLANE('',#683);
#360=FACE_OUTER_BOUND('',#684,.T.);
#361=PLANE('',#685);
#362=FACE_OUTER_BOUND('',#686,.T.);
#363=PLANE('',#687);
#364=FACE_OUTER_BOUND('',#688,.T.);
#365=PLANE('',#689);
#366=FACE_OUTER_BOUND('',#690,.T.);
#367=PLANE('',#691);
#368=FACE_OUTER_BOUND('',#692,.T.);
#369=PLANE('',#693);
#370=FACE_OUTER_BOUND('',#694,.T.);
#371=CYLINDRICAL_SURFACE('',#695,0.3);
#372=FACE_OUTER_BOUND('',#696,.T.);
#373=PLANE('',#697);
#374=FACE_OUTER_BOUND('',#698,.T.);
#375=PLANE('',#699);
#376=FACE_OUTER_BOUND('',#700,.T.);
#377=PLANE('',#701);
#378=FACE_OUTER_BOUND('',#702,.T.);
#379=PLANE('',#703);
#380=FACE_OUTER_BOUND('',#704,.T.);
#381=PLANE('',#705);
#382=FACE_OUTER_BOUND('',#706,.T.);
#383=PLANE('',#707);
#384=FACE_OUTER_BOUND('',#708,.T.);
#385=PLANE('',#709);
#386=FACE_OUTER_BOUND('',#710,.T.);
#387=PLANE('',#711);
#388=FACE_OUTER_BOUND('',#712,.T.);
#389=PLANE('',#713);
#390=FACE_OUTER_BOUND('',#714,.T.);
#391=PLANE('',#715);
#392=FACE_OUTER_BOUND('',#716,.T.);
#393=PLANE('',#717);
#394=FACE_OUTER_BOUND('',#718,.T.);
#395=PLANE('',#719);
#396=FACE_OUTER_BOUND('',#720,.T.);
#397=PLANE('',#721);
#398=FACE_OUTER_BOUND('',#722,.T.);
#399=PLANE('',#723);
#400=FACE_OUTER_BOUND('',#724,.T.);
#401=PLANE('',#725);
#402=FACE_OUTER_BOUND('',#726,.T.);
#403=CYLINDRICAL_SURFACE('',#727,0.3);
#404=FACE_OUTER_BOUND('',#728,.T.);
#405=PLANE('',#729);
#406=FACE_OUTER_BOUND('',#730,.T.);
#407=PLANE('',#731);
#408=FACE_OUTER_BOUND('',#732,.T.);
#409=PLANE('',#733);
#410=FACE_OUTER_BOUND('',#734,.T.);
#411=PLANE('',#735);
#412=FACE_OUTER_BOUND('',#736,.T.);
#413=PLANE('',#737);
#414=FACE_OUTER_BOUND('',#738,.T.);
#415=PLANE('',#739);
#416=FACE_OUTER_BOUND('',#740,.T.);
#417=PLANE('',#741);
#418=FACE_OUTER_BOUND('',#742,.T.);
#419=PLANE('',#743);
#420=FACE_OUTER_BOUND('',#744,.T.);
#421=PLANE('',#745);
#422=FACE_OUTER_BOUND('',#746,.T.);
#423=CYLINDRICAL_SURFACE('',#747,0.18);
#424=FACE_OUTER_BOUND('',#748,.T.);
#425=PLANE('',#749);
#426=FACE_OUTER_BOUND('',#750,.T.);
#427=CYLINDRICAL_SURFACE('',#751,0.18);
#428=FACE_OUTER_BOUND('',#752,.T.);
#429=CYLINDRICAL_SURFACE('',#753,0.43);
#430=FACE_OUTER_BOUND('',#754,.T.);
#431=PLANE('',#755);
#432=FACE_OUTER_BOUND('',#756,.T.);
#433=PLANE('',#757);
#434=FACE_OUTER_BOUND('',#758,.T.);
#435=PLANE('',#759);
#436=FACE_OUTER_BOUND('',#760,.T.);
#437=CYLINDRICAL_SURFACE('',#761,0.18);
#438=FACE_OUTER_BOUND('',#762,.T.);
#439=CYLINDRICAL_SURFACE('',#763,0.4);
#440=FACE_OUTER_BOUND('',#764,.T.);
#441=PLANE('',#765);
#442=FACE_OUTER_BOUND('',#766,.T.);
#443=PLANE('',#767);
#444=FACE_OUTER_BOUND('',#768,.T.);
#445=PLANE('',#769);
#446=FACE_OUTER_BOUND('',#770,.T.);
#447=CYLINDRICAL_SURFACE('',#771,0.18);
#448=FACE_OUTER_BOUND('',#772,.T.);
#449=CYLINDRICAL_SURFACE('',#773,0.43);
#450=FACE_OUTER_BOUND('',#774,.T.);
#451=PLANE('',#775);
#452=FACE_OUTER_BOUND('',#776,.T.);
#453=PLANE('',#777);
#454=FACE_OUTER_BOUND('',#778,.T.);
#455=PLANE('',#779);
#456=FACE_OUTER_BOUND('',#780,.T.);
#457=PLANE('',#781);
#458=FACE_OUTER_BOUND('',#782,.T.);
#459=PLANE('',#783);
#460=FACE_OUTER_BOUND('',#784,.T.);
#461=PLANE('',#785);
#462=FACE_OUTER_BOUND('',#786,.T.);
#463=PLANE('',#787);
#464=FACE_OUTER_BOUND('',#788,.T.);
#465=PLANE('',#789);
#466=FACE_OUTER_BOUND('',#790,.T.);
#467=PLANE('',#791);
#468=FACE_OUTER_BOUND('',#792,.T.);
#469=PLANE('',#793);
#470=FACE_OUTER_BOUND('',#794,.T.);
#471=PLANE('',#795);
#472=FACE_OUTER_BOUND('',#796,.T.);
#473=PLANE('',#797);
#474=FACE_OUTER_BOUND('',#798,.T.);
#475=PLANE('',#799);
#476=FACE_OUTER_BOUND('',#800,.T.);
#477=PLANE('',#801);
#478=FACE_OUTER_BOUND('',#802,.T.);
#479=PLANE('',#803);
#480=FACE_OUTER_BOUND('',#804,.T.);
#481=PLANE('',#805);
#482=FACE_OUTER_BOUND('',#806,.T.);
#483=CYLINDRICAL_SURFACE('',#807,0.18);
#484=FACE_OUTER_BOUND('',#808,.T.);
#485=PLANE('',#809);
#486=FACE_OUTER_BOUND('',#810,.T.);
#487=PLANE('',#811);
#488=FACE_OUTER_BOUND('',#812,.T.);
#489=CYLINDRICAL_SURFACE('',#813,0.18);
#490=FACE_OUTER_BOUND('',#814,.T.);
#491=CYLINDRICAL_SURFACE('',#815,0.18);
#492=FACE_OUTER_BOUND('',#816,.T.);
#493=CYLINDRICAL_SURFACE('',#817,0.43);
#494=FACE_OUTER_BOUND('',#818,.T.);
#495=CYLINDRICAL_SURFACE('',#819,0.43);
#496=FACE_OUTER_BOUND('',#820,.T.);
#497=PLANE('',#821);
#498=FACE_OUTER_BOUND('',#822,.T.);
#499=PLANE('',#823);
#500=FACE_OUTER_BOUND('',#824,.T.);
#501=CYLINDRICAL_SURFACE('',#825,0.4);
#502=FACE_OUTER_BOUND('',#826,.T.);
#503=PLANE('',#827);
#504=FACE_OUTER_BOUND('',#828,.T.);
#505=PLANE('',#829);
#506=FACE_OUTER_BOUND('',#830,.T.);
#507=PLANE('',#831);
#508=FACE_OUTER_BOUND('',#832,.T.);
#509=CYLINDRICAL_SURFACE('',#833,0.18);
#510=FACE_OUTER_BOUND('',#834,.T.);
#511=PLANE('',#835);
#512=FACE_OUTER_BOUND('',#836,.T.);
#513=PLANE('',#837);
#514=FACE_OUTER_BOUND('',#838,.T.);
#515=PLANE('',#839);
#516=FACE_OUTER_BOUND('',#840,.T.);
#517=PLANE('',#841);
#518=FACE_OUTER_BOUND('',#842,.T.);
#519=PLANE('',#843);
#520=FACE_OUTER_BOUND('',#844,.T.);
#521=PLANE('',#845);
#522=FACE_OUTER_BOUND('',#846,.T.);
#523=PLANE('',#847);
#524=FACE_OUTER_BOUND('',#848,.T.);
#525=PLANE('',#849);
#526=FACE_OUTER_BOUND('',#850,.T.);
#527=PLANE('',#851);
#528=FACE_OUTER_BOUND('',#852,.T.);
#529=PLANE('',#853);
#530=FACE_OUTER_BOUND('',#854,.T.);
#531=PLANE('',#855);
#532=FACE_OUTER_BOUND('',#856,.T.);
#533=PLANE('',#857);
#534=FACE_OUTER_BOUND('',#858,.T.);
#535=PLANE('',#859);
#536=FILL_AREA_STYLE('',(#860));
#537=EDGE_LOOP('',(#861,#862,#863,#864));
#538=AXIS2_PLACEMENT_3D('',#865,#866,#867);
#539=EDGE_LOOP('',(#868,#869,#870,#871,#872,#873,#874,#875,#876,#877,#878,#879,#880,#881,#882,#883,#884,#885,#886,#887,#888,#889,#890,#891,#892,#893,#894,#895,#896,#897,#898,#899,#900,#901,#902,#903,#904,#905,#906,#907,#908,#909,#910,#911,#912,#913,#914,#915,#916,#917,#918,#919));
#540=AXIS2_PLACEMENT_3D('',#920,#921,#922);
#541=EDGE_LOOP('',(#923,#924,#925,#926,#927,#928,#929,#930,#931,#932));
#542=AXIS2_PLACEMENT_3D('',#933,#934,#935);
#543=EDGE_LOOP('',(#936,#937,#938,#939,#940,#941));
#544=EDGE_LOOP('',(#942,#943,#944,#945));
#545=AXIS2_PLACEMENT_3D('',#946,#947,#948);
#546=EDGE_LOOP('',(#949,#950,#951,#952,#953,#954,#955,#956));
#547=AXIS2_PLACEMENT_3D('',#957,#958,#959);
#548=EDGE_LOOP('',(#960,#961,#962,#963));
#549=AXIS2_PLACEMENT_3D('',#964,#965,#966);
#550=EDGE_LOOP('',(#967,#968,#969,#970));
#551=AXIS2_PLACEMENT_3D('',#971,#972,#973);
#552=EDGE_LOOP('',(#974,#975,#976,#977));
#553=AXIS2_PLACEMENT_3D('',#978,#979,#980);
#554=EDGE_LOOP('',(#981,#982,#983,#984,#985,#986,#987,#988,#989,#990,#991,#992,#993,#994,#995,#996,#997,#998,#999,#1000,#1001,#1002,#1003,#1004));
#555=AXIS2_PLACEMENT_3D('',#1005,#1006,#1007);
#556=EDGE_LOOP('',(#1008,#1009,#1010,#1011,#1012,#1013,#1014,#1015,#1016,#1017,#1018,#1019,#1020,#1021,#1022,#1023));
#557=AXIS2_PLACEMENT_3D('',#1024,#1025,#1026);
#558=EDGE_LOOP('',(#1027,#1028,#1029,#1030,#1031,#1032,#1033,#1034,#1035,#1036,#1037,#1038,#1039,#1040,#1041,#1042));
#559=AXIS2_PLACEMENT_3D('',#1043,#1044,#1045);
#560=EDGE_LOOP('',(#1046,#1047,#1048,#1049));
#561=AXIS2_PLACEMENT_3D('',#1050,#1051,#1052);
#562=EDGE_LOOP('',(#1053,#1054,#1055,#1056));
#563=AXIS2_PLACEMENT_3D('',#1057,#1058,#1059);
#564=EDGE_LOOP('',(#1060,#1061,#1062,#1063));
#565=AXIS2_PLACEMENT_3D('',#1064,#1065,#1066);
#566=EDGE_LOOP('',(#1067,#1068,#1069,#1070));
#567=AXIS2_PLACEMENT_3D('',#1071,#1072,#1073);
#568=EDGE_LOOP('',(#1074,#1075,#1076,#1077));
#569=AXIS2_PLACEMENT_3D('',#1078,#1079,#1080);
#570=EDGE_LOOP('',(#1081,#1082,#1083,#1084,#1085,#1086,#1087,#1088));
#571=AXIS2_PLACEMENT_3D('',#1089,#1090,#1091);
#572=EDGE_LOOP('',(#1092,#1093,#1094,#1095,#1096,#1097,#1098,#1099));
#573=AXIS2_PLACEMENT_3D('',#1100,#1101,#1102);
#574=EDGE_LOOP('',(#1103,#1104,#1105,#1106));
#575=AXIS2_PLACEMENT_3D('',#1107,#1108,#1109);
#576=EDGE_LOOP('',(#1110,#1111,#1112,#1113,#1114,#1115));
#577=AXIS2_PLACEMENT_3D('',#1116,#1117,#1118);
#578=EDGE_LOOP('',(#1119,#1120,#1121,#1122,#1123,#1124));
#579=AXIS2_PLACEMENT_3D('',#1125,#1126,#1127);
#580=EDGE_LOOP('',(#1128,#1129,#1130,#1131,#1132,#1133));
#581=AXIS2_PLACEMENT_3D('',#1134,#1135,#1136);
#582=EDGE_LOOP('',(#1137,#1138,#1139,#1140,#1141,#1142));
#583=AXIS2_PLACEMENT_3D('',#1143,#1144,#1145);
#584=EDGE_LOOP('',(#1146,#1147,#1148,#1149,#1150,#1151,#1152,#1153,#1154,#1155));
#585=AXIS2_PLACEMENT_3D('',#1156,#1157,#1158);
#586=EDGE_LOOP('',(#1159,#1160,#1161,#1162,#1163,#1164));
#587=AXIS2_PLACEMENT_3D('',#1165,#1166,#1167);
#588=EDGE_LOOP('',(#1168,#1169,#1170,#1171,#1172,#1173,#1174,#1175));
#589=AXIS2_PLACEMENT_3D('',#1176,#1177,#1178);
#590=EDGE_LOOP('',(#1179,#1180,#1181));
#591=EDGE_LOOP('',(#1182,#1183,#1184,#1185,#1186,#1187,#1188,#1189,#1190,#1191,#1192,#1193));
#592=AXIS2_PLACEMENT_3D('',#1194,#1195,#1196);
#593=EDGE_LOOP('',(#1197,#1198,#1199,#1200,#1201,#1202));
#594=AXIS2_PLACEMENT_3D('',#1203,#1204,#1205);
#595=EDGE_LOOP('',(#1206,#1207,#1208,#1209));
#596=EDGE_LOOP('',(#1210,#1211,#1212,#1213,#1214,#1215));
#597=AXIS2_PLACEMENT_3D('',#1216,#1217,#1218);
#598=EDGE_LOOP('',(#1219,#1220,#1221,#1222,#1223,#1224,#1225,#1226));
#599=AXIS2_PLACEMENT_3D('',#1227,#1228,#1229);
#600=EDGE_LOOP('',(#1230,#1231,#1232,#1233,#1234,#1235,#1236,#1237));
#601=AXIS2_PLACEMENT_3D('',#1238,#1239,#1240);
#602=EDGE_LOOP('',(#1241,#1242,#1243,#1244));
#603=AXIS2_PLACEMENT_3D('',#1245,#1246,#1247);
#604=EDGE_LOOP('',(#1248,#1249,#1250,#1251));
#605=AXIS2_PLACEMENT_3D('',#1252,#1253,#1254);
#606=EDGE_LOOP('',(#1255,#1256,#1257,#1258));
#607=AXIS2_PLACEMENT_3D('',#1259,#1260,#1261);
#608=EDGE_LOOP('',(#1262,#1263,#1264,#1265));
#609=AXIS2_PLACEMENT_3D('',#1266,#1267,#1268);
#610=EDGE_LOOP('',(#1269,#1270,#1271,#1272));
#611=AXIS2_PLACEMENT_3D('',#1273,#1274,#1275);
#612=EDGE_LOOP('',(#1276,#1277,#1278,#1279));
#613=AXIS2_PLACEMENT_3D('',#1280,#1281,#1282);
#614=EDGE_LOOP('',(#1283,#1284,#1285,#1286));
#615=AXIS2_PLACEMENT_3D('',#1287,#1288,#1289);
#616=EDGE_LOOP('',(#1290,#1291,#1292,#1293));
#617=AXIS2_PLACEMENT_3D('',#1294,#1295,#1296);
#618=EDGE_LOOP('',(#1297,#1298,#1299,#1300));
#619=AXIS2_PLACEMENT_3D('',#1301,#1302,#1303);
#620=EDGE_LOOP('',(#1304,#1305,#1306,#1307));
#621=AXIS2_PLACEMENT_3D('',#1308,#1309,#1310);
#622=EDGE_LOOP('',(#1311,#1312,#1313,#1314));
#623=AXIS2_PLACEMENT_3D('',#1315,#1316,#1317);
#624=EDGE_LOOP('',(#1318,#1319,#1320,#1321));
#625=AXIS2_PLACEMENT_3D('',#1322,#1323,#1324);
#626=EDGE_LOOP('',(#1325,#1326,#1327,#1328));
#627=AXIS2_PLACEMENT_3D('',#1329,#1330,#1331);
#628=EDGE_LOOP('',(#1332,#1333,#1334,#1335));
#629=AXIS2_PLACEMENT_3D('',#1336,#1337,#1338);
#630=EDGE_LOOP('',(#1339,#1340,#1341,#1342,#1343,#1344));
#631=AXIS2_PLACEMENT_3D('',#1345,#1346,#1347);
#632=EDGE_LOOP('',(#1348,#1349,#1350,#1351,#1352,#1353));
#633=AXIS2_PLACEMENT_3D('',#1354,#1355,#1356);
#634=EDGE_LOOP('',(#1357,#1358,#1359,#1360,#1361,#1362,#1363,#1364));
#635=AXIS2_PLACEMENT_3D('',#1365,#1366,#1367);
#636=EDGE_LOOP('',(#1368,#1369,#1370,#1371));
#637=AXIS2_PLACEMENT_3D('',#1372,#1373,#1374);
#638=EDGE_LOOP('',(#1375,#1376,#1377,#1378));
#639=AXIS2_PLACEMENT_3D('',#1379,#1380,#1381);
#640=EDGE_LOOP('',(#1382,#1383,#1384,#1385,#1386));
#641=AXIS2_PLACEMENT_3D('',#1387,#1388,#1389);
#642=EDGE_LOOP('',(#1390,#1391,#1392,#1393,#1394));
#643=AXIS2_PLACEMENT_3D('',#1395,#1396,#1397);
#644=EDGE_LOOP('',(#1398,#1399,#1400,#1401));
#645=AXIS2_PLACEMENT_3D('',#1402,#1403,#1404);
#646=EDGE_LOOP('',(#1405,#1406,#1407,#1408));
#647=AXIS2_PLACEMENT_3D('',#1409,#1410,#1411);
#648=EDGE_LOOP('',(#1412,#1413,#1414,#1415,#1416,#1417,#1418,#1419));
#649=AXIS2_PLACEMENT_3D('',#1420,#1421,#1422);
#650=EDGE_LOOP('',(#1423,#1424,#1425,#1426,#1427,#1428,#1429,#1430));
#651=AXIS2_PLACEMENT_3D('',#1431,#1432,#1433);
#652=EDGE_LOOP('',(#1434,#1435,#1436,#1437));
#653=AXIS2_PLACEMENT_3D('',#1438,#1439,#1440);
#654=EDGE_LOOP('',(#1441,#1442,#1443,#1444));
#655=AXIS2_PLACEMENT_3D('',#1445,#1446,#1447);
#656=EDGE_LOOP('',(#1448,#1449,#1450,#1451));
#657=AXIS2_PLACEMENT_3D('',#1452,#1453,#1454);
#658=EDGE_LOOP('',(#1455,#1456,#1457,#1458));
#659=AXIS2_PLACEMENT_3D('',#1459,#1460,#1461);
#660=EDGE_LOOP('',(#1462,#1463,#1464,#1465));
#661=AXIS2_PLACEMENT_3D('',#1466,#1467,#1468);
#662=EDGE_LOOP('',(#1469,#1470,#1471,#1472));
#663=AXIS2_PLACEMENT_3D('',#1473,#1474,#1475);
#664=EDGE_LOOP('',(#1476,#1477,#1478,#1479,#1480,#1481));
#665=AXIS2_PLACEMENT_3D('',#1482,#1483,#1484);
#666=EDGE_LOOP('',(#1485,#1486,#1487,#1488));
#667=AXIS2_PLACEMENT_3D('',#1489,#1490,#1491);
#668=EDGE_LOOP('',(#1492,#1493,#1494,#1495));
#669=AXIS2_PLACEMENT_3D('',#1496,#1497,#1498);
#670=EDGE_LOOP('',(#1499,#1500,#1501,#1502));
#671=AXIS2_PLACEMENT_3D('',#1503,#1504,#1505);
#672=EDGE_LOOP('',(#1506,#1507,#1508,#1509,#1510));
#673=AXIS2_PLACEMENT_3D('',#1511,#1512,#1513);
#674=EDGE_LOOP('',(#1514,#1515,#1516,#1517,#1518));
#675=AXIS2_PLACEMENT_3D('',#1519,#1520,#1521);
#676=EDGE_LOOP('',(#1522,#1523,#1524,#1525));
#677=AXIS2_PLACEMENT_3D('',#1526,#1527,#1528);
#678=EDGE_LOOP('',(#1529,#1530,#1531,#1532));
#679=AXIS2_PLACEMENT_3D('',#1533,#1534,#1535);
#680=EDGE_LOOP('',(#1536,#1537,#1538,#1539,#1540,#1541,#1542,#1543));
#681=AXIS2_PLACEMENT_3D('',#1544,#1545,#1546);
#682=EDGE_LOOP('',(#1547,#1548,#1549,#1550,#1551,#1552,#1553,#1554));
#683=AXIS2_PLACEMENT_3D('',#1555,#1556,#1557);
#684=EDGE_LOOP('',(#1558,#1559,#1560,#1561));
#685=AXIS2_PLACEMENT_3D('',#1562,#1563,#1564);
#686=EDGE_LOOP('',(#1565,#1566,#1567,#1568));
#687=AXIS2_PLACEMENT_3D('',#1569,#1570,#1571);
#688=EDGE_LOOP('',(#1572,#1573,#1574,#1575));
#689=AXIS2_PLACEMENT_3D('',#1576,#1577,#1578);
#690=EDGE_LOOP('',(#1579,#1580,#1581,#1582));
#691=AXIS2_PLACEMENT_3D('',#1583,#1584,#1585);
#692=EDGE_LOOP('',(#1586,#1587,#1588,#1589));
#693=AXIS2_PLACEMENT_3D('',#1590,#1591,#1592);
#694=EDGE_LOOP('',(#1593,#1594,#1595,#1596));
#695=AXIS2_PLACEMENT_3D('',#1597,#1598,#1599);
#696=EDGE_LOOP('',(#1600,#1601,#1602,#1603,#1604,#1605));
#697=AXIS2_PLACEMENT_3D('',#1606,#1607,#1608);
#698=EDGE_LOOP('',(#1609,#1610,#1611,#1612));
#699=AXIS2_PLACEMENT_3D('',#1613,#1614,#1615);
#700=EDGE_LOOP('',(#1616,#1617,#1618,#1619));
#701=AXIS2_PLACEMENT_3D('',#1620,#1621,#1622);
#702=EDGE_LOOP('',(#1623,#1624,#1625,#1626));
#703=AXIS2_PLACEMENT_3D('',#1627,#1628,#1629);
#704=EDGE_LOOP('',(#1630,#1631,#1632,#1633,#1634));
#705=AXIS2_PLACEMENT_3D('',#1635,#1636,#1637);
#706=EDGE_LOOP('',(#1638,#1639,#1640,#1641,#1642));
#707=AXIS2_PLACEMENT_3D('',#1643,#1644,#1645);
#708=EDGE_LOOP('',(#1646,#1647,#1648,#1649));
#709=AXIS2_PLACEMENT_3D('',#1650,#1651,#1652);
#710=EDGE_LOOP('',(#1653,#1654,#1655,#1656));
#711=AXIS2_PLACEMENT_3D('',#1657,#1658,#1659);
#712=EDGE_LOOP('',(#1660,#1661,#1662,#1663,#1664,#1665,#1666,#1667));
#713=AXIS2_PLACEMENT_3D('',#1668,#1669,#1670);
#714=EDGE_LOOP('',(#1671,#1672,#1673,#1674,#1675,#1676,#1677,#1678));
#715=AXIS2_PLACEMENT_3D('',#1679,#1680,#1681);
#716=EDGE_LOOP('',(#1682,#1683,#1684,#1685));
#717=AXIS2_PLACEMENT_3D('',#1686,#1687,#1688);
#718=EDGE_LOOP('',(#1689,#1690,#1691,#1692));
#719=AXIS2_PLACEMENT_3D('',#1693,#1694,#1695);
#720=EDGE_LOOP('',(#1696,#1697,#1698,#1699));
#721=AXIS2_PLACEMENT_3D('',#1700,#1701,#1702);
#722=EDGE_LOOP('',(#1703,#1704,#1705,#1706));
#723=AXIS2_PLACEMENT_3D('',#1707,#1708,#1709);
#724=EDGE_LOOP('',(#1710,#1711,#1712,#1713));
#725=AXIS2_PLACEMENT_3D('',#1714,#1715,#1716);
#726=EDGE_LOOP('',(#1717,#1718,#1719,#1720));
#727=AXIS2_PLACEMENT_3D('',#1721,#1722,#1723);
#728=EDGE_LOOP('',(#1724,#1725,#1726,#1727,#1728,#1729));
#729=AXIS2_PLACEMENT_3D('',#1730,#1731,#1732);
#730=EDGE_LOOP('',(#1733,#1734,#1735,#1736));
#731=AXIS2_PLACEMENT_3D('',#1737,#1738,#1739);
#732=EDGE_LOOP('',(#1740,#1741,#1742,#1743));
#733=AXIS2_PLACEMENT_3D('',#1744,#1745,#1746);
#734=EDGE_LOOP('',(#1747,#1748,#1749,#1750));
#735=AXIS2_PLACEMENT_3D('',#1751,#1752,#1753);
#736=EDGE_LOOP('',(#1754,#1755,#1756,#1757,#1758,#1759,#1760,#1761,#1762,#1763,#1764,#1765,#1766,#1767,#1768,#1769,#1770,#1771));
#737=AXIS2_PLACEMENT_3D('',#1772,#1773,#1774);
#738=EDGE_LOOP('',(#1775,#1776,#1777,#1778,#1779,#1780,#1781,#1782,#1783,#1784,#1785,#1786,#1787,#1788,#1789,#1790,#1791,#1792));
#739=AXIS2_PLACEMENT_3D('',#1793,#1794,#1795);
#740=EDGE_LOOP('',(#1796,#1797,#1798,#1799));
#741=AXIS2_PLACEMENT_3D('',#1800,#1801,#1802);
#742=EDGE_LOOP('',(#1803,#1804,#1805,#1806));
#743=AXIS2_PLACEMENT_3D('',#1807,#1808,#1809);
#744=EDGE_LOOP('',(#1810,#1811,#1812,#1813,#1814,#1815,#1816,#1817,#1818,#1819));
#745=AXIS2_PLACEMENT_3D('',#1820,#1821,#1822);
#746=EDGE_LOOP('',(#1823,#1824,#1825,#1826));
#747=AXIS2_PLACEMENT_3D('',#1827,#1828,#1829);
#748=EDGE_LOOP('',(#1830,#1831,#1832,#1833,#1834,#1835,#1836,#1837,#1838,#1839,#1840,#1841,#1842,#1843,#1844));
#749=AXIS2_PLACEMENT_3D('',#1845,#1846,#1847);
#750=EDGE_LOOP('',(#1848,#1849,#1850,#1851));
#751=AXIS2_PLACEMENT_3D('',#1852,#1853,#1854);
#752=EDGE_LOOP('',(#1855,#1856,#1857,#1858));
#753=AXIS2_PLACEMENT_3D('',#1859,#1860,#1861);
#754=EDGE_LOOP('',(#1862,#1863,#1864,#1865,#1866,#1867,#1868,#1869));
#755=AXIS2_PLACEMENT_3D('',#1870,#1871,#1872);
#756=EDGE_LOOP('',(#1873,#1874,#1875,#1876));
#757=AXIS2_PLACEMENT_3D('',#1877,#1878,#1879);
#758=EDGE_LOOP('',(#1880,#1881,#1882,#1883,#1884,#1885,#1886,#1887));
#759=AXIS2_PLACEMENT_3D('',#1888,#1889,#1890);
#760=EDGE_LOOP('',(#1891,#1892,#1893,#1894));
#761=AXIS2_PLACEMENT_3D('',#1895,#1896,#1897);
#762=EDGE_LOOP('',(#1898,#1899,#1900,#1901,#1902));
#763=AXIS2_PLACEMENT_3D('',#1903,#1904,#1905);
#764=EDGE_LOOP('',(#1906,#1907,#1908,#1909));
#765=AXIS2_PLACEMENT_3D('',#1910,#1911,#1912);
#766=EDGE_LOOP('',(#1913,#1914,#1915,#1916));
#767=AXIS2_PLACEMENT_3D('',#1917,#1918,#1919);
#768=EDGE_LOOP('',(#1920,#1921,#1922,#1923));
#769=AXIS2_PLACEMENT_3D('',#1924,#1925,#1926);
#770=EDGE_LOOP('',(#1927,#1928,#1929,#1930));
#771=AXIS2_PLACEMENT_3D('',#1931,#1932,#1933);
#772=EDGE_LOOP('',(#1934,#1935,#1936,#1937));
#773=AXIS2_PLACEMENT_3D('',#1938,#1939,#1940);
#774=EDGE_LOOP('',(#1941,#1942,#1943,#1944,#1945,#1946,#1947,#1948));
#775=AXIS2_PLACEMENT_3D('',#1949,#1950,#1951);
#776=EDGE_LOOP('',(#1952,#1953,#1954,#1955,#1956));
#777=AXIS2_PLACEMENT_3D('',#1957,#1958,#1959);
#778=EDGE_LOOP('',(#1960,#1961,#1962,#1963));
#779=AXIS2_PLACEMENT_3D('',#1964,#1965,#1966);
#780=EDGE_LOOP('',(#1967,#1968,#1969,#1970));
#781=AXIS2_PLACEMENT_3D('',#1971,#1972,#1973);
#782=EDGE_LOOP('',(#1974,#1975,#1976));
#783=AXIS2_PLACEMENT_3D('',#1977,#1978,#1979);
#784=EDGE_LOOP('',(#1980,#1981,#1982,#1983));
#785=AXIS2_PLACEMENT_3D('',#1984,#1985,#1986);
#786=EDGE_LOOP('',(#1987,#1988,#1989,#1990,#1991,#1992,#1993,#1994));
#787=AXIS2_PLACEMENT_3D('',#1995,#1996,#1997);
#788=EDGE_LOOP('',(#1998,#1999,#2000,#2001));
#789=AXIS2_PLACEMENT_3D('',#2002,#2003,#2004);
#790=EDGE_LOOP('',(#2005,#2006,#2007,#2008,#2009,#2010,#2011,#2012));
#791=AXIS2_PLACEMENT_3D('',#2013,#2014,#2015);
#792=EDGE_LOOP('',(#2016,#2017,#2018,#2019));
#793=AXIS2_PLACEMENT_3D('',#2020,#2021,#2022);
#794=EDGE_LOOP('',(#2023,#2024,#2025,#2026,#2027));
#795=AXIS2_PLACEMENT_3D('',#2028,#2029,#2030);
#796=EDGE_LOOP('',(#2031,#2032,#2033,#2034,#2035,#2036,#2037,#2038,#2039,#2040,#2041,#2042,#2043,#2044,#2045,#2046,#2047,#2048));
#797=AXIS2_PLACEMENT_3D('',#2049,#2050,#2051);
#798=EDGE_LOOP('',(#2052,#2053,#2054,#2055,#2056,#2057,#2058,#2059,#2060,#2061,#2062,#2063,#2064,#2065,#2066,#2067,#2068,#2069));
#799=AXIS2_PLACEMENT_3D('',#2070,#2071,#2072);
#800=EDGE_LOOP('',(#2073,#2074,#2075,#2076));
#801=AXIS2_PLACEMENT_3D('',#2077,#2078,#2079);
#802=EDGE_LOOP('',(#2080,#2081,#2082,#2083));
#803=AXIS2_PLACEMENT_3D('',#2084,#2085,#2086);
#804=EDGE_LOOP('',(#2087,#2088,#2089,#2090,#2091,#2092,#2093,#2094,#2095,#2096));
#805=AXIS2_PLACEMENT_3D('',#2097,#2098,#2099);
#806=EDGE_LOOP('',(#2100,#2101,#2102,#2103));
#807=AXIS2_PLACEMENT_3D('',#2104,#2105,#2106);
#808=EDGE_LOOP('',(#2107,#2108,#2109,#2110,#2111,#2112,#2113,#2114,#2115,#2116,#2117,#2118,#2119,#2120,#2121));
#809=AXIS2_PLACEMENT_3D('',#2122,#2123,#2124);
#810=EDGE_LOOP('',(#2125,#2126,#2127,#2128,#2129,#2130,#2131,#2132));
#811=AXIS2_PLACEMENT_3D('',#2133,#2134,#2135);
#812=EDGE_LOOP('',(#2136,#2137,#2138,#2139));
#813=AXIS2_PLACEMENT_3D('',#2140,#2141,#2142);
#814=EDGE_LOOP('',(#2143,#2144,#2145,#2146));
#815=AXIS2_PLACEMENT_3D('',#2147,#2148,#2149);
#816=EDGE_LOOP('',(#2150,#2151,#2152,#2153));
#817=AXIS2_PLACEMENT_3D('',#2154,#2155,#2156);
#818=EDGE_LOOP('',(#2157,#2158,#2159,#2160));
#819=AXIS2_PLACEMENT_3D('',#2161,#2162,#2163);
#820=EDGE_LOOP('',(#2164,#2165,#2166,#2167,#2168,#2169,#2170,#2171));
#821=AXIS2_PLACEMENT_3D('',#2172,#2173,#2174);
#822=EDGE_LOOP('',(#2175,#2176,#2177,#2178));
#823=AXIS2_PLACEMENT_3D('',#2179,#2180,#2181);
#824=EDGE_LOOP('',(#2182,#2183,#2184,#2185,#2186));
#825=AXIS2_PLACEMENT_3D('',#2187,#2188,#2189);
#826=EDGE_LOOP('',(#2190,#2191,#2192,#2193));
#827=AXIS2_PLACEMENT_3D('',#2194,#2195,#2196);
#828=EDGE_LOOP('',(#2197,#2198,#2199,#2200));
#829=AXIS2_PLACEMENT_3D('',#2201,#2202,#2203);
#830=EDGE_LOOP('',(#2204,#2205,#2206,#2207));
#831=AXIS2_PLACEMENT_3D('',#2208,#2209,#2210);
#832=EDGE_LOOP('',(#2211,#2212,#2213,#2214));
#833=AXIS2_PLACEMENT_3D('',#2215,#2216,#2217);
#834=EDGE_LOOP('',(#2218,#2219,#2220,#2221,#2222,#2223,#2224,#2225));
#835=AXIS2_PLACEMENT_3D('',#2226,#2227,#2228);
#836=EDGE_LOOP('',(#2229,#2230,#2231));
#837=AXIS2_PLACEMENT_3D('',#2232,#2233,#2234);
#838=EDGE_LOOP('',(#2235,#2236,#2237,#2238));
#839=AXIS2_PLACEMENT_3D('',#2239,#2240,#2241);
#840=EDGE_LOOP('',(#2242,#2243,#2244,#2245));
#841=AXIS2_PLACEMENT_3D('',#2246,#2247,#2248);
#842=EDGE_LOOP('',(#2249,#2250,#2251,#2252));
#843=AXIS2_PLACEMENT_3D('',#2253,#2254,#2255);
#844=EDGE_LOOP('',(#2256,#2257,#2258,#2259));
#845=AXIS2_PLACEMENT_3D('',#2260,#2261,#2262);
#846=EDGE_LOOP('',(#2263,#2264,#2265,#2266,#2267,#2268,#2269,#2270));
#847=AXIS2_PLACEMENT_3D('',#2271,#2272,#2273);
#848=EDGE_LOOP('',(#2274,#2275,#2276,#2277,#2278,#2279,#2280,#2281));
#849=AXIS2_PLACEMENT_3D('',#2282,#2283,#2284);
#850=EDGE_LOOP('',(#2285,#2286,#2287,#2288));
#851=AXIS2_PLACEMENT_3D('',#2289,#2290,#2291);
#852=EDGE_LOOP('',(#2292,#2293,#2294,#2295));
#853=AXIS2_PLACEMENT_3D('',#2296,#2297,#2298);
#854=EDGE_LOOP('',(#2299,#2300,#2301,#2302));
#855=AXIS2_PLACEMENT_3D('',#2303,#2304,#2305);
#856=EDGE_LOOP('',(#2306,#2307,#2308,#2309));
#857=AXIS2_PLACEMENT_3D('',#2310,#2311,#2312);
#858=EDGE_LOOP('',(#2313,#2314,#2315));
#859=AXIS2_PLACEMENT_3D('',#2316,#2317,#2318);
#860=FILL_AREA_STYLE_COLOUR('',#2319);
#861=ORIENTED_EDGE('',*,*,#2320,.T.);
#862=ORIENTED_EDGE('',*,*,#2321,.T.);
#863=ORIENTED_EDGE('',*,*,#2322,.F.);
#864=ORIENTED_EDGE('',*,*,#2323,.T.);
#865=CARTESIAN_POINT('',(-6.58499999999999,30.0150000000001,0.269999999999999));
#866=DIRECTION('',(4.0155636017983E-16,0.0,-1.0));
#867=DIRECTION('',(0.0,-1.0,0.0));
#868=ORIENTED_EDGE('',*,*,#2324,.T.);
#869=ORIENTED_EDGE('',*,*,#2325,.T.);
#870=ORIENTED_EDGE('',*,*,#2323,.F.);
#871=ORIENTED_EDGE('',*,*,#2326,.F.);
#872=ORIENTED_EDGE('',*,*,#2327,.F.);
#873=ORIENTED_EDGE('',*,*,#2328,.F.);
#874=ORIENTED_EDGE('',*,*,#2329,.F.);
#875=ORIENTED_EDGE('',*,*,#2330,.F.);
#876=ORIENTED_EDGE('',*,*,#2331,.T.);
#877=ORIENTED_EDGE('',*,*,#2332,.T.);
#878=ORIENTED_EDGE('',*,*,#2333,.T.);
#879=ORIENTED_EDGE('',*,*,#2334,.T.);
#880=ORIENTED_EDGE('',*,*,#2335,.T.);
#881=ORIENTED_EDGE('',*,*,#2336,.F.);
#882=ORIENTED_EDGE('',*,*,#2337,.F.);
#883=ORIENTED_EDGE('',*,*,#2338,.F.);
#884=ORIENTED_EDGE('',*,*,#2339,.T.);
#885=ORIENTED_EDGE('',*,*,#2340,.T.);
#886=ORIENTED_EDGE('',*,*,#2341,.T.);
#887=ORIENTED_EDGE('',*,*,#2342,.T.);
#888=ORIENTED_EDGE('',*,*,#2343,.T.);
#889=ORIENTED_EDGE('',*,*,#2344,.F.);
#890=ORIENTED_EDGE('',*,*,#2345,.F.);
#891=ORIENTED_EDGE('',*,*,#2346,.F.);
#892=ORIENTED_EDGE('',*,*,#2347,.T.);
#893=ORIENTED_EDGE('',*,*,#2348,.T.);
#894=ORIENTED_EDGE('',*,*,#2349,.T.);
#895=ORIENTED_EDGE('',*,*,#2350,.T.);
#896=ORIENTED_EDGE('',*,*,#2351,.T.);
#897=ORIENTED_EDGE('',*,*,#2352,.F.);
#898=ORIENTED_EDGE('',*,*,#2353,.F.);
#899=ORIENTED_EDGE('',*,*,#2354,.F.);
#900=ORIENTED_EDGE('',*,*,#2355,.F.);
#901=ORIENTED_EDGE('',*,*,#2356,.F.);
#902=ORIENTED_EDGE('',*,*,#2357,.F.);
#903=ORIENTED_EDGE('',*,*,#2358,.F.);
#904=ORIENTED_EDGE('',*,*,#2359,.F.);
#905=ORIENTED_EDGE('',*,*,#2360,.F.);
#906=ORIENTED_EDGE('',*,*,#2361,.F.);
#907=ORIENTED_EDGE('',*,*,#2362,.F.);
#908=ORIENTED_EDGE('',*,*,#2363,.F.);
#909=ORIENTED_EDGE('',*,*,#2364,.T.);
#910=ORIENTED_EDGE('',*,*,#2365,.T.);
#911=ORIENTED_EDGE('',*,*,#2366,.F.);
#912=ORIENTED_EDGE('',*,*,#2367,.F.);
#913=ORIENTED_EDGE('',*,*,#2368,.F.);
#914=ORIENTED_EDGE('',*,*,#2369,.T.);
#915=ORIENTED_EDGE('',*,*,#2370,.T.);
#916=ORIENTED_EDGE('',*,*,#2371,.F.);
#917=ORIENTED_EDGE('',*,*,#2372,.F.);
#918=ORIENTED_EDGE('',*,*,#2373,.F.);
#919=ORIENTED_EDGE('',*,*,#2374,.T.);
#920=CARTESIAN_POINT('',(0.0,9.1,0.0));
#921=DIRECTION('',(0.0,-1.0,0.0));
#922=DIRECTION('',(0.0,0.0,-1.0));
#923=ORIENTED_EDGE('',*,*,#2375,.F.);
#924=ORIENTED_EDGE('',*,*,#2376,.T.);
#925=ORIENTED_EDGE('',*,*,#2377,.F.);
#926=ORIENTED_EDGE('',*,*,#2378,.F.);
#927=ORIENTED_EDGE('',*,*,#2372,.T.);
#928=ORIENTED_EDGE('',*,*,#2379,.F.);
#929=ORIENTED_EDGE('',*,*,#2380,.T.);
#930=ORIENTED_EDGE('',*,*,#2381,.T.);
#931=ORIENTED_EDGE('',*,*,#2382,.T.);
#932=ORIENTED_EDGE('',*,*,#2383,.F.);
#933=CARTESIAN_POINT('',(-6.585,9.1,2.19999999999999));
#934=DIRECTION('',(-1.0,0.0,0.0));
#935=DIRECTION('',(0.0,0.0,1.0));
#936=ORIENTED_EDGE('',*,*,#2371,.T.);
#937=ORIENTED_EDGE('',*,*,#2384,.T.);
#938=ORIENTED_EDGE('',*,*,#2385,.T.);
#939=ORIENTED_EDGE('',*,*,#2386,.F.);
#940=ORIENTED_EDGE('',*,*,#2387,.T.);
#941=ORIENTED_EDGE('',*,*,#2379,.T.);
#942=ORIENTED_EDGE('',*,*,#2388,.F.);
#943=ORIENTED_EDGE('',*,*,#2389,.F.);
#944=ORIENTED_EDGE('',*,*,#2390,.F.);
#945=ORIENTED_EDGE('',*,*,#2391,.F.);
#946=CARTESIAN_POINT('',(-5.425,9.1,2.19999999999999));
#947=DIRECTION('',(0.0,0.0,1.0));
#948=DIRECTION('',(1.0,0.0,0.0));
#949=ORIENTED_EDGE('',*,*,#2376,.F.);
#950=ORIENTED_EDGE('',*,*,#2392,.T.);
#951=ORIENTED_EDGE('',*,*,#2393,.T.);
#952=ORIENTED_EDGE('',*,*,#2394,.F.);
#953=ORIENTED_EDGE('',*,*,#2381,.F.);
#954=ORIENTED_EDGE('',*,*,#2395,.F.);
#955=ORIENTED_EDGE('',*,*,#2396,.F.);
#956=ORIENTED_EDGE('',*,*,#2397,.F.);
#957=CARTESIAN_POINT('',(0.0,0.0,0.240000000000003));
#958=DIRECTION('',(0.0,0.0,-1.0));
#959=DIRECTION('',(0.0,-1.0,0.0));
#960=ORIENTED_EDGE('',*,*,#2398,.T.);
#961=ORIENTED_EDGE('',*,*,#2399,.T.);
#962=ORIENTED_EDGE('',*,*,#2400,.F.);
#963=ORIENTED_EDGE('',*,*,#2361,.T.);
#964=CARTESIAN_POINT('',(2.315,30.0150000000001,0.27));
#965=DIRECTION('',(-4.0155636017983E-16,0.0,-1.0));
#966=DIRECTION('',(-1.0,0.0,4.0155636017983E-16));
#967=ORIENTED_EDGE('',*,*,#2401,.F.);
#968=ORIENTED_EDGE('',*,*,#2402,.T.);
#969=ORIENTED_EDGE('',*,*,#2403,.T.);
#970=ORIENTED_EDGE('',*,*,#2335,.F.);
#971=CARTESIAN_POINT('',(-3.75,6.69999999900002,0.309999999999966));
#972=DIRECTION('',(0.0,-1.47237332065933E-16,1.0));
#973=DIRECTION('',(0.0,-1.0,-1.47237332065933E-16));
#974=ORIENTED_EDGE('',*,*,#2404,.F.);
#975=ORIENTED_EDGE('',*,*,#2405,.F.);
#976=ORIENTED_EDGE('',*,*,#2406,.T.);
#977=ORIENTED_EDGE('',*,*,#2333,.F.);
#978=CARTESIAN_POINT('',(-3.75,11.259999999,1.42999999999997));
#979=DIRECTION('',(0.0,-9.51054537267987E-17,-1.0));
#980=DIRECTION('',(0.0,-1.0,9.51054537267987E-17));
#981=ORIENTED_EDGE('',*,*,#2407,.T.);
#982=ORIENTED_EDGE('',*,*,#2408,.T.);
#983=ORIENTED_EDGE('',*,*,#2409,.T.);
#984=ORIENTED_EDGE('',*,*,#2410,.F.);
#985=ORIENTED_EDGE('',*,*,#2411,.T.);
#986=ORIENTED_EDGE('',*,*,#2412,.T.);
#987=ORIENTED_EDGE('',*,*,#2413,.T.);
#988=ORIENTED_EDGE('',*,*,#2414,.F.);
#989=ORIENTED_EDGE('',*,*,#2415,.T.);
#990=ORIENTED_EDGE('',*,*,#2416,.T.);
#991=ORIENTED_EDGE('',*,*,#2417,.T.);
#992=ORIENTED_EDGE('',*,*,#2418,.T.);
#993=ORIENTED_EDGE('',*,*,#2419,.F.);
#994=ORIENTED_EDGE('',*,*,#2420,.F.);
#995=ORIENTED_EDGE('',*,*,#2421,.F.);
#996=ORIENTED_EDGE('',*,*,#2422,.F.);
#997=ORIENTED_EDGE('',*,*,#2423,.F.);
#998=ORIENTED_EDGE('',*,*,#2424,.F.);
#999=ORIENTED_EDGE('',*,*,#2425,.F.);
#1000=ORIENTED_EDGE('',*,*,#2426,.F.);
#1001=ORIENTED_EDGE('',*,*,#2427,.F.);
#1002=ORIENTED_EDGE('',*,*,#2428,.F.);
#1003=ORIENTED_EDGE('',*,*,#2429,.T.);
#1004=ORIENTED_EDGE('',*,*,#2430,.F.);
#1005=CARTESIAN_POINT('',(-6.975,11.35,-0.02));
#1006=DIRECTION('',(-4.91023722589227E-16,0.0,-1.0));
#1007=DIRECTION('',(-1.0,0.0,4.91023722589227E-16));
#1008=ORIENTED_EDGE('',*,*,#2431,.F.);
#1009=ORIENTED_EDGE('',*,*,#2432,.F.);
#1010=ORIENTED_EDGE('',*,*,#2433,.T.);
#1011=ORIENTED_EDGE('',*,*,#2429,.F.);
#1012=ORIENTED_EDGE('',*,*,#2434,.F.);
#1013=ORIENTED_EDGE('',*,*,#2435,.F.);
#1014=ORIENTED_EDGE('',*,*,#2436,.F.);
#1015=ORIENTED_EDGE('',*,*,#2417,.F.);
#1016=ORIENTED_EDGE('',*,*,#2437,.F.);
#1017=ORIENTED_EDGE('',*,*,#2438,.F.);
#1018=ORIENTED_EDGE('',*,*,#2439,.T.);
#1019=ORIENTED_EDGE('',*,*,#2413,.F.);
#1020=ORIENTED_EDGE('',*,*,#2440,.F.);
#1021=ORIENTED_EDGE('',*,*,#2441,.F.);
#1022=ORIENTED_EDGE('',*,*,#2442,.T.);
#1023=ORIENTED_EDGE('',*,*,#2409,.F.);
#1024=CARTESIAN_POINT('',(0.0,11.35,0.0));
#1025=DIRECTION('',(0.0,-1.0,0.0));
#1026=DIRECTION('',(0.0,0.0,-1.0));
#1027=ORIENTED_EDGE('',*,*,#2443,.F.);
#1028=ORIENTED_EDGE('',*,*,#2444,.F.);
#1029=ORIENTED_EDGE('',*,*,#2445,.T.);
#1030=ORIENTED_EDGE('',*,*,#2329,.T.);
#1031=ORIENTED_EDGE('',*,*,#2446,.F.);
#1032=ORIENTED_EDGE('',*,*,#2447,.T.);
#1033=ORIENTED_EDGE('',*,*,#2448,.T.);
#1034=ORIENTED_EDGE('',*,*,#2353,.T.);
#1035=ORIENTED_EDGE('',*,*,#2449,.F.);
#1036=ORIENTED_EDGE('',*,*,#2450,.F.);
#1037=ORIENTED_EDGE('',*,*,#2451,.T.);
#1038=ORIENTED_EDGE('',*,*,#2345,.T.);
#1039=ORIENTED_EDGE('',*,*,#2452,.F.);
#1040=ORIENTED_EDGE('',*,*,#2453,.F.);
#1041=ORIENTED_EDGE('',*,*,#2454,.T.);
#1042=ORIENTED_EDGE('',*,*,#2337,.T.);
#1043=CARTESIAN_POINT('',(-5.2,9.1,0.179999999999995));
#1044=DIRECTION('',(8.80914265144473E-16,0.0,-1.0));
#1045=DIRECTION('',(0.0,-1.0,0.0));
#1046=ORIENTED_EDGE('',*,*,#2455,.F.);
#1047=ORIENTED_EDGE('',*,*,#2456,.T.);
#1048=ORIENTED_EDGE('',*,*,#2457,.T.);
#1049=ORIENTED_EDGE('',*,*,#2343,.F.);
#1050=CARTESIAN_POINT('',(-1.75,6.69999999900002,0.309999999999966));
#1051=DIRECTION('',(0.0,-1.47237332065933E-16,1.0));
#1052=DIRECTION('',(0.0,-1.0,-1.47237332065933E-16));
#1053=ORIENTED_EDGE('',*,*,#2458,.F.);
#1054=ORIENTED_EDGE('',*,*,#2459,.F.);
#1055=ORIENTED_EDGE('',*,*,#2460,.T.);
#1056=ORIENTED_EDGE('',*,*,#2341,.F.);
#1057=CARTESIAN_POINT('',(-1.75,11.259999999,1.42999999999997));
#1058=DIRECTION('',(0.0,-9.51054537267987E-17,-1.0));
#1059=DIRECTION('',(0.0,-1.0,9.51054537267987E-17));
#1060=ORIENTED_EDGE('',*,*,#2461,.F.);
#1061=ORIENTED_EDGE('',*,*,#2462,.T.);
#1062=ORIENTED_EDGE('',*,*,#2463,.T.);
#1063=ORIENTED_EDGE('',*,*,#2351,.F.);
#1064=CARTESIAN_POINT('',(0.25,6.69999999900002,0.309999999999966));
#1065=DIRECTION('',(0.0,-1.47237332065933E-16,1.0));
#1066=DIRECTION('',(0.0,-1.0,-1.47237332065933E-16));
#1067=ORIENTED_EDGE('',*,*,#2464,.F.);
#1068=ORIENTED_EDGE('',*,*,#2465,.F.);
#1069=ORIENTED_EDGE('',*,*,#2466,.T.);
#1070=ORIENTED_EDGE('',*,*,#2349,.F.);
#1071=CARTESIAN_POINT('',(0.25,11.259999999,1.42999999999997));
#1072=DIRECTION('',(0.0,-9.51054537267987E-17,-1.0));
#1073=DIRECTION('',(0.0,-1.0,9.51054537267987E-17));
#1074=ORIENTED_EDGE('',*,*,#2467,.F.);
#1075=ORIENTED_EDGE('',*,*,#2355,.T.);
#1076=ORIENTED_EDGE('',*,*,#2468,.F.);
#1077=ORIENTED_EDGE('',*,*,#2469,.F.);
#1078=CARTESIAN_POINT('',(1.19999999999999,9.1,0.380000000000002));
#1079=DIRECTION('',(-3.91408726529064E-16,0.0,-1.0));
#1080=DIRECTION('',(-1.0,0.0,3.91408726529064E-16));
#1081=ORIENTED_EDGE('',*,*,#2470,.F.);
#1082=ORIENTED_EDGE('',*,*,#2471,.F.);
#1083=ORIENTED_EDGE('',*,*,#2419,.T.);
#1084=ORIENTED_EDGE('',*,*,#2472,.F.);
#1085=ORIENTED_EDGE('',*,*,#2473,.T.);
#1086=ORIENTED_EDGE('',*,*,#2474,.F.);
#1087=ORIENTED_EDGE('',*,*,#2399,.F.);
#1088=ORIENTED_EDGE('',*,*,#2475,.F.);
#1089=CARTESIAN_POINT('',(2.315,6.74999999999999,3.94000000000003));
#1090=DIRECTION('',(-0.0,1.0,0.0));
#1091=DIRECTION('',(1.0,0.0,0.0));
#1092=ORIENTED_EDGE('',*,*,#2476,.F.);
#1093=ORIENTED_EDGE('',*,*,#2377,.T.);
#1094=ORIENTED_EDGE('',*,*,#2397,.T.);
#1095=ORIENTED_EDGE('',*,*,#2477,.T.);
#1096=ORIENTED_EDGE('',*,*,#2427,.T.);
#1097=ORIENTED_EDGE('',*,*,#2478,.T.);
#1098=ORIENTED_EDGE('',*,*,#2321,.F.);
#1099=ORIENTED_EDGE('',*,*,#2479,.F.);
#1100=CARTESIAN_POINT('',(-6.975,6.75,3.94000000000003));
#1101=DIRECTION('',(-0.0,1.0,0.0));
#1102=DIRECTION('',(1.0,0.0,0.0));
#1103=ORIENTED_EDGE('',*,*,#2327,.T.);
#1104=ORIENTED_EDGE('',*,*,#2480,.F.);
#1105=ORIENTED_EDGE('',*,*,#2481,.F.);
#1106=ORIENTED_EDGE('',*,*,#2482,.T.);
#1107=CARTESIAN_POINT('',(-6.585,9.1,0.379999999999996));
#1108=DIRECTION('',(-1.95704363264532E-16,0.0,-1.0));
#1109=DIRECTION('',(-1.0,0.0,1.95704363264532E-16));
#1110=ORIENTED_EDGE('',*,*,#2477,.F.);
#1111=ORIENTED_EDGE('',*,*,#2396,.T.);
#1112=ORIENTED_EDGE('',*,*,#2483,.F.);
#1113=ORIENTED_EDGE('',*,*,#2484,.F.);
#1114=ORIENTED_EDGE('',*,*,#2434,.T.);
#1115=ORIENTED_EDGE('',*,*,#2428,.T.);
#1116=CARTESIAN_POINT('',(-6.975,11.35,2.54));
#1117=DIRECTION('',(-1.0,0.0,0.0));
#1118=DIRECTION('',(0.0,0.0,1.0));
#1119=ORIENTED_EDGE('',*,*,#2485,.F.);
#1120=ORIENTED_EDGE('',*,*,#2486,.T.);
#1121=ORIENTED_EDGE('',*,*,#2472,.T.);
#1122=ORIENTED_EDGE('',*,*,#2418,.F.);
#1123=ORIENTED_EDGE('',*,*,#2436,.T.);
#1124=ORIENTED_EDGE('',*,*,#2487,.T.);
#1125=CARTESIAN_POINT('',(2.975,11.35,-0.0200000000000049));
#1126=DIRECTION('',(1.0,0.0,0.0));
#1127=DIRECTION('',(0.0,1.0,0.0));
#1128=ORIENTED_EDGE('',*,*,#2488,.F.);
#1129=ORIENTED_EDGE('',*,*,#2489,.T.);
#1130=ORIENTED_EDGE('',*,*,#2485,.T.);
#1131=ORIENTED_EDGE('',*,*,#2490,.T.);
#1132=ORIENTED_EDGE('',*,*,#2491,.F.);
#1133=ORIENTED_EDGE('',*,*,#2492,.F.);
#1134=CARTESIAN_POINT('',(0.0,3.75,0.0));
#1135=DIRECTION('',(0.0,-1.0,0.0));
#1136=DIRECTION('',(0.0,0.0,-1.0));
#1137=ORIENTED_EDGE('',*,*,#2483,.T.);
#1138=ORIENTED_EDGE('',*,*,#2395,.T.);
#1139=ORIENTED_EDGE('',*,*,#2380,.F.);
#1140=ORIENTED_EDGE('',*,*,#2387,.F.);
#1141=ORIENTED_EDGE('',*,*,#2493,.F.);
#1142=ORIENTED_EDGE('',*,*,#2494,.T.);
#1143=CARTESIAN_POINT('',(0.0,3.75,0.0));
#1144=DIRECTION('',(0.0,-1.0,0.0));
#1145=DIRECTION('',(0.0,0.0,-1.0));
#1146=ORIENTED_EDGE('',*,*,#2495,.T.);
#1147=ORIENTED_EDGE('',*,*,#2496,.T.);
#1148=ORIENTED_EDGE('',*,*,#2497,.T.);
#1149=ORIENTED_EDGE('',*,*,#2498,.F.);
#1150=ORIENTED_EDGE('',*,*,#2499,.T.);
#1151=ORIENTED_EDGE('',*,*,#2488,.T.);
#1152=ORIENTED_EDGE('',*,*,#2500,.T.);
#1153=ORIENTED_EDGE('',*,*,#2362,.T.);
#1154=ORIENTED_EDGE('',*,*,#2400,.T.);
#1155=ORIENTED_EDGE('',*,*,#2474,.T.);
#1156=CARTESIAN_POINT('',(2.58499999999999,9.1,0.380000000000002));
#1157=DIRECTION('',(1.0,0.0,-4.76572383510113E-16));
#1158=DIRECTION('',(-4.76572383510113E-16,0.0,-1.0));
#1159=ORIENTED_EDGE('',*,*,#2448,.F.);
#1160=ORIENTED_EDGE('',*,*,#2501,.T.);
#1161=ORIENTED_EDGE('',*,*,#2422,.T.);
#1162=ORIENTED_EDGE('',*,*,#2502,.F.);
#1163=ORIENTED_EDGE('',*,*,#2468,.T.);
#1164=ORIENTED_EDGE('',*,*,#2354,.T.);
#1165=CARTESIAN_POINT('',(1.19999999999999,9.1,0.180000000000001));
#1166=DIRECTION('',(1.0,0.0,0.0));
#1167=DIRECTION('',(0.0,1.0,0.0));
#1168=ORIENTED_EDGE('',*,*,#2503,.F.);
#1169=ORIENTED_EDGE('',*,*,#2504,.T.);
#1170=ORIENTED_EDGE('',*,*,#2367,.T.);
#1171=ORIENTED_EDGE('',*,*,#2505,.F.);
#1172=ORIENTED_EDGE('',*,*,#2506,.F.);
#1173=ORIENTED_EDGE('',*,*,#2507,.F.);
#1174=ORIENTED_EDGE('',*,*,#2508,.F.);
#1175=ORIENTED_EDGE('',*,*,#2509,.F.);
#1176=CARTESIAN_POINT('',(1.425,9.1,2.25));
#1177=DIRECTION('',(-4.43177530359038E-16,0.0,1.0));
#1178=DIRECTION('',(1.0,-0.0,4.43177530359038E-16));
#1179=ORIENTED_EDGE('',*,*,#2510,.F.);
#1180=ORIENTED_EDGE('',*,*,#2511,.F.);
#1181=ORIENTED_EDGE('',*,*,#2512,.F.);
#1182=ORIENTED_EDGE('',*,*,#2513,.F.);
#1183=ORIENTED_EDGE('',*,*,#2514,.F.);
#1184=ORIENTED_EDGE('',*,*,#2515,.F.);
#1185=ORIENTED_EDGE('',*,*,#2516,.F.);
#1186=ORIENTED_EDGE('',*,*,#2517,.F.);
#1187=ORIENTED_EDGE('',*,*,#2518,.F.);
#1188=ORIENTED_EDGE('',*,*,#2519,.F.);
#1189=ORIENTED_EDGE('',*,*,#2490,.F.);
#1190=ORIENTED_EDGE('',*,*,#2487,.F.);
#1191=ORIENTED_EDGE('',*,*,#2435,.T.);
#1192=ORIENTED_EDGE('',*,*,#2484,.T.);
#1193=ORIENTED_EDGE('',*,*,#2494,.F.);
#1194=CARTESIAN_POINT('',(2.975,11.35,2.54));
#1195=DIRECTION('',(-4.35860169843419E-17,0.0,1.0));
#1196=DIRECTION('',(1.0,-0.0,4.35860169843419E-17));
#1197=ORIENTED_EDGE('',*,*,#2328,.T.);
#1198=ORIENTED_EDGE('',*,*,#2482,.F.);
#1199=ORIENTED_EDGE('',*,*,#2520,.T.);
#1200=ORIENTED_EDGE('',*,*,#2424,.T.);
#1201=ORIENTED_EDGE('',*,*,#2521,.F.);
#1202=ORIENTED_EDGE('',*,*,#2446,.T.);
#1203=CARTESIAN_POINT('',(-5.2,9.1,0.379999999999996));
#1204=DIRECTION('',(-1.0,0.0,0.0));
#1205=DIRECTION('',(0.0,0.0,1.0));
#1206=ORIENTED_EDGE('',*,*,#2522,.T.);
#1207=ORIENTED_EDGE('',*,*,#2523,.T.);
#1208=ORIENTED_EDGE('',*,*,#2524,.T.);
#1209=ORIENTED_EDGE('',*,*,#2525,.T.);
#1210=ORIENTED_EDGE('',*,*,#2526,.T.);
#1211=ORIENTED_EDGE('',*,*,#2527,.T.);
#1212=ORIENTED_EDGE('',*,*,#2528,.F.);
#1213=ORIENTED_EDGE('',*,*,#2363,.T.);
#1214=ORIENTED_EDGE('',*,*,#2500,.F.);
#1215=ORIENTED_EDGE('',*,*,#2492,.T.);
#1216=CARTESIAN_POINT('',(2.58499999999999,9.1,2.2));
#1217=DIRECTION('',(0.0,0.0,1.0));
#1218=DIRECTION('',(1.0,0.0,0.0));
#1219=ORIENTED_EDGE('',*,*,#2491,.T.);
#1220=ORIENTED_EDGE('',*,*,#2519,.T.);
#1221=ORIENTED_EDGE('',*,*,#2529,.F.);
#1222=ORIENTED_EDGE('',*,*,#2505,.T.);
#1223=ORIENTED_EDGE('',*,*,#2366,.T.);
#1224=ORIENTED_EDGE('',*,*,#2530,.T.);
#1225=ORIENTED_EDGE('',*,*,#2531,.T.);
#1226=ORIENTED_EDGE('',*,*,#2526,.F.);
#1227=CARTESIAN_POINT('',(1.42500000000001,9.1,2.2));
#1228=DIRECTION('',(1.0,0.0,0.0));
#1229=DIRECTION('',(0.0,1.0,0.0));
#1230=ORIENTED_EDGE('',*,*,#2493,.T.);
#1231=ORIENTED_EDGE('',*,*,#2386,.T.);
#1232=ORIENTED_EDGE('',*,*,#2532,.T.);
#1233=ORIENTED_EDGE('',*,*,#2533,.F.);
#1234=ORIENTED_EDGE('',*,*,#2368,.T.);
#1235=ORIENTED_EDGE('',*,*,#2504,.F.);
#1236=ORIENTED_EDGE('',*,*,#2534,.T.);
#1237=ORIENTED_EDGE('',*,*,#2513,.T.);
#1238=CARTESIAN_POINT('',(-5.425,9.1,2.25));
#1239=DIRECTION('',(-1.0,0.0,1.7347234759768E-14));
#1240=DIRECTION('',(0.0,1.0,0.0));
#1241=ORIENTED_EDGE('',*,*,#2506,.T.);
#1242=ORIENTED_EDGE('',*,*,#2529,.T.);
#1243=ORIENTED_EDGE('',*,*,#2518,.T.);
#1244=ORIENTED_EDGE('',*,*,#2535,.T.);
#1245=CARTESIAN_POINT('',(1.425,8.04999999999999,-0.331000000000009));
#1246=DIRECTION('',(-0.0,1.0,0.0));
#1247=DIRECTION('',(1.0,0.0,0.0));
#1248=ORIENTED_EDGE('',*,*,#2507,.T.);
#1249=ORIENTED_EDGE('',*,*,#2535,.F.);
#1250=ORIENTED_EDGE('',*,*,#2517,.T.);
#1251=ORIENTED_EDGE('',*,*,#2536,.T.);
#1252=CARTESIAN_POINT('',(0.925000000000003,8.04999999999999,-0.331000000000009));
#1253=DIRECTION('',(-1.0,2.40410046942438E-15,0.0));
#1254=DIRECTION('',(0.0,0.0,1.0));
#1255=ORIENTED_EDGE('',*,*,#2508,.T.);
#1256=ORIENTED_EDGE('',*,*,#2536,.F.);
#1257=ORIENTED_EDGE('',*,*,#2516,.T.);
#1258=ORIENTED_EDGE('',*,*,#2537,.T.);
#1259=CARTESIAN_POINT('',(0.924999999999997,5.74999999999999,-0.331000000000008));
#1260=DIRECTION('',(1.48266963758702E-15,1.0,0.0));
#1261=DIRECTION('',(1.0,-1.48266963758702E-15,0.0));
#1262=ORIENTED_EDGE('',*,*,#2509,.T.);
#1263=ORIENTED_EDGE('',*,*,#2537,.F.);
#1264=ORIENTED_EDGE('',*,*,#2515,.T.);
#1265=ORIENTED_EDGE('',*,*,#2538,.T.);
#1266=CARTESIAN_POINT('',(-4.925,5.75,-0.331000000000008));
#1267=DIRECTION('',(1.0,0.0,0.0));
#1268=DIRECTION('',(0.0,1.0,0.0));
#1269=ORIENTED_EDGE('',*,*,#2503,.T.);
#1270=ORIENTED_EDGE('',*,*,#2538,.F.);
#1271=ORIENTED_EDGE('',*,*,#2514,.T.);
#1272=ORIENTED_EDGE('',*,*,#2534,.F.);
#1273=CARTESIAN_POINT('',(-4.925,8.05,-0.331000000000008));
#1274=DIRECTION('',(-0.0,1.0,0.0));
#1275=DIRECTION('',(1.0,0.0,0.0));
#1276=ORIENTED_EDGE('',*,*,#2521,.T.);
#1277=ORIENTED_EDGE('',*,*,#2423,.T.);
#1278=ORIENTED_EDGE('',*,*,#2501,.F.);
#1279=ORIENTED_EDGE('',*,*,#2447,.F.);
#1280=CARTESIAN_POINT('',(-5.2,6.25,3.93999999999997));
#1281=DIRECTION('',(-2.98155597433513E-15,1.0,0.0));
#1282=DIRECTION('',(1.0,2.98155597433513E-15,-0.0));
#1283=ORIENTED_EDGE('',*,*,#2481,.T.);
#1284=ORIENTED_EDGE('',*,*,#2539,.T.);
#1285=ORIENTED_EDGE('',*,*,#2425,.T.);
#1286=ORIENTED_EDGE('',*,*,#2520,.F.);
#1287=CARTESIAN_POINT('',(-6.585,4.05,3.93999999999998));
#1288=DIRECTION('',(-0.0,1.0,0.0));
#1289=DIRECTION('',(1.0,0.0,0.0));
#1290=ORIENTED_EDGE('',*,*,#2421,.T.);
#1291=ORIENTED_EDGE('',*,*,#2540,.T.);
#1292=ORIENTED_EDGE('',*,*,#2469,.T.);
#1293=ORIENTED_EDGE('',*,*,#2502,.T.);
#1294=CARTESIAN_POINT('',(1.20000000000001,4.05000000000002,3.93999999999997));
#1295=DIRECTION('',(1.44038411362696E-14,1.0,0.0));
#1296=DIRECTION('',(1.0,-1.44038411362696E-14,0.0));
#1297=ORIENTED_EDGE('',*,*,#2370,.F.);
#1298=ORIENTED_EDGE('',*,*,#2541,.T.);
#1299=ORIENTED_EDGE('',*,*,#2542,.T.);
#1300=ORIENTED_EDGE('',*,*,#2384,.F.);
#1301=CARTESIAN_POINT('',(-6.315,7.45,2.2));
#1302=DIRECTION('',(1.0,0.0,0.0));
#1303=DIRECTION('',(0.0,1.0,0.0));
#1304=ORIENTED_EDGE('',*,*,#2369,.F.);
#1305=ORIENTED_EDGE('',*,*,#2533,.T.);
#1306=ORIENTED_EDGE('',*,*,#2543,.T.);
#1307=ORIENTED_EDGE('',*,*,#2541,.F.);
#1308=CARTESIAN_POINT('',(-6.315,7.45,1.91));
#1309=DIRECTION('',(0.0,0.0,1.0));
#1310=DIRECTION('',(1.0,0.0,0.0));
#1311=ORIENTED_EDGE('',*,*,#2542,.F.);
#1312=ORIENTED_EDGE('',*,*,#2543,.F.);
#1313=ORIENTED_EDGE('',*,*,#2532,.F.);
#1314=ORIENTED_EDGE('',*,*,#2385,.F.);
#1315=CARTESIAN_POINT('',(0.0,7.45,0.0));
#1316=DIRECTION('',(0.0,-1.0,0.0));
#1317=DIRECTION('',(0.0,0.0,-1.0));
#1318=ORIENTED_EDGE('',*,*,#2365,.F.);
#1319=ORIENTED_EDGE('',*,*,#2544,.T.);
#1320=ORIENTED_EDGE('',*,*,#2545,.T.);
#1321=ORIENTED_EDGE('',*,*,#2530,.F.);
#1322=CARTESIAN_POINT('',(1.425,7.45,1.91));
#1323=DIRECTION('',(4.87281875274384E-16,0.0,1.0));
#1324=DIRECTION('',(1.0,0.0,-4.87281875274384E-16));
#1325=ORIENTED_EDGE('',*,*,#2364,.F.);
#1326=ORIENTED_EDGE('',*,*,#2528,.T.);
#1327=ORIENTED_EDGE('',*,*,#2546,.T.);
#1328=ORIENTED_EDGE('',*,*,#2544,.F.);
#1329=CARTESIAN_POINT('',(2.315,7.45,1.91));
#1330=DIRECTION('',(-1.0,0.0,0.0));
#1331=DIRECTION('',(0.0,0.0,1.0));
#1332=ORIENTED_EDGE('',*,*,#2531,.F.);
#1333=ORIENTED_EDGE('',*,*,#2545,.F.);
#1334=ORIENTED_EDGE('',*,*,#2546,.F.);
#1335=ORIENTED_EDGE('',*,*,#2527,.F.);
#1336=CARTESIAN_POINT('',(0.0,7.45,0.0));
#1337=DIRECTION('',(0.0,-1.0,0.0));
#1338=DIRECTION('',(0.0,0.0,-1.0));
#1339=ORIENTED_EDGE('',*,*,#2420,.T.);
#1340=ORIENTED_EDGE('',*,*,#2471,.T.);
#1341=ORIENTED_EDGE('',*,*,#2547,.F.);
#1342=ORIENTED_EDGE('',*,*,#2356,.T.);
#1343=ORIENTED_EDGE('',*,*,#2467,.T.);
#1344=ORIENTED_EDGE('',*,*,#2540,.F.);
#1345=CARTESIAN_POINT('',(2.315,3.75,3.94000000000003));
#1346=DIRECTION('',(-1.0,0.0,0.0));
#1347=DIRECTION('',(0.0,0.0,1.0));
#1348=ORIENTED_EDGE('',*,*,#2480,.T.);
#1349=ORIENTED_EDGE('',*,*,#2326,.T.);
#1350=ORIENTED_EDGE('',*,*,#2322,.T.);
#1351=ORIENTED_EDGE('',*,*,#2478,.F.);
#1352=ORIENTED_EDGE('',*,*,#2426,.T.);
#1353=ORIENTED_EDGE('',*,*,#2539,.F.);
#1354=CARTESIAN_POINT('',(-6.315,6.75,3.94000000000003));
#1355=DIRECTION('',(1.0,0.0,0.0));
#1356=DIRECTION('',(0.0,1.0,0.0));
#1357=ORIENTED_EDGE('',*,*,#2548,.F.);
#1358=ORIENTED_EDGE('',*,*,#2495,.F.);
#1359=ORIENTED_EDGE('',*,*,#2473,.F.);
#1360=ORIENTED_EDGE('',*,*,#2486,.F.);
#1361=ORIENTED_EDGE('',*,*,#2489,.F.);
#1362=ORIENTED_EDGE('',*,*,#2499,.F.);
#1363=ORIENTED_EDGE('',*,*,#2549,.T.);
#1364=ORIENTED_EDGE('',*,*,#2550,.F.);
#1365=CARTESIAN_POINT('',(1.5846031751711E-16,0.0,0.240000000000003));
#1366=DIRECTION('',(-4.17000835571339E-16,0.0,-1.0));
#1367=DIRECTION('',(-1.0,0.0,4.17000835571339E-16));
#1368=ORIENTED_EDGE('',*,*,#2476,.T.);
#1369=ORIENTED_EDGE('',*,*,#2551,.F.);
#1370=ORIENTED_EDGE('',*,*,#2373,.T.);
#1371=ORIENTED_EDGE('',*,*,#2378,.T.);
#1372=CARTESIAN_POINT('',(-6.58499999999999,30.0150000000001,0.269999999999999));
#1373=DIRECTION('',(4.0155636017983E-16,0.0,-1.0));
#1374=DIRECTION('',(0.0,-1.0,0.0));
#1375=ORIENTED_EDGE('',*,*,#2470,.T.);
#1376=ORIENTED_EDGE('',*,*,#2552,.F.);
#1377=ORIENTED_EDGE('',*,*,#2357,.T.);
#1378=ORIENTED_EDGE('',*,*,#2547,.T.);
#1379=CARTESIAN_POINT('',(2.315,30.0150000000001,0.27));
#1380=DIRECTION('',(-4.0155636017983E-16,0.0,-1.0));
#1381=DIRECTION('',(-1.0,0.0,4.0155636017983E-16));
#1382=ORIENTED_EDGE('',*,*,#2346,.T.);
#1383=ORIENTED_EDGE('',*,*,#2451,.F.);
#1384=ORIENTED_EDGE('',*,*,#2553,.F.);
#1385=ORIENTED_EDGE('',*,*,#2554,.T.);
#1386=ORIENTED_EDGE('',*,*,#2555,.T.);
#1387=CARTESIAN_POINT('',(-0.195000000000002,6.6,0.310000000000003));
#1388=DIRECTION('',(1.0,0.0,0.0));
#1389=DIRECTION('',(0.0,1.0,0.0));
#1390=ORIENTED_EDGE('',*,*,#2352,.T.);
#1391=ORIENTED_EDGE('',*,*,#2463,.F.);
#1392=ORIENTED_EDGE('',*,*,#2556,.F.);
#1393=ORIENTED_EDGE('',*,*,#2557,.F.);
#1394=ORIENTED_EDGE('',*,*,#2449,.T.);
#1395=CARTESIAN_POINT('',(0.194999999999998,6.6,0.180000000000003));
#1396=DIRECTION('',(-1.0,0.0,0.0));
#1397=DIRECTION('',(0.0,0.0,1.0));
#1398=ORIENTED_EDGE('',*,*,#2556,.T.);
#1399=ORIENTED_EDGE('',*,*,#2558,.T.);
#1400=ORIENTED_EDGE('',*,*,#2554,.F.);
#1401=ORIENTED_EDGE('',*,*,#2559,.F.);
#1402=CARTESIAN_POINT('',(0.194999999999998,6.6,0.310000000000003));
#1403=DIRECTION('',(-5.56001114095131E-16,0.0,-1.0));
#1404=DIRECTION('',(-1.0,0.0,5.56001114095131E-16));
#1405=ORIENTED_EDGE('',*,*,#2553,.T.);
#1406=ORIENTED_EDGE('',*,*,#2450,.T.);
#1407=ORIENTED_EDGE('',*,*,#2557,.T.);
#1408=ORIENTED_EDGE('',*,*,#2559,.T.);
#1409=CARTESIAN_POINT('',(0.0,6.6,0.0));
#1410=DIRECTION('',(0.0,-1.0,0.0));
#1411=DIRECTION('',(0.0,0.0,-1.0));
#1412=ORIENTED_EDGE('',*,*,#2560,.F.);
#1413=ORIENTED_EDGE('',*,*,#2414,.T.);
#1414=ORIENTED_EDGE('',*,*,#2439,.F.);
#1415=ORIENTED_EDGE('',*,*,#2561,.F.);
#1416=ORIENTED_EDGE('',*,*,#2562,.F.);
#1417=ORIENTED_EDGE('',*,*,#2563,.F.);
#1418=ORIENTED_EDGE('',*,*,#2564,.F.);
#1419=ORIENTED_EDGE('',*,*,#2565,.F.);
#1420=CARTESIAN_POINT('',(-0.25,11.359999999,0.83999999999996));
#1421=DIRECTION('',(-1.0,0.0,0.0));
#1422=DIRECTION('',(0.0,0.0,1.0));
#1423=ORIENTED_EDGE('',*,*,#2416,.F.);
#1424=ORIENTED_EDGE('',*,*,#2566,.T.);
#1425=ORIENTED_EDGE('',*,*,#2567,.T.);
#1426=ORIENTED_EDGE('',*,*,#2568,.T.);
#1427=ORIENTED_EDGE('',*,*,#2569,.T.);
#1428=ORIENTED_EDGE('',*,*,#2570,.T.);
#1429=ORIENTED_EDGE('',*,*,#2571,.T.);
#1430=ORIENTED_EDGE('',*,*,#2437,.T.);
#1431=CARTESIAN_POINT('',(0.25,11.359999999,0.83999999999996));
#1432=DIRECTION('',(-1.0,0.0,0.0));
#1433=DIRECTION('',(0.0,0.0,1.0));
#1434=ORIENTED_EDGE('',*,*,#2562,.T.);
#1435=ORIENTED_EDGE('',*,*,#2572,.F.);
#1436=ORIENTED_EDGE('',*,*,#2570,.F.);
#1437=ORIENTED_EDGE('',*,*,#2573,.T.);
#1438=CARTESIAN_POINT('',(0.25,11.699999999,0.539999999999966));
#1439=DIRECTION('',(0.0,2.86994692716751E-15,-1.0));
#1440=DIRECTION('',(-1.0,0.0,0.0));
#1441=ORIENTED_EDGE('',*,*,#2563,.T.);
#1442=ORIENTED_EDGE('',*,*,#2573,.F.);
#1443=ORIENTED_EDGE('',*,*,#2569,.F.);
#1444=ORIENTED_EDGE('',*,*,#2574,.T.);
#1445=CARTESIAN_POINT('',(0.25,11.699999999,0.0399999999999658));
#1446=DIRECTION('',(0.0,-1.0,0.0));
#1447=DIRECTION('',(0.0,0.0,-1.0));
#1448=ORIENTED_EDGE('',*,*,#2564,.T.);
#1449=ORIENTED_EDGE('',*,*,#2574,.F.);
#1450=ORIENTED_EDGE('',*,*,#2568,.F.);
#1451=ORIENTED_EDGE('',*,*,#2575,.T.);
#1452=CARTESIAN_POINT('',(0.25,11.599999999,-0.0600000000000342));
#1453=DIRECTION('',(0.0,-0.70710678118655,0.707106781186545));
#1454=DIRECTION('',(-1.0,0.0,0.0));
#1455=ORIENTED_EDGE('',*,*,#2565,.T.);
#1456=ORIENTED_EDGE('',*,*,#2575,.F.);
#1457=ORIENTED_EDGE('',*,*,#2567,.F.);
#1458=ORIENTED_EDGE('',*,*,#2576,.T.);
#1459=CARTESIAN_POINT('',(0.25,10.849999999,-0.0600000000000343));
#1460=DIRECTION('',(0.0,-7.22801448323669E-17,1.0));
#1461=DIRECTION('',(0.0,-1.0,-7.22801448323669E-17));
#1462=ORIENTED_EDGE('',*,*,#2415,.F.);
#1463=ORIENTED_EDGE('',*,*,#2560,.T.);
#1464=ORIENTED_EDGE('',*,*,#2576,.F.);
#1465=ORIENTED_EDGE('',*,*,#2566,.F.);
#1466=CARTESIAN_POINT('',(0.25,10.749999999,0.0399999999999657));
#1467=DIRECTION('',(0.0,0.70710678118655,0.707106781186545));
#1468=DIRECTION('',(1.0,0.0,-0.0));
#1469=ORIENTED_EDGE('',*,*,#2561,.T.);
#1470=ORIENTED_EDGE('',*,*,#2438,.T.);
#1471=ORIENTED_EDGE('',*,*,#2571,.F.);
#1472=ORIENTED_EDGE('',*,*,#2572,.T.);
#1473=CARTESIAN_POINT('',(0.25,11.359999999,0.83999999999996));
#1474=DIRECTION('',(1.0,-0.0,0.0));
#1475=DIRECTION('',(0.0,0.0,1.0));
#1476=ORIENTED_EDGE('',*,*,#2465,.T.);
#1477=ORIENTED_EDGE('',*,*,#2577,.T.);
#1478=ORIENTED_EDGE('',*,*,#2578,.F.);
#1479=ORIENTED_EDGE('',*,*,#2558,.F.);
#1480=ORIENTED_EDGE('',*,*,#2462,.F.);
#1481=ORIENTED_EDGE('',*,*,#2579,.T.);
#1482=CARTESIAN_POINT('',(0.25,6.69999999900002,1.42999999999997));
#1483=DIRECTION('',(-0.0,1.0,0.0));
#1484=DIRECTION('',(1.0,0.0,0.0));
#1485=ORIENTED_EDGE('',*,*,#2578,.T.);
#1486=ORIENTED_EDGE('',*,*,#2580,.T.);
#1487=ORIENTED_EDGE('',*,*,#2347,.F.);
#1488=ORIENTED_EDGE('',*,*,#2555,.F.);
#1489=CARTESIAN_POINT('',(0.25,6.69999999900002,0.309999999999966));
#1490=DIRECTION('',(0.0,-1.47237332065933E-16,1.0));
#1491=DIRECTION('',(0.0,-1.0,-1.47237332065933E-16));
#1492=ORIENTED_EDGE('',*,*,#2461,.T.);
#1493=ORIENTED_EDGE('',*,*,#2350,.F.);
#1494=ORIENTED_EDGE('',*,*,#2466,.F.);
#1495=ORIENTED_EDGE('',*,*,#2579,.F.);
#1496=CARTESIAN_POINT('',(0.2,-14.6600000098998,1.42999999999997));
#1497=DIRECTION('',(1.0,0.0,1.93607530800989E-16));
#1498=DIRECTION('',(-1.93607530800989E-16,0.0,1.0));
#1499=ORIENTED_EDGE('',*,*,#2464,.T.);
#1500=ORIENTED_EDGE('',*,*,#2348,.F.);
#1501=ORIENTED_EDGE('',*,*,#2580,.F.);
#1502=ORIENTED_EDGE('',*,*,#2577,.F.);
#1503=CARTESIAN_POINT('',(-0.2,-14.6600000098998,0.310000000000003));
#1504=DIRECTION('',(-1.0,0.0,1.93607530800989E-16));
#1505=DIRECTION('',(0.0,1.0,0.0));
#1506=ORIENTED_EDGE('',*,*,#2338,.T.);
#1507=ORIENTED_EDGE('',*,*,#2454,.F.);
#1508=ORIENTED_EDGE('',*,*,#2581,.F.);
#1509=ORIENTED_EDGE('',*,*,#2582,.T.);
#1510=ORIENTED_EDGE('',*,*,#2583,.T.);
#1511=CARTESIAN_POINT('',(-2.195,6.6,0.310000000000003));
#1512=DIRECTION('',(1.0,0.0,0.0));
#1513=DIRECTION('',(0.0,1.0,0.0));
#1514=ORIENTED_EDGE('',*,*,#2344,.T.);
#1515=ORIENTED_EDGE('',*,*,#2457,.F.);
#1516=ORIENTED_EDGE('',*,*,#2584,.F.);
#1517=ORIENTED_EDGE('',*,*,#2585,.F.);
#1518=ORIENTED_EDGE('',*,*,#2452,.T.);
#1519=CARTESIAN_POINT('',(-1.805,6.6,0.180000000000003));
#1520=DIRECTION('',(-1.0,0.0,-1.66800334228539E-15));
#1521=DIRECTION('',(-1.66800334228539E-15,0.0,1.0));
#1522=ORIENTED_EDGE('',*,*,#2584,.T.);
#1523=ORIENTED_EDGE('',*,*,#2586,.T.);
#1524=ORIENTED_EDGE('',*,*,#2582,.F.);
#1525=ORIENTED_EDGE('',*,*,#2587,.F.);
#1526=CARTESIAN_POINT('',(-1.805,6.6,0.310000000000003));
#1527=DIRECTION('',(0.0,0.0,-1.0));
#1528=DIRECTION('',(0.0,-1.0,0.0));
#1529=ORIENTED_EDGE('',*,*,#2581,.T.);
#1530=ORIENTED_EDGE('',*,*,#2453,.T.);
#1531=ORIENTED_EDGE('',*,*,#2585,.T.);
#1532=ORIENTED_EDGE('',*,*,#2587,.T.);
#1533=CARTESIAN_POINT('',(0.0,6.6,0.0));
#1534=DIRECTION('',(0.0,-1.0,0.0));
#1535=DIRECTION('',(0.0,0.0,-1.0));
#1536=ORIENTED_EDGE('',*,*,#2588,.F.);
#1537=ORIENTED_EDGE('',*,*,#2410,.T.);
#1538=ORIENTED_EDGE('',*,*,#2442,.F.);
#1539=ORIENTED_EDGE('',*,*,#2589,.F.);
#1540=ORIENTED_EDGE('',*,*,#2590,.F.);
#1541=ORIENTED_EDGE('',*,*,#2591,.F.);
#1542=ORIENTED_EDGE('',*,*,#2592,.F.);
#1543=ORIENTED_EDGE('',*,*,#2593,.F.);
#1544=CARTESIAN_POINT('',(-2.25,11.359999999,0.83999999999996));
#1545=DIRECTION('',(-1.0,0.0,0.0));
#1546=DIRECTION('',(0.0,0.0,1.0));
#1547=ORIENTED_EDGE('',*,*,#2412,.F.);
#1548=ORIENTED_EDGE('',*,*,#2594,.T.);
#1549=ORIENTED_EDGE('',*,*,#2595,.T.);
#1550=ORIENTED_EDGE('',*,*,#2596,.T.);
#1551=ORIENTED_EDGE('',*,*,#2597,.T.);
#1552=ORIENTED_EDGE('',*,*,#2598,.T.);
#1553=ORIENTED_EDGE('',*,*,#2599,.T.);
#1554=ORIENTED_EDGE('',*,*,#2440,.T.);
#1555=CARTESIAN_POINT('',(-1.75,11.359999999,0.83999999999996));
#1556=DIRECTION('',(-1.0,0.0,0.0));
#1557=DIRECTION('',(0.0,0.0,1.0));
#1558=ORIENTED_EDGE('',*,*,#2590,.T.);
#1559=ORIENTED_EDGE('',*,*,#2600,.F.);
#1560=ORIENTED_EDGE('',*,*,#2598,.F.);
#1561=ORIENTED_EDGE('',*,*,#2601,.T.);
#1562=CARTESIAN_POINT('',(-1.75,11.699999999,0.539999999999966));
#1563=DIRECTION('',(0.0,2.86994692716751E-15,-1.0));
#1564=DIRECTION('',(-1.0,0.0,0.0));
#1565=ORIENTED_EDGE('',*,*,#2591,.T.);
#1566=ORIENTED_EDGE('',*,*,#2601,.F.);
#1567=ORIENTED_EDGE('',*,*,#2597,.F.);
#1568=ORIENTED_EDGE('',*,*,#2602,.T.);
#1569=CARTESIAN_POINT('',(-1.75,11.699999999,0.0399999999999658));
#1570=DIRECTION('',(0.0,-1.0,0.0));
#1571=DIRECTION('',(0.0,0.0,-1.0));
#1572=ORIENTED_EDGE('',*,*,#2592,.T.);
#1573=ORIENTED_EDGE('',*,*,#2602,.F.);
#1574=ORIENTED_EDGE('',*,*,#2596,.F.);
#1575=ORIENTED_EDGE('',*,*,#2603,.T.);
#1576=CARTESIAN_POINT('',(-1.75,11.599999999,-0.0600000000000342));
#1577=DIRECTION('',(0.0,-0.70710678118655,0.707106781186545));
#1578=DIRECTION('',(-1.0,0.0,0.0));
#1579=ORIENTED_EDGE('',*,*,#2593,.T.);
#1580=ORIENTED_EDGE('',*,*,#2603,.F.);
#1581=ORIENTED_EDGE('',*,*,#2595,.F.);
#1582=ORIENTED_EDGE('',*,*,#2604,.T.);
#1583=CARTESIAN_POINT('',(-1.75,10.849999999,-0.0600000000000343));
#1584=DIRECTION('',(0.0,-7.22801448323669E-17,1.0));
#1585=DIRECTION('',(0.0,-1.0,-7.22801448323669E-17));
#1586=ORIENTED_EDGE('',*,*,#2411,.F.);
#1587=ORIENTED_EDGE('',*,*,#2588,.T.);
#1588=ORIENTED_EDGE('',*,*,#2604,.F.);
#1589=ORIENTED_EDGE('',*,*,#2594,.F.);
#1590=CARTESIAN_POINT('',(-1.75,10.749999999,0.0399999999999657));
#1591=DIRECTION('',(0.0,0.70710678118655,0.707106781186545));
#1592=DIRECTION('',(1.0,0.0,-0.0));
#1593=ORIENTED_EDGE('',*,*,#2589,.T.);
#1594=ORIENTED_EDGE('',*,*,#2441,.T.);
#1595=ORIENTED_EDGE('',*,*,#2599,.F.);
#1596=ORIENTED_EDGE('',*,*,#2600,.T.);
#1597=CARTESIAN_POINT('',(-1.75,11.359999999,0.83999999999996));
#1598=DIRECTION('',(1.0,-0.0,0.0));
#1599=DIRECTION('',(0.0,0.0,1.0));
#1600=ORIENTED_EDGE('',*,*,#2459,.T.);
#1601=ORIENTED_EDGE('',*,*,#2605,.T.);
#1602=ORIENTED_EDGE('',*,*,#2606,.F.);
#1603=ORIENTED_EDGE('',*,*,#2586,.F.);
#1604=ORIENTED_EDGE('',*,*,#2456,.F.);
#1605=ORIENTED_EDGE('',*,*,#2607,.T.);
#1606=CARTESIAN_POINT('',(-1.75,6.69999999900002,1.42999999999997));
#1607=DIRECTION('',(-0.0,1.0,0.0));
#1608=DIRECTION('',(1.0,0.0,0.0));
#1609=ORIENTED_EDGE('',*,*,#2606,.T.);
#1610=ORIENTED_EDGE('',*,*,#2608,.T.);
#1611=ORIENTED_EDGE('',*,*,#2339,.F.);
#1612=ORIENTED_EDGE('',*,*,#2583,.F.);
#1613=CARTESIAN_POINT('',(-1.75,6.69999999900002,0.309999999999966));
#1614=DIRECTION('',(0.0,-1.47237332065933E-16,1.0));
#1615=DIRECTION('',(0.0,-1.0,-1.47237332065933E-16));
#1616=ORIENTED_EDGE('',*,*,#2455,.T.);
#1617=ORIENTED_EDGE('',*,*,#2342,.F.);
#1618=ORIENTED_EDGE('',*,*,#2460,.F.);
#1619=ORIENTED_EDGE('',*,*,#2607,.F.);
#1620=CARTESIAN_POINT('',(-1.8,-14.6600000098998,1.42999999999997));
#1621=DIRECTION('',(1.0,0.0,3.87215061601979E-16));
#1622=DIRECTION('',(-3.87215061601979E-16,0.0,1.0));
#1623=ORIENTED_EDGE('',*,*,#2458,.T.);
#1624=ORIENTED_EDGE('',*,*,#2340,.F.);
#1625=ORIENTED_EDGE('',*,*,#2608,.F.);
#1626=ORIENTED_EDGE('',*,*,#2605,.F.);
#1627=CARTESIAN_POINT('',(-2.2,-14.6600000098998,0.310000000000003));
#1628=DIRECTION('',(-1.0,0.0,3.87215061601979E-16));
#1629=DIRECTION('',(0.0,1.0,0.0));
#1630=ORIENTED_EDGE('',*,*,#2330,.T.);
#1631=ORIENTED_EDGE('',*,*,#2445,.F.);
#1632=ORIENTED_EDGE('',*,*,#2609,.F.);
#1633=ORIENTED_EDGE('',*,*,#2610,.T.);
#1634=ORIENTED_EDGE('',*,*,#2611,.T.);
#1635=CARTESIAN_POINT('',(-4.195,6.6,0.310000000000003));
#1636=DIRECTION('',(1.0,0.0,0.0));
#1637=DIRECTION('',(0.0,1.0,0.0));
#1638=ORIENTED_EDGE('',*,*,#2336,.T.);
#1639=ORIENTED_EDGE('',*,*,#2403,.F.);
#1640=ORIENTED_EDGE('',*,*,#2612,.F.);
#1641=ORIENTED_EDGE('',*,*,#2613,.F.);
#1642=ORIENTED_EDGE('',*,*,#2443,.T.);
#1643=CARTESIAN_POINT('',(-3.805,6.6,0.180000000000003));
#1644=DIRECTION('',(-1.0,0.0,0.0));
#1645=DIRECTION('',(0.0,0.0,1.0));
#1646=ORIENTED_EDGE('',*,*,#2612,.T.);
#1647=ORIENTED_EDGE('',*,*,#2614,.T.);
#1648=ORIENTED_EDGE('',*,*,#2610,.F.);
#1649=ORIENTED_EDGE('',*,*,#2615,.F.);
#1650=CARTESIAN_POINT('',(-3.805,6.6,0.310000000000003));
#1651=DIRECTION('',(0.0,0.0,-1.0));
#1652=DIRECTION('',(0.0,-1.0,0.0));
#1653=ORIENTED_EDGE('',*,*,#2609,.T.);
#1654=ORIENTED_EDGE('',*,*,#2444,.T.);
#1655=ORIENTED_EDGE('',*,*,#2613,.T.);
#1656=ORIENTED_EDGE('',*,*,#2615,.T.);
#1657=CARTESIAN_POINT('',(0.0,6.6,0.0));
#1658=DIRECTION('',(0.0,-1.0,0.0));
#1659=DIRECTION('',(0.0,0.0,-1.0));
#1660=ORIENTED_EDGE('',*,*,#2616,.F.);
#1661=ORIENTED_EDGE('',*,*,#2430,.T.);
#1662=ORIENTED_EDGE('',*,*,#2433,.F.);
#1663=ORIENTED_EDGE('',*,*,#2617,.F.);
#1664=ORIENTED_EDGE('',*,*,#2618,.F.);
#1665=ORIENTED_EDGE('',*,*,#2619,.F.);
#1666=ORIENTED_EDGE('',*,*,#2620,.F.);
#1667=ORIENTED_EDGE('',*,*,#2621,.F.);
#1668=CARTESIAN_POINT('',(-4.25,11.359999999,0.83999999999996));
#1669=DIRECTION('',(-1.0,0.0,0.0));
#1670=DIRECTION('',(0.0,0.0,1.0));
#1671=ORIENTED_EDGE('',*,*,#2408,.F.);
#1672=ORIENTED_EDGE('',*,*,#2622,.T.);
#1673=ORIENTED_EDGE('',*,*,#2623,.T.);
#1674=ORIENTED_EDGE('',*,*,#2624,.T.);
#1675=ORIENTED_EDGE('',*,*,#2625,.T.);
#1676=ORIENTED_EDGE('',*,*,#2626,.T.);
#1677=ORIENTED_EDGE('',*,*,#2627,.T.);
#1678=ORIENTED_EDGE('',*,*,#2431,.T.);
#1679=CARTESIAN_POINT('',(-3.75,11.359999999,0.83999999999996));
#1680=DIRECTION('',(-1.0,0.0,0.0));
#1681=DIRECTION('',(0.0,0.0,1.0));
#1682=ORIENTED_EDGE('',*,*,#2618,.T.);
#1683=ORIENTED_EDGE('',*,*,#2628,.F.);
#1684=ORIENTED_EDGE('',*,*,#2626,.F.);
#1685=ORIENTED_EDGE('',*,*,#2629,.T.);
#1686=CARTESIAN_POINT('',(-3.75,11.699999999,0.539999999999966));
#1687=DIRECTION('',(0.0,2.86994692716751E-15,-1.0));
#1688=DIRECTION('',(-1.0,0.0,0.0));
#1689=ORIENTED_EDGE('',*,*,#2619,.T.);
#1690=ORIENTED_EDGE('',*,*,#2629,.F.);
#1691=ORIENTED_EDGE('',*,*,#2625,.F.);
#1692=ORIENTED_EDGE('',*,*,#2630,.T.);
#1693=CARTESIAN_POINT('',(-3.75,11.699999999,0.0399999999999658));
#1694=DIRECTION('',(0.0,-1.0,0.0));
#1695=DIRECTION('',(0.0,0.0,-1.0));
#1696=ORIENTED_EDGE('',*,*,#2620,.T.);
#1697=ORIENTED_EDGE('',*,*,#2630,.F.);
#1698=ORIENTED_EDGE('',*,*,#2624,.F.);
#1699=ORIENTED_EDGE('',*,*,#2631,.T.);
#1700=CARTESIAN_POINT('',(-3.75,11.599999999,-0.0600000000000342));
#1701=DIRECTION('',(0.0,-0.70710678118655,0.707106781186545));
#1702=DIRECTION('',(-1.0,0.0,0.0));
#1703=ORIENTED_EDGE('',*,*,#2621,.T.);
#1704=ORIENTED_EDGE('',*,*,#2631,.F.);
#1705=ORIENTED_EDGE('',*,*,#2623,.F.);
#1706=ORIENTED_EDGE('',*,*,#2632,.T.);
#1707=CARTESIAN_POINT('',(-3.75,10.849999999,-0.0600000000000343));
#1708=DIRECTION('',(0.0,-7.22801448323669E-17,1.0));
#1709=DIRECTION('',(0.0,-1.0,-7.22801448323669E-17));
#1710=ORIENTED_EDGE('',*,*,#2407,.F.);
#1711=ORIENTED_EDGE('',*,*,#2616,.T.);
#1712=ORIENTED_EDGE('',*,*,#2632,.F.);
#1713=ORIENTED_EDGE('',*,*,#2622,.F.);
#1714=CARTESIAN_POINT('',(-3.75,10.749999999,0.0399999999999657));
#1715=DIRECTION('',(0.0,0.70710678118655,0.707106781186545));
#1716=DIRECTION('',(1.0,0.0,-0.0));
#1717=ORIENTED_EDGE('',*,*,#2617,.T.);
#1718=ORIENTED_EDGE('',*,*,#2432,.T.);
#1719=ORIENTED_EDGE('',*,*,#2627,.F.);
#1720=ORIENTED_EDGE('',*,*,#2628,.T.);
#1721=CARTESIAN_POINT('',(-3.75,11.359999999,0.83999999999996));
#1722=DIRECTION('',(1.0,-0.0,0.0));
#1723=DIRECTION('',(0.0,0.0,1.0));
#1724=ORIENTED_EDGE('',*,*,#2405,.T.);
#1725=ORIENTED_EDGE('',*,*,#2633,.T.);
#1726=ORIENTED_EDGE('',*,*,#2634,.F.);
#1727=ORIENTED_EDGE('',*,*,#2614,.F.);
#1728=ORIENTED_EDGE('',*,*,#2402,.F.);
#1729=ORIENTED_EDGE('',*,*,#2635,.T.);
#1730=CARTESIAN_POINT('',(-3.75,6.69999999900002,1.42999999999997));
#1731=DIRECTION('',(-0.0,1.0,0.0));
#1732=DIRECTION('',(1.0,0.0,0.0));
#1733=ORIENTED_EDGE('',*,*,#2634,.T.);
#1734=ORIENTED_EDGE('',*,*,#2636,.T.);
#1735=ORIENTED_EDGE('',*,*,#2331,.F.);
#1736=ORIENTED_EDGE('',*,*,#2611,.F.);
#1737=CARTESIAN_POINT('',(-3.75,6.69999999900002,0.309999999999966));
#1738=DIRECTION('',(0.0,-1.47237332065933E-16,1.0));
#1739=DIRECTION('',(0.0,-1.0,-1.47237332065933E-16));
#1740=ORIENTED_EDGE('',*,*,#2401,.T.);
#1741=ORIENTED_EDGE('',*,*,#2334,.F.);
#1742=ORIENTED_EDGE('',*,*,#2406,.F.);
#1743=ORIENTED_EDGE('',*,*,#2635,.F.);
#1744=CARTESIAN_POINT('',(-3.8,-14.6600000098998,1.42999999999997));
#1745=DIRECTION('',(1.0,0.0,0.0));
#1746=DIRECTION('',(0.0,1.0,0.0));
#1747=ORIENTED_EDGE('',*,*,#2404,.T.);
#1748=ORIENTED_EDGE('',*,*,#2332,.F.);
#1749=ORIENTED_EDGE('',*,*,#2636,.F.);
#1750=ORIENTED_EDGE('',*,*,#2633,.F.);
#1751=CARTESIAN_POINT('',(-4.2,-14.6600000098998,0.310000000000003));
#1752=DIRECTION('',(-1.0,0.0,0.0));
#1753=DIRECTION('',(0.0,0.0,1.0));
#1754=ORIENTED_EDGE('',*,*,#2637,.F.);
#1755=ORIENTED_EDGE('',*,*,#2358,.T.);
#1756=ORIENTED_EDGE('',*,*,#2552,.T.);
#1757=ORIENTED_EDGE('',*,*,#2638,.F.);
#1758=ORIENTED_EDGE('',*,*,#2639,.F.);
#1759=ORIENTED_EDGE('',*,*,#2640,.T.);
#1760=ORIENTED_EDGE('',*,*,#2641,.F.);
#1761=ORIENTED_EDGE('',*,*,#2642,.F.);
#1762=ORIENTED_EDGE('',*,*,#2643,.F.);
#1763=ORIENTED_EDGE('',*,*,#2644,.F.);
#1764=ORIENTED_EDGE('',*,*,#2645,.F.);
#1765=ORIENTED_EDGE('',*,*,#2646,.F.);
#1766=ORIENTED_EDGE('',*,*,#2647,.F.);
#1767=ORIENTED_EDGE('',*,*,#2648,.F.);
#1768=ORIENTED_EDGE('',*,*,#2649,.F.);
#1769=ORIENTED_EDGE('',*,*,#2524,.F.);
#1770=ORIENTED_EDGE('',*,*,#2650,.F.);
#1771=ORIENTED_EDGE('',*,*,#2651,.F.);
#1772=CARTESIAN_POINT('',(2.32499999999999,6.6,1.73));
#1773=DIRECTION('',(-1.0,0.0,3.12000625175685E-16));
#1774=DIRECTION('',(0.0,1.0,0.0));
#1775=ORIENTED_EDGE('',*,*,#2398,.F.);
#1776=ORIENTED_EDGE('',*,*,#2360,.T.);
#1777=ORIENTED_EDGE('',*,*,#2652,.T.);
#1778=ORIENTED_EDGE('',*,*,#2653,.T.);
#1779=ORIENTED_EDGE('',*,*,#2654,.T.);
#1780=ORIENTED_EDGE('',*,*,#2522,.F.);
#1781=ORIENTED_EDGE('',*,*,#2655,.T.);
#1782=ORIENTED_EDGE('',*,*,#2656,.T.);
#1783=ORIENTED_EDGE('',*,*,#2657,.F.);
#1784=ORIENTED_EDGE('',*,*,#2658,.T.);
#1785=ORIENTED_EDGE('',*,*,#2659,.F.);
#1786=ORIENTED_EDGE('',*,*,#2660,.F.);
#1787=ORIENTED_EDGE('',*,*,#2661,.F.);
#1788=ORIENTED_EDGE('',*,*,#2662,.T.);
#1789=ORIENTED_EDGE('',*,*,#2663,.F.);
#1790=ORIENTED_EDGE('',*,*,#2664,.F.);
#1791=ORIENTED_EDGE('',*,*,#2665,.T.);
#1792=ORIENTED_EDGE('',*,*,#2666,.T.);
#1793=CARTESIAN_POINT('',(2.57499999999999,6.6,0.37));
#1794=DIRECTION('',(1.0,0.0,-6.37765983815005E-16));
#1795=DIRECTION('',(-6.37765983815005E-16,0.0,-1.0));
#1796=ORIENTED_EDGE('',*,*,#2523,.F.);
#1797=ORIENTED_EDGE('',*,*,#2654,.F.);
#1798=ORIENTED_EDGE('',*,*,#2667,.F.);
#1799=ORIENTED_EDGE('',*,*,#2650,.T.);
#1800=CARTESIAN_POINT('',(0.100000000000011,8.62999999999999,2.14));
#1801=DIRECTION('',(0.0,0.499722453489577,0.8661855860486));
#1802=DIRECTION('',(1.0,-0.0,0.0));
#1803=ORIENTED_EDGE('',*,*,#2525,.F.);
#1804=ORIENTED_EDGE('',*,*,#2649,.T.);
#1805=ORIENTED_EDGE('',*,*,#2668,.T.);
#1806=ORIENTED_EDGE('',*,*,#2655,.F.);
#1807=CARTESIAN_POINT('',(0.100000000000009,7.69999999999999,2.29));
#1808=DIRECTION('',(0.0,-1.0,0.0));
#1809=DIRECTION('',(0.0,0.0,-1.0));
#1810=ORIENTED_EDGE('',*,*,#2496,.F.);
#1811=ORIENTED_EDGE('',*,*,#2548,.T.);
#1812=ORIENTED_EDGE('',*,*,#2669,.F.);
#1813=ORIENTED_EDGE('',*,*,#2670,.F.);
#1814=ORIENTED_EDGE('',*,*,#2671,.F.);
#1815=ORIENTED_EDGE('',*,*,#2672,.F.);
#1816=ORIENTED_EDGE('',*,*,#2673,.F.);
#1817=ORIENTED_EDGE('',*,*,#2674,.T.);
#1818=ORIENTED_EDGE('',*,*,#2665,.F.);
#1819=ORIENTED_EDGE('',*,*,#2675,.F.);
#1820=CARTESIAN_POINT('',(2.14499999999998,6.6,1.73));
#1821=DIRECTION('',(-0.0,1.0,0.0));
#1822=DIRECTION('',(1.0,0.0,0.0));
#1823=ORIENTED_EDGE('',*,*,#2497,.F.);
#1824=ORIENTED_EDGE('',*,*,#2675,.T.);
#1825=ORIENTED_EDGE('',*,*,#2664,.T.);
#1826=ORIENTED_EDGE('',*,*,#2676,.F.);
#1827=CARTESIAN_POINT('',(2.75499999999999,6.6,0.37));
#1828=DIRECTION('',(0.0,1.0,0.0));
#1829=DIRECTION('',(0.0,0.0,-1.0));
#1830=ORIENTED_EDGE('',*,*,#2549,.F.);
#1831=ORIENTED_EDGE('',*,*,#2498,.T.);
#1832=ORIENTED_EDGE('',*,*,#2676,.T.);
#1833=ORIENTED_EDGE('',*,*,#2663,.T.);
#1834=ORIENTED_EDGE('',*,*,#2677,.T.);
#1835=ORIENTED_EDGE('',*,*,#2678,.T.);
#1836=ORIENTED_EDGE('',*,*,#2679,.T.);
#1837=ORIENTED_EDGE('',*,*,#2680,.T.);
#1838=ORIENTED_EDGE('',*,*,#2681,.T.);
#1839=ORIENTED_EDGE('',*,*,#2641,.T.);
#1840=ORIENTED_EDGE('',*,*,#2682,.T.);
#1841=ORIENTED_EDGE('',*,*,#2683,.T.);
#1842=ORIENTED_EDGE('',*,*,#2684,.T.);
#1843=ORIENTED_EDGE('',*,*,#2685,.T.);
#1844=ORIENTED_EDGE('',*,*,#2686,.T.);
#1845=CARTESIAN_POINT('',(2.14499999999998,4.0,1.73));
#1846=DIRECTION('',(-0.0,1.0,0.0));
#1847=DIRECTION('',(1.0,0.0,0.0));
#1848=ORIENTED_EDGE('',*,*,#2687,.F.);
#1849=ORIENTED_EDGE('',*,*,#2642,.T.);
#1850=ORIENTED_EDGE('',*,*,#2681,.F.);
#1851=ORIENTED_EDGE('',*,*,#2688,.F.);
#1852=CARTESIAN_POINT('',(2.14499999999998,6.6,1.73));
#1853=DIRECTION('',(0.0,1.0,0.0));
#1854=DIRECTION('',(0.0,0.0,-1.0));
#1855=ORIENTED_EDGE('',*,*,#2689,.F.);
#1856=ORIENTED_EDGE('',*,*,#2690,.T.);
#1857=ORIENTED_EDGE('',*,*,#2677,.F.);
#1858=ORIENTED_EDGE('',*,*,#2662,.F.);
#1859=CARTESIAN_POINT('',(2.14499999999998,6.6,1.73));
#1860=DIRECTION('',(0.0,1.0,0.0));
#1861=DIRECTION('',(0.0,0.0,-1.0));
#1862=ORIENTED_EDGE('',*,*,#2691,.F.);
#1863=ORIENTED_EDGE('',*,*,#2692,.T.);
#1864=ORIENTED_EDGE('',*,*,#2693,.F.);
#1865=ORIENTED_EDGE('',*,*,#2694,.F.);
#1866=ORIENTED_EDGE('',*,*,#2695,.T.);
#1867=ORIENTED_EDGE('',*,*,#2678,.F.);
#1868=ORIENTED_EDGE('',*,*,#2690,.F.);
#1869=ORIENTED_EDGE('',*,*,#2696,.F.);
#1870=CARTESIAN_POINT('',(2.14499999999999,6.6,2.16));
#1871=DIRECTION('',(5.82556391186241E-15,0.0,1.0));
#1872=DIRECTION('',(1.0,0.0,-5.82556391186241E-15));
#1873=ORIENTED_EDGE('',*,*,#2679,.F.);
#1874=ORIENTED_EDGE('',*,*,#2695,.F.);
#1875=ORIENTED_EDGE('',*,*,#2697,.F.);
#1876=ORIENTED_EDGE('',*,*,#2698,.T.);
#1877=CARTESIAN_POINT('',(1.47499999999999,6.6,2.16));
#1878=DIRECTION('',(-1.0,0.0,1.73472347597681E-15));
#1879=DIRECTION('',(0.0,1.0,0.0));
#1880=ORIENTED_EDGE('',*,*,#2699,.F.);
#1881=ORIENTED_EDGE('',*,*,#2688,.T.);
#1882=ORIENTED_EDGE('',*,*,#2680,.F.);
#1883=ORIENTED_EDGE('',*,*,#2698,.F.);
#1884=ORIENTED_EDGE('',*,*,#2700,.F.);
#1885=ORIENTED_EDGE('',*,*,#2701,.T.);
#1886=ORIENTED_EDGE('',*,*,#2702,.F.);
#1887=ORIENTED_EDGE('',*,*,#2703,.T.);
#1888=CARTESIAN_POINT('',(1.47499999999999,6.6,1.91));
#1889=DIRECTION('',(-3.23642439547917E-16,0.0,-1.0));
#1890=DIRECTION('',(-1.0,0.0,3.23642439547917E-16));
#1891=ORIENTED_EDGE('',*,*,#2704,.F.);
#1892=ORIENTED_EDGE('',*,*,#2701,.F.);
#1893=ORIENTED_EDGE('',*,*,#2705,.T.);
#1894=ORIENTED_EDGE('',*,*,#2646,.T.);
#1895=CARTESIAN_POINT('',(2.14499999999998,6.6,1.73));
#1896=DIRECTION('',(0.0,1.0,0.0));
#1897=DIRECTION('',(0.0,0.0,-1.0));
#1898=ORIENTED_EDGE('',*,*,#2682,.F.);
#1899=ORIENTED_EDGE('',*,*,#2640,.F.);
#1900=ORIENTED_EDGE('',*,*,#2706,.T.);
#1901=ORIENTED_EDGE('',*,*,#2673,.T.);
#1902=ORIENTED_EDGE('',*,*,#2707,.T.);
#1903=CARTESIAN_POINT('',(2.72499999999998,6.6,0.340000000000001));
#1904=DIRECTION('',(0.0,1.0,0.0));
#1905=DIRECTION('',(0.0,0.0,-1.0));
#1906=ORIENTED_EDGE('',*,*,#2683,.F.);
#1907=ORIENTED_EDGE('',*,*,#2707,.F.);
#1908=ORIENTED_EDGE('',*,*,#2672,.T.);
#1909=ORIENTED_EDGE('',*,*,#2708,.T.);
#1910=CARTESIAN_POINT('',(2.72499999999998,6.6,-0.0600000000000006));
#1911=DIRECTION('',(-4.27425856460625E-16,0.0,-1.0));
#1912=DIRECTION('',(-1.0,0.0,4.27425856460625E-16));
#1913=ORIENTED_EDGE('',*,*,#2684,.F.);
#1914=ORIENTED_EDGE('',*,*,#2708,.F.);
#1915=ORIENTED_EDGE('',*,*,#2671,.T.);
#1916=ORIENTED_EDGE('',*,*,#2709,.T.);
#1917=CARTESIAN_POINT('',(3.37499999999999,6.6,-0.0600000000000008));
#1918=DIRECTION('',(1.0,0.0,-1.73472347597681E-15));
#1919=DIRECTION('',(-1.73472347597681E-15,0.0,-1.0));
#1920=ORIENTED_EDGE('',*,*,#2685,.F.);
#1921=ORIENTED_EDGE('',*,*,#2709,.F.);
#1922=ORIENTED_EDGE('',*,*,#2670,.T.);
#1923=ORIENTED_EDGE('',*,*,#2710,.T.);
#1924=CARTESIAN_POINT('',(3.37499999999999,6.6,0.189999999999999));
#1925=DIRECTION('',(4.80896124892765E-16,0.0,1.0));
#1926=DIRECTION('',(1.0,0.0,-4.80896124892765E-16));
#1927=ORIENTED_EDGE('',*,*,#2669,.T.);
#1928=ORIENTED_EDGE('',*,*,#2550,.T.);
#1929=ORIENTED_EDGE('',*,*,#2686,.F.);
#1930=ORIENTED_EDGE('',*,*,#2710,.F.);
#1931=CARTESIAN_POINT('',(2.75499999999999,6.6,0.37));
#1932=DIRECTION('',(0.0,1.0,0.0));
#1933=DIRECTION('',(0.0,0.0,-1.0));
#1934=ORIENTED_EDGE('',*,*,#2711,.F.);
#1935=ORIENTED_EDGE('',*,*,#2658,.F.);
#1936=ORIENTED_EDGE('',*,*,#2712,.T.);
#1937=ORIENTED_EDGE('',*,*,#2693,.T.);
#1938=CARTESIAN_POINT('',(2.14499999999998,6.6,1.73));
#1939=DIRECTION('',(0.0,1.0,0.0));
#1940=DIRECTION('',(0.0,0.0,-1.0));
#1941=ORIENTED_EDGE('',*,*,#2713,.F.);
#1942=ORIENTED_EDGE('',*,*,#2647,.T.);
#1943=ORIENTED_EDGE('',*,*,#2705,.F.);
#1944=ORIENTED_EDGE('',*,*,#2700,.T.);
#1945=ORIENTED_EDGE('',*,*,#2697,.T.);
#1946=ORIENTED_EDGE('',*,*,#2694,.T.);
#1947=ORIENTED_EDGE('',*,*,#2712,.F.);
#1948=ORIENTED_EDGE('',*,*,#2657,.T.);
#1949=CARTESIAN_POINT('',(2.14499999999998,7.3,1.73));
#1950=DIRECTION('',(-0.0,1.0,0.0));
#1951=DIRECTION('',(1.0,0.0,0.0));
#1952=ORIENTED_EDGE('',*,*,#2638,.T.);
#1953=ORIENTED_EDGE('',*,*,#2475,.T.);
#1954=ORIENTED_EDGE('',*,*,#2666,.F.);
#1955=ORIENTED_EDGE('',*,*,#2674,.F.);
#1956=ORIENTED_EDGE('',*,*,#2714,.F.);
#1957=CARTESIAN_POINT('',(0.0999999999999998,6.6,0.27));
#1958=DIRECTION('',(0.0,-2.71050543121377E-17,-1.0));
#1959=DIRECTION('',(0.0,-1.0,2.71050543121377E-17));
#1960=ORIENTED_EDGE('',*,*,#2652,.F.);
#1961=ORIENTED_EDGE('',*,*,#2359,.T.);
#1962=ORIENTED_EDGE('',*,*,#2637,.T.);
#1963=ORIENTED_EDGE('',*,*,#2715,.T.);
#1964=CARTESIAN_POINT('',(0.100000000000016,10.6,2.1));
#1965=DIRECTION('',(0.0,0.0,1.0));
#1966=DIRECTION('',(1.0,0.0,0.0));
#1967=ORIENTED_EDGE('',*,*,#2715,.F.);
#1968=ORIENTED_EDGE('',*,*,#2651,.T.);
#1969=ORIENTED_EDGE('',*,*,#2667,.T.);
#1970=ORIENTED_EDGE('',*,*,#2653,.F.);
#1971=CARTESIAN_POINT('',(0.0999999999999998,8.62999999999999,2.1));
#1972=DIRECTION('',(-0.0,1.0,0.0));
#1973=DIRECTION('',(1.0,0.0,0.0));
#1974=ORIENTED_EDGE('',*,*,#2706,.F.);
#1975=ORIENTED_EDGE('',*,*,#2639,.T.);
#1976=ORIENTED_EDGE('',*,*,#2714,.T.);
#1977=CARTESIAN_POINT('',(0.0999999999999998,6.6,1.69));
#1978=DIRECTION('',(0.0,-1.0,0.0));
#1979=DIRECTION('',(0.0,0.0,-1.0));
#1980=ORIENTED_EDGE('',*,*,#2648,.T.);
#1981=ORIENTED_EDGE('',*,*,#2713,.T.);
#1982=ORIENTED_EDGE('',*,*,#2656,.F.);
#1983=ORIENTED_EDGE('',*,*,#2668,.F.);
#1984=CARTESIAN_POINT('',(0.100000000000008,7.69999999999999,1.69));
#1985=DIRECTION('',(0.0,0.0,1.0));
#1986=DIRECTION('',(1.0,0.0,0.0));
#1987=ORIENTED_EDGE('',*,*,#2699,.T.);
#1988=ORIENTED_EDGE('',*,*,#2716,.T.);
#1989=ORIENTED_EDGE('',*,*,#2696,.T.);
#1990=ORIENTED_EDGE('',*,*,#2689,.T.);
#1991=ORIENTED_EDGE('',*,*,#2661,.T.);
#1992=ORIENTED_EDGE('',*,*,#2717,.T.);
#1993=ORIENTED_EDGE('',*,*,#2643,.T.);
#1994=ORIENTED_EDGE('',*,*,#2687,.T.);
#1995=CARTESIAN_POINT('',(1.925,5.04999999999999,2.16));
#1996=DIRECTION('',(0.0,-1.0,0.0));
#1997=DIRECTION('',(0.0,0.0,-1.0));
#1998=ORIENTED_EDGE('',*,*,#2644,.T.);
#1999=ORIENTED_EDGE('',*,*,#2717,.F.);
#2000=ORIENTED_EDGE('',*,*,#2660,.T.);
#2001=ORIENTED_EDGE('',*,*,#2718,.T.);
#2002=CARTESIAN_POINT('',(1.92499999999999,5.04999999999999,0.57));
#2003=DIRECTION('',(0.0,9.85638338623186E-17,-1.0));
#2004=DIRECTION('',(-1.0,0.0,0.0));
#2005=ORIENTED_EDGE('',*,*,#2702,.T.);
#2006=ORIENTED_EDGE('',*,*,#2704,.T.);
#2007=ORIENTED_EDGE('',*,*,#2645,.T.);
#2008=ORIENTED_EDGE('',*,*,#2718,.F.);
#2009=ORIENTED_EDGE('',*,*,#2659,.T.);
#2010=ORIENTED_EDGE('',*,*,#2711,.T.);
#2011=ORIENTED_EDGE('',*,*,#2692,.F.);
#2012=ORIENTED_EDGE('',*,*,#2719,.T.);
#2013=CARTESIAN_POINT('',(1.925,6.14999999999999,0.57));
#2014=DIRECTION('',(-0.0,1.0,0.0));
#2015=DIRECTION('',(1.0,0.0,0.0));
#2016=ORIENTED_EDGE('',*,*,#2719,.F.);
#2017=ORIENTED_EDGE('',*,*,#2691,.T.);
#2018=ORIENTED_EDGE('',*,*,#2716,.F.);
#2019=ORIENTED_EDGE('',*,*,#2703,.F.);
#2020=CARTESIAN_POINT('',(1.92499999999998,-7.10645242147311E-15,-7.02344803559787E-16));
#2021=DIRECTION('',(1.0,-2.75978734814492E-15,-2.72755263518366E-16));
#2022=DIRECTION('',(-2.75978734814492E-15,-1.0,0.0));
#2023=ORIENTED_EDGE('',*,*,#2720,.T.);
#2024=ORIENTED_EDGE('',*,*,#2479,.T.);
#2025=ORIENTED_EDGE('',*,*,#2721,.F.);
#2026=ORIENTED_EDGE('',*,*,#2722,.T.);
#2027=ORIENTED_EDGE('',*,*,#2723,.T.);
#2028=CARTESIAN_POINT('',(-4.10000000000009,6.6,0.27));
#2029=DIRECTION('',(0.0,2.71050543121377E-17,1.0));
#2030=DIRECTION('',(0.0,-1.0,2.71050543121377E-17));
#2031=ORIENTED_EDGE('',*,*,#2325,.F.);
#2032=ORIENTED_EDGE('',*,*,#2724,.T.);
#2033=ORIENTED_EDGE('',*,*,#2725,.T.);
#2034=ORIENTED_EDGE('',*,*,#2726,.T.);
#2035=ORIENTED_EDGE('',*,*,#2391,.T.);
#2036=ORIENTED_EDGE('',*,*,#2727,.T.);
#2037=ORIENTED_EDGE('',*,*,#2728,.T.);
#2038=ORIENTED_EDGE('',*,*,#2729,.T.);
#2039=ORIENTED_EDGE('',*,*,#2730,.T.);
#2040=ORIENTED_EDGE('',*,*,#2731,.T.);
#2041=ORIENTED_EDGE('',*,*,#2732,.T.);
#2042=ORIENTED_EDGE('',*,*,#2733,.T.);
#2043=ORIENTED_EDGE('',*,*,#2734,.T.);
#2044=ORIENTED_EDGE('',*,*,#2735,.T.);
#2045=ORIENTED_EDGE('',*,*,#2736,.F.);
#2046=ORIENTED_EDGE('',*,*,#2737,.T.);
#2047=ORIENTED_EDGE('',*,*,#2721,.T.);
#2048=ORIENTED_EDGE('',*,*,#2320,.F.);
#2049=CARTESIAN_POINT('',(-6.32499999999999,6.6,1.73));
#2050=DIRECTION('',(-1.0,0.0,-6.24001250351369E-16));
#2051=DIRECTION('',(-6.24001250351369E-16,0.0,1.0));
#2052=ORIENTED_EDGE('',*,*,#2374,.F.);
#2053=ORIENTED_EDGE('',*,*,#2551,.T.);
#2054=ORIENTED_EDGE('',*,*,#2720,.F.);
#2055=ORIENTED_EDGE('',*,*,#2738,.F.);
#2056=ORIENTED_EDGE('',*,*,#2739,.T.);
#2057=ORIENTED_EDGE('',*,*,#2740,.T.);
#2058=ORIENTED_EDGE('',*,*,#2741,.F.);
#2059=ORIENTED_EDGE('',*,*,#2742,.T.);
#2060=ORIENTED_EDGE('',*,*,#2743,.T.);
#2061=ORIENTED_EDGE('',*,*,#2744,.T.);
#2062=ORIENTED_EDGE('',*,*,#2745,.F.);
#2063=ORIENTED_EDGE('',*,*,#2746,.T.);
#2064=ORIENTED_EDGE('',*,*,#2747,.F.);
#2065=ORIENTED_EDGE('',*,*,#2748,.F.);
#2066=ORIENTED_EDGE('',*,*,#2389,.T.);
#2067=ORIENTED_EDGE('',*,*,#2749,.F.);
#2068=ORIENTED_EDGE('',*,*,#2750,.F.);
#2069=ORIENTED_EDGE('',*,*,#2751,.F.);
#2070=CARTESIAN_POINT('',(-6.57499999999999,6.6,0.37));
#2071=DIRECTION('',(1.0,0.0,1.27553196763001E-15));
#2072=DIRECTION('',(-1.27553196763001E-15,0.0,1.0));
#2073=ORIENTED_EDGE('',*,*,#2749,.T.);
#2074=ORIENTED_EDGE('',*,*,#2388,.T.);
#2075=ORIENTED_EDGE('',*,*,#2726,.F.);
#2076=ORIENTED_EDGE('',*,*,#2752,.T.);
#2077=CARTESIAN_POINT('',(-4.10000000000008,8.62999999999999,2.14));
#2078=DIRECTION('',(0.0,-0.499722453489577,-0.8661855860486));
#2079=DIRECTION('',(0.0,-0.8661855860486,0.499722453489577));
#2080=ORIENTED_EDGE('',*,*,#2727,.F.);
#2081=ORIENTED_EDGE('',*,*,#2390,.T.);
#2082=ORIENTED_EDGE('',*,*,#2748,.T.);
#2083=ORIENTED_EDGE('',*,*,#2753,.F.);
#2084=CARTESIAN_POINT('',(-4.10000000000008,7.69999999999999,2.29));
#2085=DIRECTION('',(-0.0,1.0,0.0));
#2086=DIRECTION('',(1.0,0.0,0.0));
#2087=ORIENTED_EDGE('',*,*,#2392,.F.);
#2088=ORIENTED_EDGE('',*,*,#2375,.T.);
#2089=ORIENTED_EDGE('',*,*,#2754,.T.);
#2090=ORIENTED_EDGE('',*,*,#2738,.T.);
#2091=ORIENTED_EDGE('',*,*,#2723,.F.);
#2092=ORIENTED_EDGE('',*,*,#2755,.T.);
#2093=ORIENTED_EDGE('',*,*,#2756,.T.);
#2094=ORIENTED_EDGE('',*,*,#2757,.T.);
#2095=ORIENTED_EDGE('',*,*,#2758,.T.);
#2096=ORIENTED_EDGE('',*,*,#2759,.T.);
#2097=CARTESIAN_POINT('',(-6.14499999999998,6.6,1.73));
#2098=DIRECTION('',(0.0,-1.0,0.0));
#2099=DIRECTION('',(0.0,0.0,-1.0));
#2100=ORIENTED_EDGE('',*,*,#2754,.F.);
#2101=ORIENTED_EDGE('',*,*,#2383,.T.);
#2102=ORIENTED_EDGE('',*,*,#2760,.T.);
#2103=ORIENTED_EDGE('',*,*,#2739,.F.);
#2104=CARTESIAN_POINT('',(-6.75499999999999,6.6,0.37));
#2105=DIRECTION('',(0.0,1.0,0.0));
#2106=DIRECTION('',(0.0,0.0,-1.0));
#2107=ORIENTED_EDGE('',*,*,#2382,.F.);
#2108=ORIENTED_EDGE('',*,*,#2394,.T.);
#2109=ORIENTED_EDGE('',*,*,#2761,.F.);
#2110=ORIENTED_EDGE('',*,*,#2762,.F.);
#2111=ORIENTED_EDGE('',*,*,#2763,.F.);
#2112=ORIENTED_EDGE('',*,*,#2764,.F.);
#2113=ORIENTED_EDGE('',*,*,#2765,.F.);
#2114=ORIENTED_EDGE('',*,*,#2735,.F.);
#2115=ORIENTED_EDGE('',*,*,#2766,.F.);
#2116=ORIENTED_EDGE('',*,*,#2767,.F.);
#2117=ORIENTED_EDGE('',*,*,#2768,.F.);
#2118=ORIENTED_EDGE('',*,*,#2769,.F.);
#2119=ORIENTED_EDGE('',*,*,#2770,.F.);
#2120=ORIENTED_EDGE('',*,*,#2740,.F.);
#2121=ORIENTED_EDGE('',*,*,#2760,.F.);
#2122=CARTESIAN_POINT('',(-6.14499999999998,4.0,1.73));
#2123=DIRECTION('',(0.0,-1.0,0.0));
#2124=DIRECTION('',(0.0,0.0,-1.0));
#2125=ORIENTED_EDGE('',*,*,#2771,.T.);
#2126=ORIENTED_EDGE('',*,*,#2772,.F.);
#2127=ORIENTED_EDGE('',*,*,#2773,.T.);
#2128=ORIENTED_EDGE('',*,*,#2774,.F.);
#2129=ORIENTED_EDGE('',*,*,#2775,.T.);
#2130=ORIENTED_EDGE('',*,*,#2776,.T.);
#2131=ORIENTED_EDGE('',*,*,#2767,.T.);
#2132=ORIENTED_EDGE('',*,*,#2777,.F.);
#2133=CARTESIAN_POINT('',(-5.47499999999999,6.6,1.91));
#2134=DIRECTION('',(-3.23642439547917E-16,0.0,1.0));
#2135=DIRECTION('',(1.0,-0.0,3.23642439547917E-16));
#2136=ORIENTED_EDGE('',*,*,#2778,.T.);
#2137=ORIENTED_EDGE('',*,*,#2777,.T.);
#2138=ORIENTED_EDGE('',*,*,#2766,.T.);
#2139=ORIENTED_EDGE('',*,*,#2734,.F.);
#2140=CARTESIAN_POINT('',(-6.14499999999998,6.6,1.73));
#2141=DIRECTION('',(0.0,1.0,0.0));
#2142=DIRECTION('',(0.0,0.0,-1.0));
#2143=ORIENTED_EDGE('',*,*,#2779,.T.);
#2144=ORIENTED_EDGE('',*,*,#2730,.F.);
#2145=ORIENTED_EDGE('',*,*,#2780,.F.);
#2146=ORIENTED_EDGE('',*,*,#2774,.T.);
#2147=CARTESIAN_POINT('',(-6.14499999999998,6.6,1.73));
#2148=DIRECTION('',(0.0,1.0,0.0));
#2149=DIRECTION('',(0.0,0.0,-1.0));
#2150=ORIENTED_EDGE('',*,*,#2781,.T.);
#2151=ORIENTED_EDGE('',*,*,#2741,.T.);
#2152=ORIENTED_EDGE('',*,*,#2770,.T.);
#2153=ORIENTED_EDGE('',*,*,#2782,.F.);
#2154=CARTESIAN_POINT('',(-6.14499999999998,6.6,1.73));
#2155=DIRECTION('',(0.0,1.0,0.0));
#2156=DIRECTION('',(0.0,0.0,-1.0));
#2157=ORIENTED_EDGE('',*,*,#2783,.T.);
#2158=ORIENTED_EDGE('',*,*,#2784,.F.);
#2159=ORIENTED_EDGE('',*,*,#2785,.F.);
#2160=ORIENTED_EDGE('',*,*,#2745,.T.);
#2161=CARTESIAN_POINT('',(-6.14499999999998,6.6,1.73));
#2162=DIRECTION('',(0.0,1.0,0.0));
#2163=DIRECTION('',(0.0,0.0,-1.0));
#2164=ORIENTED_EDGE('',*,*,#2786,.T.);
#2165=ORIENTED_EDGE('',*,*,#2746,.F.);
#2166=ORIENTED_EDGE('',*,*,#2785,.T.);
#2167=ORIENTED_EDGE('',*,*,#2787,.F.);
#2168=ORIENTED_EDGE('',*,*,#2788,.F.);
#2169=ORIENTED_EDGE('',*,*,#2775,.F.);
#2170=ORIENTED_EDGE('',*,*,#2780,.T.);
#2171=ORIENTED_EDGE('',*,*,#2729,.F.);
#2172=CARTESIAN_POINT('',(-6.14499999999998,7.3,1.73));
#2173=DIRECTION('',(0.0,-1.0,0.0));
#2174=DIRECTION('',(0.0,0.0,-1.0));
#2175=ORIENTED_EDGE('',*,*,#2768,.T.);
#2176=ORIENTED_EDGE('',*,*,#2776,.F.);
#2177=ORIENTED_EDGE('',*,*,#2788,.T.);
#2178=ORIENTED_EDGE('',*,*,#2789,.T.);
#2179=CARTESIAN_POINT('',(-5.47499999999999,6.6,2.16));
#2180=DIRECTION('',(-1.0,0.0,0.0));
#2181=DIRECTION('',(0.0,0.0,1.0));
#2182=ORIENTED_EDGE('',*,*,#2765,.T.);
#2183=ORIENTED_EDGE('',*,*,#2790,.F.);
#2184=ORIENTED_EDGE('',*,*,#2755,.F.);
#2185=ORIENTED_EDGE('',*,*,#2791,.F.);
#2186=ORIENTED_EDGE('',*,*,#2736,.T.);
#2187=CARTESIAN_POINT('',(-6.72499999999998,6.6,0.340000000000001));
#2188=DIRECTION('',(0.0,1.0,0.0));
#2189=DIRECTION('',(0.0,0.0,-1.0));
#2190=ORIENTED_EDGE('',*,*,#2764,.T.);
#2191=ORIENTED_EDGE('',*,*,#2792,.F.);
#2192=ORIENTED_EDGE('',*,*,#2756,.F.);
#2193=ORIENTED_EDGE('',*,*,#2790,.T.);
#2194=CARTESIAN_POINT('',(-6.72499999999998,6.6,-0.0600000000000006));
#2195=DIRECTION('',(-4.27425856460626E-16,0.0,1.0));
#2196=DIRECTION('',(1.0,-0.0,4.27425856460626E-16));
#2197=ORIENTED_EDGE('',*,*,#2763,.T.);
#2198=ORIENTED_EDGE('',*,*,#2793,.F.);
#2199=ORIENTED_EDGE('',*,*,#2757,.F.);
#2200=ORIENTED_EDGE('',*,*,#2792,.T.);
#2201=CARTESIAN_POINT('',(-7.37499999999999,6.6,-0.0600000000000008));
#2202=DIRECTION('',(1.0,0.0,3.46944695195361E-15));
#2203=DIRECTION('',(-3.46944695195361E-15,0.0,1.0));
#2204=ORIENTED_EDGE('',*,*,#2762,.T.);
#2205=ORIENTED_EDGE('',*,*,#2794,.F.);
#2206=ORIENTED_EDGE('',*,*,#2758,.F.);
#2207=ORIENTED_EDGE('',*,*,#2793,.T.);
#2208=CARTESIAN_POINT('',(-7.37499999999999,6.6,0.189999999999999));
#2209=DIRECTION('',(4.80896124892765E-16,0.0,-1.0));
#2210=DIRECTION('',(0.0,-1.0,0.0));
#2211=ORIENTED_EDGE('',*,*,#2393,.F.);
#2212=ORIENTED_EDGE('',*,*,#2759,.F.);
#2213=ORIENTED_EDGE('',*,*,#2794,.T.);
#2214=ORIENTED_EDGE('',*,*,#2761,.T.);
#2215=CARTESIAN_POINT('',(-6.75499999999999,6.6,0.37));
#2216=DIRECTION('',(0.0,1.0,0.0));
#2217=DIRECTION('',(0.0,0.0,-1.0));
#2218=ORIENTED_EDGE('',*,*,#2795,.T.);
#2219=ORIENTED_EDGE('',*,*,#2796,.T.);
#2220=ORIENTED_EDGE('',*,*,#2782,.T.);
#2221=ORIENTED_EDGE('',*,*,#2769,.T.);
#2222=ORIENTED_EDGE('',*,*,#2789,.F.);
#2223=ORIENTED_EDGE('',*,*,#2787,.T.);
#2224=ORIENTED_EDGE('',*,*,#2784,.T.);
#2225=ORIENTED_EDGE('',*,*,#2797,.F.);
#2226=CARTESIAN_POINT('',(-6.14499999999999,6.6,2.16));
#2227=DIRECTION('',(5.82556391186241E-15,0.0,-1.0));
#2228=DIRECTION('',(0.0,-1.0,0.0));
#2229=ORIENTED_EDGE('',*,*,#2737,.F.);
#2230=ORIENTED_EDGE('',*,*,#2791,.T.);
#2231=ORIENTED_EDGE('',*,*,#2722,.F.);
#2232=CARTESIAN_POINT('',(-4.10000000000009,6.6,1.69));
#2233=DIRECTION('',(-0.0,1.0,0.0));
#2234=DIRECTION('',(1.0,0.0,0.0));
#2235=ORIENTED_EDGE('',*,*,#2747,.T.);
#2236=ORIENTED_EDGE('',*,*,#2786,.F.);
#2237=ORIENTED_EDGE('',*,*,#2728,.F.);
#2238=ORIENTED_EDGE('',*,*,#2753,.T.);
#2239=CARTESIAN_POINT('',(-4.10000000000009,7.69999999999999,1.69));
#2240=DIRECTION('',(0.0,0.0,-1.0));
#2241=DIRECTION('',(0.0,-1.0,0.0));
#2242=ORIENTED_EDGE('',*,*,#2324,.F.);
#2243=ORIENTED_EDGE('',*,*,#2751,.T.);
#2244=ORIENTED_EDGE('',*,*,#2798,.F.);
#2245=ORIENTED_EDGE('',*,*,#2724,.F.);
#2246=CARTESIAN_POINT('',(-4.10000000000008,10.6,2.1));
#2247=DIRECTION('',(0.0,0.0,-1.0));
#2248=DIRECTION('',(0.0,-1.0,0.0));
#2249=ORIENTED_EDGE('',*,*,#2752,.F.);
#2250=ORIENTED_EDGE('',*,*,#2725,.F.);
#2251=ORIENTED_EDGE('',*,*,#2798,.T.);
#2252=ORIENTED_EDGE('',*,*,#2750,.T.);
#2253=CARTESIAN_POINT('',(-4.10000000000009,8.62999999999999,2.1));
#2254=DIRECTION('',(0.0,-1.0,0.0));
#2255=DIRECTION('',(0.0,0.0,-1.0));
#2256=ORIENTED_EDGE('',*,*,#2732,.F.);
#2257=ORIENTED_EDGE('',*,*,#2799,.F.);
#2258=ORIENTED_EDGE('',*,*,#2743,.F.);
#2259=ORIENTED_EDGE('',*,*,#2800,.T.);
#2260=CARTESIAN_POINT('',(-5.92499999999999,5.04999999999999,0.57));
#2261=DIRECTION('',(0.0,-9.85638338623186E-17,1.0));
#2262=DIRECTION('',(0.0,-1.0,-9.85638338623186E-17));
#2263=ORIENTED_EDGE('',*,*,#2771,.F.);
#2264=ORIENTED_EDGE('',*,*,#2778,.F.);
#2265=ORIENTED_EDGE('',*,*,#2733,.F.);
#2266=ORIENTED_EDGE('',*,*,#2800,.F.);
#2267=ORIENTED_EDGE('',*,*,#2742,.F.);
#2268=ORIENTED_EDGE('',*,*,#2781,.F.);
#2269=ORIENTED_EDGE('',*,*,#2796,.F.);
#2270=ORIENTED_EDGE('',*,*,#2801,.F.);
#2271=CARTESIAN_POINT('',(-5.92499999999999,5.04999999999999,2.16));
#2272=DIRECTION('',(-0.0,1.0,0.0));
#2273=DIRECTION('',(1.0,0.0,0.0));
#2274=ORIENTED_EDGE('',*,*,#2773,.F.);
#2275=ORIENTED_EDGE('',*,*,#2802,.F.);
#2276=ORIENTED_EDGE('',*,*,#2797,.T.);
#2277=ORIENTED_EDGE('',*,*,#2783,.F.);
#2278=ORIENTED_EDGE('',*,*,#2744,.F.);
#2279=ORIENTED_EDGE('',*,*,#2799,.T.);
#2280=ORIENTED_EDGE('',*,*,#2731,.F.);
#2281=ORIENTED_EDGE('',*,*,#2779,.F.);
#2282=CARTESIAN_POINT('',(-5.92499999999999,6.14999999999999,0.57));
#2283=DIRECTION('',(0.0,-1.0,0.0));
#2284=DIRECTION('',(0.0,0.0,-1.0));
#2285=ORIENTED_EDGE('',*,*,#2801,.T.);
#2286=ORIENTED_EDGE('',*,*,#2795,.F.);
#2287=ORIENTED_EDGE('',*,*,#2802,.T.);
#2288=ORIENTED_EDGE('',*,*,#2772,.T.);
#2289=CARTESIAN_POINT('',(-5.92500000000001,2.07378306446318E-14,3.58673171526652E-15));
#2290=DIRECTION('',(1.0,-3.15404268359419E-15,-5.45510527036732E-16));
#2291=DIRECTION('',(-3.15404268359419E-15,-1.0,0.0));
#2292=ORIENTED_EDGE('',*,*,#2510,.T.);
#2293=ORIENTED_EDGE('',*,*,#2803,.T.);
#2294=ORIENTED_EDGE('',*,*,#2804,.T.);
#2295=ORIENTED_EDGE('',*,*,#2805,.F.);
#2296=CARTESIAN_POINT('',(-4.25,6.95,2.49));
#2297=DIRECTION('',(-0.894427190999915,-0.44721359549996,0.0));
#2298=DIRECTION('',(-0.44721359549996,0.894427190999915,0.0));
#2299=ORIENTED_EDGE('',*,*,#2512,.T.);
#2300=ORIENTED_EDGE('',*,*,#2806,.T.);
#2301=ORIENTED_EDGE('',*,*,#2807,.T.);
#2302=ORIENTED_EDGE('',*,*,#2803,.F.);
#2303=CARTESIAN_POINT('',(-4.0,6.45,2.49));
#2304=DIRECTION('',(0.894427190999915,-0.44721359549996,0.0));
#2305=DIRECTION('',(0.0,0.0,-1.0));
#2306=ORIENTED_EDGE('',*,*,#2511,.T.);
#2307=ORIENTED_EDGE('',*,*,#2805,.T.);
#2308=ORIENTED_EDGE('',*,*,#2808,.T.);
#2309=ORIENTED_EDGE('',*,*,#2806,.F.);
#2310=CARTESIAN_POINT('',(-3.75,6.95,2.49));
#2311=DIRECTION('',(-0.0,1.0,0.0));
#2312=DIRECTION('',(1.0,0.0,0.0));
#2313=ORIENTED_EDGE('',*,*,#2804,.F.);
#2314=ORIENTED_EDGE('',*,*,#2807,.F.);
#2315=ORIENTED_EDGE('',*,*,#2808,.F.);
#2316=CARTESIAN_POINT('',(0.0,0.0,2.49));
#2317=DIRECTION('',(0.0,0.0,-1.0));
#2318=DIRECTION('',(0.0,-1.0,0.0));
#2319=COLOUR_RGB('',0.596063196659088,0.666666686534882,0.686259269714355);
#2320=EDGE_CURVE('',#2809,#2810,#2811,.T.);
#2321=EDGE_CURVE('',#2810,#2812,#2813,.T.);
#2322=EDGE_CURVE('',#2814,#2812,#2815,.T.);
#2323=EDGE_CURVE('',#2814,#2809,#2816,.T.);
#2324=EDGE_CURVE('',#2817,#2818,#2819,.T.);
#2325=EDGE_CURVE('',#2818,#2809,#2820,.T.);
#2326=EDGE_CURVE('',#2821,#2814,#2822,.T.);
#2327=EDGE_CURVE('',#2823,#2821,#2824,.T.);
#2328=EDGE_CURVE('',#2825,#2823,#2826,.T.);
#2329=EDGE_CURVE('',#2827,#2825,#2828,.T.);
#2330=EDGE_CURVE('',#2829,#2827,#2830,.T.);
#2331=EDGE_CURVE('',#2829,#2831,#2832,.T.);
#2332=EDGE_CURVE('',#2831,#2833,#2834,.T.);
#2333=EDGE_CURVE('',#2833,#2835,#2836,.T.);
#2334=EDGE_CURVE('',#2835,#2837,#2838,.T.);
#2335=EDGE_CURVE('',#2837,#2839,#2840,.T.);
#2336=EDGE_CURVE('',#2841,#2839,#2842,.T.);
#2337=EDGE_CURVE('',#2843,#2841,#2844,.T.);
#2338=EDGE_CURVE('',#2845,#2843,#2846,.T.);
#2339=EDGE_CURVE('',#2845,#2847,#2848,.T.);
#2340=EDGE_CURVE('',#2847,#2849,#2850,.T.);
#2341=EDGE_CURVE('',#2849,#2851,#2852,.T.);
#2342=EDGE_CURVE('',#2851,#2853,#2854,.T.);
#2343=EDGE_CURVE('',#2853,#2855,#2856,.T.);
#2344=EDGE_CURVE('',#2857,#2855,#2858,.T.);
#2345=EDGE_CURVE('',#2859,#2857,#2860,.T.);
#2346=EDGE_CURVE('',#2861,#2859,#2862,.T.);
#2347=EDGE_CURVE('',#2861,#2863,#2864,.T.);
#2348=EDGE_CURVE('',#2863,#2865,#2866,.T.);
#2349=EDGE_CURVE('',#2865,#2867,#2868,.T.);
#2350=EDGE_CURVE('',#2867,#2869,#2870,.T.);
#2351=EDGE_CURVE('',#2869,#2871,#2872,.T.);
#2352=EDGE_CURVE('',#2873,#2871,#2874,.T.);
#2353=EDGE_CURVE('',#2875,#2873,#2876,.T.);
#2354=EDGE_CURVE('',#2877,#2875,#2878,.T.);
#2355=EDGE_CURVE('',#2879,#2877,#2880,.T.);
#2356=EDGE_CURVE('',#2881,#2879,#2882,.T.);
#2357=EDGE_CURVE('',#2883,#2881,#2884,.T.);
#2358=EDGE_CURVE('',#2885,#2883,#2886,.T.);
#2359=EDGE_CURVE('',#2887,#2885,#2888,.T.);
#2360=EDGE_CURVE('',#2889,#2887,#2890,.T.);
#2361=EDGE_CURVE('',#2891,#2889,#2892,.T.);
#2362=EDGE_CURVE('',#2893,#2891,#2894,.T.);
#2363=EDGE_CURVE('',#2895,#2893,#2896,.T.);
#2364=EDGE_CURVE('',#2895,#2897,#2898,.T.);
#2365=EDGE_CURVE('',#2897,#2899,#2900,.T.);
#2366=EDGE_CURVE('',#2901,#2899,#2902,.T.);
#2367=EDGE_CURVE('',#2903,#2901,#2904,.T.);
#2368=EDGE_CURVE('',#2905,#2903,#2906,.T.);
#2369=EDGE_CURVE('',#2905,#2907,#2908,.T.);
#2370=EDGE_CURVE('',#2907,#2909,#2910,.T.);
#2371=EDGE_CURVE('',#2911,#2909,#2912,.T.);
#2372=EDGE_CURVE('',#2913,#2911,#2914,.T.);
#2373=EDGE_CURVE('',#2915,#2913,#2916,.T.);
#2374=EDGE_CURVE('',#2915,#2817,#2917,.T.);
#2375=EDGE_CURVE('',#2918,#2919,#2920,.T.);
#2376=EDGE_CURVE('',#2918,#2921,#2922,.T.);
#2377=EDGE_CURVE('',#2923,#2921,#2924,.T.);
#2378=EDGE_CURVE('',#2913,#2923,#2925,.T.);
#2379=EDGE_CURVE('',#2926,#2911,#2927,.T.);
#2380=EDGE_CURVE('',#2926,#2928,#2929,.T.);
#2381=EDGE_CURVE('',#2928,#2930,#2931,.T.);
#2382=EDGE_CURVE('',#2930,#2932,#2933,.T.);
#2383=EDGE_CURVE('',#2919,#2932,#2934,.T.);
#2384=EDGE_CURVE('',#2909,#2935,#2936,.T.);
#2385=EDGE_CURVE('',#2935,#2937,#2938,.T.);
#2386=EDGE_CURVE('',#2939,#2937,#2940,.T.);
#2387=EDGE_CURVE('',#2939,#2926,#2941,.T.);
#2388=EDGE_CURVE('',#2942,#2943,#2944,.T.);
#2389=EDGE_CURVE('',#2945,#2942,#2946,.T.);
#2390=EDGE_CURVE('',#2947,#2945,#2948,.T.);
#2391=EDGE_CURVE('',#2943,#2947,#2949,.T.);
#2392=EDGE_CURVE('',#2918,#2950,#2951,.T.);
#2393=EDGE_CURVE('',#2950,#2952,#2953,.T.);
#2394=EDGE_CURVE('',#2930,#2952,#2954,.T.);
#2395=EDGE_CURVE('',#2955,#2928,#2956,.T.);
#2396=EDGE_CURVE('',#2957,#2955,#2958,.T.);
#2397=EDGE_CURVE('',#2921,#2957,#2959,.T.);
#2398=EDGE_CURVE('',#2889,#2960,#2961,.T.);
#2399=EDGE_CURVE('',#2960,#2962,#2963,.T.);
#2400=EDGE_CURVE('',#2891,#2962,#2964,.T.);
#2401=EDGE_CURVE('',#2965,#2837,#2966,.T.);
#2402=EDGE_CURVE('',#2965,#2967,#2968,.T.);
#2403=EDGE_CURVE('',#2967,#2839,#2969,.T.);
#2404=EDGE_CURVE('',#2970,#2833,#2971,.T.);
#2405=EDGE_CURVE('',#2972,#2970,#2973,.T.);
#2406=EDGE_CURVE('',#2972,#2835,#2974,.T.);
#2407=EDGE_CURVE('',#2975,#2976,#2977,.T.);
#2408=EDGE_CURVE('',#2976,#2978,#2979,.T.);
#2409=EDGE_CURVE('',#2978,#2980,#2981,.T.);
#2410=EDGE_CURVE('',#2982,#2980,#2983,.T.);
#2411=EDGE_CURVE('',#2982,#2984,#2985,.T.);
#2412=EDGE_CURVE('',#2984,#2986,#2987,.T.);
#2413=EDGE_CURVE('',#2986,#2988,#2989,.T.);
#2414=EDGE_CURVE('',#2990,#2988,#2991,.T.);
#2415=EDGE_CURVE('',#2990,#2992,#2993,.T.);
#2416=EDGE_CURVE('',#2992,#2994,#2995,.T.);
#2417=EDGE_CURVE('',#2994,#2996,#2997,.T.);
#2418=EDGE_CURVE('',#2996,#2998,#2999,.T.);
#2419=EDGE_CURVE('',#3000,#2998,#3001,.T.);
#2420=EDGE_CURVE('',#3002,#3000,#3003,.T.);
#2421=EDGE_CURVE('',#3004,#3002,#3005,.T.);
#2422=EDGE_CURVE('',#3006,#3004,#3007,.T.);
#2423=EDGE_CURVE('',#3008,#3006,#3009,.T.);
#2424=EDGE_CURVE('',#3010,#3008,#3011,.T.);
#2425=EDGE_CURVE('',#3012,#3010,#3013,.T.);
#2426=EDGE_CURVE('',#3014,#3012,#3015,.T.);
#2427=EDGE_CURVE('',#3016,#3014,#3017,.T.);
#2428=EDGE_CURVE('',#3018,#3016,#3019,.T.);
#2429=EDGE_CURVE('',#3018,#3020,#3021,.T.);
#2430=EDGE_CURVE('',#2975,#3020,#3022,.T.);
#2431=EDGE_CURVE('',#3023,#2978,#3024,.T.);
#2432=EDGE_CURVE('',#3025,#3023,#3026,.T.);
#2433=EDGE_CURVE('',#3025,#3020,#3027,.T.);
#2434=EDGE_CURVE('',#3028,#3018,#3029,.T.);
#2435=EDGE_CURVE('',#3030,#3028,#3031,.T.);
#2436=EDGE_CURVE('',#2996,#3030,#3032,.T.);
#2437=EDGE_CURVE('',#3033,#2994,#3034,.T.);
#2438=EDGE_CURVE('',#3035,#3033,#3036,.T.);
#2439=EDGE_CURVE('',#3035,#2988,#3037,.T.);
#2440=EDGE_CURVE('',#3038,#2986,#3039,.T.);
#2441=EDGE_CURVE('',#3040,#3038,#3041,.T.);
#2442=EDGE_CURVE('',#3040,#2980,#3042,.T.);
#2443=EDGE_CURVE('',#3043,#2841,#3044,.T.);
#2444=EDGE_CURVE('',#3045,#3043,#3046,.T.);
#2445=EDGE_CURVE('',#3045,#2827,#3047,.T.);
#2446=EDGE_CURVE('',#3048,#2825,#3049,.T.);
#2447=EDGE_CURVE('',#3048,#3050,#3051,.T.);
#2448=EDGE_CURVE('',#3050,#2875,#3052,.T.);
#2449=EDGE_CURVE('',#3053,#2873,#3054,.T.);
#2450=EDGE_CURVE('',#3055,#3053,#3056,.T.);
#2451=EDGE_CURVE('',#3055,#2859,#3057,.T.);
#2452=EDGE_CURVE('',#3058,#2857,#3059,.T.);
#2453=EDGE_CURVE('',#3060,#3058,#3061,.T.);
#2454=EDGE_CURVE('',#3060,#2843,#3062,.T.);
#2455=EDGE_CURVE('',#3063,#2853,#3064,.T.);
#2456=EDGE_CURVE('',#3063,#3065,#3066,.T.);
#2457=EDGE_CURVE('',#3065,#2855,#3067,.T.);
#2458=EDGE_CURVE('',#3068,#2849,#3069,.T.);
#2459=EDGE_CURVE('',#3070,#3068,#3071,.T.);
#2460=EDGE_CURVE('',#3070,#2851,#3072,.T.);
#2461=EDGE_CURVE('',#3073,#2869,#3074,.T.);
#2462=EDGE_CURVE('',#3073,#3075,#3076,.T.);
#2463=EDGE_CURVE('',#3075,#2871,#3077,.T.);
#2464=EDGE_CURVE('',#3078,#2865,#3079,.T.);
#2465=EDGE_CURVE('',#3080,#3078,#3081,.T.);
#2466=EDGE_CURVE('',#3080,#2867,#3082,.T.);
#2467=EDGE_CURVE('',#2879,#3083,#3084,.T.);
#2468=EDGE_CURVE('',#3085,#2877,#3086,.T.);
#2469=EDGE_CURVE('',#3083,#3085,#3087,.T.);
#2470=EDGE_CURVE('',#3088,#3089,#3090,.T.);
#2471=EDGE_CURVE('',#3000,#3088,#3091,.T.);
#2472=EDGE_CURVE('',#3092,#2998,#3093,.T.);
#2473=EDGE_CURVE('',#3092,#3094,#3095,.T.);
#2474=EDGE_CURVE('',#2962,#3094,#3096,.T.);
#2475=EDGE_CURVE('',#3089,#2960,#3097,.T.);
#2476=EDGE_CURVE('',#2923,#3098,#3099,.T.);
#2477=EDGE_CURVE('',#2957,#3016,#3100,.T.);
#2478=EDGE_CURVE('',#3014,#2812,#3101,.T.);
#2479=EDGE_CURVE('',#3098,#2810,#3102,.T.);
#2480=EDGE_CURVE('',#3103,#2821,#3104,.T.);
#2481=EDGE_CURVE('',#3105,#3103,#3106,.T.);
#2482=EDGE_CURVE('',#3105,#2823,#3107,.T.);
#2483=EDGE_CURVE('',#3108,#2955,#3109,.T.);
#2484=EDGE_CURVE('',#3028,#3108,#3110,.T.);
#2485=EDGE_CURVE('',#3111,#3112,#3113,.T.);
#2486=EDGE_CURVE('',#3111,#3092,#3114,.T.);
#2487=EDGE_CURVE('',#3030,#3112,#3115,.T.);
#2488=EDGE_CURVE('',#3116,#3117,#3118,.T.);
#2489=EDGE_CURVE('',#3116,#3111,#3119,.T.);
#2490=EDGE_CURVE('',#3112,#3120,#3121,.T.);
#2491=EDGE_CURVE('',#3122,#3120,#3123,.T.);
#2492=EDGE_CURVE('',#3117,#3122,#3124,.T.);
#2493=EDGE_CURVE('',#3125,#2939,#3126,.T.);
#2494=EDGE_CURVE('',#3125,#3108,#3127,.T.);
#2495=EDGE_CURVE('',#3094,#3128,#3129,.T.);
#2496=EDGE_CURVE('',#3128,#3130,#3131,.T.);
#2497=EDGE_CURVE('',#3130,#3132,#3133,.T.);
#2498=EDGE_CURVE('',#3134,#3132,#3135,.T.);
#2499=EDGE_CURVE('',#3134,#3116,#3136,.T.);
#2500=EDGE_CURVE('',#3117,#2893,#3137,.T.);
#2501=EDGE_CURVE('',#3050,#3006,#3138,.T.);
#2502=EDGE_CURVE('',#3085,#3004,#3139,.T.);
#2503=EDGE_CURVE('',#3140,#3141,#3142,.T.);
#2504=EDGE_CURVE('',#3140,#2903,#3143,.T.);
#2505=EDGE_CURVE('',#3144,#2901,#3145,.T.);
#2506=EDGE_CURVE('',#3146,#3144,#3147,.T.);
#2507=EDGE_CURVE('',#3148,#3146,#3149,.T.);
#2508=EDGE_CURVE('',#3150,#3148,#3151,.T.);
#2509=EDGE_CURVE('',#3141,#3150,#3152,.T.);
#2510=EDGE_CURVE('',#3153,#3154,#3155,.T.);
#2511=EDGE_CURVE('',#3156,#3153,#3157,.T.);
#2512=EDGE_CURVE('',#3154,#3156,#3158,.T.);
#2513=EDGE_CURVE('',#3159,#3125,#3160,.T.);
#2514=EDGE_CURVE('',#3161,#3159,#3162,.T.);
#2515=EDGE_CURVE('',#3163,#3161,#3164,.T.);
#2516=EDGE_CURVE('',#3165,#3163,#3166,.T.);
#2517=EDGE_CURVE('',#3167,#3165,#3168,.T.);
#2518=EDGE_CURVE('',#3169,#3167,#3170,.T.);
#2519=EDGE_CURVE('',#3120,#3169,#3171,.T.);
#2520=EDGE_CURVE('',#3105,#3010,#3172,.T.);
#2521=EDGE_CURVE('',#3048,#3008,#3173,.T.);
#2522=EDGE_CURVE('',#3174,#3175,#3176,.T.);
#2523=EDGE_CURVE('',#3175,#3177,#3178,.T.);
#2524=EDGE_CURVE('',#3177,#3179,#3180,.T.);
#2525=EDGE_CURVE('',#3179,#3174,#3181,.T.);
#2526=EDGE_CURVE('',#3122,#3182,#3183,.T.);
#2527=EDGE_CURVE('',#3182,#3184,#3185,.T.);
#2528=EDGE_CURVE('',#2895,#3184,#3186,.T.);
#2529=EDGE_CURVE('',#3144,#3169,#3187,.T.);
#2530=EDGE_CURVE('',#2899,#3188,#3189,.T.);
#2531=EDGE_CURVE('',#3188,#3182,#3190,.T.);
#2532=EDGE_CURVE('',#2937,#3191,#3192,.T.);
#2533=EDGE_CURVE('',#2905,#3191,#3193,.T.);
#2534=EDGE_CURVE('',#3140,#3159,#3194,.T.);
#2535=EDGE_CURVE('',#3167,#3146,#3195,.T.);
#2536=EDGE_CURVE('',#3165,#3148,#3196,.T.);
#2537=EDGE_CURVE('',#3163,#3150,#3197,.T.);
#2538=EDGE_CURVE('',#3161,#3141,#3198,.T.);
#2539=EDGE_CURVE('',#3103,#3012,#3199,.T.);
#2540=EDGE_CURVE('',#3002,#3083,#3200,.T.);
#2541=EDGE_CURVE('',#2907,#3201,#3202,.T.);
#2542=EDGE_CURVE('',#3201,#2935,#3203,.T.);
#2543=EDGE_CURVE('',#3191,#3201,#3204,.T.);
#2544=EDGE_CURVE('',#2897,#3205,#3206,.T.);
#2545=EDGE_CURVE('',#3205,#3188,#3207,.T.);
#2546=EDGE_CURVE('',#3184,#3205,#3208,.T.);
#2547=EDGE_CURVE('',#2881,#3088,#3209,.T.);
#2548=EDGE_CURVE('',#3128,#3210,#3211,.T.);
#2549=EDGE_CURVE('',#3134,#3212,#3213,.T.);
#2550=EDGE_CURVE('',#3210,#3212,#3214,.T.);
#2551=EDGE_CURVE('',#2915,#3098,#3215,.T.);
#2552=EDGE_CURVE('',#2883,#3089,#3216,.T.);
#2553=EDGE_CURVE('',#3217,#3055,#3218,.T.);
#2554=EDGE_CURVE('',#3217,#3219,#3220,.T.);
#2555=EDGE_CURVE('',#3219,#2861,#3221,.T.);
#2556=EDGE_CURVE('',#3222,#3075,#3223,.T.);
#2557=EDGE_CURVE('',#3053,#3222,#3224,.T.);
#2558=EDGE_CURVE('',#3075,#3219,#3225,.T.);
#2559=EDGE_CURVE('',#3222,#3217,#3226,.T.);
#2560=EDGE_CURVE('',#2990,#3227,#3228,.T.);
#2561=EDGE_CURVE('',#3229,#3035,#3230,.T.);
#2562=EDGE_CURVE('',#3231,#3229,#3232,.T.);
#2563=EDGE_CURVE('',#3233,#3231,#3234,.T.);
#2564=EDGE_CURVE('',#3235,#3233,#3236,.T.);
#2565=EDGE_CURVE('',#3227,#3235,#3237,.T.);
#2566=EDGE_CURVE('',#2992,#3238,#3239,.T.);
#2567=EDGE_CURVE('',#3238,#3240,#3241,.T.);
#2568=EDGE_CURVE('',#3240,#3242,#3243,.T.);
#2569=EDGE_CURVE('',#3242,#3244,#3245,.T.);
#2570=EDGE_CURVE('',#3244,#3246,#3247,.T.);
#2571=EDGE_CURVE('',#3246,#3033,#3248,.T.);
#2572=EDGE_CURVE('',#3246,#3229,#3249,.T.);
#2573=EDGE_CURVE('',#3244,#3231,#3250,.T.);
#2574=EDGE_CURVE('',#3242,#3233,#3251,.T.);
#2575=EDGE_CURVE('',#3240,#3235,#3252,.T.);
#2576=EDGE_CURVE('',#3238,#3227,#3253,.T.);
#2577=EDGE_CURVE('',#3078,#3254,#3255,.T.);
#2578=EDGE_CURVE('',#3219,#3254,#3256,.T.);
#2579=EDGE_CURVE('',#3073,#3080,#3257,.T.);
#2580=EDGE_CURVE('',#3254,#2863,#3258,.T.);
#2581=EDGE_CURVE('',#3259,#3060,#3260,.T.);
#2582=EDGE_CURVE('',#3259,#3261,#3262,.T.);
#2583=EDGE_CURVE('',#3261,#2845,#3263,.T.);
#2584=EDGE_CURVE('',#3264,#3065,#3265,.T.);
#2585=EDGE_CURVE('',#3058,#3264,#3266,.T.);
#2586=EDGE_CURVE('',#3065,#3261,#3267,.T.);
#2587=EDGE_CURVE('',#3264,#3259,#3268,.T.);
#2588=EDGE_CURVE('',#2982,#3269,#3270,.T.);
#2589=EDGE_CURVE('',#3271,#3040,#3272,.T.);
#2590=EDGE_CURVE('',#3273,#3271,#3274,.T.);
#2591=EDGE_CURVE('',#3275,#3273,#3276,.T.);
#2592=EDGE_CURVE('',#3277,#3275,#3278,.T.);
#2593=EDGE_CURVE('',#3269,#3277,#3279,.T.);
#2594=EDGE_CURVE('',#2984,#3280,#3281,.T.);
#2595=EDGE_CURVE('',#3280,#3282,#3283,.T.);
#2596=EDGE_CURVE('',#3282,#3284,#3285,.T.);
#2597=EDGE_CURVE('',#3284,#3286,#3287,.T.);
#2598=EDGE_CURVE('',#3286,#3288,#3289,.T.);
#2599=EDGE_CURVE('',#3288,#3038,#3290,.T.);
#2600=EDGE_CURVE('',#3288,#3271,#3291,.T.);
#2601=EDGE_CURVE('',#3286,#3273,#3292,.T.);
#2602=EDGE_CURVE('',#3284,#3275,#3293,.T.);
#2603=EDGE_CURVE('',#3282,#3277,#3294,.T.);
#2604=EDGE_CURVE('',#3280,#3269,#3295,.T.);
#2605=EDGE_CURVE('',#3068,#3296,#3297,.T.);
#2606=EDGE_CURVE('',#3261,#3296,#3298,.T.);
#2607=EDGE_CURVE('',#3063,#3070,#3299,.T.);
#2608=EDGE_CURVE('',#3296,#2847,#3300,.T.);
#2609=EDGE_CURVE('',#3301,#3045,#3302,.T.);
#2610=EDGE_CURVE('',#3301,#3303,#3304,.T.);
#2611=EDGE_CURVE('',#3303,#2829,#3305,.T.);
#2612=EDGE_CURVE('',#3306,#2967,#3307,.T.);
#2613=EDGE_CURVE('',#3043,#3306,#3308,.T.);
#2614=EDGE_CURVE('',#2967,#3303,#3309,.T.);
#2615=EDGE_CURVE('',#3306,#3301,#3310,.T.);
#2616=EDGE_CURVE('',#2975,#3311,#3312,.T.);
#2617=EDGE_CURVE('',#3313,#3025,#3314,.T.);
#2618=EDGE_CURVE('',#3315,#3313,#3316,.T.);
#2619=EDGE_CURVE('',#3317,#3315,#3318,.T.);
#2620=EDGE_CURVE('',#3319,#3317,#3320,.T.);
#2621=EDGE_CURVE('',#3311,#3319,#3321,.T.);
#2622=EDGE_CURVE('',#2976,#3322,#3323,.T.);
#2623=EDGE_CURVE('',#3322,#3324,#3325,.T.);
#2624=EDGE_CURVE('',#3324,#3326,#3327,.T.);
#2625=EDGE_CURVE('',#3326,#3328,#3329,.T.);
#2626=EDGE_CURVE('',#3328,#3330,#3331,.T.);
#2627=EDGE_CURVE('',#3330,#3023,#3332,.T.);
#2628=EDGE_CURVE('',#3330,#3313,#3333,.T.);
#2629=EDGE_CURVE('',#3328,#3315,#3334,.T.);
#2630=EDGE_CURVE('',#3326,#3317,#3335,.T.);
#2631=EDGE_CURVE('',#3324,#3319,#3336,.T.);
#2632=EDGE_CURVE('',#3322,#3311,#3337,.T.);
#2633=EDGE_CURVE('',#2970,#3338,#3339,.T.);
#2634=EDGE_CURVE('',#3303,#3338,#3340,.T.);
#2635=EDGE_CURVE('',#2965,#2972,#3341,.T.);
#2636=EDGE_CURVE('',#3338,#2831,#3342,.T.);
#2637=EDGE_CURVE('',#2885,#3343,#3344,.T.);
#2638=EDGE_CURVE('',#3345,#3089,#3346,.T.);
#2639=EDGE_CURVE('',#3347,#3345,#3348,.T.);
#2640=EDGE_CURVE('',#3347,#3349,#3350,.T.);
#2641=EDGE_CURVE('',#3351,#3349,#3352,.T.);
#2642=EDGE_CURVE('',#3353,#3351,#3354,.T.);
#2643=EDGE_CURVE('',#3355,#3353,#3356,.T.);
#2644=EDGE_CURVE('',#3357,#3355,#3358,.T.);
#2645=EDGE_CURVE('',#3359,#3357,#3360,.T.);
#2646=EDGE_CURVE('',#3361,#3359,#3362,.T.);
#2647=EDGE_CURVE('',#3363,#3361,#3364,.T.);
#2648=EDGE_CURVE('',#3365,#3363,#3366,.T.);
#2649=EDGE_CURVE('',#3179,#3365,#3367,.T.);
#2650=EDGE_CURVE('',#3368,#3177,#3369,.T.);
#2651=EDGE_CURVE('',#3343,#3368,#3370,.T.);
#2652=EDGE_CURVE('',#2887,#3371,#3372,.T.);
#2653=EDGE_CURVE('',#3371,#3373,#3374,.T.);
#2654=EDGE_CURVE('',#3373,#3175,#3375,.T.);
#2655=EDGE_CURVE('',#3174,#3376,#3377,.T.);
#2656=EDGE_CURVE('',#3376,#3378,#3379,.T.);
#2657=EDGE_CURVE('',#3380,#3378,#3381,.T.);
#2658=EDGE_CURVE('',#3380,#3382,#3383,.T.);
#2659=EDGE_CURVE('',#3384,#3382,#3385,.T.);
#2660=EDGE_CURVE('',#3386,#3384,#3387,.T.);
#2661=EDGE_CURVE('',#3388,#3386,#3389,.T.);
#2662=EDGE_CURVE('',#3388,#3390,#3391,.T.);
#2663=EDGE_CURVE('',#3392,#3390,#3393,.T.);
#2664=EDGE_CURVE('',#3394,#3392,#3395,.T.);
#2665=EDGE_CURVE('',#3394,#3396,#3397,.T.);
#2666=EDGE_CURVE('',#3396,#2960,#3398,.T.);
#2667=EDGE_CURVE('',#3368,#3373,#3399,.T.);
#2668=EDGE_CURVE('',#3365,#3376,#3400,.T.);
#2669=EDGE_CURVE('',#3401,#3210,#3402,.T.);
#2670=EDGE_CURVE('',#3403,#3401,#3404,.T.);
#2671=EDGE_CURVE('',#3405,#3403,#3406,.T.);
#2672=EDGE_CURVE('',#3407,#3405,#3408,.T.);
#2673=EDGE_CURVE('',#3409,#3407,#3410,.T.);
#2674=EDGE_CURVE('',#3409,#3396,#3411,.T.);
#2675=EDGE_CURVE('',#3130,#3394,#3412,.T.);
#2676=EDGE_CURVE('',#3132,#3392,#3413,.T.);
#2677=EDGE_CURVE('',#3390,#3414,#3415,.T.);
#2678=EDGE_CURVE('',#3414,#3416,#3417,.T.);
#2679=EDGE_CURVE('',#3416,#3418,#3419,.T.);
#2680=EDGE_CURVE('',#3418,#3420,#3421,.T.);
#2681=EDGE_CURVE('',#3420,#3351,#3422,.T.);
#2682=EDGE_CURVE('',#3349,#3423,#3424,.T.);
#2683=EDGE_CURVE('',#3423,#3425,#3426,.T.);
#2684=EDGE_CURVE('',#3425,#3427,#3428,.T.);
#2685=EDGE_CURVE('',#3427,#3429,#3430,.T.);
#2686=EDGE_CURVE('',#3429,#3212,#3431,.T.);
#2687=EDGE_CURVE('',#3353,#3432,#3433,.T.);
#2688=EDGE_CURVE('',#3432,#3420,#3434,.T.);
#2689=EDGE_CURVE('',#3435,#3388,#3436,.T.);
#2690=EDGE_CURVE('',#3435,#3414,#3437,.T.);
#2691=EDGE_CURVE('',#3438,#3439,#3440,.T.);
#2692=EDGE_CURVE('',#3438,#3441,#3442,.T.);
#2693=EDGE_CURVE('',#3443,#3441,#3444,.T.);
#2694=EDGE_CURVE('',#3445,#3443,#3446,.T.);
#2695=EDGE_CURVE('',#3445,#3416,#3447,.T.);
#2696=EDGE_CURVE('',#3439,#3435,#3448,.T.);
#2697=EDGE_CURVE('',#3449,#3445,#3450,.T.);
#2698=EDGE_CURVE('',#3449,#3418,#3451,.T.);
#2699=EDGE_CURVE('',#3432,#3452,#3453,.T.);
#2700=EDGE_CURVE('',#3454,#3449,#3455,.T.);
#2701=EDGE_CURVE('',#3454,#3456,#3457,.T.);
#2702=EDGE_CURVE('',#3458,#3456,#3459,.T.);
#2703=EDGE_CURVE('',#3458,#3452,#3460,.T.);
#2704=EDGE_CURVE('',#3456,#3359,#3461,.T.);
#2705=EDGE_CURVE('',#3454,#3361,#3462,.T.);
#2706=EDGE_CURVE('',#3347,#3409,#3463,.T.);
#2707=EDGE_CURVE('',#3407,#3423,#3464,.T.);
#2708=EDGE_CURVE('',#3405,#3425,#3465,.T.);
#2709=EDGE_CURVE('',#3403,#3427,#3466,.T.);
#2710=EDGE_CURVE('',#3401,#3429,#3467,.T.);
#2711=EDGE_CURVE('',#3382,#3441,#3468,.T.);
#2712=EDGE_CURVE('',#3380,#3443,#3469,.T.);
#2713=EDGE_CURVE('',#3363,#3378,#3470,.T.);
#2714=EDGE_CURVE('',#3345,#3409,#3471,.T.);
#2715=EDGE_CURVE('',#3343,#3371,#3472,.T.);
#2716=EDGE_CURVE('',#3452,#3439,#3473,.T.);
#2717=EDGE_CURVE('',#3386,#3355,#3474,.T.);
#2718=EDGE_CURVE('',#3384,#3357,#3475,.T.);
#2719=EDGE_CURVE('',#3438,#3458,#3476,.T.);
#2720=EDGE_CURVE('',#3477,#3098,#3478,.T.);
#2721=EDGE_CURVE('',#3479,#2810,#3480,.T.);
#2722=EDGE_CURVE('',#3479,#3481,#3482,.T.);
#2723=EDGE_CURVE('',#3481,#3477,#3483,.T.);
#2724=EDGE_CURVE('',#2818,#3484,#3485,.T.);
#2725=EDGE_CURVE('',#3484,#3486,#3487,.T.);
#2726=EDGE_CURVE('',#3486,#2943,#3488,.T.);
#2727=EDGE_CURVE('',#2947,#3489,#3490,.T.);
#2728=EDGE_CURVE('',#3489,#3491,#3492,.T.);
#2729=EDGE_CURVE('',#3491,#3493,#3494,.T.);
#2730=EDGE_CURVE('',#3493,#3495,#3496,.T.);
#2731=EDGE_CURVE('',#3495,#3497,#3498,.T.);
#2732=EDGE_CURVE('',#3497,#3499,#3500,.T.);
#2733=EDGE_CURVE('',#3499,#3501,#3502,.T.);
#2734=EDGE_CURVE('',#3501,#3503,#3504,.T.);
#2735=EDGE_CURVE('',#3503,#3505,#3506,.T.);
#2736=EDGE_CURVE('',#3507,#3505,#3508,.T.);
#2737=EDGE_CURVE('',#3507,#3479,#3509,.T.);
#2738=EDGE_CURVE('',#3510,#3477,#3511,.T.);
#2739=EDGE_CURVE('',#3510,#3512,#3513,.T.);
#2740=EDGE_CURVE('',#3512,#3514,#3515,.T.);
#2741=EDGE_CURVE('',#3516,#3514,#3517,.T.);
#2742=EDGE_CURVE('',#3516,#3518,#3519,.T.);
#2743=EDGE_CURVE('',#3518,#3520,#3521,.T.);
#2744=EDGE_CURVE('',#3520,#3522,#3523,.T.);
#2745=EDGE_CURVE('',#3524,#3522,#3525,.T.);
#2746=EDGE_CURVE('',#3524,#3526,#3527,.T.);
#2747=EDGE_CURVE('',#3528,#3526,#3529,.T.);
#2748=EDGE_CURVE('',#2945,#3528,#3530,.T.);
#2749=EDGE_CURVE('',#3531,#2942,#3532,.T.);
#2750=EDGE_CURVE('',#3533,#3531,#3534,.T.);
#2751=EDGE_CURVE('',#2817,#3533,#3535,.T.);
#2752=EDGE_CURVE('',#3486,#3531,#3536,.T.);
#2753=EDGE_CURVE('',#3489,#3528,#3537,.T.);
#2754=EDGE_CURVE('',#2919,#3510,#3538,.T.);
#2755=EDGE_CURVE('',#3481,#3539,#3540,.T.);
#2756=EDGE_CURVE('',#3539,#3541,#3542,.T.);
#2757=EDGE_CURVE('',#3541,#3543,#3544,.T.);
#2758=EDGE_CURVE('',#3543,#3545,#3546,.T.);
#2759=EDGE_CURVE('',#3545,#2950,#3547,.T.);
#2760=EDGE_CURVE('',#2932,#3512,#3548,.T.);
#2761=EDGE_CURVE('',#3549,#2952,#3550,.T.);
#2762=EDGE_CURVE('',#3551,#3549,#3552,.T.);
#2763=EDGE_CURVE('',#3553,#3551,#3554,.T.);
#2764=EDGE_CURVE('',#3555,#3553,#3556,.T.);
#2765=EDGE_CURVE('',#3505,#3555,#3557,.T.);
#2766=EDGE_CURVE('',#3558,#3503,#3559,.T.);
#2767=EDGE_CURVE('',#3560,#3558,#3561,.T.);
#2768=EDGE_CURVE('',#3562,#3560,#3563,.T.);
#2769=EDGE_CURVE('',#3564,#3562,#3565,.T.);
#2770=EDGE_CURVE('',#3514,#3564,#3566,.T.);
#2771=EDGE_CURVE('',#3567,#3568,#3569,.T.);
#2772=EDGE_CURVE('',#3570,#3568,#3571,.T.);
#2773=EDGE_CURVE('',#3570,#3572,#3573,.T.);
#2774=EDGE_CURVE('',#3574,#3572,#3575,.T.);
#2775=EDGE_CURVE('',#3574,#3576,#3577,.T.);
#2776=EDGE_CURVE('',#3576,#3560,#3578,.T.);
#2777=EDGE_CURVE('',#3567,#3558,#3579,.T.);
#2778=EDGE_CURVE('',#3501,#3567,#3580,.T.);
#2779=EDGE_CURVE('',#3572,#3495,#3581,.T.);
#2780=EDGE_CURVE('',#3574,#3493,#3582,.T.);
#2781=EDGE_CURVE('',#3583,#3516,#3584,.T.);
#2782=EDGE_CURVE('',#3583,#3564,#3585,.T.);
#2783=EDGE_CURVE('',#3522,#3586,#3587,.T.);
#2784=EDGE_CURVE('',#3588,#3586,#3589,.T.);
#2785=EDGE_CURVE('',#3524,#3588,#3590,.T.);
#2786=EDGE_CURVE('',#3491,#3526,#3591,.T.);
#2787=EDGE_CURVE('',#3592,#3588,#3593,.T.);
#2788=EDGE_CURVE('',#3576,#3592,#3594,.T.);
#2789=EDGE_CURVE('',#3592,#3562,#3595,.T.);
#2790=EDGE_CURVE('',#3539,#3555,#3596,.T.);
#2791=EDGE_CURVE('',#3507,#3481,#3597,.T.);
#2792=EDGE_CURVE('',#3541,#3553,#3598,.T.);
#2793=EDGE_CURVE('',#3543,#3551,#3599,.T.);
#2794=EDGE_CURVE('',#3545,#3549,#3600,.T.);
#2795=EDGE_CURVE('',#3601,#3602,#3603,.T.);
#2796=EDGE_CURVE('',#3602,#3583,#3604,.T.);
#2797=EDGE_CURVE('',#3601,#3586,#3605,.T.);
#2798=EDGE_CURVE('',#3484,#3533,#3606,.T.);
#2799=EDGE_CURVE('',#3520,#3497,#3607,.T.);
#2800=EDGE_CURVE('',#3518,#3499,#3608,.T.);
#2801=EDGE_CURVE('',#3568,#3602,#3609,.T.);
#2802=EDGE_CURVE('',#3601,#3570,#3610,.T.);
#2803=EDGE_CURVE('',#3154,#3611,#3612,.T.);
#2804=EDGE_CURVE('',#3611,#3613,#3614,.T.);
#2805=EDGE_CURVE('',#3153,#3613,#3615,.T.);
#2806=EDGE_CURVE('',#3156,#3616,#3617,.T.);
#2807=EDGE_CURVE('',#3616,#3611,#3618,.T.);
#2808=EDGE_CURVE('',#3613,#3616,#3619,.T.);
#2809=VERTEX_POINT('',#3620);
#2810=VERTEX_POINT('',#3621);
#2811=LINE('',#3622,#3623);
#2812=VERTEX_POINT('',#3624);
#2813=LINE('',#3625,#3626);
#2814=VERTEX_POINT('',#3627);
#2815=LINE('',#3628,#3629);
#2816=LINE('',#3630,#3631);
#2817=VERTEX_POINT('',#3632);
#2818=VERTEX_POINT('',#3633);
#2819=LINE('',#3634,#3635);
#2820=LINE('',#3636,#3637);
#2821=VERTEX_POINT('',#3638);
#2822=LINE('',#3639,#3640);
#2823=VERTEX_POINT('',#3641);
#2824=LINE('',#3642,#3643);
#2825=VERTEX_POINT('',#3644);
#2826=LINE('',#3645,#3646);
#2827=VERTEX_POINT('',#3647);
#2828=LINE('',#3648,#3649);
#2829=VERTEX_POINT('',#3650);
#2830=LINE('',#3651,#3652);
#2831=VERTEX_POINT('',#3653);
#2832=LINE('',#3654,#3655);
#2833=VERTEX_POINT('',#3656);
#2834=LINE('',#3657,#3658);
#2835=VERTEX_POINT('',#3659);
#2836=LINE('',#3660,#3661);
#2837=VERTEX_POINT('',#3662);
#2838=LINE('',#3663,#3664);
#2839=VERTEX_POINT('',#3665);
#2840=LINE('',#3666,#3667);
#2841=VERTEX_POINT('',#3668);
#2842=LINE('',#3669,#3670);
#2843=VERTEX_POINT('',#3671);
#2844=LINE('',#3672,#3673);
#2845=VERTEX_POINT('',#3674);
#2846=LINE('',#3675,#3676);
#2847=VERTEX_POINT('',#3677);
#2848=LINE('',#3678,#3679);
#2849=VERTEX_POINT('',#3680);
#2850=LINE('',#3681,#3682);
#2851=VERTEX_POINT('',#3683);
#2852=LINE('',#3684,#3685);
#2853=VERTEX_POINT('',#3686);
#2854=LINE('',#3687,#3688);
#2855=VERTEX_POINT('',#3689);
#2856=LINE('',#3690,#3691);
#2857=VERTEX_POINT('',#3692);
#2858=LINE('',#3693,#3694);
#2859=VERTEX_POINT('',#3695);
#2860=LINE('',#3696,#3697);
#2861=VERTEX_POINT('',#3698);
#2862=LINE('',#3699,#3700);
#2863=VERTEX_POINT('',#3701);
#2864=LINE('',#3702,#3703);
#2865=VERTEX_POINT('',#3704);
#2866=LINE('',#3705,#3706);
#2867=VERTEX_POINT('',#3707);
#2868=LINE('',#3708,#3709);
#2869=VERTEX_POINT('',#3710);
#2870=LINE('',#3711,#3712);
#2871=VERTEX_POINT('',#3713);
#2872=LINE('',#3714,#3715);
#2873=VERTEX_POINT('',#3716);
#2874=LINE('',#3717,#3718);
#2875=VERTEX_POINT('',#3719);
#2876=LINE('',#3720,#3721);
#2877=VERTEX_POINT('',#3722);
#2878=LINE('',#3723,#3724);
#2879=VERTEX_POINT('',#3725);
#2880=LINE('',#3726,#3727);
#2881=VERTEX_POINT('',#3728);
#2882=LINE('',#3729,#3730);
#2883=VERTEX_POINT('',#3731);
#2884=LINE('',#3732,#3733);
#2885=VERTEX_POINT('',#3734);
#2886=LINE('',#3735,#3736);
#2887=VERTEX_POINT('',#3737);
#2888=LINE('',#3738,#3739);
#2889=VERTEX_POINT('',#3740);
#2890=LINE('',#3741,#3742);
#2891=VERTEX_POINT('',#3743);
#2892=LINE('',#3744,#3745);
#2893=VERTEX_POINT('',#3746);
#2894=LINE('',#3747,#3748);
#2895=VERTEX_POINT('',#3749);
#2896=LINE('',#3750,#3751);
#2897=VERTEX_POINT('',#3752);
#2898=LINE('',#3753,#3754);
#2899=VERTEX_POINT('',#3755);
#2900=LINE('',#3756,#3757);
#2901=VERTEX_POINT('',#3758);
#2902=LINE('',#3759,#3760);
#2903=VERTEX_POINT('',#3761);
#2904=LINE('',#3762,#3763);
#2905=VERTEX_POINT('',#3764);
#2906=LINE('',#3765,#3766);
#2907=VERTEX_POINT('',#3767);
#2908=LINE('',#3768,#3769);
#2909=VERTEX_POINT('',#3770);
#2910=LINE('',#3771,#3772);
#2911=VERTEX_POINT('',#3773);
#2912=LINE('',#3774,#3775);
#2913=VERTEX_POINT('',#3776);
#2914=LINE('',#3777,#3778);
#2915=VERTEX_POINT('',#3779);
#2916=LINE('',#3780,#3781);
#2917=LINE('',#3782,#3783);
#2918=VERTEX_POINT('',#3784);
#2919=VERTEX_POINT('',#3785);
#2920=LINE('',#3786,#3787);
#2921=VERTEX_POINT('',#3788);
#2922=LINE('',#3789,#3790);
#2923=VERTEX_POINT('',#3791);
#2924=LINE('',#3792,#3793);
#2925=LINE('',#3794,#3795);
#2926=VERTEX_POINT('',#3796);
#2927=LINE('',#3797,#3798);
#2928=VERTEX_POINT('',#3799);
#2929=LINE('',#3800,#3801);
#2930=VERTEX_POINT('',#3802);
#2931=LINE('',#3803,#3804);
#2932=VERTEX_POINT('',#3805);
#2933=LINE('',#3806,#3807);
#2934=LINE('',#3808,#3809);
#2935=VERTEX_POINT('',#3810);
#2936=LINE('',#3811,#3812);
#2937=VERTEX_POINT('',#3813);
#2938=LINE('',#3814,#3815);
#2939=VERTEX_POINT('',#3816);
#2940=LINE('',#3817,#3818);
#2941=LINE('',#3819,#3820);
#2942=VERTEX_POINT('',#3821);
#2943=VERTEX_POINT('',#3822);
#2944=LINE('',#3823,#3824);
#2945=VERTEX_POINT('',#3825);
#2946=LINE('',#3826,#3827);
#2947=VERTEX_POINT('',#3828);
#2948=LINE('',#3829,#3830);
#2949=LINE('',#3831,#3832);
#2950=VERTEX_POINT('',#3833);
#2951=LINE('',#3834,#3835);
#2952=VERTEX_POINT('',#3836);
#2953=LINE('',#3837,#3838);
#2954=LINE('',#3839,#3840);
#2955=VERTEX_POINT('',#3841);
#2956=LINE('',#3842,#3843);
#2957=VERTEX_POINT('',#3844);
#2958=LINE('',#3845,#3846);
#2959=LINE('',#3847,#3848);
#2960=VERTEX_POINT('',#3849);
#2961=LINE('',#3850,#3851);
#2962=VERTEX_POINT('',#3852);
#2963=LINE('',#3853,#3854);
#2964=LINE('',#3855,#3856);
#2965=VERTEX_POINT('',#3857);
#2966=LINE('',#3858,#3859);
#2967=VERTEX_POINT('',#3860);
#2968=LINE('',#3861,#3862);
#2969=LINE('',#3863,#3864);
#2970=VERTEX_POINT('',#3865);
#2971=LINE('',#3866,#3867);
#2972=VERTEX_POINT('',#3868);
#2973=LINE('',#3869,#3870);
#2974=LINE('',#3871,#3872);
#2975=VERTEX_POINT('',#3873);
#2976=VERTEX_POINT('',#3874);
#2977=LINE('',#3875,#3876);
#2978=VERTEX_POINT('',#3877);
#2979=LINE('',#3878,#3879);
#2980=VERTEX_POINT('',#3880);
#2981=LINE('',#3881,#3882);
#2982=VERTEX_POINT('',#3883);
#2983=LINE('',#3884,#3885);
#2984=VERTEX_POINT('',#3886);
#2985=LINE('',#3887,#3888);
#2986=VERTEX_POINT('',#3889);
#2987=LINE('',#3890,#3891);
#2988=VERTEX_POINT('',#3892);
#2989=LINE('',#3893,#3894);
#2990=VERTEX_POINT('',#3895);
#2991=LINE('',#3896,#3897);
#2992=VERTEX_POINT('',#3898);
#2993=LINE('',#3899,#3900);
#2994=VERTEX_POINT('',#3901);
#2995=LINE('',#3902,#3903);
#2996=VERTEX_POINT('',#3904);
#2997=LINE('',#3905,#3906);
#2998=VERTEX_POINT('',#3907);
#2999=LINE('',#3908,#3909);
#3000=VERTEX_POINT('',#3910);
#3001=LINE('',#3911,#3912);
#3002=VERTEX_POINT('',#3913);
#3003=LINE('',#3914,#3915);
#3004=VERTEX_POINT('',#3916);
#3005=LINE('',#3917,#3918);
#3006=VERTEX_POINT('',#3919);
#3007=LINE('',#3920,#3921);
#3008=VERTEX_POINT('',#3922);
#3009=LINE('',#3923,#3924);
#3010=VERTEX_POINT('',#3925);
#3011=LINE('',#3926,#3927);
#3012=VERTEX_POINT('',#3928);
#3013=LINE('',#3929,#3930);
#3014=VERTEX_POINT('',#3931);
#3015=LINE('',#3932,#3933);
#3016=VERTEX_POINT('',#3934);
#3017=LINE('',#3935,#3936);
#3018=VERTEX_POINT('',#3937);
#3019=LINE('',#3938,#3939);
#3020=VERTEX_POINT('',#3940);
#3021=LINE('',#3941,#3942);
#3022=LINE('',#3943,#3944);
#3023=VERTEX_POINT('',#3945);
#3024=LINE('',#3946,#3947);
#3025=VERTEX_POINT('',#3948);
#3026=LINE('',#3949,#3950);
#3027=LINE('',#3951,#3952);
#3028=VERTEX_POINT('',#3953);
#3029=LINE('',#3954,#3955);
#3030=VERTEX_POINT('',#3956);
#3031=LINE('',#3957,#3958);
#3032=LINE('',#3959,#3960);
#3033=VERTEX_POINT('',#3961);
#3034=LINE('',#3962,#3963);
#3035=VERTEX_POINT('',#3964);
#3036=LINE('',#3965,#3966);
#3037=LINE('',#3967,#3968);
#3038=VERTEX_POINT('',#3969);
#3039=LINE('',#3970,#3971);
#3040=VERTEX_POINT('',#3972);
#3041=LINE('',#3973,#3974);
#3042=LINE('',#3975,#3976);
#3043=VERTEX_POINT('',#3977);
#3044=LINE('',#3978,#3979);
#3045=VERTEX_POINT('',#3980);
#3046=LINE('',#3981,#3982);
#3047=LINE('',#3983,#3984);
#3048=VERTEX_POINT('',#3985);
#3049=LINE('',#3986,#3987);
#3050=VERTEX_POINT('',#3988);
#3051=LINE('',#3989,#3990);
#3052=LINE('',#3991,#3992);
#3053=VERTEX_POINT('',#3993);
#3054=LINE('',#3994,#3995);
#3055=VERTEX_POINT('',#3996);
#3056=LINE('',#3997,#3998);
#3057=LINE('',#3999,#4000);
#3058=VERTEX_POINT('',#4001);
#3059=LINE('',#4002,#4003);
#3060=VERTEX_POINT('',#4004);
#3061=LINE('',#4005,#4006);
#3062=LINE('',#4007,#4008);
#3063=VERTEX_POINT('',#4009);
#3064=LINE('',#4010,#4011);
#3065=VERTEX_POINT('',#4012);
#3066=LINE('',#4013,#4014);
#3067=LINE('',#4015,#4016);
#3068=VERTEX_POINT('',#4017);
#3069=LINE('',#4018,#4019);
#3070=VERTEX_POINT('',#4020);
#3071=LINE('',#4021,#4022);
#3072=LINE('',#4023,#4024);
#3073=VERTEX_POINT('',#4025);
#3074=LINE('',#4026,#4027);
#3075=VERTEX_POINT('',#4028);
#3076=LINE('',#4029,#4030);
#3077=LINE('',#4031,#4032);
#3078=VERTEX_POINT('',#4033);
#3079=LINE('',#4034,#4035);
#3080=VERTEX_POINT('',#4036);
#3081=LINE('',#4037,#4038);
#3082=LINE('',#4039,#4040);
#3083=VERTEX_POINT('',#4041);
#3084=LINE('',#4042,#4043);
#3085=VERTEX_POINT('',#4044);
#3086=LINE('',#4045,#4046);
#3087=LINE('',#4047,#4048);
#3088=VERTEX_POINT('',#4049);
#3089=VERTEX_POINT('',#4050);
#3090=LINE('',#4051,#4052);
#3091=LINE('',#4053,#4054);
#3092=VERTEX_POINT('',#4055);
#3093=LINE('',#4056,#4057);
#3094=VERTEX_POINT('',#4058);
#3095=LINE('',#4059,#4060);
#3096=LINE('',#4061,#4062);
#3097=LINE('',#4063,#4064);
#3098=VERTEX_POINT('',#4065);
#3099=LINE('',#4066,#4067);
#3100=LINE('',#4068,#4069);
#3101=LINE('',#4070,#4071);
#3102=LINE('',#4072,#4073);
#3103=VERTEX_POINT('',#4074);
#3104=LINE('',#4075,#4076);
#3105=VERTEX_POINT('',#4077);
#3106=LINE('',#4078,#4079);
#3107=LINE('',#4080,#4081);
#3108=VERTEX_POINT('',#4082);
#3109=LINE('',#4083,#4084);
#3110=LINE('',#4085,#4086);
#3111=VERTEX_POINT('',#4087);
#3112=VERTEX_POINT('',#4088);
#3113=LINE('',#4089,#4090);
#3114=LINE('',#4091,#4092);
#3115=LINE('',#4093,#4094);
#3116=VERTEX_POINT('',#4095);
#3117=VERTEX_POINT('',#4096);
#3118=LINE('',#4097,#4098);
#3119=LINE('',#4099,#4100);
#3120=VERTEX_POINT('',#4101);
#3121=LINE('',#4102,#4103);
#3122=VERTEX_POINT('',#4104);
#3123=LINE('',#4105,#4106);
#3124=LINE('',#4107,#4108);
#3125=VERTEX_POINT('',#4109);
#3126=LINE('',#4110,#4111);
#3127=LINE('',#4112,#4113);
#3128=VERTEX_POINT('',#4114);
#3129=LINE('',#4115,#4116);
#3130=VERTEX_POINT('',#4117);
#3131=LINE('',#4118,#4119);
#3132=VERTEX_POINT('',#4120);
#3133=LINE('',#4121,#4122);
#3134=VERTEX_POINT('',#4123);
#3135=LINE('',#4124,#4125);
#3136=LINE('',#4126,#4127);
#3137=LINE('',#4128,#4129);
#3138=LINE('',#4130,#4131);
#3139=LINE('',#4132,#4133);
#3140=VERTEX_POINT('',#4134);
#3141=VERTEX_POINT('',#4135);
#3142=LINE('',#4136,#4137);
#3143=LINE('',#4138,#4139);
#3144=VERTEX_POINT('',#4140);
#3145=LINE('',#4141,#4142);
#3146=VERTEX_POINT('',#4143);
#3147=LINE('',#4144,#4145);
#3148=VERTEX_POINT('',#4146);
#3149=LINE('',#4147,#4148);
#3150=VERTEX_POINT('',#4149);
#3151=LINE('',#4150,#4151);
#3152=LINE('',#4152,#4153);
#3153=VERTEX_POINT('',#4154);
#3154=VERTEX_POINT('',#4155);
#3155=LINE('',#4156,#4157);
#3156=VERTEX_POINT('',#4158);
#3157=LINE('',#4159,#4160);
#3158=LINE('',#4161,#4162);
#3159=VERTEX_POINT('',#4163);
#3160=LINE('',#4164,#4165);
#3161=VERTEX_POINT('',#4166);
#3162=LINE('',#4167,#4168);
#3163=VERTEX_POINT('',#4169);
#3164=LINE('',#4170,#4171);
#3165=VERTEX_POINT('',#4172);
#3166=LINE('',#4173,#4174);
#3167=VERTEX_POINT('',#4175);
#3168=LINE('',#4176,#4177);
#3169=VERTEX_POINT('',#4178);
#3170=LINE('',#4179,#4180);
#3171=LINE('',#4181,#4182);
#3172=LINE('',#4183,#4184);
#3173=LINE('',#4185,#4186);
#3174=VERTEX_POINT('',#4187);
#3175=VERTEX_POINT('',#4188);
#3176=LINE('',#4189,#4190);
#3177=VERTEX_POINT('',#4191);
#3178=LINE('',#4192,#4193);
#3179=VERTEX_POINT('',#4194);
#3180=LINE('',#4195,#4196);
#3181=LINE('',#4197,#4198);
#3182=VERTEX_POINT('',#4199);
#3183=LINE('',#4200,#4201);
#3184=VERTEX_POINT('',#4202);
#3185=LINE('',#4203,#4204);
#3186=LINE('',#4205,#4206);
#3187=LINE('',#4207,#4208);
#3188=VERTEX_POINT('',#4209);
#3189=LINE('',#4210,#4211);
#3190=LINE('',#4212,#4213);
#3191=VERTEX_POINT('',#4214);
#3192=LINE('',#4215,#4216);
#3193=LINE('',#4217,#4218);
#3194=LINE('',#4219,#4220);
#3195=LINE('',#4221,#4222);
#3196=LINE('',#4223,#4224);
#3197=LINE('',#4225,#4226);
#3198=LINE('',#4227,#4228);
#3199=LINE('',#4229,#4230);
#3200=LINE('',#4231,#4232);
#3201=VERTEX_POINT('',#4233);
#3202=LINE('',#4234,#4235);
#3203=LINE('',#4236,#4237);
#3204=LINE('',#4238,#4239);
#3205=VERTEX_POINT('',#4240);
#3206=LINE('',#4241,#4242);
#3207=LINE('',#4243,#4244);
#3208=LINE('',#4245,#4246);
#3209=LINE('',#4247,#4248);
#3210=VERTEX_POINT('',#4249);
#3211=LINE('',#4250,#4251);
#3212=VERTEX_POINT('',#4252);
#3213=LINE('',#4253,#4254);
#3214=LINE('',#4255,#4256);
#3215=LINE('',#4257,#4258);
#3216=LINE('',#4259,#4260);
#3217=VERTEX_POINT('',#4261);
#3218=LINE('',#4262,#4263);
#3219=VERTEX_POINT('',#4264);
#3220=LINE('',#4265,#4266);
#3221=LINE('',#4267,#4268);
#3222=VERTEX_POINT('',#4269);
#3223=LINE('',#4270,#4271);
#3224=LINE('',#4272,#4273);
#3225=LINE('',#4274,#4275);
#3226=LINE('',#4276,#4277);
#3227=VERTEX_POINT('',#4278);
#3228=LINE('',#4279,#4280);
#3229=VERTEX_POINT('',#4281);
#3230=CIRCLE('',#4282,0.3);
#3231=VERTEX_POINT('',#4283);
#3232=LINE('',#4284,#4285);
#3233=VERTEX_POINT('',#4286);
#3234=LINE('',#4287,#4288);
#3235=VERTEX_POINT('',#4289);
#3236=LINE('',#4290,#4291);
#3237=LINE('',#4292,#4293);
#3238=VERTEX_POINT('',#4294);
#3239=LINE('',#4295,#4296);
#3240=VERTEX_POINT('',#4297);
#3241=LINE('',#4298,#4299);
#3242=VERTEX_POINT('',#4300);
#3243=LINE('',#4301,#4302);
#3244=VERTEX_POINT('',#4303);
#3245=LINE('',#4304,#4305);
#3246=VERTEX_POINT('',#4306);
#3247=LINE('',#4307,#4308);
#3248=CIRCLE('',#4309,0.3);
#3249=LINE('',#4310,#4311);
#3250=LINE('',#4312,#4313);
#3251=LINE('',#4314,#4315);
#3252=LINE('',#4316,#4317);
#3253=LINE('',#4318,#4319);
#3254=VERTEX_POINT('',#4320);
#3255=LINE('',#4321,#4322);
#3256=LINE('',#4323,#4324);
#3257=LINE('',#4325,#4326);
#3258=LINE('',#4327,#4328);
#3259=VERTEX_POINT('',#4329);
#3260=LINE('',#4330,#4331);
#3261=VERTEX_POINT('',#4332);
#3262=LINE('',#4333,#4334);
#3263=LINE('',#4335,#4336);
#3264=VERTEX_POINT('',#4337);
#3265=LINE('',#4338,#4339);
#3266=LINE('',#4340,#4341);
#3267=LINE('',#4342,#4343);
#3268=LINE('',#4344,#4345);
#3269=VERTEX_POINT('',#4346);
#3270=LINE('',#4347,#4348);
#3271=VERTEX_POINT('',#4349);
#3272=CIRCLE('',#4350,0.3);
#3273=VERTEX_POINT('',#4351);
#3274=LINE('',#4352,#4353);
#3275=VERTEX_POINT('',#4354);
#3276=LINE('',#4355,#4356);
#3277=VERTEX_POINT('',#4357);
#3278=LINE('',#4358,#4359);
#3279=LINE('',#4360,#4361);
#3280=VERTEX_POINT('',#4362);
#3281=LINE('',#4363,#4364);
#3282=VERTEX_POINT('',#4365);
#3283=LINE('',#4366,#4367);
#3284=VERTEX_POINT('',#4368);
#3285=LINE('',#4369,#4370);
#3286=VERTEX_POINT('',#4371);
#3287=LINE('',#4372,#4373);
#3288=VERTEX_POINT('',#4374);
#3289=LINE('',#4375,#4376);
#3290=CIRCLE('',#4377,0.3);
#3291=LINE('',#4378,#4379);
#3292=LINE('',#4380,#4381);
#3293=LINE('',#4382,#4383);
#3294=LINE('',#4384,#4385);
#3295=LINE('',#4386,#4387);
#3296=VERTEX_POINT('',#4388);
#3297=LINE('',#4389,#4390);
#3298=LINE('',#4391,#4392);
#3299=LINE('',#4393,#4394);
#3300=LINE('',#4395,#4396);
#3301=VERTEX_POINT('',#4397);
#3302=LINE('',#4398,#4399);
#3303=VERTEX_POINT('',#4400);
#3304=LINE('',#4401,#4402);
#3305=LINE('',#4403,#4404);
#3306=VERTEX_POINT('',#4405);
#3307=LINE('',#4406,#4407);
#3308=LINE('',#4408,#4409);
#3309=LINE('',#4410,#4411);
#3310=LINE('',#4412,#4413);
#3311=VERTEX_POINT('',#4414);
#3312=LINE('',#4415,#4416);
#3313=VERTEX_POINT('',#4417);
#3314=CIRCLE('',#4418,0.3);
#3315=VERTEX_POINT('',#4419);
#3316=LINE('',#4420,#4421);
#3317=VERTEX_POINT('',#4422);
#3318=LINE('',#4423,#4424);
#3319=VERTEX_POINT('',#4425);
#3320=LINE('',#4426,#4427);
#3321=LINE('',#4428,#4429);
#3322=VERTEX_POINT('',#4430);
#3323=LINE('',#4431,#4432);
#3324=VERTEX_POINT('',#4433);
#3325=LINE('',#4434,#4435);
#3326=VERTEX_POINT('',#4436);
#3327=LINE('',#4437,#4438);
#3328=VERTEX_POINT('',#4439);
#3329=LINE('',#4440,#4441);
#3330=VERTEX_POINT('',#4442);
#3331=LINE('',#4443,#4444);
#3332=CIRCLE('',#4445,0.3);
#3333=LINE('',#4446,#4447);
#3334=LINE('',#4448,#4449);
#3335=LINE('',#4450,#4451);
#3336=LINE('',#4452,#4453);
#3337=LINE('',#4454,#4455);
#3338=VERTEX_POINT('',#4456);
#3339=LINE('',#4457,#4458);
#3340=LINE('',#4459,#4460);
#3341=LINE('',#4461,#4462);
#3342=LINE('',#4463,#4464);
#3343=VERTEX_POINT('',#4465);
#3344=LINE('',#4466,#4467);
#3345=VERTEX_POINT('',#4468);
#3346=LINE('',#4469,#4470);
#3347=VERTEX_POINT('',#4471);
#3348=LINE('',#4472,#4473);
#3349=VERTEX_POINT('',#4474);
#3350=LINE('',#4475,#4476);
#3351=VERTEX_POINT('',#4477);
#3352=LINE('',#4478,#4479);
#3353=VERTEX_POINT('',#4480);
#3354=LINE('',#4481,#4482);
#3355=VERTEX_POINT('',#4483);
#3356=LINE('',#4484,#4485);
#3357=VERTEX_POINT('',#4486);
#3358=LINE('',#4487,#4488);
#3359=VERTEX_POINT('',#4489);
#3360=LINE('',#4490,#4491);
#3361=VERTEX_POINT('',#4492);
#3362=LINE('',#4493,#4494);
#3363=VERTEX_POINT('',#4495);
#3364=LINE('',#4496,#4497);
#3365=VERTEX_POINT('',#4498);
#3366=LINE('',#4499,#4500);
#3367=LINE('',#4501,#4502);
#3368=VERTEX_POINT('',#4503);
#3369=LINE('',#4504,#4505);
#3370=LINE('',#4506,#4507);
#3371=VERTEX_POINT('',#4508);
#3372=LINE('',#4509,#4510);
#3373=VERTEX_POINT('',#4511);
#3374=LINE('',#4512,#4513);
#3375=LINE('',#4514,#4515);
#3376=VERTEX_POINT('',#4516);
#3377=LINE('',#4517,#4518);
#3378=VERTEX_POINT('',#4519);
#3379=LINE('',#4520,#4521);
#3380=VERTEX_POINT('',#4522);
#3381=LINE('',#4523,#4524);
#3382=VERTEX_POINT('',#4525);
#3383=LINE('',#4526,#4527);
#3384=VERTEX_POINT('',#4528);
#3385=LINE('',#4529,#4530);
#3386=VERTEX_POINT('',#4531);
#3387=LINE('',#4532,#4533);
#3388=VERTEX_POINT('',#4534);
#3389=LINE('',#4535,#4536);
#3390=VERTEX_POINT('',#4537);
#3391=LINE('',#4538,#4539);
#3392=VERTEX_POINT('',#4540);
#3393=LINE('',#4541,#4542);
#3394=VERTEX_POINT('',#4543);
#3395=LINE('',#4544,#4545);
#3396=VERTEX_POINT('',#4546);
#3397=LINE('',#4547,#4548);
#3398=LINE('',#4549,#4550);
#3399=LINE('',#4551,#4552);
#3400=LINE('',#4553,#4554);
#3401=VERTEX_POINT('',#4555);
#3402=CIRCLE('',#4556,0.18);
#3403=VERTEX_POINT('',#4557);
#3404=LINE('',#4558,#4559);
#3405=VERTEX_POINT('',#4560);
#3406=LINE('',#4561,#4562);
#3407=VERTEX_POINT('',#4563);
#3408=LINE('',#4564,#4565);
#3409=VERTEX_POINT('',#4566);
#3410=CIRCLE('',#4567,0.4);
#3411=LINE('',#4568,#4569);
#3412=CIRCLE('',#4570,0.18);
#3413=CIRCLE('',#4571,0.18);
#3414=VERTEX_POINT('',#4572);
#3415=CIRCLE('',#4573,0.43);
#3416=VERTEX_POINT('',#4574);
#3417=LINE('',#4575,#4576);
#3418=VERTEX_POINT('',#4577);
#3419=LINE('',#4578,#4579);
#3420=VERTEX_POINT('',#4580);
#3421=LINE('',#4581,#4582);
#3422=CIRCLE('',#4583,0.18);
#3423=VERTEX_POINT('',#4584);
#3424=CIRCLE('',#4585,0.4);
#3425=VERTEX_POINT('',#4586);
#3426=LINE('',#4587,#4588);
#3427=VERTEX_POINT('',#4589);
#3428=LINE('',#4590,#4591);
#3429=VERTEX_POINT('',#4592);
#3430=LINE('',#4593,#4594);
#3431=CIRCLE('',#4595,0.18);
#3432=VERTEX_POINT('',#4596);
#3433=CIRCLE('',#4597,0.18);
#3434=LINE('',#4598,#4599);
#3435=VERTEX_POINT('',#4600);
#3436=CIRCLE('',#4601,0.43);
#3437=LINE('',#4602,#4603);
#3438=VERTEX_POINT('',#4604);
#3439=VERTEX_POINT('',#4605);
#3440=LINE('',#4606,#4607);
#3441=VERTEX_POINT('',#4608);
#3442=LINE('',#4609,#4610);
#3443=VERTEX_POINT('',#4611);
#3444=LINE('',#4612,#4613);
#3445=VERTEX_POINT('',#4614);
#3446=LINE('',#4615,#4616);
#3447=LINE('',#4617,#4618);
#3448=LINE('',#4619,#4620);
#3449=VERTEX_POINT('',#4621);
#3450=LINE('',#4622,#4623);
#3451=LINE('',#4624,#4625);
#3452=VERTEX_POINT('',#4626);
#3453=LINE('',#4627,#4628);
#3454=VERTEX_POINT('',#4629);
#3455=LINE('',#4630,#4631);
#3456=VERTEX_POINT('',#4632);
#3457=LINE('',#4633,#4634);
#3458=VERTEX_POINT('',#4635);
#3459=LINE('',#4636,#4637);
#3460=LINE('',#4638,#4639);
#3461=CIRCLE('',#4640,0.18);
#3462=CIRCLE('',#4641,0.18);
#3463=CIRCLE('',#4642,0.4);
#3464=LINE('',#4643,#4644);
#3465=LINE('',#4645,#4646);
#3466=LINE('',#4647,#4648);
#3467=LINE('',#4649,#4650);
#3468=CIRCLE('',#4651,0.43);
#3469=CIRCLE('',#4652,0.43);
#3470=LINE('',#4653,#4654);
#3471=LINE('',#4655,#4656);
#3472=LINE('',#4657,#4658);
#3473=LINE('',#4659,#4660);
#3474=LINE('',#4661,#4662);
#3475=LINE('',#4663,#4664);
#3476=LINE('',#4665,#4666);
#3477=VERTEX_POINT('',#4667);
#3478=LINE('',#4668,#4669);
#3479=VERTEX_POINT('',#4670);
#3480=LINE('',#4671,#4672);
#3481=VERTEX_POINT('',#4673);
#3482=LINE('',#4674,#4675);
#3483=LINE('',#4676,#4677);
#3484=VERTEX_POINT('',#4678);
#3485=LINE('',#4679,#4680);
#3486=VERTEX_POINT('',#4681);
#3487=LINE('',#4682,#4683);
#3488=LINE('',#4684,#4685);
#3489=VERTEX_POINT('',#4686);
#3490=LINE('',#4687,#4688);
#3491=VERTEX_POINT('',#4689);
#3492=LINE('',#4690,#4691);
#3493=VERTEX_POINT('',#4692);
#3494=LINE('',#4693,#4694);
#3495=VERTEX_POINT('',#4695);
#3496=LINE('',#4696,#4697);
#3497=VERTEX_POINT('',#4698);
#3498=LINE('',#4699,#4700);
#3499=VERTEX_POINT('',#4701);
#3500=LINE('',#4702,#4703);
#3501=VERTEX_POINT('',#4704);
#3502=LINE('',#4705,#4706);
#3503=VERTEX_POINT('',#4707);
#3504=LINE('',#4708,#4709);
#3505=VERTEX_POINT('',#4710);
#3506=LINE('',#4711,#4712);
#3507=VERTEX_POINT('',#4713);
#3508=LINE('',#4714,#4715);
#3509=LINE('',#4716,#4717);
#3510=VERTEX_POINT('',#4718);
#3511=LINE('',#4719,#4720);
#3512=VERTEX_POINT('',#4721);
#3513=LINE('',#4722,#4723);
#3514=VERTEX_POINT('',#4724);
#3515=LINE('',#4725,#4726);
#3516=VERTEX_POINT('',#4727);
#3517=LINE('',#4728,#4729);
#3518=VERTEX_POINT('',#4730);
#3519=LINE('',#4731,#4732);
#3520=VERTEX_POINT('',#4733);
#3521=LINE('',#4734,#4735);
#3522=VERTEX_POINT('',#4736);
#3523=LINE('',#4737,#4738);
#3524=VERTEX_POINT('',#4739);
#3525=LINE('',#4740,#4741);
#3526=VERTEX_POINT('',#4742);
#3527=LINE('',#4743,#4744);
#3528=VERTEX_POINT('',#4745);
#3529=LINE('',#4746,#4747);
#3530=LINE('',#4748,#4749);
#3531=VERTEX_POINT('',#4750);
#3532=LINE('',#4751,#4752);
#3533=VERTEX_POINT('',#4753);
#3534=LINE('',#4754,#4755);
#3535=LINE('',#4756,#4757);
#3536=LINE('',#4758,#4759);
#3537=LINE('',#4760,#4761);
#3538=CIRCLE('',#4762,0.18);
#3539=VERTEX_POINT('',#4763);
#3540=CIRCLE('',#4764,0.4);
#3541=VERTEX_POINT('',#4765);
#3542=LINE('',#4766,#4767);
#3543=VERTEX_POINT('',#4768);
#3544=LINE('',#4769,#4770);
#3545=VERTEX_POINT('',#4771);
#3546=LINE('',#4772,#4773);
#3547=CIRCLE('',#4774,0.18);
#3548=CIRCLE('',#4775,0.18);
#3549=VERTEX_POINT('',#4776);
#3550=CIRCLE('',#4777,0.18);
#3551=VERTEX_POINT('',#4778);
#3552=LINE('',#4779,#4780);
#3553=VERTEX_POINT('',#4781);
#3554=LINE('',#4782,#4783);
#3555=VERTEX_POINT('',#4784);
#3556=LINE('',#4785,#4786);
#3557=CIRCLE('',#4787,0.4);
#3558=VERTEX_POINT('',#4788);
#3559=CIRCLE('',#4789,0.18);
#3560=VERTEX_POINT('',#4790);
#3561=LINE('',#4791,#4792);
#3562=VERTEX_POINT('',#4793);
#3563=LINE('',#4794,#4795);
#3564=VERTEX_POINT('',#4796);
#3565=LINE('',#4797,#4798);
#3566=CIRCLE('',#4799,0.43);
#3567=VERTEX_POINT('',#4800);
#3568=VERTEX_POINT('',#4801);
#3569=LINE('',#4802,#4803);
#3570=VERTEX_POINT('',#4804);
#3571=LINE('',#4805,#4806);
#3572=VERTEX_POINT('',#4807);
#3573=LINE('',#4808,#4809);
#3574=VERTEX_POINT('',#4810);
#3575=LINE('',#4811,#4812);
#3576=VERTEX_POINT('',#4813);
#3577=LINE('',#4814,#4815);
#3578=LINE('',#4816,#4817);
#3579=LINE('',#4818,#4819);
#3580=CIRCLE('',#4820,0.18);
#3581=CIRCLE('',#4821,0.18);
#3582=CIRCLE('',#4822,0.18);
#3583=VERTEX_POINT('',#4823);
#3584=CIRCLE('',#4824,0.43);
#3585=LINE('',#4825,#4826);
#3586=VERTEX_POINT('',#4827);
#3587=CIRCLE('',#4828,0.43);
#3588=VERTEX_POINT('',#4829);
#3589=LINE('',#4830,#4831);
#3590=CIRCLE('',#4832,0.43);
#3591=LINE('',#4833,#4834);
#3592=VERTEX_POINT('',#4835);
#3593=LINE('',#4836,#4837);
#3594=LINE('',#4838,#4839);
#3595=LINE('',#4840,#4841);
#3596=LINE('',#4842,#4843);
#3597=CIRCLE('',#4844,0.4);
#3598=LINE('',#4845,#4846);
#3599=LINE('',#4847,#4848);
#3600=LINE('',#4849,#4850);
#3601=VERTEX_POINT('',#4851);
#3602=VERTEX_POINT('',#4852);
#3603=LINE('',#4853,#4854);
#3604=LINE('',#4855,#4856);
#3605=LINE('',#4857,#4858);
#3606=LINE('',#4859,#4860);
#3607=LINE('',#4861,#4862);
#3608=LINE('',#4863,#4864);
#3609=LINE('',#4865,#4866);
#3610=LINE('',#4867,#4868);
#3611=VERTEX_POINT('',#4869);
#3612=LINE('',#4870,#4871);
#3613=VERTEX_POINT('',#4872);
#3614=LINE('',#4873,#4874);
#3615=LINE('',#4875,#4876);
#3616=VERTEX_POINT('',#4877);
#3617=LINE('',#4878,#4879);
#3618=LINE('',#4880,#4881);
#3619=LINE('',#4882,#4883);
#3620=CARTESIAN_POINT('',(-6.32499999999999,9.1,0.27));
#3621=CARTESIAN_POINT('',(-6.32499999999999,6.75,0.27));
#3622=CARTESIAN_POINT('',(-6.32499999999999,6.6,0.27));
#3623=VECTOR('',#4884,1.0);
#3624=CARTESIAN_POINT('',(-6.315,6.74999999999999,0.269999999999999));
#3625=CARTESIAN_POINT('',(-6.58499999999999,6.74999999999999,0.269999999999999));
#3626=VECTOR('',#4885,1.0);
#3627=CARTESIAN_POINT('',(-6.315,9.1,0.269999999999999));
#3628=CARTESIAN_POINT('',(-6.315,30.0150000000001,0.269999999999999));
#3629=VECTOR('',#4886,1.0);
#3630=CARTESIAN_POINT('',(-6.58499999999999,9.1,0.269999999999999));
#3631=VECTOR('',#4887,1.0);
#3632=CARTESIAN_POINT('',(-6.57499999999998,9.1,2.1));
#3633=CARTESIAN_POINT('',(-6.32499999999999,9.1,2.1));
#3634=CARTESIAN_POINT('',(0.0,9.1,2.1));
#3635=VECTOR('',#4888,1.0);
#3636=CARTESIAN_POINT('',(-6.32499999999999,9.1,-3.94680790847241E-15));
#3637=VECTOR('',#4889,1.0);
#3638=CARTESIAN_POINT('',(-6.315,9.1,0.380000000000003));
#3639=CARTESIAN_POINT('',(-6.315,9.1,0.269999999999999));
#3640=VECTOR('',#4890,1.0);
#3641=CARTESIAN_POINT('',(-5.2,9.1,0.379999999999996));
#3642=CARTESIAN_POINT('',(-6.585,9.1,0.379999999999996));
#3643=VECTOR('',#4891,1.0);
#3644=CARTESIAN_POINT('',(-5.2,9.1,0.179999999999995));
#3645=CARTESIAN_POINT('',(-5.2,9.1,0.379999999999996));
#3646=VECTOR('',#4892,1.0);
#3647=CARTESIAN_POINT('',(-4.195,9.1,0.180000000000003));
#3648=CARTESIAN_POINT('',(-5.2,9.1,0.179999999999995));
#3649=VECTOR('',#4893,1.0);
#3650=CARTESIAN_POINT('',(-4.195,9.1,0.310000000000003));
#3651=CARTESIAN_POINT('',(-4.195,9.1,0.310000000000003));
#3652=VECTOR('',#4894,1.0);
#3653=CARTESIAN_POINT('',(-4.2,9.1,0.310000000000003));
#3654=CARTESIAN_POINT('',(0.0,9.1,0.309999999999966));
#3655=VECTOR('',#4895,1.0);
#3656=CARTESIAN_POINT('',(-4.2,9.1,1.42999999999997));
#3657=CARTESIAN_POINT('',(-4.2,9.1,0.310000000000003));
#3658=VECTOR('',#4896,1.0);
#3659=CARTESIAN_POINT('',(-3.8,9.1,1.42999999999997));
#3660=CARTESIAN_POINT('',(0.0,9.1,1.42999999999997));
#3661=VECTOR('',#4897,1.0);
#3662=CARTESIAN_POINT('',(-3.8,9.1,0.310000000000003));
#3663=CARTESIAN_POINT('',(-3.8,9.1,1.42999999999997));
#3664=VECTOR('',#4898,1.0);
#3665=CARTESIAN_POINT('',(-3.805,9.1,0.310000000000003));
#3666=CARTESIAN_POINT('',(0.0,9.1,0.309999999999966));
#3667=VECTOR('',#4899,1.0);
#3668=CARTESIAN_POINT('',(-3.805,9.1,0.180000000000003));
#3669=CARTESIAN_POINT('',(-3.805,9.1,0.180000000000003));
#3670=VECTOR('',#4900,1.0);
#3671=CARTESIAN_POINT('',(-2.195,9.1,0.180000000000003));
#3672=CARTESIAN_POINT('',(-5.2,9.1,0.179999999999995));
#3673=VECTOR('',#4901,1.0);
#3674=CARTESIAN_POINT('',(-2.195,9.1,0.310000000000003));
#3675=CARTESIAN_POINT('',(-2.195,9.1,0.310000000000003));
#3676=VECTOR('',#4902,1.0);
#3677=CARTESIAN_POINT('',(-2.2,9.1,0.310000000000003));
#3678=CARTESIAN_POINT('',(0.0,9.1,0.309999999999966));
#3679=VECTOR('',#4903,1.0);
#3680=CARTESIAN_POINT('',(-2.2,9.1,1.42999999999997));
#3681=CARTESIAN_POINT('',(-2.2,9.1,0.310000000000003));
#3682=VECTOR('',#4904,1.0);
#3683=CARTESIAN_POINT('',(-1.8,9.1,1.42999999999997));
#3684=CARTESIAN_POINT('',(0.0,9.1,1.42999999999997));
#3685=VECTOR('',#4905,1.0);
#3686=CARTESIAN_POINT('',(-1.8,9.1,0.310000000000003));
#3687=CARTESIAN_POINT('',(-1.8,9.1,1.42999999999997));
#3688=VECTOR('',#4906,1.0);
#3689=CARTESIAN_POINT('',(-1.805,9.1,0.310000000000003));
#3690=CARTESIAN_POINT('',(0.0,9.1,0.309999999999966));
#3691=VECTOR('',#4907,1.0);
#3692=CARTESIAN_POINT('',(-1.805,9.1,0.180000000000003));
#3693=CARTESIAN_POINT('',(-1.805,9.1,0.180000000000003));
#3694=VECTOR('',#4908,1.0);
#3695=CARTESIAN_POINT('',(-0.195000000000002,9.1,0.180000000000003));
#3696=CARTESIAN_POINT('',(-5.2,9.1,0.179999999999995));
#3697=VECTOR('',#4909,1.0);
#3698=CARTESIAN_POINT('',(-0.195000000000002,9.1,0.310000000000003));
#3699=CARTESIAN_POINT('',(-0.195000000000002,9.1,0.310000000000003));
#3700=VECTOR('',#4910,1.0);
#3701=CARTESIAN_POINT('',(-0.2,9.1,0.310000000000003));
#3702=CARTESIAN_POINT('',(0.0,9.1,0.309999999999966));
#3703=VECTOR('',#4911,1.0);
#3704=CARTESIAN_POINT('',(-0.2,9.1,1.42999999999997));
#3705=CARTESIAN_POINT('',(-0.2,9.1,0.310000000000003));
#3706=VECTOR('',#4912,1.0);
#3707=CARTESIAN_POINT('',(0.2,9.1,1.42999999999997));
#3708=CARTESIAN_POINT('',(0.0,9.1,1.42999999999997));
#3709=VECTOR('',#4913,1.0);
#3710=CARTESIAN_POINT('',(0.2,9.1,0.310000000000003));
#3711=CARTESIAN_POINT('',(0.2,9.1,1.42999999999997));
#3712=VECTOR('',#4914,1.0);
#3713=CARTESIAN_POINT('',(0.194999999999998,9.1,0.310000000000003));
#3714=CARTESIAN_POINT('',(0.0,9.1,0.309999999999966));
#3715=VECTOR('',#4915,1.0);
#3716=CARTESIAN_POINT('',(0.194999999999998,9.1,0.180000000000003));
#3717=CARTESIAN_POINT('',(0.194999999999998,9.1,0.180000000000003));
#3718=VECTOR('',#4916,1.0);
#3719=CARTESIAN_POINT('',(1.19999999999999,9.1,0.180000000000001));
#3720=CARTESIAN_POINT('',(-5.2,9.1,0.179999999999995));
#3721=VECTOR('',#4917,1.0);
#3722=CARTESIAN_POINT('',(1.19999999999999,9.1,0.380000000000002));
#3723=CARTESIAN_POINT('',(1.19999999999999,9.1,0.180000000000001));
#3724=VECTOR('',#4918,1.0);
#3725=CARTESIAN_POINT('',(2.315,9.1,0.380000000000002));
#3726=CARTESIAN_POINT('',(1.19999999999999,9.1,0.380000000000002));
#3727=VECTOR('',#4919,1.0);
#3728=CARTESIAN_POINT('',(2.315,9.1,0.27));
#3729=CARTESIAN_POINT('',(2.315,9.1,0.380000000000002));
#3730=VECTOR('',#4920,1.0);
#3731=CARTESIAN_POINT('',(2.32499999999999,9.1,0.27));
#3732=CARTESIAN_POINT('',(2.315,9.1,0.27));
#3733=VECTOR('',#4921,1.0);
#3734=CARTESIAN_POINT('',(2.32499999999999,9.1,2.1));
#3735=CARTESIAN_POINT('',(2.32499999999999,9.1,-7.25401453533465E-16));
#3736=VECTOR('',#4922,1.0);
#3737=CARTESIAN_POINT('',(2.575,9.1,2.1));
#3738=CARTESIAN_POINT('',(0.0,9.1,2.1));
#3739=VECTOR('',#4923,1.0);
#3740=CARTESIAN_POINT('',(2.57499999999999,9.1,0.27));
#3741=CARTESIAN_POINT('',(2.57499999999999,9.1,-1.64224740832363E-15));
#3742=VECTOR('',#4924,1.0);
#3743=CARTESIAN_POINT('',(2.58499999999999,9.1,0.27));
#3744=CARTESIAN_POINT('',(2.315,9.1,0.27));
#3745=VECTOR('',#4925,1.0);
#3746=CARTESIAN_POINT('',(2.58499999999999,9.1,2.2));
#3747=CARTESIAN_POINT('',(2.58499999999999,9.1,0.380000000000002));
#3748=VECTOR('',#4926,1.0);
#3749=CARTESIAN_POINT('',(2.315,9.1,2.2));
#3750=CARTESIAN_POINT('',(2.58499999999999,9.1,2.2));
#3751=VECTOR('',#4927,1.0);
#3752=CARTESIAN_POINT('',(2.315,9.1,1.91));
#3753=CARTESIAN_POINT('',(2.315,9.1,1.91));
#3754=VECTOR('',#4928,1.0);
#3755=CARTESIAN_POINT('',(1.42500000000001,9.1,1.91));
#3756=CARTESIAN_POINT('',(1.425,9.1,1.91));
#3757=VECTOR('',#4929,1.0);
#3758=CARTESIAN_POINT('',(1.42500000000001,9.1,2.25));
#3759=CARTESIAN_POINT('',(1.42500000000001,9.1,2.2));
#3760=VECTOR('',#4930,1.0);
#3761=CARTESIAN_POINT('',(-5.425,9.1,2.25));
#3762=CARTESIAN_POINT('',(1.425,9.1,2.25));
#3763=VECTOR('',#4931,1.0);
#3764=CARTESIAN_POINT('',(-5.42500000000001,9.1,1.91));
#3765=CARTESIAN_POINT('',(-5.425,9.1,2.25));
#3766=VECTOR('',#4932,1.0);
#3767=CARTESIAN_POINT('',(-6.315,9.1,1.91));
#3768=CARTESIAN_POINT('',(-6.315,9.1,1.91));
#3769=VECTOR('',#4933,1.0);
#3770=CARTESIAN_POINT('',(-6.315,9.1,2.2));
#3771=CARTESIAN_POINT('',(-6.315,9.1,2.2));
#3772=VECTOR('',#4934,1.0);
#3773=CARTESIAN_POINT('',(-6.585,9.1,2.19999999999999));
#3774=CARTESIAN_POINT('',(-5.425,9.1,2.19999999999999));
#3775=VECTOR('',#4935,1.0);
#3776=CARTESIAN_POINT('',(-6.58499999999999,9.1,0.269999999999999));
#3777=CARTESIAN_POINT('',(-6.585,9.1,2.19999999999999));
#3778=VECTOR('',#4936,1.0);
#3779=CARTESIAN_POINT('',(-6.57499999999999,9.1,0.27));
#3780=CARTESIAN_POINT('',(-6.58499999999999,9.1,0.269999999999999));
#3781=VECTOR('',#4937,1.0);
#3782=CARTESIAN_POINT('',(-6.57499999999999,9.1,-8.3866226871673E-15));
#3783=VECTOR('',#4938,1.0);
#3784=CARTESIAN_POINT('',(-6.58499999999999,6.6,0.240000000000003));
#3785=CARTESIAN_POINT('',(-6.585,6.6,0.310839202168983));
#3786=CARTESIAN_POINT('',(-6.585,6.6,2.19999999999999));
#3787=VECTOR('',#4939,1.0);
#3788=CARTESIAN_POINT('',(-6.58499999999999,6.74999999999999,0.240000000000003));
#3789=CARTESIAN_POINT('',(-6.58499999999999,6.74999999999999,0.240000000000003));
#3790=VECTOR('',#4940,1.0);
#3791=CARTESIAN_POINT('',(-6.58499999999999,6.74999999999999,0.269999999999999));
#3792=CARTESIAN_POINT('',(-6.58499999999999,6.74999999999999,0.240000000000003));
#3793=VECTOR('',#4941,1.0);
#3794=CARTESIAN_POINT('',(-6.58499999999999,30.0150000000001,0.269999999999999));
#3795=VECTOR('',#4942,1.0);
#3796=CARTESIAN_POINT('',(-6.585,3.75,2.19999999999999));
#3797=CARTESIAN_POINT('',(-6.585,9.1,2.19999999999999));
#3798=VECTOR('',#4943,1.0);
#3799=CARTESIAN_POINT('',(-6.58499999999999,3.75,0.240000000000003));
#3800=CARTESIAN_POINT('',(-6.585,3.75,2.19999999999999));
#3801=VECTOR('',#4944,1.0);
#3802=CARTESIAN_POINT('',(-6.58499999999999,4.0,0.240000000000003));
#3803=CARTESIAN_POINT('',(-6.58499999999999,6.74999999999999,0.240000000000003));
#3804=VECTOR('',#4945,1.0);
#3805=CARTESIAN_POINT('',(-6.585,4.0,0.310839202168983));
#3806=CARTESIAN_POINT('',(-6.585,4.0,2.19999999999999));
#3807=VECTOR('',#4946,1.0);
#3808=CARTESIAN_POINT('',(-6.585,6.6,0.310839202168983));
#3809=VECTOR('',#4947,1.0);
#3810=CARTESIAN_POINT('',(-6.315,7.45,2.2));
#3811=CARTESIAN_POINT('',(-6.315,7.45,2.2));
#3812=VECTOR('',#4948,1.0);
#3813=CARTESIAN_POINT('',(-5.42500000000001,7.45,2.2));
#3814=CARTESIAN_POINT('',(-5.42500000000001,7.45,2.2));
#3815=VECTOR('',#4949,1.0);
#3816=CARTESIAN_POINT('',(-5.425,3.75,2.19999999999999));
#3817=CARTESIAN_POINT('',(-5.425,9.1,2.19999999999999));
#3818=VECTOR('',#4950,1.0);
#3819=CARTESIAN_POINT('',(-5.425,3.75,2.19999999999999));
#3820=VECTOR('',#4951,1.0);
#3821=CARTESIAN_POINT('',(-6.57499999999999,8.526,2.19999999999999));
#3822=CARTESIAN_POINT('',(-6.32499999999999,8.526,2.19999999999999));
#3823=CARTESIAN_POINT('',(-5.425,8.526,2.19999999999999));
#3824=VECTOR('',#4952,1.0);
#3825=CARTESIAN_POINT('',(-6.57499999999998,7.69999999999999,2.19999999999999));
#3826=CARTESIAN_POINT('',(-6.57499999999999,9.1,2.19999999999999));
#3827=VECTOR('',#4953,1.0);
#3828=CARTESIAN_POINT('',(-6.32499999999999,7.69999999999999,2.19999999999999));
#3829=CARTESIAN_POINT('',(-5.425,7.69999999999999,2.19999999999999));
#3830=VECTOR('',#4954,1.0);
#3831=CARTESIAN_POINT('',(-6.32499999999999,9.1,2.19999999999999));
#3832=VECTOR('',#4955,1.0);
#3833=CARTESIAN_POINT('',(-6.6305010040201,6.6,0.240000000000003));
#3834=CARTESIAN_POINT('',(0.0,6.6,0.240000000000003));
#3835=VECTOR('',#4956,1.0);
#3836=CARTESIAN_POINT('',(-6.6305010040201,4.0,0.240000000000003));
#3837=CARTESIAN_POINT('',(-6.6305010040201,6.6,0.240000000000003));
#3838=VECTOR('',#4957,1.0);
#3839=CARTESIAN_POINT('',(0.0,4.0,0.240000000000003));
#3840=VECTOR('',#4958,1.0);
#3841=CARTESIAN_POINT('',(-6.975,3.75,0.240000000000003));
#3842=CARTESIAN_POINT('',(-6.58499999999999,3.75,0.240000000000003));
#3843=VECTOR('',#4959,1.0);
#3844=CARTESIAN_POINT('',(-6.975,6.75,0.240000000000003));
#3845=CARTESIAN_POINT('',(-6.975,3.75,0.240000000000003));
#3846=VECTOR('',#4960,1.0);
#3847=CARTESIAN_POINT('',(-6.975,6.74999999999999,0.240000000000003));
#3848=VECTOR('',#4961,1.0);
#3849=CARTESIAN_POINT('',(2.575,6.74999999999999,0.27));
#3850=CARTESIAN_POINT('',(2.57499999999999,6.6,0.27));
#3851=VECTOR('',#4962,1.0);
#3852=CARTESIAN_POINT('',(2.58499999999999,6.74999999999999,0.27));
#3853=CARTESIAN_POINT('',(2.315,6.74999999999999,0.27));
#3854=VECTOR('',#4963,1.0);
#3855=CARTESIAN_POINT('',(2.58499999999999,30.0150000000001,0.27));
#3856=VECTOR('',#4964,1.0);
#3857=CARTESIAN_POINT('',(-3.8,6.69999999900002,0.310000000000003));
#3858=CARTESIAN_POINT('',(-3.8,-14.6600000098998,0.310000000000003));
#3859=VECTOR('',#4965,1.0);
#3860=CARTESIAN_POINT('',(-3.805,6.69999999900002,0.310000000000003));
#3861=CARTESIAN_POINT('',(-3.75,6.69999999900002,0.309999999999966));
#3862=VECTOR('',#4966,1.0);
#3863=CARTESIAN_POINT('',(-3.805,6.6,0.310000000000003));
#3864=VECTOR('',#4967,1.0);
#3865=CARTESIAN_POINT('',(-4.2,6.69999999900002,1.42999999999997));
#3866=CARTESIAN_POINT('',(-4.2,-14.6600000098998,1.42999999999997));
#3867=VECTOR('',#4968,1.0);
#3868=CARTESIAN_POINT('',(-3.8,6.69999999900002,1.42999999999997));
#3869=CARTESIAN_POINT('',(-3.75,6.69999999900002,1.42999999999997));
#3870=VECTOR('',#4969,1.0);
#3871=CARTESIAN_POINT('',(-3.8,-14.6600000098998,1.42999999999997));
#3872=VECTOR('',#4970,1.0);
#3873=CARTESIAN_POINT('',(-4.25,10.809999999,-0.0200000000000014));
#3874=CARTESIAN_POINT('',(-3.75,10.809999999,-0.0200000000000016));
#3875=CARTESIAN_POINT('',(-6.975,10.809999999,-0.02));
#3876=VECTOR('',#4971,1.0);
#3877=CARTESIAN_POINT('',(-3.75,11.35,-0.0200000000000049));
#3878=CARTESIAN_POINT('',(-3.75,11.35,-0.0200000000000016));
#3879=VECTOR('',#4972,1.0);
#3880=CARTESIAN_POINT('',(-2.25,11.35,-0.0200000000000023));
#3881=CARTESIAN_POINT('',(-6.975,11.35,-0.02));
#3882=VECTOR('',#4973,1.0);
#3883=CARTESIAN_POINT('',(-2.25,10.809999999,-0.0200000000000023));
#3884=CARTESIAN_POINT('',(-2.25,11.35,-0.0200000000000023));
#3885=VECTOR('',#4974,1.0);
#3886=CARTESIAN_POINT('',(-1.75,10.809999999,-0.0200000000000026));
#3887=CARTESIAN_POINT('',(-6.975,10.809999999,-0.02));
#3888=VECTOR('',#4975,1.0);
#3889=CARTESIAN_POINT('',(-1.75,11.35,-0.0200000000000049));
#3890=CARTESIAN_POINT('',(-1.75,11.35,-0.0200000000000026));
#3891=VECTOR('',#4976,1.0);
#3892=CARTESIAN_POINT('',(-0.25,11.35,-0.0200000000000033));
#3893=CARTESIAN_POINT('',(-6.975,11.35,-0.02));
#3894=VECTOR('',#4977,1.0);
#3895=CARTESIAN_POINT('',(-0.25,10.809999999,-0.0200000000000033));
#3896=CARTESIAN_POINT('',(-0.25,11.35,-0.0200000000000033));
#3897=VECTOR('',#4978,1.0);
#3898=CARTESIAN_POINT('',(0.25,10.809999999,-0.0200000000000036));
#3899=CARTESIAN_POINT('',(-6.975,10.809999999,-0.02));
#3900=VECTOR('',#4979,1.0);
#3901=CARTESIAN_POINT('',(0.25,11.35,-0.0200000000000049));
#3902=CARTESIAN_POINT('',(0.25,11.35,-0.0200000000000036));
#3903=VECTOR('',#4980,1.0);
#3904=CARTESIAN_POINT('',(2.975,11.35,-0.0200000000000049));
#3905=CARTESIAN_POINT('',(-6.975,11.35,-0.02));
#3906=VECTOR('',#4981,1.0);
#3907=CARTESIAN_POINT('',(2.975,6.74999999999999,-0.0200000000000049));
#3908=CARTESIAN_POINT('',(2.975,11.35,-0.0200000000000049));
#3909=VECTOR('',#4982,1.0);
#3910=CARTESIAN_POINT('',(2.315,6.74999999999999,-0.0200000000000014));
#3911=CARTESIAN_POINT('',(2.315,6.74999999999999,-0.0200000000000049));
#3912=VECTOR('',#4983,1.0);
#3913=CARTESIAN_POINT('',(2.315,4.05,-0.0200000000000014));
#3914=CARTESIAN_POINT('',(2.315,3.75,-0.0200000000000014));
#3915=VECTOR('',#4984,1.0);
#3916=CARTESIAN_POINT('',(1.20000000000001,4.05000000000002,-0.0200000000000049));
#3917=CARTESIAN_POINT('',(1.20000000000001,4.05000000000002,-0.0200000000000049));
#3918=VECTOR('',#4985,1.0);
#3919=CARTESIAN_POINT('',(1.20000000000001,6.25000000000002,-0.0200000000000049));
#3920=CARTESIAN_POINT('',(1.20000000000001,6.25000000000002,-0.0200000000000049));
#3921=VECTOR('',#4986,1.0);
#3922=CARTESIAN_POINT('',(-5.2,6.25,-0.0199999999999956));
#3923=CARTESIAN_POINT('',(-5.2,6.25,-0.0200000000000049));
#3924=VECTOR('',#4987,1.0);
#3925=CARTESIAN_POINT('',(-5.2,4.05,-0.0199999999999958));
#3926=CARTESIAN_POINT('',(-5.2,4.05,-0.0199999999999956));
#3927=VECTOR('',#4988,1.0);
#3928=CARTESIAN_POINT('',(-6.315,4.05,-0.0199999999999954));
#3929=CARTESIAN_POINT('',(-6.585,4.05,-0.0199999999999954));
#3930=VECTOR('',#4989,1.0);
#3931=CARTESIAN_POINT('',(-6.315,6.75,-0.0200000000000049));
#3932=CARTESIAN_POINT('',(-6.315,6.75,-0.0200000000000049));
#3933=VECTOR('',#4990,1.0);
#3934=CARTESIAN_POINT('',(-6.975,6.75,-0.0200000000000049));
#3935=CARTESIAN_POINT('',(-6.975,6.75,-0.0200000000000049));
#3936=VECTOR('',#4991,1.0);
#3937=CARTESIAN_POINT('',(-6.975,11.35,-0.0200000000000001));
#3938=CARTESIAN_POINT('',(-6.975,11.35,-0.0200000000000001));
#3939=VECTOR('',#4992,1.0);
#3940=CARTESIAN_POINT('',(-4.25,11.35,-0.0200000000000014));
#3941=CARTESIAN_POINT('',(-6.975,11.35,-0.02));
#3942=VECTOR('',#4993,1.0);
#3943=CARTESIAN_POINT('',(-4.25,11.35,-0.0200000000000014));
#3944=VECTOR('',#4994,1.0);
#3945=CARTESIAN_POINT('',(-3.75,11.35,0.540166712955309));
#3946=CARTESIAN_POINT('',(-3.75,11.35,0.0));
#3947=VECTOR('',#4995,1.0);
#3948=CARTESIAN_POINT('',(-4.25,11.35,0.540166712955309));
#3949=CARTESIAN_POINT('',(-3.75,11.35,0.540166712955309));
#3950=VECTOR('',#4996,1.0);
#3951=CARTESIAN_POINT('',(-4.25,11.35,0.0));
#3952=VECTOR('',#4997,1.0);
#3953=CARTESIAN_POINT('',(-6.975,11.35,2.54));
#3954=CARTESIAN_POINT('',(-6.975,11.35,2.54));
#3955=VECTOR('',#4998,1.0);
#3956=CARTESIAN_POINT('',(2.975,11.35,2.54));
#3957=CARTESIAN_POINT('',(2.975,11.35,2.54));
#3958=VECTOR('',#4999,1.0);
#3959=CARTESIAN_POINT('',(2.975,11.35,-0.0200000000000049));
#3960=VECTOR('',#5000,1.0);
#3961=CARTESIAN_POINT('',(0.25,11.35,0.540166712955309));
#3962=CARTESIAN_POINT('',(0.25,11.35,0.0));
#3963=VECTOR('',#5001,1.0);
#3964=CARTESIAN_POINT('',(-0.25,11.35,0.540166712955309));
#3965=CARTESIAN_POINT('',(0.25,11.35,0.540166712955309));
#3966=VECTOR('',#5002,1.0);
#3967=CARTESIAN_POINT('',(-0.25,11.35,0.0));
#3968=VECTOR('',#5003,1.0);
#3969=CARTESIAN_POINT('',(-1.75,11.35,0.540166712955309));
#3970=CARTESIAN_POINT('',(-1.75,11.35,0.0));
#3971=VECTOR('',#5004,1.0);
#3972=CARTESIAN_POINT('',(-2.25,11.35,0.540166712955309));
#3973=CARTESIAN_POINT('',(-1.75,11.35,0.540166712955309));
#3974=VECTOR('',#5005,1.0);
#3975=CARTESIAN_POINT('',(-2.25,11.35,0.0));
#3976=VECTOR('',#5006,1.0);
#3977=CARTESIAN_POINT('',(-3.805,6.6,0.180000000000003));
#3978=CARTESIAN_POINT('',(-3.805,6.6,0.180000000000003));
#3979=VECTOR('',#5007,1.0);
#3980=CARTESIAN_POINT('',(-4.195,6.6,0.179999999999996));
#3981=CARTESIAN_POINT('',(-4.195,6.6,0.180000000000003));
#3982=VECTOR('',#5008,1.0);
#3983=CARTESIAN_POINT('',(-4.195,6.6,0.180000000000003));
#3984=VECTOR('',#5009,1.0);
#3985=CARTESIAN_POINT('',(-5.2,6.25,0.179999999999998));
#3986=CARTESIAN_POINT('',(-5.2,9.1,0.179999999999995));
#3987=VECTOR('',#5010,1.0);
#3988=CARTESIAN_POINT('',(1.19999999999999,6.25000000000001,0.180000000000001));
#3989=CARTESIAN_POINT('',(-5.19999999999999,6.25,0.179999999999995));
#3990=VECTOR('',#5011,1.0);
#3991=CARTESIAN_POINT('',(1.19999999999999,9.1,0.180000000000001));
#3992=VECTOR('',#5012,1.0);
#3993=CARTESIAN_POINT('',(0.194999999999998,6.6,0.180000000000003));
#3994=CARTESIAN_POINT('',(0.194999999999998,6.6,0.180000000000003));
#3995=VECTOR('',#5013,1.0);
#3996=CARTESIAN_POINT('',(-0.195000000000002,6.6,0.18));
#3997=CARTESIAN_POINT('',(-0.195000000000002,6.6,0.180000000000003));
#3998=VECTOR('',#5014,1.0);
#3999=CARTESIAN_POINT('',(-0.195000000000002,6.6,0.180000000000003));
#4000=VECTOR('',#5015,1.0);
#4001=CARTESIAN_POINT('',(-1.805,6.6,0.180000000000003));
#4002=CARTESIAN_POINT('',(-1.805,6.6,0.180000000000003));
#4003=VECTOR('',#5016,1.0);
#4004=CARTESIAN_POINT('',(-2.195,6.6,0.179999999999998));
#4005=CARTESIAN_POINT('',(-2.195,6.6,0.180000000000003));
#4006=VECTOR('',#5017,1.0);
#4007=CARTESIAN_POINT('',(-2.195,6.6,0.180000000000003));
#4008=VECTOR('',#5018,1.0);
#4009=CARTESIAN_POINT('',(-1.8,6.69999999900002,0.310000000000003));
#4010=CARTESIAN_POINT('',(-1.8,-14.6600000098998,0.310000000000003));
#4011=VECTOR('',#5019,1.0);
#4012=CARTESIAN_POINT('',(-1.805,6.69999999900002,0.310000000000003));
#4013=CARTESIAN_POINT('',(-1.75,6.69999999900002,0.309999999999966));
#4014=VECTOR('',#5020,1.0);
#4015=CARTESIAN_POINT('',(-1.805,6.6,0.310000000000003));
#4016=VECTOR('',#5021,1.0);
#4017=CARTESIAN_POINT('',(-2.2,6.69999999900002,1.42999999999997));
#4018=CARTESIAN_POINT('',(-2.2,-14.6600000098998,1.42999999999997));
#4019=VECTOR('',#5022,1.0);
#4020=CARTESIAN_POINT('',(-1.8,6.69999999900002,1.42999999999997));
#4021=CARTESIAN_POINT('',(-1.75,6.69999999900002,1.42999999999997));
#4022=VECTOR('',#5023,1.0);
#4023=CARTESIAN_POINT('',(-1.8,-14.6600000098998,1.42999999999997));
#4024=VECTOR('',#5024,1.0);
#4025=CARTESIAN_POINT('',(0.2,6.69999999900002,0.310000000000003));
#4026=CARTESIAN_POINT('',(0.2,-14.6600000098998,0.310000000000003));
#4027=VECTOR('',#5025,1.0);
#4028=CARTESIAN_POINT('',(0.194999999999998,6.69999999900002,0.310000000000003));
#4029=CARTESIAN_POINT('',(0.25,6.69999999900002,0.309999999999966));
#4030=VECTOR('',#5026,1.0);
#4031=CARTESIAN_POINT('',(0.194999999999998,6.6,0.310000000000003));
#4032=VECTOR('',#5027,1.0);
#4033=CARTESIAN_POINT('',(-0.2,6.69999999900002,1.42999999999997));
#4034=CARTESIAN_POINT('',(-0.2,-14.6600000098998,1.42999999999997));
#4035=VECTOR('',#5028,1.0);
#4036=CARTESIAN_POINT('',(0.2,6.69999999900002,1.42999999999997));
#4037=CARTESIAN_POINT('',(0.25,6.69999999900002,1.42999999999997));
#4038=VECTOR('',#5029,1.0);
#4039=CARTESIAN_POINT('',(0.2,-14.6600000098998,1.42999999999997));
#4040=VECTOR('',#5030,1.0);
#4041=CARTESIAN_POINT('',(2.315,4.05,0.380000000000002));
#4042=CARTESIAN_POINT('',(2.315,3.75,0.380000000000002));
#4043=VECTOR('',#5031,1.0);
#4044=CARTESIAN_POINT('',(1.20000000000001,4.05000000000002,0.380000000000002));
#4045=CARTESIAN_POINT('',(1.19999999999999,9.1,0.380000000000002));
#4046=VECTOR('',#5032,1.0);
#4047=CARTESIAN_POINT('',(1.20000000000001,4.05000000000002,0.380000000000002));
#4048=VECTOR('',#5033,1.0);
#4049=CARTESIAN_POINT('',(2.315,6.74999999999999,0.27));
#4050=CARTESIAN_POINT('',(2.32499999999999,6.74999999999999,0.27));
#4051=CARTESIAN_POINT('',(2.315,6.74999999999999,0.27));
#4052=VECTOR('',#5034,1.0);
#4053=CARTESIAN_POINT('',(2.315,6.74999999999999,3.94000000000003));
#4054=VECTOR('',#5035,1.0);
#4055=CARTESIAN_POINT('',(2.975,6.74999999999999,0.240000000000001));
#4056=CARTESIAN_POINT('',(2.975,6.74999999999999,3.94000000000003));
#4057=VECTOR('',#5036,1.0);
#4058=CARTESIAN_POINT('',(2.58499999999999,6.74999999999999,0.240000000000002));
#4059=CARTESIAN_POINT('',(2.58499999999999,6.74999999999999,0.240000000000002));
#4060=VECTOR('',#5037,1.0);
#4061=CARTESIAN_POINT('',(2.58499999999999,6.74999999999999,0.240000000000002));
#4062=VECTOR('',#5038,1.0);
#4063=CARTESIAN_POINT('',(2.315,6.74999999999999,0.27));
#4064=VECTOR('',#5039,1.0);
#4065=CARTESIAN_POINT('',(-6.57499999999999,6.75,0.27));
#4066=CARTESIAN_POINT('',(-6.58499999999999,6.74999999999999,0.269999999999999));
#4067=VECTOR('',#5040,1.0);
#4068=CARTESIAN_POINT('',(-6.975,6.75,3.94000000000003));
#4069=VECTOR('',#5041,1.0);
#4070=CARTESIAN_POINT('',(-6.315,6.75,3.94000000000003));
#4071=VECTOR('',#5042,1.0);
#4072=CARTESIAN_POINT('',(-6.58499999999999,6.74999999999999,0.269999999999999));
#4073=VECTOR('',#5043,1.0);
#4074=CARTESIAN_POINT('',(-6.315,4.05,0.380000000000005));
#4075=CARTESIAN_POINT('',(-6.315,6.75,0.380000000000005));
#4076=VECTOR('',#5044,1.0);
#4077=CARTESIAN_POINT('',(-5.2,4.05,0.380000000000005));
#4078=CARTESIAN_POINT('',(-6.585,4.05,0.380000000000005));
#4079=VECTOR('',#5045,1.0);
#4080=CARTESIAN_POINT('',(-5.2,9.1,0.379999999999996));
#4081=VECTOR('',#5046,1.0);
#4082=CARTESIAN_POINT('',(-6.975,3.75,2.54));
#4083=CARTESIAN_POINT('',(-6.975,3.75,2.54));
#4084=VECTOR('',#5047,1.0);
#4085=CARTESIAN_POINT('',(-6.975,11.35,2.54));
#4086=VECTOR('',#5048,1.0);
#4087=CARTESIAN_POINT('',(2.975,3.75,0.240000000000001));
#4088=CARTESIAN_POINT('',(2.975,3.75,2.54));
#4089=CARTESIAN_POINT('',(2.975,3.75,-0.0200000000000049));
#4090=VECTOR('',#5049,1.0);
#4091=CARTESIAN_POINT('',(2.975,6.74999999999999,0.240000000000001));
#4092=VECTOR('',#5050,1.0);
#4093=CARTESIAN_POINT('',(2.975,11.35,2.54));
#4094=VECTOR('',#5051,1.0);
#4095=CARTESIAN_POINT('',(2.58499999999999,3.75,0.240000000000002));
#4096=CARTESIAN_POINT('',(2.58499999999999,3.75,2.2));
#4097=CARTESIAN_POINT('',(2.58499999999999,3.75,0.380000000000002));
#4098=VECTOR('',#5052,1.0);
#4099=CARTESIAN_POINT('',(2.975,3.75,0.240000000000001));
#4100=VECTOR('',#5053,1.0);
#4101=CARTESIAN_POINT('',(1.42499999999999,3.74999999999999,2.54));
#4102=CARTESIAN_POINT('',(2.975,3.75,2.54));
#4103=VECTOR('',#5054,1.0);
#4104=CARTESIAN_POINT('',(1.42500000000001,3.75,2.2));
#4105=CARTESIAN_POINT('',(1.42500000000001,3.75,2.2));
#4106=VECTOR('',#5055,1.0);
#4107=CARTESIAN_POINT('',(2.58499999999999,3.75,2.2));
#4108=VECTOR('',#5056,1.0);
#4109=CARTESIAN_POINT('',(-5.425,3.75,2.54));
#4110=CARTESIAN_POINT('',(-5.425,3.75,2.25));
#4111=VECTOR('',#5057,1.0);
#4112=CARTESIAN_POINT('',(2.975,3.75,2.54));
#4113=VECTOR('',#5058,1.0);
#4114=CARTESIAN_POINT('',(2.58499999999999,6.6,0.240000000000002));
#4115=CARTESIAN_POINT('',(2.58499999999999,3.75,0.240000000000002));
#4116=VECTOR('',#5059,1.0);
#4117=CARTESIAN_POINT('',(2.58499999999999,6.6,0.310839202169009));
#4118=CARTESIAN_POINT('',(2.58499999999999,6.6,0.380000000000002));
#4119=VECTOR('',#5060,1.0);
#4120=CARTESIAN_POINT('',(2.58499999999999,4.0,0.310839202169009));
#4121=CARTESIAN_POINT('',(2.58499999999999,6.6,0.310839202169009));
#4122=VECTOR('',#5061,1.0);
#4123=CARTESIAN_POINT('',(2.58499999999999,4.0,0.240000000000002));
#4124=CARTESIAN_POINT('',(2.58499999999999,4.0,0.380000000000002));
#4125=VECTOR('',#5062,1.0);
#4126=CARTESIAN_POINT('',(2.58499999999999,3.75,0.240000000000002));
#4127=VECTOR('',#5063,1.0);
#4128=CARTESIAN_POINT('',(2.58499999999999,9.1,2.2));
#4129=VECTOR('',#5064,1.0);
#4130=CARTESIAN_POINT('',(1.20000000000001,6.25000000000002,3.93999999999997));
#4131=VECTOR('',#5065,1.0);
#4132=CARTESIAN_POINT('',(1.20000000000001,4.05000000000002,3.93999999999997));
#4133=VECTOR('',#5066,1.0);
#4134=CARTESIAN_POINT('',(-5.425,8.05,2.24999999999999));
#4135=CARTESIAN_POINT('',(-4.925,8.05,2.25));
#4136=CARTESIAN_POINT('',(-4.925,8.05,2.25));
#4137=VECTOR('',#5067,1.0);
#4138=CARTESIAN_POINT('',(-5.425,9.1,2.25));
#4139=VECTOR('',#5068,1.0);
#4140=CARTESIAN_POINT('',(1.425,8.04999999999999,2.25));
#4141=CARTESIAN_POINT('',(1.42500000000001,9.1,2.25));
#4142=VECTOR('',#5069,1.0);
#4143=CARTESIAN_POINT('',(0.925000000000003,8.04999999999999,2.25));
#4144=CARTESIAN_POINT('',(1.425,8.04999999999999,2.25));
#4145=VECTOR('',#5070,1.0);
#4146=CARTESIAN_POINT('',(0.924999999999997,5.74999999999999,2.25));
#4147=CARTESIAN_POINT('',(0.925000000000003,8.04999999999999,2.25));
#4148=VECTOR('',#5071,1.0);
#4149=CARTESIAN_POINT('',(-4.925,5.75,2.24999999999999));
#4150=CARTESIAN_POINT('',(0.924999999999996,5.74999999999999,2.25));
#4151=VECTOR('',#5072,1.0);
#4152=CARTESIAN_POINT('',(-4.925,5.75,2.25));
#4153=VECTOR('',#5073,1.0);
#4154=CARTESIAN_POINT('',(-4.25,6.95,2.54));
#4155=CARTESIAN_POINT('',(-4.0,6.45,2.54));
#4156=CARTESIAN_POINT('',(-4.25,6.95,2.54));
#4157=VECTOR('',#5074,1.0);
#4158=CARTESIAN_POINT('',(-3.75,6.95,2.54));
#4159=CARTESIAN_POINT('',(-3.75,6.95,2.54));
#4160=VECTOR('',#5075,1.0);
#4161=CARTESIAN_POINT('',(-4.0,6.45,2.54));
#4162=VECTOR('',#5076,1.0);
#4163=CARTESIAN_POINT('',(-5.425,8.05,2.54));
#4164=CARTESIAN_POINT('',(-5.425,8.05,2.54));
#4165=VECTOR('',#5077,1.0);
#4166=CARTESIAN_POINT('',(-4.925,8.05,2.54));
#4167=CARTESIAN_POINT('',(-4.925,8.05,2.54));
#4168=VECTOR('',#5078,1.0);
#4169=CARTESIAN_POINT('',(-4.925,5.75,2.54));
#4170=CARTESIAN_POINT('',(-4.925,5.75,2.54));
#4171=VECTOR('',#5079,1.0);
#4172=CARTESIAN_POINT('',(0.924999999999997,5.74999999999999,2.54));
#4173=CARTESIAN_POINT('',(0.924999999999997,5.74999999999999,2.54));
#4174=VECTOR('',#5080,1.0);
#4175=CARTESIAN_POINT('',(0.925000000000003,8.04999999999999,2.54));
#4176=CARTESIAN_POINT('',(0.925000000000003,8.04999999999999,2.54));
#4177=VECTOR('',#5081,1.0);
#4178=CARTESIAN_POINT('',(1.425,8.04999999999999,2.54));
#4179=CARTESIAN_POINT('',(1.425,8.04999999999999,2.54));
#4180=VECTOR('',#5082,1.0);
#4181=CARTESIAN_POINT('',(1.42499999999999,3.74999999999999,2.54));
#4182=VECTOR('',#5083,1.0);
#4183=CARTESIAN_POINT('',(-5.2,4.05,3.93999999999998));
#4184=VECTOR('',#5084,1.0);
#4185=CARTESIAN_POINT('',(-5.2,6.25,3.93999999999998));
#4186=VECTOR('',#5085,1.0);
#4187=CARTESIAN_POINT('',(2.575,7.69999999999999,2.2));
#4188=CARTESIAN_POINT('',(2.575,8.52599999999999,2.2));
#4189=CARTESIAN_POINT('',(2.57499999999999,9.1,2.2));
#4190=VECTOR('',#5086,1.0);
#4191=CARTESIAN_POINT('',(2.32499999999999,8.52599999999999,2.2));
#4192=CARTESIAN_POINT('',(2.58499999999999,8.52599999999999,2.2));
#4193=VECTOR('',#5087,1.0);
#4194=CARTESIAN_POINT('',(2.32499999999999,7.69999999999999,2.2));
#4195=CARTESIAN_POINT('',(2.32499999999999,9.1,2.2));
#4196=VECTOR('',#5088,1.0);
#4197=CARTESIAN_POINT('',(2.58499999999999,7.69999999999999,2.2));
#4198=VECTOR('',#5089,1.0);
#4199=CARTESIAN_POINT('',(1.42500000000001,7.44999999999999,2.2));
#4200=CARTESIAN_POINT('',(1.42500000000001,9.1,2.2));
#4201=VECTOR('',#5090,1.0);
#4202=CARTESIAN_POINT('',(2.315,7.45,2.2));
#4203=CARTESIAN_POINT('',(2.315,7.45,2.2));
#4204=VECTOR('',#5091,1.0);
#4205=CARTESIAN_POINT('',(2.315,7.45,2.2));
#4206=VECTOR('',#5092,1.0);
#4207=CARTESIAN_POINT('',(1.425,8.04999999999999,-0.331000000000009));
#4208=VECTOR('',#5093,1.0);
#4209=CARTESIAN_POINT('',(1.42500000000001,7.44999999999999,1.91));
#4210=CARTESIAN_POINT('',(1.42500000000001,7.44999999999999,1.91));
#4211=VECTOR('',#5094,1.0);
#4212=CARTESIAN_POINT('',(1.42500000000001,7.44999999999999,2.2));
#4213=VECTOR('',#5095,1.0);
#4214=CARTESIAN_POINT('',(-5.42500000000001,7.45,1.91));
#4215=CARTESIAN_POINT('',(-5.42500000000001,7.45,1.91));
#4216=VECTOR('',#5096,1.0);
#4217=CARTESIAN_POINT('',(-5.42500000000001,7.45,1.91));
#4218=VECTOR('',#5097,1.0);
#4219=CARTESIAN_POINT('',(-5.425,8.05,-0.331000000000008));
#4220=VECTOR('',#5098,1.0);
#4221=CARTESIAN_POINT('',(0.925000000000003,8.04999999999999,-0.331000000000009));
#4222=VECTOR('',#5099,1.0);
#4223=CARTESIAN_POINT('',(0.924999999999997,5.74999999999999,-0.331000000000009));
#4224=VECTOR('',#5100,1.0);
#4225=CARTESIAN_POINT('',(-4.925,5.75,-0.331000000000008));
#4226=VECTOR('',#5101,1.0);
#4227=CARTESIAN_POINT('',(-4.925,8.05,-0.331000000000008));
#4228=VECTOR('',#5102,1.0);
#4229=CARTESIAN_POINT('',(-6.315,4.05,3.93999999999998));
#4230=VECTOR('',#5103,1.0);
#4231=CARTESIAN_POINT('',(2.315,4.05,3.93999999999997));
#4232=VECTOR('',#5104,1.0);
#4233=CARTESIAN_POINT('',(-6.315,7.45,1.91));
#4234=CARTESIAN_POINT('',(-6.315,7.45,1.91));
#4235=VECTOR('',#5105,1.0);
#4236=CARTESIAN_POINT('',(-6.315,7.45,2.2));
#4237=VECTOR('',#5106,1.0);
#4238=CARTESIAN_POINT('',(-6.315,7.45,1.91));
#4239=VECTOR('',#5107,1.0);
#4240=CARTESIAN_POINT('',(2.315,7.45,1.91));
#4241=CARTESIAN_POINT('',(2.315,7.45,1.91));
#4242=VECTOR('',#5108,1.0);
#4243=CARTESIAN_POINT('',(1.425,7.45,1.91));
#4244=VECTOR('',#5109,1.0);
#4245=CARTESIAN_POINT('',(2.315,7.45,1.91));
#4246=VECTOR('',#5110,1.0);
#4247=CARTESIAN_POINT('',(2.315,30.0150000000001,0.27));
#4248=VECTOR('',#5111,1.0);
#4249=CARTESIAN_POINT('',(2.6305010040201,6.6,0.240000000000002));
#4250=CARTESIAN_POINT('',(1.5846031751711E-16,6.6,0.240000000000003));
#4251=VECTOR('',#5112,1.0);
#4252=CARTESIAN_POINT('',(2.6305010040201,4.0,0.240000000000002));
#4253=CARTESIAN_POINT('',(1.5846031751711E-16,4.0,0.240000000000003));
#4254=VECTOR('',#5113,1.0);
#4255=CARTESIAN_POINT('',(2.6305010040201,6.6,0.240000000000002));
#4256=VECTOR('',#5114,1.0);
#4257=CARTESIAN_POINT('',(-6.57499999999999,6.6,0.27));
#4258=VECTOR('',#5115,1.0);
#4259=CARTESIAN_POINT('',(2.32499999999999,6.6,0.27));
#4260=VECTOR('',#5116,1.0);
#4261=CARTESIAN_POINT('',(-0.195000000000002,6.6,0.310000000000003));
#4262=CARTESIAN_POINT('',(-0.195000000000002,6.6,0.310000000000003));
#4263=VECTOR('',#5117,1.0);
#4264=CARTESIAN_POINT('',(-0.195000000000002,6.69999999900002,0.310000000000003));
#4265=CARTESIAN_POINT('',(-0.195000000000002,6.6,0.310000000000003));
#4266=VECTOR('',#5118,1.0);
#4267=CARTESIAN_POINT('',(-0.195000000000002,6.6,0.310000000000003));
#4268=VECTOR('',#5119,1.0);
#4269=CARTESIAN_POINT('',(0.194999999999998,6.6,0.310000000000003));
#4270=CARTESIAN_POINT('',(0.194999999999998,6.6,0.310000000000003));
#4271=VECTOR('',#5120,1.0);
#4272=CARTESIAN_POINT('',(0.194999999999998,6.6,0.180000000000003));
#4273=VECTOR('',#5121,1.0);
#4274=CARTESIAN_POINT('',(0.25,6.69999999900002,0.309999999999966));
#4275=VECTOR('',#5122,1.0);
#4276=CARTESIAN_POINT('',(0.194999999999998,6.6,0.310000000000003));
#4277=VECTOR('',#5123,1.0);
#4278=CARTESIAN_POINT('',(-0.25,10.849999999,-0.0600000000000343));
#4279=CARTESIAN_POINT('',(-0.25,10.749999999,0.0399999999999657));
#4280=VECTOR('',#5124,1.0);
#4281=CARTESIAN_POINT('',(-0.25,11.359999999,0.539999999999965));
#4282=AXIS2_PLACEMENT_3D('',#5125,#5126,#5127);
#4283=CARTESIAN_POINT('',(-0.25,11.699999999,0.539999999999966));
#4284=CARTESIAN_POINT('',(-0.25,11.699999999,0.539999999999966));
#4285=VECTOR('',#5128,1.0);
#4286=CARTESIAN_POINT('',(-0.25,11.699999999,0.0399999999999657));
#4287=CARTESIAN_POINT('',(-0.25,11.699999999,0.0399999999999658));
#4288=VECTOR('',#5129,1.0);
#4289=CARTESIAN_POINT('',(-0.25,11.599999999,-0.0600000000000342));
#4290=CARTESIAN_POINT('',(-0.25,11.599999999,-0.0600000000000342));
#4291=VECTOR('',#5130,1.0);
#4292=CARTESIAN_POINT('',(-0.25,10.849999999,-0.0600000000000343));
#4293=VECTOR('',#5131,1.0);
#4294=CARTESIAN_POINT('',(0.25,10.849999999,-0.0600000000000343));
#4295=CARTESIAN_POINT('',(0.25,10.749999999,0.0399999999999657));
#4296=VECTOR('',#5132,1.0);
#4297=CARTESIAN_POINT('',(0.25,11.599999999,-0.0600000000000342));
#4298=CARTESIAN_POINT('',(0.25,10.849999999,-0.0600000000000343));
#4299=VECTOR('',#5133,1.0);
#4300=CARTESIAN_POINT('',(0.25,11.699999999,0.0399999999999657));
#4301=CARTESIAN_POINT('',(0.25,11.599999999,-0.0600000000000342));
#4302=VECTOR('',#5134,1.0);
#4303=CARTESIAN_POINT('',(0.25,11.699999999,0.539999999999966));
#4304=CARTESIAN_POINT('',(0.25,11.699999999,0.0399999999999658));
#4305=VECTOR('',#5135,1.0);
#4306=CARTESIAN_POINT('',(0.25,11.359999999,0.539999999999965));
#4307=CARTESIAN_POINT('',(0.25,11.699999999,0.539999999999966));
#4308=VECTOR('',#5136,1.0);
#4309=AXIS2_PLACEMENT_3D('',#5137,#5138,#5139);
#4310=CARTESIAN_POINT('',(0.25,11.359999999,0.539999999999965));
#4311=VECTOR('',#5140,1.0);
#4312=CARTESIAN_POINT('',(0.25,11.699999999,0.539999999999966));
#4313=VECTOR('',#5141,1.0);
#4314=CARTESIAN_POINT('',(0.25,11.699999999,0.0399999999999657));
#4315=VECTOR('',#5142,1.0);
#4316=CARTESIAN_POINT('',(0.25,11.599999999,-0.0600000000000342));
#4317=VECTOR('',#5143,1.0);
#4318=CARTESIAN_POINT('',(0.25,10.849999999,-0.0600000000000343));
#4319=VECTOR('',#5144,1.0);
#4320=CARTESIAN_POINT('',(-0.2,6.69999999900002,0.310000000000003));
#4321=CARTESIAN_POINT('',(-0.2,6.69999999900002,0.310000000000003));
#4322=VECTOR('',#5145,1.0);
#4323=CARTESIAN_POINT('',(0.25,6.69999999900002,0.309999999999966));
#4324=VECTOR('',#5146,1.0);
#4325=CARTESIAN_POINT('',(0.2,6.69999999900002,1.42999999999997));
#4326=VECTOR('',#5147,1.0);
#4327=CARTESIAN_POINT('',(-0.2,-14.6600000098998,0.310000000000003));
#4328=VECTOR('',#5148,1.0);
#4329=CARTESIAN_POINT('',(-2.195,6.6,0.310000000000003));
#4330=CARTESIAN_POINT('',(-2.195,6.6,0.310000000000003));
#4331=VECTOR('',#5149,1.0);
#4332=CARTESIAN_POINT('',(-2.195,6.69999999900002,0.310000000000003));
#4333=CARTESIAN_POINT('',(-2.195,6.6,0.310000000000003));
#4334=VECTOR('',#5150,1.0);
#4335=CARTESIAN_POINT('',(-2.195,6.6,0.310000000000003));
#4336=VECTOR('',#5151,1.0);
#4337=CARTESIAN_POINT('',(-1.805,6.6,0.310000000000003));
#4338=CARTESIAN_POINT('',(-1.805,6.6,0.310000000000003));
#4339=VECTOR('',#5152,1.0);
#4340=CARTESIAN_POINT('',(-1.805,6.6,0.180000000000003));
#4341=VECTOR('',#5153,1.0);
#4342=CARTESIAN_POINT('',(-1.75,6.69999999900002,0.309999999999966));
#4343=VECTOR('',#5154,1.0);
#4344=CARTESIAN_POINT('',(-1.805,6.6,0.310000000000003));
#4345=VECTOR('',#5155,1.0);
#4346=CARTESIAN_POINT('',(-2.25,10.849999999,-0.0600000000000343));
#4347=CARTESIAN_POINT('',(-2.25,10.749999999,0.0399999999999657));
#4348=VECTOR('',#5156,1.0);
#4349=CARTESIAN_POINT('',(-2.25,11.359999999,0.539999999999965));
#4350=AXIS2_PLACEMENT_3D('',#5157,#5158,#5159);
#4351=CARTESIAN_POINT('',(-2.25,11.699999999,0.539999999999966));
#4352=CARTESIAN_POINT('',(-2.25,11.699999999,0.539999999999966));
#4353=VECTOR('',#5160,1.0);
#4354=CARTESIAN_POINT('',(-2.25,11.699999999,0.0399999999999657));
#4355=CARTESIAN_POINT('',(-2.25,11.699999999,0.0399999999999658));
#4356=VECTOR('',#5161,1.0);
#4357=CARTESIAN_POINT('',(-2.25,11.599999999,-0.0600000000000342));
#4358=CARTESIAN_POINT('',(-2.25,11.599999999,-0.0600000000000342));
#4359=VECTOR('',#5162,1.0);
#4360=CARTESIAN_POINT('',(-2.25,10.849999999,-0.0600000000000343));
#4361=VECTOR('',#5163,1.0);
#4362=CARTESIAN_POINT('',(-1.75,10.849999999,-0.0600000000000343));
#4363=CARTESIAN_POINT('',(-1.75,10.749999999,0.0399999999999657));
#4364=VECTOR('',#5164,1.0);
#4365=CARTESIAN_POINT('',(-1.75,11.599999999,-0.0600000000000342));
#4366=CARTESIAN_POINT('',(-1.75,10.849999999,-0.0600000000000343));
#4367=VECTOR('',#5165,1.0);
#4368=CARTESIAN_POINT('',(-1.75,11.699999999,0.0399999999999657));
#4369=CARTESIAN_POINT('',(-1.75,11.599999999,-0.0600000000000342));
#4370=VECTOR('',#5166,1.0);
#4371=CARTESIAN_POINT('',(-1.75,11.699999999,0.539999999999966));
#4372=CARTESIAN_POINT('',(-1.75,11.699999999,0.0399999999999658));
#4373=VECTOR('',#5167,1.0);
#4374=CARTESIAN_POINT('',(-1.75,11.359999999,0.539999999999965));
#4375=CARTESIAN_POINT('',(-1.75,11.699999999,0.539999999999966));
#4376=VECTOR('',#5168,1.0);
#4377=AXIS2_PLACEMENT_3D('',#5169,#5170,#5171);
#4378=CARTESIAN_POINT('',(-1.75,11.359999999,0.539999999999965));
#4379=VECTOR('',#5172,1.0);
#4380=CARTESIAN_POINT('',(-1.75,11.699999999,0.539999999999966));
#4381=VECTOR('',#5173,1.0);
#4382=CARTESIAN_POINT('',(-1.75,11.699999999,0.0399999999999657));
#4383=VECTOR('',#5174,1.0);
#4384=CARTESIAN_POINT('',(-1.75,11.599999999,-0.0600000000000342));
#4385=VECTOR('',#5175,1.0);
#4386=CARTESIAN_POINT('',(-1.75,10.849999999,-0.0600000000000343));
#4387=VECTOR('',#5176,1.0);
#4388=CARTESIAN_POINT('',(-2.2,6.69999999900002,0.310000000000003));
#4389=CARTESIAN_POINT('',(-2.2,6.69999999900002,0.310000000000003));
#4390=VECTOR('',#5177,1.0);
#4391=CARTESIAN_POINT('',(-1.75,6.69999999900002,0.309999999999966));
#4392=VECTOR('',#5178,1.0);
#4393=CARTESIAN_POINT('',(-1.8,6.69999999900002,1.42999999999997));
#4394=VECTOR('',#5179,1.0);
#4395=CARTESIAN_POINT('',(-2.2,-14.6600000098998,0.310000000000003));
#4396=VECTOR('',#5180,1.0);
#4397=CARTESIAN_POINT('',(-4.195,6.6,0.310000000000003));
#4398=CARTESIAN_POINT('',(-4.195,6.6,0.310000000000003));
#4399=VECTOR('',#5181,1.0);
#4400=CARTESIAN_POINT('',(-4.195,6.69999999900002,0.310000000000003));
#4401=CARTESIAN_POINT('',(-4.195,6.6,0.310000000000003));
#4402=VECTOR('',#5182,1.0);
#4403=CARTESIAN_POINT('',(-4.195,6.6,0.310000000000003));
#4404=VECTOR('',#5183,1.0);
#4405=CARTESIAN_POINT('',(-3.805,6.6,0.310000000000003));
#4406=CARTESIAN_POINT('',(-3.805,6.6,0.310000000000003));
#4407=VECTOR('',#5184,1.0);
#4408=CARTESIAN_POINT('',(-3.805,6.6,0.180000000000003));
#4409=VECTOR('',#5185,1.0);
#4410=CARTESIAN_POINT('',(-3.75,6.69999999900002,0.309999999999966));
#4411=VECTOR('',#5186,1.0);
#4412=CARTESIAN_POINT('',(-3.805,6.6,0.310000000000003));
#4413=VECTOR('',#5187,1.0);
#4414=CARTESIAN_POINT('',(-4.25,10.849999999,-0.0600000000000343));
#4415=CARTESIAN_POINT('',(-4.25,10.749999999,0.0399999999999657));
#4416=VECTOR('',#5188,1.0);
#4417=CARTESIAN_POINT('',(-4.25,11.359999999,0.539999999999965));
#4418=AXIS2_PLACEMENT_3D('',#5189,#5190,#5191);
#4419=CARTESIAN_POINT('',(-4.25,11.699999999,0.539999999999966));
#4420=CARTESIAN_POINT('',(-4.25,11.699999999,0.539999999999966));
#4421=VECTOR('',#5192,1.0);
#4422=CARTESIAN_POINT('',(-4.25,11.699999999,0.0399999999999657));
#4423=CARTESIAN_POINT('',(-4.25,11.699999999,0.0399999999999658));
#4424=VECTOR('',#5193,1.0);
#4425=CARTESIAN_POINT('',(-4.25,11.599999999,-0.0600000000000342));
#4426=CARTESIAN_POINT('',(-4.25,11.599999999,-0.0600000000000342));
#4427=VECTOR('',#5194,1.0);
#4428=CARTESIAN_POINT('',(-4.25,10.849999999,-0.0600000000000343));
#4429=VECTOR('',#5195,1.0);
#4430=CARTESIAN_POINT('',(-3.75,10.849999999,-0.0600000000000343));
#4431=CARTESIAN_POINT('',(-3.75,10.749999999,0.0399999999999657));
#4432=VECTOR('',#5196,1.0);
#4433=CARTESIAN_POINT('',(-3.75,11.599999999,-0.0600000000000342));
#4434=CARTESIAN_POINT('',(-3.75,10.849999999,-0.0600000000000343));
#4435=VECTOR('',#5197,1.0);
#4436=CARTESIAN_POINT('',(-3.75,11.699999999,0.0399999999999657));
#4437=CARTESIAN_POINT('',(-3.75,11.599999999,-0.0600000000000342));
#4438=VECTOR('',#5198,1.0);
#4439=CARTESIAN_POINT('',(-3.75,11.699999999,0.539999999999966));
#4440=CARTESIAN_POINT('',(-3.75,11.699999999,0.0399999999999658));
#4441=VECTOR('',#5199,1.0);
#4442=CARTESIAN_POINT('',(-3.75,11.359999999,0.539999999999965));
#4443=CARTESIAN_POINT('',(-3.75,11.699999999,0.539999999999966));
#4444=VECTOR('',#5200,1.0);
#4445=AXIS2_PLACEMENT_3D('',#5201,#5202,#5203);
#4446=CARTESIAN_POINT('',(-3.75,11.359999999,0.539999999999965));
#4447=VECTOR('',#5204,1.0);
#4448=CARTESIAN_POINT('',(-3.75,11.699999999,0.539999999999966));
#4449=VECTOR('',#5205,1.0);
#4450=CARTESIAN_POINT('',(-3.75,11.699999999,0.0399999999999657));
#4451=VECTOR('',#5206,1.0);
#4452=CARTESIAN_POINT('',(-3.75,11.599999999,-0.0600000000000342));
#4453=VECTOR('',#5207,1.0);
#4454=CARTESIAN_POINT('',(-3.75,10.849999999,-0.0600000000000343));
#4455=VECTOR('',#5208,1.0);
#4456=CARTESIAN_POINT('',(-4.2,6.69999999900002,0.310000000000003));
#4457=CARTESIAN_POINT('',(-4.2,6.69999999900002,0.310000000000003));
#4458=VECTOR('',#5209,1.0);
#4459=CARTESIAN_POINT('',(-3.75,6.69999999900002,0.309999999999966));
#4460=VECTOR('',#5210,1.0);
#4461=CARTESIAN_POINT('',(-3.8,6.69999999900002,1.42999999999997));
#4462=VECTOR('',#5211,1.0);
#4463=CARTESIAN_POINT('',(-4.2,-14.6600000098998,0.310000000000003));
#4464=VECTOR('',#5212,1.0);
#4465=CARTESIAN_POINT('',(2.32499999999999,8.62999999999999,2.1));
#4466=CARTESIAN_POINT('',(2.32499999999999,10.6,2.1));
#4467=VECTOR('',#5213,1.0);
#4468=CARTESIAN_POINT('',(2.32499999999999,6.6,0.27));
#4469=CARTESIAN_POINT('',(2.32499999999999,6.6,0.27));
#4470=VECTOR('',#5214,1.0);
#4471=CARTESIAN_POINT('',(2.32499999999999,6.6,0.340000000000001));
#4472=CARTESIAN_POINT('',(2.32499999999999,6.6,1.69));
#4473=VECTOR('',#5215,1.0);
#4474=CARTESIAN_POINT('',(2.32499999999999,4.0,0.340000000000001));
#4475=CARTESIAN_POINT('',(2.32499999999999,6.6,0.340000000000001));
#4476=VECTOR('',#5216,1.0);
#4477=CARTESIAN_POINT('',(2.32499999999998,4.0,1.73));
#4478=CARTESIAN_POINT('',(2.32499999999999,4.0,1.73));
#4479=VECTOR('',#5217,1.0);
#4480=CARTESIAN_POINT('',(2.32499999999999,5.04999999999999,1.73));
#4481=CARTESIAN_POINT('',(2.32499999999998,6.6,1.73));
#4482=VECTOR('',#5218,1.0);
#4483=CARTESIAN_POINT('',(2.32499999999999,5.04999999999999,0.57));
#4484=CARTESIAN_POINT('',(2.32499999999999,5.04999999999999,1.73));
#4485=VECTOR('',#5219,1.0);
#4486=CARTESIAN_POINT('',(2.32499999999999,6.14999999999999,0.57));
#4487=CARTESIAN_POINT('',(2.32499999999999,6.6,0.57));
#4488=VECTOR('',#5220,1.0);
#4489=CARTESIAN_POINT('',(2.32499999999998,6.14999999999999,1.73));
#4490=CARTESIAN_POINT('',(2.32499999999999,6.14999999999999,1.73));
#4491=VECTOR('',#5221,1.0);
#4492=CARTESIAN_POINT('',(2.32499999999998,7.3,1.73));
#4493=CARTESIAN_POINT('',(2.32499999999998,6.6,1.73));
#4494=VECTOR('',#5222,1.0);
#4495=CARTESIAN_POINT('',(2.32499999999999,7.3,1.69));
#4496=CARTESIAN_POINT('',(2.32499999999999,7.3,1.73));
#4497=VECTOR('',#5223,1.0);
#4498=CARTESIAN_POINT('',(2.32499999999999,7.69999999999999,1.69));
#4499=CARTESIAN_POINT('',(2.32499999999999,7.69999999999999,1.69));
#4500=VECTOR('',#5224,1.0);
#4501=CARTESIAN_POINT('',(2.32499999999999,7.69999999999999,2.29));
#4502=VECTOR('',#5225,1.0);
#4503=CARTESIAN_POINT('',(2.32499999999999,8.62999999999999,2.14));
#4504=CARTESIAN_POINT('',(2.32499999999999,8.62999999999999,2.14));
#4505=VECTOR('',#5226,1.0);
#4506=CARTESIAN_POINT('',(2.32499999999999,8.62999999999999,2.1));
#4507=VECTOR('',#5227,1.0);
#4508=CARTESIAN_POINT('',(2.575,8.62999999999999,2.1));
#4509=CARTESIAN_POINT('',(2.57500000000001,10.6,2.1));
#4510=VECTOR('',#5228,1.0);
#4511=CARTESIAN_POINT('',(2.57499999999999,8.62999999999999,2.14));
#4512=CARTESIAN_POINT('',(2.57499999999999,8.62999999999999,2.1));
#4513=VECTOR('',#5229,1.0);
#4514=CARTESIAN_POINT('',(2.575,8.62999999999999,2.14));
#4515=VECTOR('',#5230,1.0);
#4516=CARTESIAN_POINT('',(2.575,7.69999999999999,1.69));
#4517=CARTESIAN_POINT('',(2.575,7.69999999999999,2.29));
#4518=VECTOR('',#5231,1.0);
#4519=CARTESIAN_POINT('',(2.575,7.3,1.69));
#4520=CARTESIAN_POINT('',(2.575,7.69999999999999,1.69));
#4521=VECTOR('',#5232,1.0);
#4522=CARTESIAN_POINT('',(2.57499999999999,7.3,1.73));
#4523=CARTESIAN_POINT('',(2.57499999999999,7.3,0.37));
#4524=VECTOR('',#5233,1.0);
#4525=CARTESIAN_POINT('',(2.575,6.14999999999999,1.73));
#4526=CARTESIAN_POINT('',(2.57499999999999,6.6,1.73));
#4527=VECTOR('',#5234,1.0);
#4528=CARTESIAN_POINT('',(2.575,6.14999999999999,0.57));
#4529=CARTESIAN_POINT('',(2.575,6.14999999999999,0.57));
#4530=VECTOR('',#5235,1.0);
#4531=CARTESIAN_POINT('',(2.57499999999999,5.04999999999999,0.57));
#4532=CARTESIAN_POINT('',(2.57499999999999,5.04999999999999,0.57));
#4533=VECTOR('',#5236,1.0);
#4534=CARTESIAN_POINT('',(2.575,5.04999999999999,1.73));
#4535=CARTESIAN_POINT('',(2.575,5.04999999999999,2.16));
#4536=VECTOR('',#5237,1.0);
#4537=CARTESIAN_POINT('',(2.57499999999999,4.0,1.73));
#4538=CARTESIAN_POINT('',(2.57499999999999,6.6,1.73));
#4539=VECTOR('',#5238,1.0);
#4540=CARTESIAN_POINT('',(2.57499999999999,4.0,0.37));
#4541=CARTESIAN_POINT('',(2.57499999999999,4.0,0.37));
#4542=VECTOR('',#5239,1.0);
#4543=CARTESIAN_POINT('',(2.57499999999999,6.6,0.37));
#4544=CARTESIAN_POINT('',(2.57499999999999,6.6,0.37));
#4545=VECTOR('',#5240,1.0);
#4546=CARTESIAN_POINT('',(2.57499999999999,6.6,0.27));
#4547=CARTESIAN_POINT('',(2.57499999999999,6.6,1.69));
#4548=VECTOR('',#5241,1.0);
#4549=CARTESIAN_POINT('',(2.57499999999999,6.6,0.27));
#4550=VECTOR('',#5242,1.0);
#4551=CARTESIAN_POINT('',(0.0999999999999998,8.62999999999999,2.14));
#4552=VECTOR('',#5243,1.0);
#4553=CARTESIAN_POINT('',(0.100000000000009,7.69999999999999,1.69));
#4554=VECTOR('',#5244,1.0);
#4555=CARTESIAN_POINT('',(2.75499999999999,6.6,0.189999999999999));
#4556=AXIS2_PLACEMENT_3D('',#5245,#5246,#5247);
#4557=CARTESIAN_POINT('',(3.37499999999999,6.6,0.189999999999999));
#4558=CARTESIAN_POINT('',(3.37499999999999,6.6,0.189999999999999));
#4559=VECTOR('',#5248,1.0);
#4560=CARTESIAN_POINT('',(3.37499999999999,6.6,-0.0600000000000008));
#4561=CARTESIAN_POINT('',(3.37499999999999,6.6,-0.0600000000000008));
#4562=VECTOR('',#5249,1.0);
#4563=CARTESIAN_POINT('',(2.72499999999998,6.6,-0.0599999999999994));
#4564=CARTESIAN_POINT('',(2.72499999999998,6.6,-0.0600000000000006));
#4565=VECTOR('',#5250,1.0);
#4566=CARTESIAN_POINT('',(2.33117262664968,6.6,0.27));
#4567=AXIS2_PLACEMENT_3D('',#5251,#5252,#5253);
#4568=CARTESIAN_POINT('',(0.0999999999999998,6.6,0.27));
#4569=VECTOR('',#5254,1.0);
#4570=AXIS2_PLACEMENT_3D('',#5255,#5256,#5257);
#4571=AXIS2_PLACEMENT_3D('',#5258,#5259,#5260);
#4572=CARTESIAN_POINT('',(2.14499999999998,4.0,2.16));
#4573=AXIS2_PLACEMENT_3D('',#5261,#5262,#5263);
#4574=CARTESIAN_POINT('',(1.47499999999999,4.0,2.16));
#4575=CARTESIAN_POINT('',(2.14499999999999,4.0,2.16));
#4576=VECTOR('',#5264,1.0);
#4577=CARTESIAN_POINT('',(1.47499999999999,4.0,1.91));
#4578=CARTESIAN_POINT('',(1.47499999999999,4.0,2.16));
#4579=VECTOR('',#5265,1.0);
#4580=CARTESIAN_POINT('',(2.14499999999998,4.0,1.91));
#4581=CARTESIAN_POINT('',(1.47499999999999,4.0,1.91));
#4582=VECTOR('',#5266,1.0);
#4583=AXIS2_PLACEMENT_3D('',#5267,#5268,#5269);
#4584=CARTESIAN_POINT('',(2.72499999999998,4.0,-0.0599999999999994));
#4585=AXIS2_PLACEMENT_3D('',#5270,#5271,#5272);
#4586=CARTESIAN_POINT('',(3.37499999999999,4.0,-0.0600000000000008));
#4587=CARTESIAN_POINT('',(2.72499999999998,4.0,-0.0600000000000006));
#4588=VECTOR('',#5273,1.0);
#4589=CARTESIAN_POINT('',(3.37499999999999,4.0,0.189999999999999));
#4590=CARTESIAN_POINT('',(3.37499999999999,4.0,-0.0600000000000008));
#4591=VECTOR('',#5274,1.0);
#4592=CARTESIAN_POINT('',(2.75499999999999,4.0,0.189999999999999));
#4593=CARTESIAN_POINT('',(3.37499999999999,4.0,0.189999999999999));
#4594=VECTOR('',#5275,1.0);
#4595=AXIS2_PLACEMENT_3D('',#5276,#5277,#5278);
#4596=CARTESIAN_POINT('',(2.14499999999998,5.04999999999999,1.91));
#4597=AXIS2_PLACEMENT_3D('',#5279,#5280,#5281);
#4598=CARTESIAN_POINT('',(2.14499999999998,6.6,1.91));
#4599=VECTOR('',#5282,1.0);
#4600=CARTESIAN_POINT('',(2.14499999999998,5.04999999999999,2.16));
#4601=AXIS2_PLACEMENT_3D('',#5283,#5284,#5285);
#4602=CARTESIAN_POINT('',(2.14499999999998,6.6,2.16));
#4603=VECTOR('',#5286,1.0);
#4604=CARTESIAN_POINT('',(1.925,6.14999999999999,2.16));
#4605=CARTESIAN_POINT('',(1.925,5.04999999999999,2.16));
#4606=CARTESIAN_POINT('',(1.92499999999999,6.14999999999999,2.16));
#4607=VECTOR('',#5287,1.0);
#4608=CARTESIAN_POINT('',(2.14499999999998,6.14999999999999,2.16));
#4609=CARTESIAN_POINT('',(1.925,6.14999999999999,2.16));
#4610=VECTOR('',#5288,1.0);
#4611=CARTESIAN_POINT('',(2.14499999999998,7.3,2.16));
#4612=CARTESIAN_POINT('',(2.14499999999998,6.6,2.16));
#4613=VECTOR('',#5289,1.0);
#4614=CARTESIAN_POINT('',(1.47499999999999,7.3,2.16));
#4615=CARTESIAN_POINT('',(2.14499999999998,7.3,2.16));
#4616=VECTOR('',#5290,1.0);
#4617=CARTESIAN_POINT('',(1.47499999999999,6.6,2.16));
#4618=VECTOR('',#5291,1.0);
#4619=CARTESIAN_POINT('',(1.925,5.04999999999999,2.16));
#4620=VECTOR('',#5292,1.0);
#4621=CARTESIAN_POINT('',(1.47499999999999,7.3,1.91));
#4622=CARTESIAN_POINT('',(1.47499999999999,7.3,2.16));
#4623=VECTOR('',#5293,1.0);
#4624=CARTESIAN_POINT('',(1.47499999999999,6.6,1.91));
#4625=VECTOR('',#5294,1.0);
#4626=CARTESIAN_POINT('',(1.925,5.04999999999999,1.91));
#4627=CARTESIAN_POINT('',(1.47499999999999,5.04999999999999,1.91));
#4628=VECTOR('',#5295,1.0);
#4629=CARTESIAN_POINT('',(2.14499999999998,7.3,1.91));
#4630=CARTESIAN_POINT('',(1.47499999999999,7.3,1.91));
#4631=VECTOR('',#5296,1.0);
#4632=CARTESIAN_POINT('',(2.14499999999998,6.14999999999999,1.91));
#4633=CARTESIAN_POINT('',(2.14499999999998,6.6,1.91));
#4634=VECTOR('',#5297,1.0);
#4635=CARTESIAN_POINT('',(1.925,6.14999999999999,1.91));
#4636=CARTESIAN_POINT('',(1.47499999999999,6.14999999999999,1.91));
#4637=VECTOR('',#5298,1.0);
#4638=CARTESIAN_POINT('',(1.925,6.6,1.91));
#4639=VECTOR('',#5299,1.0);
#4640=AXIS2_PLACEMENT_3D('',#5300,#5301,#5302);
#4641=AXIS2_PLACEMENT_3D('',#5303,#5304,#5305);
#4642=AXIS2_PLACEMENT_3D('',#5306,#5307,#5308);
#4643=CARTESIAN_POINT('',(2.72499999999998,6.6,-0.0599999999999994));
#4644=VECTOR('',#5309,1.0);
#4645=CARTESIAN_POINT('',(3.37499999999999,6.6,-0.0600000000000008));
#4646=VECTOR('',#5310,1.0);
#4647=CARTESIAN_POINT('',(3.37499999999999,6.6,0.189999999999999));
#4648=VECTOR('',#5311,1.0);
#4649=CARTESIAN_POINT('',(2.75499999999999,6.6,0.189999999999999));
#4650=VECTOR('',#5312,1.0);
#4651=AXIS2_PLACEMENT_3D('',#5313,#5314,#5315);
#4652=AXIS2_PLACEMENT_3D('',#5316,#5317,#5318);
#4653=CARTESIAN_POINT('',(2.14499999999998,7.3,1.69));
#4654=VECTOR('',#5319,1.0);
#4655=CARTESIAN_POINT('',(0.0999999999999998,6.6,0.27));
#4656=VECTOR('',#5320,1.0);
#4657=CARTESIAN_POINT('',(0.100000000000007,8.62999999999999,2.1));
#4658=VECTOR('',#5321,1.0);
#4659=CARTESIAN_POINT('',(1.925,5.04999999999999,2.16));
#4660=VECTOR('',#5322,1.0);
#4661=CARTESIAN_POINT('',(1.92499999999999,5.04999999999999,0.57));
#4662=VECTOR('',#5323,1.0);
#4663=CARTESIAN_POINT('',(1.925,6.14999999999999,0.57));
#4664=VECTOR('',#5324,1.0);
#4665=CARTESIAN_POINT('',(1.925,6.14999999999999,0.57));
#4666=VECTOR('',#5325,1.0);
#4667=CARTESIAN_POINT('',(-6.57499999999999,6.6,0.27));
#4668=CARTESIAN_POINT('',(-6.57499999999999,6.6,0.27));
#4669=VECTOR('',#5326,1.0);
#4670=CARTESIAN_POINT('',(-6.32499999999999,6.6,0.27));
#4671=CARTESIAN_POINT('',(-6.32499999999999,6.6,0.27));
#4672=VECTOR('',#5327,1.0);
#4673=CARTESIAN_POINT('',(-6.33117262664968,6.6,0.27));
#4674=CARTESIAN_POINT('',(-4.10000000000009,6.6,0.27));
#4675=VECTOR('',#5328,1.0);
#4676=CARTESIAN_POINT('',(-4.10000000000009,6.6,0.27));
#4677=VECTOR('',#5329,1.0);
#4678=CARTESIAN_POINT('',(-6.32499999999999,8.62999999999999,2.1));
#4679=CARTESIAN_POINT('',(-6.32499999999999,10.6,2.1));
#4680=VECTOR('',#5330,1.0);
#4681=CARTESIAN_POINT('',(-6.32499999999999,8.62999999999999,2.14));
#4682=CARTESIAN_POINT('',(-6.32499999999999,8.62999999999999,2.1));
#4683=VECTOR('',#5331,1.0);
#4684=CARTESIAN_POINT('',(-6.32499999999999,8.62999999999999,2.14));
#4685=VECTOR('',#5332,1.0);
#4686=CARTESIAN_POINT('',(-6.32499999999999,7.69999999999999,1.69));
#4687=CARTESIAN_POINT('',(-6.32499999999999,7.69999999999999,2.29));
#4688=VECTOR('',#5333,1.0);
#4689=CARTESIAN_POINT('',(-6.32499999999999,7.3,1.69));
#4690=CARTESIAN_POINT('',(-6.32499999999999,7.69999999999999,1.69));
#4691=VECTOR('',#5334,1.0);
#4692=CARTESIAN_POINT('',(-6.32499999999998,7.3,1.73));
#4693=CARTESIAN_POINT('',(-6.32499999999999,7.3,1.73));
#4694=VECTOR('',#5335,1.0);
#4695=CARTESIAN_POINT('',(-6.32499999999999,6.14999999999999,1.73));
#4696=CARTESIAN_POINT('',(-6.32499999999998,6.6,1.73));
#4697=VECTOR('',#5336,1.0);
#4698=CARTESIAN_POINT('',(-6.32499999999999,6.14999999999999,0.57));
#4699=CARTESIAN_POINT('',(-6.32499999999999,6.14999999999999,1.73));
#4700=VECTOR('',#5337,1.0);
#4701=CARTESIAN_POINT('',(-6.32499999999999,5.04999999999999,0.57));
#4702=CARTESIAN_POINT('',(-6.32499999999999,6.6,0.57));
#4703=VECTOR('',#5338,1.0);
#4704=CARTESIAN_POINT('',(-6.32499999999999,5.04999999999999,1.73));
#4705=CARTESIAN_POINT('',(-6.32499999999999,5.04999999999999,1.73));
#4706=VECTOR('',#5339,1.0);
#4707=CARTESIAN_POINT('',(-6.32499999999998,4.0,1.73));
#4708=CARTESIAN_POINT('',(-6.32499999999998,6.6,1.73));
#4709=VECTOR('',#5340,1.0);
#4710=CARTESIAN_POINT('',(-6.32499999999999,4.0,0.340000000000001));
#4711=CARTESIAN_POINT('',(-6.32499999999999,4.0,1.73));
#4712=VECTOR('',#5341,1.0);
#4713=CARTESIAN_POINT('',(-6.32499999999999,6.6,0.340000000000001));
#4714=CARTESIAN_POINT('',(-6.32499999999999,6.6,0.340000000000001));
#4715=VECTOR('',#5342,1.0);
#4716=CARTESIAN_POINT('',(-6.32499999999999,6.6,1.69));
#4717=VECTOR('',#5343,1.0);
#4718=CARTESIAN_POINT('',(-6.57499999999999,6.6,0.37));
#4719=CARTESIAN_POINT('',(-6.57499999999999,6.6,1.69));
#4720=VECTOR('',#5344,1.0);
#4721=CARTESIAN_POINT('',(-6.57499999999999,4.0,0.37));
#4722=CARTESIAN_POINT('',(-6.57499999999999,6.6,0.37));
#4723=VECTOR('',#5345,1.0);
#4724=CARTESIAN_POINT('',(-6.57499999999999,4.0,1.73));
#4725=CARTESIAN_POINT('',(-6.57499999999999,4.0,0.37));
#4726=VECTOR('',#5346,1.0);
#4727=CARTESIAN_POINT('',(-6.57499999999999,5.04999999999999,1.73));
#4728=CARTESIAN_POINT('',(-6.57499999999999,6.6,1.73));
#4729=VECTOR('',#5347,1.0);
#4730=CARTESIAN_POINT('',(-6.57499999999999,5.04999999999999,0.57));
#4731=CARTESIAN_POINT('',(-6.57499999999999,5.04999999999999,2.16));
#4732=VECTOR('',#5348,1.0);
#4733=CARTESIAN_POINT('',(-6.57499999999999,6.14999999999999,0.57));
#4734=CARTESIAN_POINT('',(-6.57499999999999,5.04999999999999,0.57));
#4735=VECTOR('',#5349,1.0);
#4736=CARTESIAN_POINT('',(-6.57499999999999,6.14999999999999,1.73));
#4737=CARTESIAN_POINT('',(-6.57499999999999,6.14999999999999,0.57));
#4738=VECTOR('',#5350,1.0);
#4739=CARTESIAN_POINT('',(-6.57499999999999,7.3,1.73));
#4740=CARTESIAN_POINT('',(-6.57499999999999,6.6,1.73));
#4741=VECTOR('',#5351,1.0);
#4742=CARTESIAN_POINT('',(-6.57499999999999,7.3,1.69));
#4743=CARTESIAN_POINT('',(-6.57499999999999,7.3,0.37));
#4744=VECTOR('',#5352,1.0);
#4745=CARTESIAN_POINT('',(-6.57499999999998,7.69999999999999,1.69));
#4746=CARTESIAN_POINT('',(-6.57499999999999,7.69999999999999,1.69));
#4747=VECTOR('',#5353,1.0);
#4748=CARTESIAN_POINT('',(-6.57499999999998,7.69999999999999,2.29));
#4749=VECTOR('',#5354,1.0);
#4750=CARTESIAN_POINT('',(-6.57499999999999,8.62999999999999,2.14));
#4751=CARTESIAN_POINT('',(-6.57499999999998,8.62999999999999,2.14));
#4752=VECTOR('',#5355,1.0);
#4753=CARTESIAN_POINT('',(-6.57499999999999,8.62999999999999,2.1));
#4754=CARTESIAN_POINT('',(-6.57499999999999,8.62999999999999,2.1));
#4755=VECTOR('',#5356,1.0);
#4756=CARTESIAN_POINT('',(-6.57499999999998,10.6,2.1));
#4757=VECTOR('',#5357,1.0);
#4758=CARTESIAN_POINT('',(-4.10000000000009,8.62999999999999,2.14));
#4759=VECTOR('',#5358,1.0);
#4760=CARTESIAN_POINT('',(-4.10000000000008,7.69999999999999,1.69));
#4761=VECTOR('',#5359,1.0);
#4762=AXIS2_PLACEMENT_3D('',#5360,#5361,#5362);
#4763=CARTESIAN_POINT('',(-6.72499999999998,6.6,-0.0599999999999994));
#4764=AXIS2_PLACEMENT_3D('',#5363,#5364,#5365);
#4765=CARTESIAN_POINT('',(-7.37499999999999,6.6,-0.0600000000000008));
#4766=CARTESIAN_POINT('',(-6.72499999999998,6.6,-0.0600000000000006));
#4767=VECTOR('',#5366,1.0);
#4768=CARTESIAN_POINT('',(-7.37499999999999,6.6,0.189999999999999));
#4769=CARTESIAN_POINT('',(-7.37499999999999,6.6,-0.0600000000000008));
#4770=VECTOR('',#5367,1.0);
#4771=CARTESIAN_POINT('',(-6.75499999999999,6.6,0.189999999999999));
#4772=CARTESIAN_POINT('',(-7.37499999999999,6.6,0.189999999999999));
#4773=VECTOR('',#5368,1.0);
#4774=AXIS2_PLACEMENT_3D('',#5369,#5370,#5371);
#4775=AXIS2_PLACEMENT_3D('',#5372,#5373,#5374);
#4776=CARTESIAN_POINT('',(-6.75499999999999,4.0,0.189999999999999));
#4777=AXIS2_PLACEMENT_3D('',#5375,#5376,#5377);
#4778=CARTESIAN_POINT('',(-7.37499999999999,4.0,0.189999999999999));
#4779=CARTESIAN_POINT('',(-7.37499999999999,4.0,0.189999999999999));
#4780=VECTOR('',#5378,1.0);
#4781=CARTESIAN_POINT('',(-7.37499999999999,4.0,-0.0600000000000008));
#4782=CARTESIAN_POINT('',(-7.37499999999999,4.0,-0.0600000000000008));
#4783=VECTOR('',#5379,1.0);
#4784=CARTESIAN_POINT('',(-6.72499999999998,4.0,-0.0599999999999994));
#4785=CARTESIAN_POINT('',(-6.72499999999998,4.0,-0.0600000000000006));
#4786=VECTOR('',#5380,1.0);
#4787=AXIS2_PLACEMENT_3D('',#5381,#5382,#5383);
#4788=CARTESIAN_POINT('',(-6.14499999999998,4.0,1.91));
#4789=AXIS2_PLACEMENT_3D('',#5384,#5385,#5386);
#4790=CARTESIAN_POINT('',(-5.47499999999999,4.0,1.91));
#4791=CARTESIAN_POINT('',(-5.47499999999999,4.0,1.91));
#4792=VECTOR('',#5387,1.0);
#4793=CARTESIAN_POINT('',(-5.47499999999999,4.0,2.16));
#4794=CARTESIAN_POINT('',(-5.47499999999999,4.0,2.16));
#4795=VECTOR('',#5388,1.0);
#4796=CARTESIAN_POINT('',(-6.14499999999998,4.0,2.16));
#4797=CARTESIAN_POINT('',(-6.14499999999999,4.0,2.16));
#4798=VECTOR('',#5389,1.0);
#4799=AXIS2_PLACEMENT_3D('',#5390,#5391,#5392);
#4800=CARTESIAN_POINT('',(-6.14499999999998,5.04999999999999,1.91));
#4801=CARTESIAN_POINT('',(-5.92499999999999,5.04999999999999,1.91));
#4802=CARTESIAN_POINT('',(-5.47499999999999,5.04999999999999,1.91));
#4803=VECTOR('',#5393,1.0);
#4804=CARTESIAN_POINT('',(-5.92499999999999,6.14999999999999,1.91));
#4805=CARTESIAN_POINT('',(-5.92499999999999,6.6,1.91));
#4806=VECTOR('',#5394,1.0);
#4807=CARTESIAN_POINT('',(-6.14499999999998,6.14999999999999,1.91));
#4808=CARTESIAN_POINT('',(-5.47499999999999,6.14999999999999,1.91));
#4809=VECTOR('',#5395,1.0);
#4810=CARTESIAN_POINT('',(-6.14499999999998,7.3,1.91));
#4811=CARTESIAN_POINT('',(-6.14499999999998,6.6,1.91));
#4812=VECTOR('',#5396,1.0);
#4813=CARTESIAN_POINT('',(-5.47499999999999,7.3,1.91));
#4814=CARTESIAN_POINT('',(-5.47499999999999,7.3,1.91));
#4815=VECTOR('',#5397,1.0);
#4816=CARTESIAN_POINT('',(-5.47499999999999,6.6,1.91));
#4817=VECTOR('',#5398,1.0);
#4818=CARTESIAN_POINT('',(-6.14499999999998,6.6,1.91));
#4819=VECTOR('',#5399,1.0);
#4820=AXIS2_PLACEMENT_3D('',#5400,#5401,#5402);
#4821=AXIS2_PLACEMENT_3D('',#5403,#5404,#5405);
#4822=AXIS2_PLACEMENT_3D('',#5406,#5407,#5408);
#4823=CARTESIAN_POINT('',(-6.14499999999998,5.04999999999999,2.16));
#4824=AXIS2_PLACEMENT_3D('',#5409,#5410,#5411);
#4825=CARTESIAN_POINT('',(-6.14499999999998,6.6,2.16));
#4826=VECTOR('',#5412,1.0);
#4827=CARTESIAN_POINT('',(-6.14499999999998,6.14999999999999,2.16));
#4828=AXIS2_PLACEMENT_3D('',#5413,#5414,#5415);
#4829=CARTESIAN_POINT('',(-6.14499999999998,7.3,2.16));
#4830=CARTESIAN_POINT('',(-6.14499999999998,6.6,2.16));
#4831=VECTOR('',#5416,1.0);
#4832=AXIS2_PLACEMENT_3D('',#5417,#5418,#5419);
#4833=CARTESIAN_POINT('',(-6.14499999999998,7.3,1.69));
#4834=VECTOR('',#5420,1.0);
#4835=CARTESIAN_POINT('',(-5.47499999999999,7.3,2.16));
#4836=CARTESIAN_POINT('',(-6.14499999999998,7.3,2.16));
#4837=VECTOR('',#5421,1.0);
#4838=CARTESIAN_POINT('',(-5.47499999999999,7.3,2.16));
#4839=VECTOR('',#5422,1.0);
#4840=CARTESIAN_POINT('',(-5.47499999999999,6.6,2.16));
#4841=VECTOR('',#5423,1.0);
#4842=CARTESIAN_POINT('',(-6.72499999999998,6.6,-0.0599999999999994));
#4843=VECTOR('',#5424,1.0);
#4844=AXIS2_PLACEMENT_3D('',#5425,#5426,#5427);
#4845=CARTESIAN_POINT('',(-7.37499999999999,6.6,-0.0600000000000008));
#4846=VECTOR('',#5428,1.0);
#4847=CARTESIAN_POINT('',(-7.37499999999999,6.6,0.189999999999999));
#4848=VECTOR('',#5429,1.0);
#4849=CARTESIAN_POINT('',(-6.75499999999999,6.6,0.189999999999999));
#4850=VECTOR('',#5430,1.0);
#4851=CARTESIAN_POINT('',(-5.92499999999999,6.14999999999999,2.16));
#4852=CARTESIAN_POINT('',(-5.92499999999999,5.04999999999999,2.16));
#4853=CARTESIAN_POINT('',(-5.92499999999999,6.14999999999999,2.16));
#4854=VECTOR('',#5431,1.0);
#4855=CARTESIAN_POINT('',(-5.92499999999999,5.04999999999999,2.16));
#4856=VECTOR('',#5432,1.0);
#4857=CARTESIAN_POINT('',(-5.92499999999999,6.14999999999999,2.16));
#4858=VECTOR('',#5433,1.0);
#4859=CARTESIAN_POINT('',(-4.10000000000009,8.62999999999999,2.1));
#4860=VECTOR('',#5434,1.0);
#4861=CARTESIAN_POINT('',(-5.92499999999999,6.14999999999999,0.57));
#4862=VECTOR('',#5435,1.0);
#4863=CARTESIAN_POINT('',(-5.92499999999999,5.04999999999999,0.57));
#4864=VECTOR('',#5436,1.0);
#4865=CARTESIAN_POINT('',(-5.92499999999999,5.04999999999999,2.16));
#4866=VECTOR('',#5437,1.0);
#4867=CARTESIAN_POINT('',(-5.92499999999999,6.14999999999999,0.57));
#4868=VECTOR('',#5438,1.0);
#4869=CARTESIAN_POINT('',(-4.0,6.45,2.49));
#4870=CARTESIAN_POINT('',(-4.0,6.45,2.49));
#4871=VECTOR('',#5439,1.0);
#4872=CARTESIAN_POINT('',(-4.25,6.95,2.49));
#4873=CARTESIAN_POINT('',(-4.25,6.95,2.49));
#4874=VECTOR('',#5440,1.0);
#4875=CARTESIAN_POINT('',(-4.25,6.95,2.49));
#4876=VECTOR('',#5441,1.0);
#4877=CARTESIAN_POINT('',(-3.75,6.95,2.49));
#4878=CARTESIAN_POINT('',(-3.75,6.95,2.49));
#4879=VECTOR('',#5442,1.0);
#4880=CARTESIAN_POINT('',(-4.0,6.45,2.49));
#4881=VECTOR('',#5443,1.0);
#4882=CARTESIAN_POINT('',(-3.75,6.95,2.49));
#4883=VECTOR('',#5444,1.0);
#4884=DIRECTION('',(-1.69135877816157E-32,-1.0,2.71050543121377E-17));
#4885=DIRECTION('',(1.0,0.0,4.0155636017983E-16));
#4886=DIRECTION('',(0.0,-1.0,0.0));
#4887=DIRECTION('',(-1.0,0.0,-4.0155636017983E-16));
#4888=DIRECTION('',(1.0,0.0,0.0));
#4889=DIRECTION('',(6.24001250351369E-16,0.0,-1.0));
#4890=DIRECTION('',(0.0,0.0,-1.0));
#4891=DIRECTION('',(-1.0,0.0,1.95704363264532E-16));
#4892=DIRECTION('',(0.0,0.0,1.0));
#4893=DIRECTION('',(-1.0,0.0,-8.80914265144473E-16));
#4894=DIRECTION('',(0.0,0.0,-1.0));
#4895=DIRECTION('',(-1.0,0.0,0.0));
#4896=DIRECTION('',(0.0,0.0,1.0));
#4897=DIRECTION('',(1.0,0.0,0.0));
#4898=DIRECTION('',(0.0,0.0,-1.0));
#4899=DIRECTION('',(-1.0,0.0,0.0));
#4900=DIRECTION('',(0.0,0.0,1.0));
#4901=DIRECTION('',(-1.0,0.0,-8.80914265144473E-16));
#4902=DIRECTION('',(0.0,0.0,-1.0));
#4903=DIRECTION('',(-1.0,0.0,0.0));
#4904=DIRECTION('',(3.87215061601979E-16,0.0,1.0));
#4905=DIRECTION('',(1.0,0.0,0.0));
#4906=DIRECTION('',(3.87215061601979E-16,0.0,-1.0));
#4907=DIRECTION('',(-1.0,0.0,0.0));
#4908=DIRECTION('',(-1.66800334228539E-15,0.0,1.0));
#4909=DIRECTION('',(-1.0,0.0,-8.80914265144473E-16));
#4910=DIRECTION('',(0.0,0.0,-1.0));
#4911=DIRECTION('',(-1.0,0.0,0.0));
#4912=DIRECTION('',(1.93607530800989E-16,0.0,1.0));
#4913=DIRECTION('',(1.0,0.0,0.0));
#4914=DIRECTION('',(1.93607530800989E-16,0.0,-1.0));
#4915=DIRECTION('',(-1.0,0.0,0.0));
#4916=DIRECTION('',(0.0,0.0,1.0));
#4917=DIRECTION('',(-1.0,0.0,-8.80914265144473E-16));
#4918=DIRECTION('',(0.0,0.0,-1.0));
#4919=DIRECTION('',(-1.0,0.0,3.91408726529064E-16));
#4920=DIRECTION('',(0.0,0.0,1.0));
#4921=DIRECTION('',(-1.0,0.0,4.0155636017983E-16));
#4922=DIRECTION('',(-3.12000625175685E-16,0.0,-1.0));
#4923=DIRECTION('',(-1.0,0.0,0.0));
#4924=DIRECTION('',(6.37765983815005E-16,0.0,1.0));
#4925=DIRECTION('',(-1.0,0.0,4.0155636017983E-16));
#4926=DIRECTION('',(-4.76572383510113E-16,0.0,-1.0));
#4927=DIRECTION('',(1.0,0.0,0.0));
#4928=DIRECTION('',(0.0,0.0,-1.0));
#4929=DIRECTION('',(-1.0,0.0,4.87281875274384E-16));
#4930=DIRECTION('',(0.0,0.0,-1.0));
#4931=DIRECTION('',(1.0,0.0,4.43177530359038E-16));
#4932=DIRECTION('',(1.7347234759768E-14,0.0,1.0));
#4933=DIRECTION('',(-1.0,0.0,0.0));
#4934=DIRECTION('',(0.0,0.0,1.0));
#4935=DIRECTION('',(1.0,0.0,0.0));
#4936=DIRECTION('',(0.0,0.0,1.0));
#4937=DIRECTION('',(-1.0,0.0,-4.0155636017983E-16));
#4938=DIRECTION('',(-1.27553196763001E-15,0.0,1.0));
#4939=DIRECTION('',(0.0,0.0,1.0));
#4940=DIRECTION('',(0.0,1.0,0.0));
#4941=DIRECTION('',(0.0,0.0,-1.0));
#4942=DIRECTION('',(0.0,-1.0,0.0));
#4943=DIRECTION('',(0.0,1.0,0.0));
#4944=DIRECTION('',(0.0,0.0,-1.0));
#4945=DIRECTION('',(0.0,1.0,0.0));
#4946=DIRECTION('',(0.0,0.0,1.0));
#4947=DIRECTION('',(0.0,-1.0,0.0));
#4948=DIRECTION('',(0.0,-1.0,0.0));
#4949=DIRECTION('',(1.0,0.0,0.0));
#4950=DIRECTION('',(0.0,1.0,0.0));
#4951=DIRECTION('',(-1.0,0.0,0.0));
#4952=DIRECTION('',(1.0,0.0,0.0));
#4953=DIRECTION('',(0.0,1.0,0.0));
#4954=DIRECTION('',(-1.0,0.0,0.0));
#4955=DIRECTION('',(0.0,-1.0,0.0));
#4956=DIRECTION('',(-1.0,0.0,0.0));
#4957=DIRECTION('',(0.0,-1.0,0.0));
#4958=DIRECTION('',(-1.0,0.0,0.0));
#4959=DIRECTION('',(1.0,0.0,0.0));
#4960=DIRECTION('',(2.89120579329469E-16,-1.0,0.0));
#4961=DIRECTION('',(-1.0,0.0,0.0));
#4962=DIRECTION('',(0.0,-1.0,2.71050543121377E-17));
#4963=DIRECTION('',(1.0,0.0,-4.0155636017983E-16));
#4964=DIRECTION('',(0.0,-1.0,0.0));
#4965=DIRECTION('',(0.0,1.0,0.0));
#4966=DIRECTION('',(-1.0,0.0,0.0));
#4967=DIRECTION('',(0.0,1.0,0.0));
#4968=DIRECTION('',(0.0,1.0,0.0));
#4969=DIRECTION('',(-1.0,0.0,0.0));
#4970=DIRECTION('',(0.0,1.0,0.0));
#4971=DIRECTION('',(1.0,4.91023722589224E-16,-4.91023722589227E-16));
#4972=DIRECTION('',(0.0,1.0,0.0));
#4973=DIRECTION('',(1.0,0.0,-4.91023722589227E-16));
#4974=DIRECTION('',(0.0,1.0,0.0));
#4975=DIRECTION('',(1.0,4.91023722589224E-16,-4.91023722589227E-16));
#4976=DIRECTION('',(0.0,1.0,0.0));
#4977=DIRECTION('',(1.0,0.0,-4.91023722589227E-16));
#4978=DIRECTION('',(0.0,1.0,0.0));
#4979=DIRECTION('',(1.0,4.91023722589224E-16,-4.91023722589227E-16));
#4980=DIRECTION('',(0.0,1.0,0.0));
#4981=DIRECTION('',(1.0,0.0,-4.91023722589227E-16));
#4982=DIRECTION('',(0.0,-1.0,0.0));
#4983=DIRECTION('',(1.0,0.0,0.0));
#4984=DIRECTION('',(0.0,1.0,0.0));
#4985=DIRECTION('',(1.0,-1.44038411362696E-14,0.0));
#4986=DIRECTION('',(1.5770213417971E-15,-1.0,0.0));
#4987=DIRECTION('',(1.0,2.98155597433513E-15,0.0));
#4988=DIRECTION('',(0.0,1.0,0.0));
#4989=DIRECTION('',(1.0,0.0,-3.20465894845671E-16));
#4990=DIRECTION('',(0.0,-1.0,0.0));
#4991=DIRECTION('',(1.0,0.0,0.0));
#4992=DIRECTION('',(0.0,-1.0,0.0));
#4993=DIRECTION('',(1.0,0.0,-4.91023722589227E-16));
#4994=DIRECTION('',(0.0,1.0,0.0));
#4995=DIRECTION('',(0.0,0.0,-1.0));
#4996=DIRECTION('',(1.0,0.0,0.0));
#4997=DIRECTION('',(0.0,0.0,-1.0));
#4998=DIRECTION('',(0.0,0.0,-1.0));
#4999=DIRECTION('',(-1.0,0.0,-4.35860169843419E-17));
#5000=DIRECTION('',(0.0,0.0,1.0));
#5001=DIRECTION('',(0.0,0.0,-1.0));
#5002=DIRECTION('',(1.0,0.0,0.0));
#5003=DIRECTION('',(0.0,0.0,-1.0));
#5004=DIRECTION('',(0.0,0.0,-1.0));
#5005=DIRECTION('',(1.0,0.0,0.0));
#5006=DIRECTION('',(0.0,0.0,-1.0));
#5007=DIRECTION('',(0.0,1.0,0.0));
#5008=DIRECTION('',(1.0,0.0,-2.78000557047565E-16));
#5009=DIRECTION('',(0.0,1.0,0.0));
#5010=DIRECTION('',(0.0,1.0,0.0));
#5011=DIRECTION('',(1.0,2.98155597433513E-15,8.80914265144473E-16));
#5012=DIRECTION('',(0.0,1.0,0.0));
#5013=DIRECTION('',(0.0,1.0,0.0));
#5014=DIRECTION('',(1.0,0.0,-6.95001392618914E-16));
#5015=DIRECTION('',(0.0,1.0,0.0));
#5016=DIRECTION('',(0.0,1.0,0.0));
#5017=DIRECTION('',(1.0,0.0,-2.78000557047565E-16));
#5018=DIRECTION('',(0.0,1.0,0.0));
#5019=DIRECTION('',(0.0,1.0,0.0));
#5020=DIRECTION('',(-1.0,0.0,0.0));
#5021=DIRECTION('',(0.0,1.0,0.0));
#5022=DIRECTION('',(0.0,1.0,0.0));
#5023=DIRECTION('',(-1.0,0.0,0.0));
#5024=DIRECTION('',(0.0,1.0,0.0));
#5025=DIRECTION('',(0.0,1.0,0.0));
#5026=DIRECTION('',(-1.0,0.0,0.0));
#5027=DIRECTION('',(0.0,1.0,0.0));
#5028=DIRECTION('',(0.0,1.0,0.0));
#5029=DIRECTION('',(-1.0,0.0,0.0));
#5030=DIRECTION('',(0.0,1.0,0.0));
#5031=DIRECTION('',(0.0,-1.0,0.0));
#5032=DIRECTION('',(0.0,1.0,0.0));
#5033=DIRECTION('',(-1.0,1.44038411362696E-14,3.91408726529064E-16));
#5034=DIRECTION('',(1.0,0.0,-4.0155636017983E-16));
#5035=DIRECTION('',(0.0,0.0,1.0));
#5036=DIRECTION('',(0.0,0.0,-1.0));
#5037=DIRECTION('',(-1.0,0.0,4.17000835571339E-16));
#5038=DIRECTION('',(0.0,0.0,-1.0));
#5039=DIRECTION('',(1.0,0.0,-4.0155636017983E-16));
#5040=DIRECTION('',(1.0,0.0,4.0155636017983E-16));
#5041=DIRECTION('',(0.0,0.0,-1.0));
#5042=DIRECTION('',(0.0,0.0,1.0));
#5043=DIRECTION('',(1.0,0.0,4.0155636017983E-16));
#5044=DIRECTION('',(0.0,1.0,0.0));
#5045=DIRECTION('',(-1.0,0.0,3.91408726529064E-16));
#5046=DIRECTION('',(0.0,1.0,0.0));
#5047=DIRECTION('',(0.0,0.0,-1.0));
#5048=DIRECTION('',(0.0,-1.0,0.0));
#5049=DIRECTION('',(0.0,0.0,1.0));
#5050=DIRECTION('',(1.44560289664735E-16,1.0,0.0));
#5051=DIRECTION('',(0.0,-1.0,0.0));
#5052=DIRECTION('',(4.76572383510113E-16,0.0,1.0));
#5053=DIRECTION('',(1.0,0.0,-6.95001392618897E-16));
#5054=DIRECTION('',(-1.0,0.0,-4.35860169843419E-17));
#5055=DIRECTION('',(0.0,0.0,1.0));
#5056=DIRECTION('',(-1.0,0.0,0.0));
#5057=DIRECTION('',(-1.7347234759768E-14,0.0,-1.0));
#5058=DIRECTION('',(-1.0,0.0,-4.35860169843419E-17));
#5059=DIRECTION('',(0.0,-1.0,0.0));
#5060=DIRECTION('',(4.76572383510113E-16,0.0,1.0));
#5061=DIRECTION('',(0.0,-1.0,0.0));
#5062=DIRECTION('',(4.76572383510113E-16,0.0,1.0));
#5063=DIRECTION('',(0.0,-1.0,0.0));
#5064=DIRECTION('',(0.0,1.0,0.0));
#5065=DIRECTION('',(0.0,0.0,-1.0));
#5066=DIRECTION('',(0.0,0.0,-1.0));
#5067=DIRECTION('',(1.0,0.0,4.43177530359038E-16));
#5068=DIRECTION('',(0.0,1.0,0.0));
#5069=DIRECTION('',(0.0,1.0,0.0));
#5070=DIRECTION('',(1.0,0.0,4.43177530359038E-16));
#5071=DIRECTION('',(2.40410046942438E-15,1.0,1.0654433087745E-30));
#5072=DIRECTION('',(1.0,-1.48266963758702E-15,4.43177530359038E-16));
#5073=DIRECTION('',(0.0,-1.0,0.0));
#5074=DIRECTION('',(0.44721359549996,-0.894427190999915,0.0));
#5075=DIRECTION('',(-1.0,0.0,0.0));
#5076=DIRECTION('',(0.44721359549996,0.894427190999915,0.0));
#5077=DIRECTION('',(0.0,-1.0,0.0));
#5078=DIRECTION('',(-1.0,0.0,0.0));
#5079=DIRECTION('',(0.0,1.0,0.0));
#5080=DIRECTION('',(-1.0,1.48266963758702E-15,0.0));
#5081=DIRECTION('',(-2.40410046942438E-15,-1.0,0.0));
#5082=DIRECTION('',(-1.0,0.0,0.0));
#5083=DIRECTION('',(2.62225641717424E-15,1.0,0.0));
#5084=DIRECTION('',(0.0,0.0,-1.0));
#5085=DIRECTION('',(0.0,0.0,-1.0));
#5086=DIRECTION('',(0.0,1.0,0.0));
#5087=DIRECTION('',(-1.0,0.0,0.0));
#5088=DIRECTION('',(0.0,-1.0,0.0));
#5089=DIRECTION('',(1.0,0.0,0.0));
#5090=DIRECTION('',(0.0,1.0,0.0));
#5091=DIRECTION('',(1.0,0.0,0.0));
#5092=DIRECTION('',(0.0,-1.0,0.0));
#5093=DIRECTION('',(0.0,0.0,1.0));
#5094=DIRECTION('',(0.0,-1.0,0.0));
#5095=DIRECTION('',(0.0,0.0,1.0));
#5096=DIRECTION('',(0.0,0.0,-1.0));
#5097=DIRECTION('',(0.0,-1.0,0.0));
#5098=DIRECTION('',(0.0,0.0,1.0));
#5099=DIRECTION('',(0.0,0.0,-1.0));
#5100=DIRECTION('',(0.0,0.0,-1.0));
#5101=DIRECTION('',(0.0,0.0,-1.0));
#5102=DIRECTION('',(0.0,0.0,-1.0));
#5103=DIRECTION('',(0.0,0.0,-1.0));
#5104=DIRECTION('',(0.0,0.0,1.0));
#5105=DIRECTION('',(0.0,-1.0,0.0));
#5106=DIRECTION('',(0.0,0.0,1.0));
#5107=DIRECTION('',(-1.0,0.0,0.0));
#5108=DIRECTION('',(0.0,-1.0,0.0));
#5109=DIRECTION('',(-1.0,0.0,4.87281875274384E-16));
#5110=DIRECTION('',(0.0,0.0,-1.0));
#5111=DIRECTION('',(0.0,-1.0,0.0));
#5112=DIRECTION('',(1.0,0.0,-4.17000835571339E-16));
#5113=DIRECTION('',(1.0,0.0,-4.17000835571339E-16));
#5114=DIRECTION('',(0.0,-1.0,0.0));
#5115=DIRECTION('',(0.0,-1.0,2.71050543121377E-17));
#5116=DIRECTION('',(8.45679389080785E-33,-1.0,2.71050543121377E-17));
#5117=DIRECTION('',(0.0,0.0,-1.0));
#5118=DIRECTION('',(0.0,1.0,0.0));
#5119=DIRECTION('',(0.0,1.0,0.0));
#5120=DIRECTION('',(0.0,1.0,0.0));
#5121=DIRECTION('',(0.0,0.0,1.0));
#5122=DIRECTION('',(-1.0,0.0,0.0));
#5123=DIRECTION('',(-1.0,0.0,5.56001114095131E-16));
#5124=DIRECTION('',(0.0,0.707106781186545,-0.70710678118655));
#5125=CARTESIAN_POINT('',(-0.25,11.359999999,0.83999999999996));
#5126=DIRECTION('',(-1.0,0.0,0.0));
#5127=DIRECTION('',(0.0,0.0,-1.0));
#5128=DIRECTION('',(0.0,-1.0,-2.86994692716751E-15));
#5129=DIRECTION('',(0.0,0.0,1.0));
#5130=DIRECTION('',(0.0,0.707106781186545,0.70710678118655));
#5131=DIRECTION('',(0.0,1.0,7.22801448323669E-17));
#5132=DIRECTION('',(0.0,0.707106781186545,-0.70710678118655));
#5133=DIRECTION('',(0.0,1.0,7.22801448323669E-17));
#5134=DIRECTION('',(0.0,0.707106781186545,0.70710678118655));
#5135=DIRECTION('',(0.0,0.0,1.0));
#5136=DIRECTION('',(0.0,-1.0,-2.86994692716751E-15));
#5137=CARTESIAN_POINT('',(0.25,11.359999999,0.83999999999996));
#5138=DIRECTION('',(-1.0,0.0,0.0));
#5139=DIRECTION('',(0.0,0.0,-1.0));
#5140=DIRECTION('',(-1.0,0.0,0.0));
#5141=DIRECTION('',(-1.0,0.0,0.0));
#5142=DIRECTION('',(-1.0,0.0,0.0));
#5143=DIRECTION('',(-1.0,0.0,0.0));
#5144=DIRECTION('',(-1.0,0.0,0.0));
#5145=DIRECTION('',(-1.93607530800989E-16,0.0,-1.0));
#5146=DIRECTION('',(-1.0,0.0,0.0));
#5147=DIRECTION('',(-1.93607530800989E-16,0.0,1.0));
#5148=DIRECTION('',(0.0,1.0,0.0));
#5149=DIRECTION('',(0.0,0.0,-1.0));
#5150=DIRECTION('',(0.0,1.0,0.0));
#5151=DIRECTION('',(0.0,1.0,0.0));
#5152=DIRECTION('',(0.0,1.0,0.0));
#5153=DIRECTION('',(-1.66800334228539E-15,0.0,1.0));
#5154=DIRECTION('',(-1.0,0.0,0.0));
#5155=DIRECTION('',(-1.0,0.0,0.0));
#5156=DIRECTION('',(0.0,0.707106781186545,-0.70710678118655));
#5157=CARTESIAN_POINT('',(-2.25,11.359999999,0.83999999999996));
#5158=DIRECTION('',(-1.0,0.0,0.0));
#5159=DIRECTION('',(0.0,0.0,-1.0));
#5160=DIRECTION('',(0.0,-1.0,-2.86994692716751E-15));
#5161=DIRECTION('',(0.0,0.0,1.0));
#5162=DIRECTION('',(0.0,0.707106781186545,0.70710678118655));
#5163=DIRECTION('',(0.0,1.0,7.22801448323669E-17));
#5164=DIRECTION('',(0.0,0.707106781186545,-0.70710678118655));
#5165=DIRECTION('',(0.0,1.0,7.22801448323669E-17));
#5166=DIRECTION('',(0.0,0.707106781186545,0.70710678118655));
#5167=DIRECTION('',(0.0,0.0,1.0));
#5168=DIRECTION('',(0.0,-1.0,-2.86994692716751E-15));
#5169=CARTESIAN_POINT('',(-1.75,11.359999999,0.83999999999996));
#5170=DIRECTION('',(-1.0,0.0,0.0));
#5171=DIRECTION('',(0.0,0.0,-1.0));
#5172=DIRECTION('',(-1.0,0.0,0.0));
#5173=DIRECTION('',(-1.0,0.0,0.0));
#5174=DIRECTION('',(-1.0,0.0,0.0));
#5175=DIRECTION('',(-1.0,0.0,0.0));
#5176=DIRECTION('',(-1.0,0.0,0.0));
#5177=DIRECTION('',(-3.87215061601979E-16,0.0,-1.0));
#5178=DIRECTION('',(-1.0,0.0,0.0));
#5179=DIRECTION('',(-3.87215061601979E-16,0.0,1.0));
#5180=DIRECTION('',(0.0,1.0,0.0));
#5181=DIRECTION('',(0.0,0.0,-1.0));
#5182=DIRECTION('',(0.0,1.0,0.0));
#5183=DIRECTION('',(0.0,1.0,0.0));
#5184=DIRECTION('',(0.0,1.0,0.0));
#5185=DIRECTION('',(0.0,0.0,1.0));
#5186=DIRECTION('',(-1.0,0.0,0.0));
#5187=DIRECTION('',(-1.0,0.0,0.0));
#5188=DIRECTION('',(0.0,0.707106781186545,-0.70710678118655));
#5189=CARTESIAN_POINT('',(-4.25,11.359999999,0.83999999999996));
#5190=DIRECTION('',(-1.0,0.0,0.0));
#5191=DIRECTION('',(0.0,0.0,-1.0));
#5192=DIRECTION('',(0.0,-1.0,-2.86994692716751E-15));
#5193=DIRECTION('',(0.0,0.0,1.0));
#5194=DIRECTION('',(0.0,0.707106781186545,0.70710678118655));
#5195=DIRECTION('',(0.0,1.0,7.22801448323669E-17));
#5196=DIRECTION('',(0.0,0.707106781186545,-0.70710678118655));
#5197=DIRECTION('',(0.0,1.0,7.22801448323669E-17));
#5198=DIRECTION('',(0.0,0.707106781186545,0.70710678118655));
#5199=DIRECTION('',(0.0,0.0,1.0));
#5200=DIRECTION('',(0.0,-1.0,-2.86994692716751E-15));
#5201=CARTESIAN_POINT('',(-3.75,11.359999999,0.83999999999996));
#5202=DIRECTION('',(-1.0,0.0,0.0));
#5203=DIRECTION('',(0.0,0.0,-1.0));
#5204=DIRECTION('',(-1.0,0.0,0.0));
#5205=DIRECTION('',(-1.0,0.0,0.0));
#5206=DIRECTION('',(-1.0,0.0,0.0));
#5207=DIRECTION('',(-1.0,0.0,0.0));
#5208=DIRECTION('',(-1.0,0.0,0.0));
#5209=DIRECTION('',(0.0,0.0,-1.0));
#5210=DIRECTION('',(-1.0,0.0,0.0));
#5211=DIRECTION('',(0.0,0.0,1.0));
#5212=DIRECTION('',(0.0,1.0,0.0));
#5213=DIRECTION('',(0.0,-1.0,0.0));
#5214=DIRECTION('',(-8.45679389080785E-33,1.0,-2.71050543121377E-17));
#5215=DIRECTION('',(-3.12000625175685E-16,0.0,-1.0));
#5216=DIRECTION('',(0.0,-1.0,0.0));
#5217=DIRECTION('',(-3.12000625175685E-16,0.0,-1.0));
#5218=DIRECTION('',(0.0,-1.0,0.0));
#5219=DIRECTION('',(3.12000625175685E-16,0.0,1.0));
#5220=DIRECTION('',(-3.07519777847557E-32,-1.0,-9.85638338623186E-17));
#5221=DIRECTION('',(-3.12000625175685E-16,0.0,-1.0));
#5222=DIRECTION('',(0.0,-1.0,0.0));
#5223=DIRECTION('',(3.18882991907501E-16,0.0,1.0));
#5224=DIRECTION('',(0.0,-1.0,0.0));
#5225=DIRECTION('',(-3.12000625175685E-16,0.0,-1.0));
#5226=DIRECTION('',(1.55913717903075E-16,-0.8661855860486,0.499722453489577));
#5227=DIRECTION('',(3.12000625175685E-16,0.0,1.0));
#5228=DIRECTION('',(-4.62299403496357E-15,-1.0,0.0));
#5229=DIRECTION('',(0.0,0.0,1.0));
#5230=DIRECTION('',(-1.4448004525685E-15,-0.8661855860486,0.499722453489577));
#5231=DIRECTION('',(0.0,0.0,-1.0));
#5232=DIRECTION('',(0.0,-1.0,0.0));
#5233=DIRECTION('',(-6.37765983815004E-16,0.0,-1.0));
#5234=DIRECTION('',(0.0,-1.0,0.0));
#5235=DIRECTION('',(2.72755263518366E-16,0.0,1.0));
#5236=DIRECTION('',(2.75978734814492E-15,1.0,9.85638338623186E-17));
#5237=DIRECTION('',(-2.72755263518366E-16,0.0,-1.0));
#5238=DIRECTION('',(0.0,-1.0,0.0));
#5239=DIRECTION('',(6.37765983815005E-16,0.0,1.0));
#5240=DIRECTION('',(0.0,-1.0,0.0));
#5241=DIRECTION('',(0.0,0.0,-1.0));
#5242=DIRECTION('',(0.0,1.0,-2.71050543121377E-17));
#5243=DIRECTION('',(1.0,0.0,0.0));
#5244=DIRECTION('',(1.0,0.0,0.0));
#5245=CARTESIAN_POINT('',(2.75499999999999,6.6,0.37));
#5246=DIRECTION('',(-0.0,1.0,0.0));
#5247=DIRECTION('',(1.0,0.0,0.0));
#5248=DIRECTION('',(-1.0,0.0,4.80896124892765E-16));
#5249=DIRECTION('',(1.73472347597681E-15,0.0,1.0));
#5250=DIRECTION('',(1.0,0.0,-4.27425856460625E-16));
#5251=CARTESIAN_POINT('',(2.72499999999998,6.6,0.340000000000001));
#5252=DIRECTION('',(0.0,-1.0,0.0));
#5253=DIRECTION('',(0.0,0.0,-1.0));
#5254=DIRECTION('',(1.0,0.0,0.0));
#5255=CARTESIAN_POINT('',(2.75499999999999,6.6,0.37));
#5256=DIRECTION('',(-0.0,1.0,0.0));
#5257=DIRECTION('',(1.0,0.0,0.0));
#5258=CARTESIAN_POINT('',(2.75499999999999,4.0,0.37));
#5259=DIRECTION('',(-0.0,1.0,0.0));
#5260=DIRECTION('',(1.0,0.0,0.0));
#5261=CARTESIAN_POINT('',(2.14499999999998,4.0,1.73));
#5262=DIRECTION('',(0.0,-1.0,0.0));
#5263=DIRECTION('',(1.0,0.0,0.0));
#5264=DIRECTION('',(-1.0,0.0,5.82556391186241E-15));
#5265=DIRECTION('',(-1.73472347597681E-15,0.0,-1.0));
#5266=DIRECTION('',(1.0,0.0,-3.23642439547917E-16));
#5267=CARTESIAN_POINT('',(2.14499999999998,4.0,1.73));
#5268=DIRECTION('',(0.0,1.0,0.0));
#5269=DIRECTION('',(0.0,0.0,-1.0));
#5270=CARTESIAN_POINT('',(2.72499999999998,4.0,0.340000000000001));
#5271=DIRECTION('',(0.0,-1.0,0.0));
#5272=DIRECTION('',(0.0,0.0,-1.0));
#5273=DIRECTION('',(1.0,0.0,-4.27425856460625E-16));
#5274=DIRECTION('',(1.73472347597681E-15,0.0,1.0));
#5275=DIRECTION('',(-1.0,0.0,4.80896124892765E-16));
#5276=CARTESIAN_POINT('',(2.75499999999999,4.0,0.37));
#5277=DIRECTION('',(-0.0,1.0,0.0));
#5278=DIRECTION('',(1.0,0.0,0.0));
#5279=CARTESIAN_POINT('',(2.14499999999998,5.04999999999999,1.73));
#5280=DIRECTION('',(0.0,-1.0,0.0));
#5281=DIRECTION('',(0.0,0.0,-1.0));
#5282=DIRECTION('',(0.0,-1.0,0.0));
#5283=CARTESIAN_POINT('',(2.14499999999998,5.04999999999999,1.73));
#5284=DIRECTION('',(0.0,1.0,0.0));
#5285=DIRECTION('',(0.0,0.0,-1.0));
#5286=DIRECTION('',(0.0,-1.0,0.0));
#5287=DIRECTION('',(0.0,-1.0,0.0));
#5288=DIRECTION('',(1.0,0.0,0.0));
#5289=DIRECTION('',(0.0,-1.0,0.0));
#5290=DIRECTION('',(1.0,0.0,-5.8255639118625E-15));
#5291=DIRECTION('',(0.0,-1.0,0.0));
#5292=DIRECTION('',(1.0,0.0,0.0));
#5293=DIRECTION('',(1.73472347597681E-15,0.0,1.0));
#5294=DIRECTION('',(0.0,-1.0,0.0));
#5295=DIRECTION('',(-1.0,0.0,3.23642439547917E-16));
#5296=DIRECTION('',(-1.0,0.0,3.23642439547916E-16));
#5297=DIRECTION('',(0.0,-1.0,0.0));
#5298=DIRECTION('',(1.0,0.0,-3.23642439547917E-16));
#5299=DIRECTION('',(-2.75978734814492E-15,-1.0,8.93184309987098E-31));
#5300=CARTESIAN_POINT('',(2.14499999999998,6.14999999999999,1.73));
#5301=DIRECTION('',(0.0,1.0,0.0));
#5302=DIRECTION('',(0.0,0.0,1.0));
#5303=CARTESIAN_POINT('',(2.14499999999998,7.3,1.73));
#5304=DIRECTION('',(0.0,1.0,0.0));
#5305=DIRECTION('',(0.0,0.0,1.0));
#5306=CARTESIAN_POINT('',(2.72499999999998,6.6,0.340000000000001));
#5307=DIRECTION('',(0.0,-1.0,0.0));
#5308=DIRECTION('',(0.0,0.0,-1.0));
#5309=DIRECTION('',(0.0,-1.0,0.0));
#5310=DIRECTION('',(0.0,-1.0,0.0));
#5311=DIRECTION('',(0.0,-1.0,0.0));
#5312=DIRECTION('',(0.0,-1.0,0.0));
#5313=CARTESIAN_POINT('',(2.14499999999998,6.14999999999999,1.73));
#5314=DIRECTION('',(0.0,-1.0,0.0));
#5315=DIRECTION('',(0.0,0.0,1.0));
#5316=CARTESIAN_POINT('',(2.14499999999998,7.3,1.73));
#5317=DIRECTION('',(0.0,-1.0,0.0));
#5318=DIRECTION('',(0.0,0.0,1.0));
#5319=DIRECTION('',(1.0,0.0,0.0));
#5320=DIRECTION('',(1.0,0.0,0.0));
#5321=DIRECTION('',(1.0,0.0,0.0));
#5322=DIRECTION('',(2.72755263518366E-16,0.0,1.0));
#5323=DIRECTION('',(-1.0,0.0,0.0));
#5324=DIRECTION('',(-1.0,0.0,0.0));
#5325=DIRECTION('',(-2.72755263518366E-16,0.0,-1.0));
#5326=DIRECTION('',(0.0,1.0,-2.71050543121377E-17));
#5327=DIRECTION('',(1.69135877816157E-32,1.0,-2.71050543121377E-17));
#5328=DIRECTION('',(-1.0,0.0,0.0));
#5329=DIRECTION('',(-1.0,0.0,0.0));
#5330=DIRECTION('',(0.0,-1.0,0.0));
#5331=DIRECTION('',(-6.24001250351369E-16,0.0,1.0));
#5332=DIRECTION('',(-3.1182743580615E-16,-0.8661855860486,0.499722453489577));
#5333=DIRECTION('',(6.24001250351369E-16,0.0,-1.0));
#5334=DIRECTION('',(0.0,-1.0,0.0));
#5335=DIRECTION('',(0.0,0.0,1.0));
#5336=DIRECTION('',(0.0,-1.0,0.0));
#5337=DIRECTION('',(6.24001250351369E-16,0.0,-1.0));
#5338=DIRECTION('',(6.15039555695114E-32,-1.0,-9.85638338623186E-17));
#5339=DIRECTION('',(-6.24001250351369E-16,0.0,1.0));
#5340=DIRECTION('',(0.0,-1.0,0.0));
#5341=DIRECTION('',(6.24001250351369E-16,0.0,-1.0));
#5342=DIRECTION('',(0.0,-1.0,0.0));
#5343=DIRECTION('',(6.24001250351369E-16,0.0,-1.0));
#5344=DIRECTION('',(0.0,0.0,-1.0));
#5345=DIRECTION('',(0.0,-1.0,0.0));
#5346=DIRECTION('',(-1.27553196763001E-15,0.0,1.0));
#5347=DIRECTION('',(0.0,-1.0,0.0));
#5348=DIRECTION('',(-5.45510527036732E-16,0.0,-1.0));
#5349=DIRECTION('',(3.15404268359419E-15,1.0,9.85638338623186E-17));
#5350=DIRECTION('',(0.0,0.0,1.0));
#5351=DIRECTION('',(0.0,-1.0,0.0));
#5352=DIRECTION('',(1.27553196763001E-15,0.0,-1.0));
#5353=DIRECTION('',(0.0,-1.0,0.0));
#5354=DIRECTION('',(0.0,0.0,-1.0));
#5355=DIRECTION('',(-2.88960090513699E-15,-0.8661855860486,0.499722453489577));
#5356=DIRECTION('',(0.0,0.0,1.0));
#5357=DIRECTION('',(-4.40285146187007E-15,-1.0,0.0));
#5358=DIRECTION('',(-1.0,0.0,0.0));
#5359=DIRECTION('',(-1.0,0.0,0.0));
#5360=CARTESIAN_POINT('',(-6.75499999999999,6.6,0.37));
#5361=DIRECTION('',(0.0,-1.0,0.0));
#5362=DIRECTION('',(-1.0,0.0,3.01167270134862E-16));
#5363=CARTESIAN_POINT('',(-6.72499999999998,6.6,0.340000000000001));
#5364=DIRECTION('',(0.0,1.0,0.0));
#5365=DIRECTION('',(0.0,0.0,-1.0));
#5366=DIRECTION('',(-1.0,0.0,-4.27425856460626E-16));
#5367=DIRECTION('',(-3.46944695195361E-15,0.0,1.0));
#5368=DIRECTION('',(1.0,0.0,4.80896124892765E-16));
#5369=CARTESIAN_POINT('',(-6.75499999999999,6.6,0.37));
#5370=DIRECTION('',(0.0,-1.0,0.0));
#5371=DIRECTION('',(-1.0,0.0,3.01167270134862E-16));
#5372=CARTESIAN_POINT('',(-6.75499999999999,4.0,0.37));
#5373=DIRECTION('',(0.0,-1.0,0.0));
#5374=DIRECTION('',(-1.0,0.0,3.01167270134862E-16));
#5375=CARTESIAN_POINT('',(-6.75499999999999,4.0,0.37));
#5376=DIRECTION('',(0.0,-1.0,0.0));
#5377=DIRECTION('',(-1.0,0.0,3.01167270134862E-16));
#5378=DIRECTION('',(1.0,0.0,4.80896124892765E-16));
#5379=DIRECTION('',(-3.46944695195361E-15,0.0,1.0));
#5380=DIRECTION('',(-1.0,0.0,-4.27425856460626E-16));
#5381=CARTESIAN_POINT('',(-6.72499999999998,4.0,0.340000000000001));
#5382=DIRECTION('',(0.0,1.0,0.0));
#5383=DIRECTION('',(0.0,0.0,-1.0));
#5384=CARTESIAN_POINT('',(-6.14499999999998,4.0,1.73));
#5385=DIRECTION('',(0.0,-1.0,0.0));
#5386=DIRECTION('',(0.0,0.0,-1.0));
#5387=DIRECTION('',(-1.0,0.0,-3.23642439547917E-16));
#5388=DIRECTION('',(0.0,0.0,-1.0));
#5389=DIRECTION('',(1.0,0.0,5.82556391186241E-15));
#5390=CARTESIAN_POINT('',(-6.14499999999998,4.0,1.73));
#5391=DIRECTION('',(0.0,1.0,0.0));
#5392=DIRECTION('',(-1.0,0.0,0.0));
#5393=DIRECTION('',(1.0,0.0,3.23642439547917E-16));
#5394=DIRECTION('',(-3.15404268359419E-15,-1.0,-1.02078206855668E-30));
#5395=DIRECTION('',(-1.0,0.0,-3.23642439547917E-16));
#5396=DIRECTION('',(0.0,-1.0,0.0));
#5397=DIRECTION('',(1.0,0.0,3.23642439547917E-16));
#5398=DIRECTION('',(0.0,-1.0,0.0));
#5399=DIRECTION('',(0.0,-1.0,0.0));
#5400=CARTESIAN_POINT('',(-6.14499999999998,5.04999999999999,1.73));
#5401=DIRECTION('',(0.0,1.0,0.0));
#5402=DIRECTION('',(0.0,0.0,1.0));
#5403=CARTESIAN_POINT('',(-6.14499999999998,6.14999999999999,1.73));
#5404=DIRECTION('',(0.0,-1.0,0.0));
#5405=DIRECTION('',(0.0,0.0,-1.0));
#5406=CARTESIAN_POINT('',(-6.14499999999998,7.3,1.73));
#5407=DIRECTION('',(0.0,-1.0,0.0));
#5408=DIRECTION('',(0.0,0.0,-1.0));
#5409=CARTESIAN_POINT('',(-6.14499999999998,5.04999999999999,1.73));
#5410=DIRECTION('',(0.0,-1.0,0.0));
#5411=DIRECTION('',(0.0,0.0,1.0));
#5412=DIRECTION('',(0.0,-1.0,0.0));
#5413=CARTESIAN_POINT('',(-6.14499999999998,6.14999999999999,1.73));
#5414=DIRECTION('',(0.0,1.0,0.0));
#5415=DIRECTION('',(0.0,0.0,-1.0));
#5416=DIRECTION('',(0.0,-1.0,0.0));
#5417=CARTESIAN_POINT('',(-6.14499999999998,7.3,1.73));
#5418=DIRECTION('',(0.0,1.0,0.0));
#5419=DIRECTION('',(0.0,0.0,-1.0));
#5420=DIRECTION('',(-1.0,0.0,0.0));
#5421=DIRECTION('',(-1.0,0.0,-5.8255639118625E-15));
#5422=DIRECTION('',(0.0,0.0,1.0));
#5423=DIRECTION('',(0.0,-1.0,0.0));
#5424=DIRECTION('',(0.0,-1.0,0.0));
#5425=CARTESIAN_POINT('',(-6.72499999999998,6.6,0.340000000000001));
#5426=DIRECTION('',(0.0,1.0,0.0));
#5427=DIRECTION('',(0.0,0.0,-1.0));
#5428=DIRECTION('',(0.0,-1.0,0.0));
#5429=DIRECTION('',(0.0,-1.0,0.0));
#5430=DIRECTION('',(0.0,-1.0,0.0));
#5431=DIRECTION('',(0.0,-1.0,0.0));
#5432=DIRECTION('',(-1.0,0.0,0.0));
#5433=DIRECTION('',(-1.0,0.0,0.0));
#5434=DIRECTION('',(-1.0,0.0,0.0));
#5435=DIRECTION('',(1.0,0.0,0.0));
#5436=DIRECTION('',(1.0,0.0,0.0));
#5437=DIRECTION('',(5.45510527036732E-16,0.0,1.0));
#5438=DIRECTION('',(0.0,0.0,-1.0));
#5439=DIRECTION('',(0.0,0.0,-1.0));
#5440=DIRECTION('',(-0.44721359549996,0.894427190999915,0.0));
#5441=DIRECTION('',(0.0,0.0,-1.0));
#5442=DIRECTION('',(0.0,0.0,-1.0));
#5443=DIRECTION('',(-0.44721359549996,-0.894427190999915,0.0));
#5444=DIRECTION('',(1.0,0.0,0.0));
#5445=PRESENTATION_LAYER_ASSIGNMENT('1','Layer 1',(#25));
ENDSEC;
END-ISO-10303-21;
