                                                                        S      1
,,20HCanal - Assembly v11,20HCanal - Assembly v11,7Hunknown,7Hunknown,  G      1
32,38,7,99,15,,1.,2,2HMM,1,0.08,15H20260523.224423,0.01,10000.,7HunknownG      2
,7Hunknown,11,0,15H20260523.204413;                                     G      3
     408       1                                      19        00000001D      1
     408       0               1       0                               0D      2
     408       2                                      21        00000001D      3
     408       0               1       0                               0D      4
     408       3                                      23        00000001D      5
     408       0               1       0                               0D      6
     408       4                                      25        00000001D      7
     408       0               1       0                               0D      8
     408       5                                                00000001D      9
     408       0               1       0                               0D     10
     408       6                                      27        00000001D     11
     408       0               1       0                               0D     12
     408       7                                      29        00000001D     13
     408       0               1       0                               0D     14
     408       8                                                00010001D     15
     408       0               1       0                               0D     16
     408       9                                      31        00000001D     17
     408       0               1       0                               0D     18
     124      10                                                00000000D     19
     124                       4       0                               0D     20
     124      14                                                00000000D     21
     124                       4       0                               0D     22
     124      18                                                00000000D     23
     124                       5       0                               0D     24
     124      23                                                00000000D     25
     124                       4       0                               0D     26
     124      27                                                00000000D     27
     124                       4       0                               0D     28
     124      31                                                00000000D     29
     124                       4       0                               0D     30
     124      35                                                00000000D     31
     124                       4       0                               0D     32
     308      39                                                00010200D     33
     308       0               1       0                               0D     34
     308      40                                                00010200D     35
     308       0               1       0                               0D     36
     308      41                                                00010200D     37
     308       0               1       0                               0D     38
     308      42                                                00010200D     39
     308       0               1       0                               0D     40
     308      43                                                00010200D     41
     308       0               1       0                               0D     42
     308      44                                                00010200D     43
     308       0               1       0                               0D     44
     308      45                                                00010200D     45
     308       0               1       0                               0D     46
     186      46                                                00010000D     47
     186           -2211       1       0                               0D     48
     186      47                                                00010000D     49
     186           -2211       1       0                               0D     50
     186      48                                                00010000D     51
     186           -2211       1       0                               0D     52
     186      49                                                00010000D     53
     186           -2211       1       0                               0D     54
     186      50                                                00010000D     55
     186           -2211       1       0                               0D     56
     186      51                                                00010000D     57
     186           -2211       1       0                               0D     58
     186      52                                                00010000D     59
     186           -2211       1       0                               0D     60
     186      53                                                00010000D     61
     186           -2213       1       0                               0D     62
     514      54                                                00010000D     63
     514                       1       1                               0D     64
     514      55                                                00010000D     65
     514                       1       1                               0D     66
     514      56                                                00010000D     67
     514                       5       1                               0D     68
     514      61                                                00010000D     69
     514                       1       1                               0D     70
     514      62                                                00010000D     71
     514                       5       1                               0D     72
     514      67                                                00010000D     73
     514                       4       1                               0D     74
     514      71                                                00010000D     75
     514                       3       1                               0D     76
     514      74                                                00010000D     77
     514                       2       1                               0D     78
     510      76                                                00010000D     79
     510           -2211       1       1                               0D     80
     510      77                                                00010000D     81
     510           -2211       1       1                               0D     82
     510      78                                                00010000D     83
     510           -2211       1       1                               0D     84
     510      79                                                00010000D     85
     510           -2211       1       1                               0D     86
     510      80                                                00010000D     87
     510           -2211       1       1                               0D     88
     510      81                                                00010000D     89
     510           -2211       1       1                               0D     90
     510      82                                                00010000D     91
     510           -2211       1       1                               0D     92
     510      83                                                00010000D     93
     510           -2211       1       1                               0D     94
     510      84                                                00010000D     95
     510           -2211       1       1                               0D     96
     510      85                                                00010000D     97
     510           -2211       1       1                               0D     98
     510      86                                                00010000D     99
     510           -2211       1       1                               0D    100
     510      87                                                00010000D    101
     510           -2211       1       1                               0D    102
     510      88                                                00010000D    103
     510           -2211       1       1                               0D    104
     510      89                                                00010000D    105
     510           -2211       1       1                               0D    106
     510      90                                                00010000D    107
     510           -2211       1       1                               0D    108
     510      91                                                00010000D    109
     510           -2211       1       1                               0D    110
     510      92                                                00010000D    111
     510           -2211       1       1                               0D    112
     510      93                                                00010000D    113
     510           -2211       1       1                               0D    114
     510      94                                                00010000D    115
     510           -2211       1       1                               0D    116
     510      95                                                00010000D    117
     510           -2211       1       1                               0D    118
     510      96                                                00010000D    119
     510           -2211       1       1                               0D    120
     510      97                                                00010000D    121
     510           -2211       1       1                               0D    122
     510      98                                                00010000D    123
     510           -2211       1       1                               0D    124
     510      99                                                00010000D    125
     510           -2211       1       1                               0D    126
     510     100                                                00010000D    127
     510           -2211       1       1                               0D    128
     510     101                                                00010000D    129
     510           -2211       1       1                               0D    130
     510     102                                                00010000D    131
     510           -2211       1       1                               0D    132
     510     103                                                00010000D    133
     510           -2211       1       1                               0D    134
     510     104                                                00010000D    135
     510           -2211       1       1                               0D    136
     510     105                                                00010000D    137
     510           -2211       1       1                               0D    138
     510     106                                                00010000D    139
     510           -2211       1       1                               0D    140
     510     107                                                00010000D    141
     510           -2211       1       1                               0D    142
     510     108                                                00010000D    143
     510           -2211       1       1                               0D    144
     510     109                                                00010000D    145
     510           -2211       1       1                               0D    146
     510     110                                                00010000D    147
     510           -2211       1       1                               0D    148
     510     111                                                00010000D    149
     510           -2211       1       1                               0D    150
     510     112                                                00010000D    151
     510           -2211       1       1                               0D    152
     510     113                                                00010000D    153
     510           -2211       1       1                               0D    154
     510     114                                                00010000D    155
     510           -2211       1       1                               0D    156
     510     115                                                00010000D    157
     510           -2211       1       1                               0D    158
     510     116                                                00010000D    159
     510           -2211       1       1                               0D    160
     510     117                                                00010000D    161
     510           -2211       1       1                               0D    162
     510     118                                                00010000D    163
     510           -2211       1       1                               0D    164
     510     119                                                00010000D    165
     510           -2211       1       1                               0D    166
     510     120                                                00010000D    167
     510           -2211       1       1                               0D    168
     510     121                                                00010000D    169
     510           -2211       1       1                               0D    170
     510     122                                                00010000D    171
     510           -2211       1       1                               0D    172
     510     123                                                00010000D    173
     510           -2211       1       1                               0D    174
     510     124                                                00010000D    175
     510           -2211       1       1                               0D    176
     510     125                                                00010000D    177
     510           -2211       1       1                               0D    178
     510     126                                                00010000D    179
     510           -2211       1       1                               0D    180
     510     127                                                00010000D    181
     510           -2211       1       1                               0D    182
     510     128                                                00010000D    183
     510           -2211       1       1                               0D    184
     510     129                                                00010000D    185
     510           -2211       1       1                               0D    186
     510     130                                                00010000D    187
     510           -2211       1       1                               0D    188
     510     131                                                00010000D    189
     510           -2211       1       1                               0D    190
     510     132                                                00010000D    191
     510           -2211       1       1                               0D    192
     510     133                                                00010000D    193
     510           -2211       1       1                               0D    194
     510     134                                                00010000D    195
     510           -2211       1       1                               0D    196
     510     135                                                00010000D    197
     510           -2211       1       1                               0D    198
     510     136                                                00010000D    199
     510           -2211       1       1                               0D    200
     510     137                                                00010000D    201
     510           -2211       1       1                               0D    202
     510     138                                                00010000D    203
     510           -2211       1       1                               0D    204
     510     139                                                00010000D    205
     510           -2211       1       1                               0D    206
     510     140                                                00010000D    207
     510           -2211       1       1                               0D    208
     510     141                                                00010000D    209
     510           -2211       1       1                               0D    210
     510     142                                                00010000D    211
     510           -2211       1       1                               0D    212
     510     143                                                00010000D    213
     510           -2211       1       1                               0D    214
     510     144                                                00010000D    215
     510           -2211       1       1                               0D    216
     510     145                                                00010000D    217
     510           -2211       1       1                               0D    218
     510     146                                                00010000D    219
     510           -2211       1       1                               0D    220
     510     147                                                00010000D    221
     510           -2211       1       1                               0D    222
     510     148                                                00010000D    223
     510           -2211       1       1                               0D    224
     510     149                                                00010000D    225
     510           -2211       1       1                               0D    226
     510     150                                                00010000D    227
     510           -2211       1       1                               0D    228
     510     151                                                00010000D    229
     510           -2211       1       1                               0D    230
     510     152                                                00010000D    231
     510           -2211       1       1                               0D    232
     510     153                                                00010000D    233
     510           -2211       1       1                               0D    234
     510     154                                                00010000D    235
     510           -2211       1       1                               0D    236
     510     155                                                00010000D    237
     510           -2211       1       1                               0D    238
     510     156                                                00010000D    239
     510           -2211       1       1                               0D    240
     510     157                                                00010000D    241
     510           -2211       1       1                               0D    242
     510     158                                                00010000D    243
     510           -2211       1       1                               0D    244
     510     159                                                00010000D    245
     510           -2211       1       1                               0D    246
     510     160                                                00010000D    247
     510           -2211       1       1                               0D    248
     510     161                                                00010000D    249
     510           -2211       1       1                               0D    250
     510     162                                                00010000D    251
     510           -2211       1       1                               0D    252
     510     163                                                00010000D    253
     510           -2211       1       1                               0D    254
     510     164                                                00010000D    255
     510           -2211       1       1                               0D    256
     510     165                                                00010000D    257
     510           -2211       1       1                               0D    258
     510     166                                                00010000D    259
     510           -2211       1       1                               0D    260
     510     167                                                00010000D    261
     510           -2211       1       1                               0D    262
     510     168                                                00010000D    263
     510           -2211       1       1                               0D    264
     510     169                                                00010000D    265
     510           -2211       1       1                               0D    266
     510     170                                                00010000D    267
     510           -2211       1       1                               0D    268
     510     171                                                00010000D    269
     510           -2211       1       1                               0D    270
     510     172                                                00010000D    271
     510           -2211       1       1                               0D    272
     510     173                                                00010000D    273
     510           -2211       1       1                               0D    274
     510     174                                                00010000D    275
     510           -2211       1       1                               0D    276
     510     175                                                00010000D    277
     510           -2211       1       1                               0D    278
     510     176                                                00010000D    279
     510           -2211       1       1                               0D    280
     510     177                                                00010000D    281
     510           -2211       1       1                               0D    282
     510     178                                                00010000D    283
     510           -2211       1       1                               0D    284
     510     179                                                00010000D    285
     510           -2211       1       1                               0D    286
     510     180                                                00010000D    287
     510           -2211       1       1                               0D    288
     510     181                                                00010000D    289
     510           -2211       1       1                               0D    290
     510     182                                                00010000D    291
     510           -2211       1       1                               0D    292
     510     183                                                00010000D    293
     510           -2211       1       1                               0D    294
     510     184                                                00010000D    295
     510           -2211       1       1                               0D    296
     510     185                                                00010000D    297
     510           -2211       1       1                               0D    298
     510     186                                                00010000D    299
     510           -2211       1       1                               0D    300
     510     187                                                00010000D    301
     510           -2211       1       1                               0D    302
     510     188                                                00010000D    303
     510           -2211       1       1                               0D    304
     510     189                                                00010000D    305
     510           -2211       1       1                               0D    306
     510     190                                                00010000D    307
     510           -2211       1       1                               0D    308
     510     191                                                00010000D    309
     510           -2211       1       1                               0D    310
     510     192                                                00010000D    311
     510           -2211       1       1                               0D    312
     510     193                                                00010000D    313
     510           -2211       1       1                               0D    314
     510     194                                                00010000D    315
     510           -2211       1       1                               0D    316
     510     195                                                00010000D    317
     510           -2211       1       1                               0D    318
     510     196                                                00010000D    319
     510           -2211       1       1                               0D    320
     510     197                                                00010000D    321
     510           -2211       1       1                               0D    322
     510     198                                                00010000D    323
     510           -2211       1       1                               0D    324
     510     199                                                00010000D    325
     510           -2211       1       1                               0D    326
     510     200                                                00010000D    327
     510           -2211       1       1                               0D    328
     510     201                                                00010000D    329
     510           -2211       1       1                               0D    330
     510     202                                                00010000D    331
     510           -2211       1       1                               0D    332
     510     203                                                00010000D    333
     510           -2211       1       1                               0D    334
     510     204                                                00010000D    335
     510           -2211       1       1                               0D    336
     510     205                                                00010000D    337
     510           -2211       1       1                               0D    338
     510     206                                                00010000D    339
     510           -2211       1       1                               0D    340
     510     207                                                00010000D    341
     510           -2211       1       1                               0D    342
     510     208                                                00010000D    343
     510           -2211       1       1                               0D    344
     510     209                                                00010000D    345
     510           -2211       1       1                               0D    346
     510     210                                                00010000D    347
     510           -2211       1       1                               0D    348
     510     211                                                00010000D    349
     510           -2211       1       1                               0D    350
     510     212                                                00010000D    351
     510           -2211       1       1                               0D    352
     510     213                                                00010000D    353
     510           -2211       1       1                               0D    354
     510     214                                                00010000D    355
     510           -2211       1       1                               0D    356
     510     215                                                00010000D    357
     510           -2211       1       1                               0D    358
     510     216                                                00010000D    359
     510           -2211       1       1                               0D    360
     510     217                                                00010000D    361
     510           -2211       1       1                               0D    362
     510     218                                                00010000D    363
     510           -2211       1       1                               0D    364
     510     219                                                00010000D    365
     510           -2211       1       1                               0D    366
     510     220                                                00010000D    367
     510           -2211       1       1                               0D    368
     510     221                                                00010000D    369
     510           -2211       1       1                               0D    370
     510     222                                                00010000D    371
     510           -2211       1       1                               0D    372
     510     223                                                00010000D    373
     510           -2211       1       1                               0D    374
     510     224                                                00010000D    375
     510           -2211       1       1                               0D    376
     510     225                                                00010000D    377
     510           -2211       1       1                               0D    378
     510     226                                                00010000D    379
     510           -2211       1       1                               0D    380
     510     227                                                00010000D    381
     510           -2211       1       1                               0D    382
     510     228                                                00010000D    383
     510           -2211       1       1                               0D    384
     510     229                                                00010000D    385
     510           -2211       1       1                               0D    386
     510     230                                                00010000D    387
     510           -2211       1       1                               0D    388
     510     231                                                00010000D    389
     510           -2211       1       1                               0D    390
     510     232                                                00010000D    391
     510           -2211       1       1                               0D    392
     510     233                                                00010000D    393
     510           -2211       1       1                               0D    394
     510     234                                                00010000D    395
     510           -2211       1       1                               0D    396
     510     235                                                00010000D    397
     510           -2211       1       1                               0D    398
     510     236                                                00010000D    399
     510           -2211       1       1                               0D    400
     510     237                                                00010000D    401
     510           -2211       1       1                               0D    402
     510     238                                                00010000D    403
     510           -2211       1       1                               0D    404
     510     239                                                00010000D    405
     510           -2211       1       1                               0D    406
     510     240                                                00010000D    407
     510           -2211       1       1                               0D    408
     510     241                                                00010000D    409
     510           -2211       1       1                               0D    410
     510     242                                                00010000D    411
     510           -2213       1       1                               0D    412
     510     243                                                00010000D    413
     510           -2213       1       1                               0D    414
     510     244                                                00010000D    415
     510           -2213       1       1                               0D    416
     510     245                                                00010000D    417
     510           -2213       1       1                               0D    418
     510     246                                                00010000D    419
     510           -2213       1       1                               0D    420
     510     247                                                00010000D    421
     510           -2213       1       1                               0D    422
     510     248                                                00010000D    423
     510           -2213       1       1                               0D    424
     510     249                                                00010000D    425
     510           -2213       1       1                               0D    426
     510     250                                                00010000D    427
     510           -2213       1       1                               0D    428
     510     251                                                00010000D    429
     510           -2213       1       1                               0D    430
     510     252                                                00010000D    431
     510           -2213       1       1                               0D    432
     510     253                                                00010000D    433
     510           -2213       1       1                               0D    434
     510     254                                                00010000D    435
     510           -2213       1       1                               0D    436
     508     255                                                00010000D    437
     508                       1       1                               0D    438
     508     256                                                00010000D    439
     508                       1       1                               0D    440
     508     257                                                00010000D    441
     508                       1       1                               0D    442
     508     258                                                00010000D    443
     508                       1       1                               0D    444
     508     259                                                00010000D    445
     508                       1       1                               0D    446
     508     260                                                00010000D    447
     508                       1       1                               0D    448
     508     261                                                00010000D    449
     508                       1       1                               0D    450
     508     262                                                00010000D    451
     508                       1       1                               0D    452
     508     263                                                00010000D    453
     508                       1       1                               0D    454
     508     264                                                00010000D    455
     508                       1       1                               0D    456
     508     265                                                00010000D    457
     508                       1       1                               0D    458
     508     266                                                00010000D    459
     508                       1       1                               0D    460
     508     267                                                00010000D    461
     508                       1       1                               0D    462
     508     268                                                00010000D    463
     508                       1       1                               0D    464
     508     269                                                00010000D    465
     508                       1       1                               0D    466
     508     270                                                00010000D    467
     508                       1       1                               0D    468
     508     271                                                00010000D    469
     508                       1       1                               0D    470
     508     272                                                00010000D    471
     508                       1       1                               0D    472
     508     273                                                00010000D    473
     508                       1       1                               0D    474
     508     274                                                00010000D    475
     508                       1       1                               0D    476
     508     275                                                00010000D    477
     508                       1       1                               0D    478
     508     276                                                00010000D    479
     508                       1       1                               0D    480
     508     277                                                00010000D    481
     508                       1       1                               0D    482
     508     278                                                00010000D    483
     508                       1       1                               0D    484
     508     279                                                00010000D    485
     508                       1       1                               0D    486
     508     280                                                00010000D    487
     508                       1       1                               0D    488
     508     281                                                00010000D    489
     508                       1       1                               0D    490
     508     282                                                00010000D    491
     508                       1       1                               0D    492
     508     283                                                00010000D    493
     508                       1       1                               0D    494
     508     284                                                00010000D    495
     508                       1       1                               0D    496
     508     285                                                00010000D    497
     508                       1       1                               0D    498
     508     286                                                00010000D    499
     508                       1       1                               0D    500
     508     287                                                00010000D    501
     508                       1       1                               0D    502
     508     288                                                00010000D    503
     508                       1       1                               0D    504
     508     289                                                00010000D    505
     508                       1       1                               0D    506
     508     290                                                00010000D    507
     508                       1       1                               0D    508
     508     291                                                00010000D    509
     508                       1       1                               0D    510
     508     292                                                00010000D    511
     508                       1       1                               0D    512
     508     293                                                00010000D    513
     508                       1       1                               0D    514
     508     294                                                00010000D    515
     508                       1       1                               0D    516
     508     295                                                00010000D    517
     508                       1       1                               0D    518
     508     296                                                00010000D    519
     508                       1       1                               0D    520
     508     297                                                00010000D    521
     508                       1       1                               0D    522
     508     298                                                00010000D    523
     508                       1       1                               0D    524
     508     299                                                00010000D    525
     508                       1       1                               0D    526
     508     300                                                00010000D    527
     508                       2       1                               0D    528
     508     302                                                00010000D    529
     508                       2       1                               0D    530
     508     304                                                00010000D    531
     508                       2       1                               0D    532
     508     306                                                00010000D    533
     508                       2       1                               0D    534
     508     308                                                00010000D    535
     508                       2       1                               0D    536
     508     310                                                00010000D    537
     508                       2       1                               0D    538
     508     312                                                00010000D    539
     508                       2       1                               0D    540
     508     314                                                00010000D    541
     508                       2       1                               0D    542
     508     316                                                00010000D    543
     508                       2       1                               0D    544
     508     318                                                00010000D    545
     508                       2       1                               0D    546
     508     320                                                00010000D    547
     508                       2       1                               0D    548
     508     322                                                00010000D    549
     508                       2       1                               0D    550
     508     324                                                00010000D    551
     508                       1       1                               0D    552
     508     325                                                00010000D    553
     508                      11       1                               0D    554
     508     336                                                00010000D    555
     508                      11       1                               0D    556
     508     347                                                00010000D    557
     508                       1       1                               0D    558
     508     348                                                00010000D    559
     508                       1       1                               0D    560
     508     349                                                00010000D    561
     508                       1       1                               0D    562
     508     350                                                00010000D    563
     508                       1       1                               0D    564
     508     351                                                00010000D    565
     508                       1       1                               0D    566
     508     352                                                00010000D    567
     508                       1       1                               0D    568
     508     353                                                00010000D    569
     508                       2       1                               0D    570
     508     355                                                00010000D    571
     508                       1       1                               0D    572
     508     356                                                00010000D    573
     508                       1       1                               0D    574
     508     357                                                00010000D    575
     508                       2       1                               0D    576
     508     359                                                00010000D    577
     508                       2       1                               0D    578
     508     361                                                00010000D    579
     508                       1       1                               0D    580
     508     362                                                00010000D    581
     508                       2       1                               0D    582
     508     364                                                00010000D    583
     508                       3       1                               0D    584
     508     367                                                00010000D    585
     508                       1       1                               0D    586
     508     368                                                00010000D    587
     508                       1       1                               0D    588
     508     369                                                00010000D    589
     508                       1       1                               0D    590
     508     370                                                00010000D    591
     508                       1       1                               0D    592
     508     371                                                00010000D    593
     508                       1       1                               0D    594
     508     372                                                00010000D    595
     508                       1       1                               0D    596
     508     373                                                00010000D    597
     508                       1       1                               0D    598
     508     374                                                00010000D    599
     508                       1       1                               0D    600
     508     375                                                00010000D    601
     508                       1       1                               0D    602
     508     376                                                00010000D    603
     508                       1       1                               0D    604
     508     377                                                00010000D    605
     508                       1       1                               0D    606
     508     378                                                00010000D    607
     508                       1       1                               0D    608
     508     379                                                00010000D    609
     508                       1       1                               0D    610
     508     380                                                00010000D    611
     508                       1       1                               0D    612
     508     381                                                00010000D    613
     508                       1       1                               0D    614
     508     382                                                00010000D    615
     508                       1       1                               0D    616
     508     383                                                00010000D    617
     508                       1       1                               0D    618
     508     384                                                00010000D    619
     508                       1       1                               0D    620
     508     385                                                00010000D    621
     508                       1       1                               0D    622
     508     386                                                00010000D    623
     508                       1       1                               0D    624
     508     387                                                00010000D    625
     508                       1       1                               0D    626
     508     388                                                00010000D    627
     508                       1       1                               0D    628
     508     389                                                00010000D    629
     508                       1       1                               0D    630
     508     390                                                00010000D    631
     508                       2       1                               0D    632
     508     392                                                00010000D    633
     508                       1       1                               0D    634
     508     393                                                00010000D    635
     508                       1       1                               0D    636
     508     394                                                00010000D    637
     508                       1       1                               0D    638
     508     395                                                00010000D    639
     508                       1       1                               0D    640
     508     396                                                00010000D    641
     508                       1       1                               0D    642
     508     397                                                00010000D    643
     508                       1       1                               0D    644
     508     398                                                00010000D    645
     508                       2       1                               0D    646
     508     400                                                00010000D    647
     508                       2       1                               0D    648
     508     402                                                00010000D    649
     508                       2       1                               0D    650
     508     404                                                00010000D    651
     508                       3       1                               0D    652
     508     407                                                00010000D    653
     508                       1       1                               0D    654
     508     408                                                00010000D    655
     508                       1       1                               0D    656
     508     409                                                00010000D    657
     508                       1       1                               0D    658
     508     410                                                00010000D    659
     508                       1       1                               0D    660
     508     411                                                00010000D    661
     508                       2       1                               0D    662
     508     413                                                00010000D    663
     508                       1       1                               0D    664
     508     414                                                00010000D    665
     508                       2       1                               0D    666
     508     416                                                00010000D    667
     508                       2       1                               0D    668
     508     418                                                00010000D    669
     508                       2       1                               0D    670
     508     420                                                00010000D    671
     508                       2       1                               0D    672
     508     422                                                00010000D    673
     508                       2       1                               0D    674
     508     424                                                00010000D    675
     508                       2       1                               0D    676
     508     426                                                00010000D    677
     508                       1       1                               0D    678
     508     427                                                00010000D    679
     508                       1       1                               0D    680
     508     428                                                00010000D    681
     508                       1       1                               0D    682
     508     429                                                00010000D    683
     508                       2       1                               0D    684
     508     431                                                00010000D    685
     508                       1       1                               0D    686
     508     432                                                00010000D    687
     508                       1       1                               0D    688
     508     433                                                00010000D    689
     508                       1       1                               0D    690
     508     434                                                00010000D    691
     508                       1       1                               0D    692
     508     435                                                00010000D    693
     508                       1       1                               0D    694
     508     436                                                00010000D    695
     508                       1       1                               0D    696
     508     437                                                00010000D    697
     508                       1       1                               0D    698
     508     438                                                00010000D    699
     508                       1       1                               0D    700
     508     439                                                00010000D    701
     508                       1       1                               0D    702
     508     440                                                00010000D    703
     508                       1       1                               0D    704
     508     441                                                00010000D    705
     508                       1       1                               0D    706
     508     442                                                00010000D    707
     508                       1       1                               0D    708
     508     443                                                00010000D    709
     508                       1       1                               0D    710
     508     444                                                00010000D    711
     508                       1       1                               0D    712
     508     445                                                00010000D    713
     508                       1       1                               0D    714
     508     446                                                00010000D    715
     508                       1       1                               0D    716
     508     447                                                00010000D    717
     508                       1       1                               0D    718
     508     448                                                00010000D    719
     508                       1       1                               0D    720
     508     449                                                00010000D    721
     508                       1       1                               0D    722
     508     450                                                00010000D    723
     508                       2       1                               0D    724
     508     452                                                00010000D    725
     508                       1       1                               0D    726
     508     453                                                00010000D    727
     508                       1       1                               0D    728
     508     454                                                00010000D    729
     508                       1       1                               0D    730
     508     455                                                00010000D    731
     508                       1       1                               0D    732
     508     456                                                00010000D    733
     508                       1       1                               0D    734
     508     457                                                00010000D    735
     508                       1       1                               0D    736
     508     458                                                00010000D    737
     508                       1       1                               0D    738
     508     459                                                00010000D    739
     508                       1       1                               0D    740
     508     460                                                00010000D    741
     508                       1       1                               0D    742
     508     461                                                00010000D    743
     508                       1       1                               0D    744
     508     462                                                00010000D    745
     508                       2       1                               0D    746
     508     464                                                00010000D    747
     508                       1       1                               0D    748
     508     465                                                00010000D    749
     508                       1       1                               0D    750
     508     466                                                00010000D    751
     508                       1       1                               0D    752
     508     467                                                00010000D    753
     508                       1       1                               0D    754
     508     468                                                00010000D    755
     508                       1       1                               0D    756
     508     469                                                00010000D    757
     508                       1       1                               0D    758
     508     470                                                00010000D    759
     508                       2       1                               0D    760
     508     472                                                00010000D    761
     508                       2       1                               0D    762
     508     474                                                00010000D    763
     508                       1       1                               0D    764
     508     475                                                00010000D    765
     508                       1       1                               0D    766
     508     476                                                00010000D    767
     508                       3       1                               0D    768
     508     479                                                00010000D    769
     508                       1       1                               0D    770
     508     480                                                00010000D    771
     508                       1       1                               0D    772
     508     481                                                00010000D    773
     508                       3       1                               0D    774
     508     484                                                00010000D    775
     508                       1       1                               0D    776
     508     485                                                00010000D    777
     508                       1       1                               0D    778
     508     486                                                00010000D    779
     508                       1       1                               0D    780
     508     487                                                00010000D    781
     508                       1       1                               0D    782
     508     488                                                00010000D    783
     508                       1       1                               0D    784
     508     489                                                00010000D    785
     508                       2       1                               0D    786
     508     491                                                00010000D    787
     508                       1       1                               0D    788
     508     492                                                00010000D    789
     508                       1       1                               0D    790
     508     493                                                00010000D    791
     508                       1       1                               0D    792
     508     494                                                00010000D    793
     508                       2       1                               0D    794
     508     496                                                00010000D    795
     508                       2       1                               0D    796
     508     498                                                00010000D    797
     508                       1       1                               0D    798
     508     499                                                00010000D    799
     508                       2       1                               0D    800
     508     501                                                00010000D    801
     508                       1       1                               0D    802
     508     502                                                00010000D    803
     508                       1       1                               0D    804
     508     503                                                00010000D    805
     508                       1       1                               0D    806
     508     504                                                00010000D    807
     508                       1       1                               0D    808
     508     505                                                00010000D    809
     508                       2       1                               0D    810
     508     507                                                00010000D    811
     508                       1       1                               0D    812
     508     508                                                00010000D    813
     508                       1       1                               0D    814
     508     509                                                00010000D    815
     508                       1       1                               0D    816
     508     510                                                00010000D    817
     508                       2       1                               0D    818
     508     512                                                00010000D    819
     508                       1       1                               0D    820
     508     513                                                00010000D    821
     508                       1       1                               0D    822
     508     514                                                00010000D    823
     508                       1       1                               0D    824
     508     515                                                00010000D    825
     508                       1       1                               0D    826
     508     516                                                00010000D    827
     508                       1       1                               0D    828
     508     517                                                00010000D    829
     508                       1       1                               0D    830
     508     518                                                00010000D    831
     508                       1       1                               0D    832
     508     519                                                00010000D    833
     508                       1       1                               0D    834
     508     520                                                00010000D    835
     508                       2       1                               0D    836
     508     522                                                00010000D    837
     508                       2       1                               0D    838
     508     524                                                00010000D    839
     508                       2       1                               0D    840
     126     526                                                00010000D    841
     126       0               3       0                               0D    842
     126     529                                                00010000D    843
     126       0               3       0                               0D    844
     126     532                                                00010000D    845
     126       0               3       0                               0D    846
     126     535                                                00010000D    847
     126       0               3       0                               0D    848
     126     538                                                00010000D    849
     126       0               3       0                               0D    850
     126     541                                                00010000D    851
     126       0               3       0                               0D    852
     126     544                                                00010000D    853
     126       0               3       0                               0D    854
     126     547                                                00010000D    855
     126       0               3       0                               0D    856
     126     550                                                00010000D    857
     126       0               3       0                               0D    858
     126     553                                                00010000D    859
     126       0               3       0                               0D    860
     126     556                                                00010000D    861
     126       0               3       0                               0D    862
     126     559                                                00010000D    863
     126       0               3       0                               0D    864
     126     562                                                00010000D    865
     126       0               3       0                               0D    866
     126     565                                                00010000D    867
     126       0               3       0                               0D    868
     126     568                                                00010000D    869
     126       0               3       0                               0D    870
     126     571                                                00010000D    871
     126       0               3       0                               0D    872
     126     574                                                00010000D    873
     126       0               3       0                               0D    874
     126     577                                                00010000D    875
     126       0               3       0                               0D    876
     126     580                                                00010000D    877
     126       0               3       0                               0D    878
     126     583                                                00010000D    879
     126       0               3       0                               0D    880
     126     586                                                00010000D    881
     126       0               3       0                               0D    882
     126     589                                                00010000D    883
     126       0               3       0                               0D    884
     126     592                                                00010000D    885
     126       0               3       0                               0D    886
     126     595                                                00010000D    887
     126       0               3       0                               0D    888
     126     598                                                00010000D    889
     126       0               5       0                               0D    890
     126     603                                                00010000D    891
     126       0               3       0                               0D    892
     126     606                                                00010000D    893
     126       0               5       0                               0D    894
     126     611                                                00010000D    895
     126       0               3       0                               0D    896
     126     614                                                00010000D    897
     126       0               3       0                               0D    898
     126     617                                                00010000D    899
     126       0               3       0                               0D    900
     126     620                                                00010000D    901
     126       0               3       0                               0D    902
     126     623                                                00010000D    903
     126       0               5       0                               0D    904
     126     628                                                00010000D    905
     126       0               5       0                               0D    906
     126     633                                                00010000D    907
     126       0               3       0                               0D    908
     126     636                                                00010000D    909
     126       0               3       0                               0D    910
     126     639                                                00010000D    911
     126       0               3       0                               0D    912
     126     642                                                00010000D    913
     126       0               3       0                               0D    914
     126     645                                                00010000D    915
     126       0               5       0                               0D    916
     126     650                                                00010000D    917
     126       0               5       0                               0D    918
     126     655                                                00010000D    919
     126       0               3       0                               0D    920
     126     658                                                00010000D    921
     126       0               3       0                               0D    922
     126     661                                                00010000D    923
     126       0               3       0                               0D    924
     126     664                                                00010000D    925
     126       0               3       0                               0D    926
     126     667                                                00010000D    927
     126       0               8       0                               0D    928
     126     675                                                00010000D    929
     126       0               8       0                               0D    930
     126     683                                                00010000D    931
     126       0               3       0                               0D    932
     126     686                                                00010000D    933
     126       0               3       0                               0D    934
     126     689                                                00010000D    935
     126       0               3       0                               0D    936
     126     692                                                00010000D    937
     126       0               3       0                               0D    938
     126     695                                                00010000D    939
     126       0               5       0                               0D    940
     126     700                                                00010000D    941
     126       0               5       0                               0D    942
     126     705                                                00010000D    943
     126       0               3       0                               0D    944
     126     708                                                00010000D    945
     126       0               3       0                               0D    946
     126     711                                                00010000D    947
     126       0               3       0                               0D    948
     126     714                                                00010000D    949
     126       0               3       0                               0D    950
     126     717                                                00010000D    951
     126       0               5       0                               0D    952
     126     722                                                00010000D    953
     126       0               5       0                               0D    954
     126     727                                                00010000D    955
     126       0               3       0                               0D    956
     126     730                                                00010000D    957
     126       0               3       0                               0D    958
     126     733                                                00010000D    959
     126       0               3       0                               0D    960
     126     736                                                00010000D    961
     126       0               3       0                               0D    962
     126     739                                                00010000D    963
     126       0               8       0                               0D    964
     126     747                                                00010000D    965
     126       0               8       0                               0D    966
     126     755                                                00010000D    967
     126       0               3       0                               0D    968
     126     758                                                00010000D    969
     126       0               3       0                               0D    970
     126     761                                                00010000D    971
     126       0               3       0                               0D    972
     126     764                                                00010000D    973
     126       0               3       0                               0D    974
     126     767                                                00010000D    975
     126       0               5       0                               0D    976
     126     772                                                00010000D    977
     126       0               5       0                               0D    978
     126     777                                                00010000D    979
     126       0               3       0                               0D    980
     126     780                                                00010000D    981
     126       0               3       0                               0D    982
     126     783                                                00010000D    983
     126       0               3       0                               0D    984
     126     786                                                00010000D    985
     126       0               3       0                               0D    986
     126     789                                                00010000D    987
     126       0               5       0                               0D    988
     126     794                                                00010000D    989
     126       0               5       0                               0D    990
     126     799                                                00010000D    991
     126       0               3       0                               0D    992
     126     802                                                00010000D    993
     126       0               3       0                               0D    994
     126     805                                                00010000D    995
     126       0               3       0                               0D    996
     126     808                                                00010000D    997
     126       0               3       0                               0D    998
     126     811                                                00010000D    999
     126       0               8       0                               0D   1000
     126     819                                                00010000D   1001
     126       0               8       0                               0D   1002
     126     827                                                00010000D   1003
     126       0               3       0                               0D   1004
     126     830                                                00010000D   1005
     126       0               3       0                               0D   1006
     126     833                                                00010000D   1007
     126       0               3       0                               0D   1008
     126     836                                                00010000D   1009
     126       0               3       0                               0D   1010
     126     839                                                00010000D   1011
     126       0               5       0                               0D   1012
     126     844                                                00010000D   1013
     126       0               5       0                               0D   1014
     126     849                                                00010000D   1015
     126       0               3       0                               0D   1016
     126     852                                                00010000D   1017
     126       0               3       0                               0D   1018
     126     855                                                00010000D   1019
     126       0               3       0                               0D   1020
     126     858                                                00010000D   1021
     126       0               3       0                               0D   1022
     126     861                                                00010000D   1023
     126       0               3       0                               0D   1024
     126     864                                                00010000D   1025
     126       0               3       0                               0D   1026
     126     867                                                00010000D   1027
     126       0               3       0                               0D   1028
     126     870                                                00010000D   1029
     126       0               7       0                               0D   1030
     126     877                                                00010000D   1031
     126       0               7       0                               0D   1032
     126     884                                                00010000D   1033
     126       0               3       0                               0D   1034
     126     887                                                00010000D   1035
     126       0               4       0                               0D   1036
     126     891                                                00010000D   1037
     126       0               3       0                               0D   1038
     126     894                                                00010000D   1039
     126       0               3       0                               0D   1040
     126     897                                                00010000D   1041
     126       0               5       0                               0D   1042
     126     902                                                00010000D   1043
     126       0               5       0                               0D   1044
     126     907                                                00010000D   1045
     126       0               3       0                               0D   1046
     126     910                                                00010000D   1047
     126       0               3       0                               0D   1048
     126     913                                                00010000D   1049
     126       0               3       0                               0D   1050
     126     916                                                00010000D   1051
     126       0               3       0                               0D   1052
     126     919                                                00010000D   1053
     126       0               5       0                               0D   1054
     126     924                                                00010000D   1055
     126       0               5       0                               0D   1056
     126     929                                                00010000D   1057
     126       0               3       0                               0D   1058
     126     932                                                00010000D   1059
     126       0               4       0                               0D   1060
     126     936                                                00010000D   1061
     126       0               4       0                               0D   1062
     126     940                                                00010000D   1063
     126       0               3       0                               0D   1064
     126     943                                                00010000D   1065
     126       0               8       0                               0D   1066
     126     951                                                00010000D   1067
     126       0               8       0                               0D   1068
     126     959                                                00010000D   1069
     126       0               3       0                               0D   1070
     126     962                                                00010000D   1071
     126       0               4       0                               0D   1072
     126     966                                                00010000D   1073
     126       0               3       0                               0D   1074
     126     969                                                00010000D   1075
     126       0               3       0                               0D   1076
     126     972                                                00010000D   1077
     126       0               5       0                               0D   1078
     126     977                                                00010000D   1079
     126       0               5       0                               0D   1080
     126     982                                                00010000D   1081
     126       0               3       0                               0D   1082
     126     985                                                00010000D   1083
     126       0               3       0                               0D   1084
     126     988                                                00010000D   1085
     126       0               3       0                               0D   1086
     126     991                                                00010000D   1087
     126       0               3       0                               0D   1088
     126     994                                                00010000D   1089
     126       0               5       0                               0D   1090
     126     999                                                00010000D   1091
     126       0               5       0                               0D   1092
     126    1004                                                00010000D   1093
     126       0               3       0                               0D   1094
     126    1007                                                00010000D   1095
     126       0               4       0                               0D   1096
     126    1011                                                00010000D   1097
     126       0               4       0                               0D   1098
     126    1015                                                00010000D   1099
     126       0               3       0                               0D   1100
     126    1018                                                00010000D   1101
     126       0               8       0                               0D   1102
     126    1026                                                00010000D   1103
     126       0               8       0                               0D   1104
     126    1034                                                00010000D   1105
     126       0               3       0                               0D   1106
     126    1037                                                00010000D   1107
     126       0               4       0                               0D   1108
     126    1041                                                00010000D   1109
     126       0               3       0                               0D   1110
     126    1044                                                00010000D   1111
     126       0               3       0                               0D   1112
     126    1047                                                00010000D   1113
     126       0               4       0                               0D   1114
     126    1051                                                00010000D   1115
     126       0               4       0                               0D   1116
     126    1055                                                00010000D   1117
     126       0               3       0                               0D   1118
     126    1058                                                00010000D   1119
     126       0               3       0                               0D   1120
     126    1061                                                00010000D   1121
     126       0               3       0                               0D   1122
     126    1064                                                00010000D   1123
     126       0               3       0                               0D   1124
     126    1067                                                00010000D   1125
     126       0               5       0                               0D   1126
     126    1072                                                00010000D   1127
     126       0               5       0                               0D   1128
     126    1077                                                00010000D   1129
     126       0               3       0                               0D   1130
     126    1080                                                00010000D   1131
     126       0               4       0                               0D   1132
     126    1084                                                00010000D   1133
     126       0               4       0                               0D   1134
     126    1088                                                00010000D   1135
     126       0               3       0                               0D   1136
     126    1091                                                00010000D   1137
     126       0               8       0                               0D   1138
     126    1099                                                00010000D   1139
     126       0               8       0                               0D   1140
     126    1107                                                00010000D   1141
     126       0               3       0                               0D   1142
     126    1110                                                00010000D   1143
     126       0               3       0                               0D   1144
     126    1113                                                00010000D   1145
     126       0               3       0                               0D   1146
     126    1116                                                00010000D   1147
     126       0               3       0                               0D   1148
     126    1119                                                00010000D   1149
     126       0               4       0                               0D   1150
     126    1123                                                00010000D   1151
     126       0               4       0                               0D   1152
     126    1127                                                00010000D   1153
     126       0               3       0                               0D   1154
     126    1130                                                00010000D   1155
     126       0               4       0                               0D   1156
     126    1134                                                00010000D   1157
     126       0               4       0                               0D   1158
     126    1138                                                00010000D   1159
     126       0               3       0                               0D   1160
     126    1141                                                00010000D   1161
     126       0               3       0                               0D   1162
     126    1144                                                00010000D   1163
     126       0               3       0                               0D   1164
     126    1147                                                00010000D   1165
     126       0               2       0                               0D   1166
     126    1149                                                00010000D   1167
     126       0               2       0                               0D   1168
     126    1151                                                00010000D   1169
     126       0               2       0                               0D   1170
     126    1153                                                00010000D   1171
     126       0               2       0                               0D   1172
     126    1155                                                00010000D   1173
     126       0               2       0                               0D   1174
     126    1157                                                00010000D   1175
     126       0               2       0                               0D   1176
     126    1159                                                00010000D   1177
     126       0               3       0                               0D   1178
     126    1162                                                00010000D   1179
     126       0               2       0                               0D   1180
     126    1164                                                00010000D   1181
     126       0               2       0                               0D   1182
     126    1166                                                00010000D   1183
     126       0               2       0                               0D   1184
     126    1168                                                00010000D   1185
     126       0               2       0                               0D   1186
     126    1170                                                00010000D   1187
     126       0               2       0                               0D   1188
     126    1172                                                00010000D   1189
     126       0               7       0                               0D   1190
     126    1179                                                00010000D   1191
     126       0               3       0                               0D   1192
     126    1182                                                00010000D   1193
     126       0               7       0                               0D   1194
     126    1189                                                00010000D   1195
     126       0               3       0                               0D   1196
     126    1192                                                00010000D   1197
     126       0               8       0                               0D   1198
     126    1200                                                00010000D   1199
     126       0               8       0                               0D   1200
     126    1208                                                00010000D   1201
     126       0               4       0                               0D   1202
     126    1212                                                00010000D   1203
     126       0               7       0                               0D   1204
     126    1219                                                00010000D   1205
     126       0               3       0                               0D   1206
     126    1222                                                00010000D   1207
     126       0               3       0                               0D   1208
     126    1225                                                00010000D   1209
     126       0               3       0                               0D   1210
     126    1228                                                00010000D   1211
     126       0               3       0                               0D   1212
     126    1231                                                00010000D   1213
     126       0               8       0                               0D   1214
     126    1239                                                00010000D   1215
     126       0              41       0                               0D   1216
     126    1280                                                00010000D   1217
     126       0               5       0                               0D   1218
     126    1285                                                00010000D   1219
     126       0               7       0                               0D   1220
     126    1292                                                00010000D   1221
     126       0               3       0                               0D   1222
     126    1295                                                00010000D   1223
     126       0               3       0                               0D   1224
     126    1298                                                00010000D   1225
     126       0               3       0                               0D   1226
     126    1301                                                00010000D   1227
     126       0               3       0                               0D   1228
     126    1304                                                00010000D   1229
     126       0               7       0                               0D   1230
     126    1311                                                00010000D   1231
     126       0               4       0                               0D   1232
     126    1315                                                00010000D   1233
     126       0               4       0                               0D   1234
     126    1319                                                00010000D   1235
     126       0               4       0                               0D   1236
     126    1323                                                00010000D   1237
     126       0               3       0                               0D   1238
     126    1326                                                00010000D   1239
     126       0               6       0                               0D   1240
     126    1332                                                00010000D   1241
     126       0               3       0                               0D   1242
     126    1335                                                00010000D   1243
     126       0               6       0                               0D   1244
     126    1341                                                00010000D   1245
     126       0               3       0                               0D   1246
     126    1344                                                00010000D   1247
     126       0               3       0                               0D   1248
     126    1347                                                00010000D   1249
     126       0               4       0                               0D   1250
     126    1351                                                00010000D   1251
     126       0               3       0                               0D   1252
     126    1354                                                00010000D   1253
     126       0               6       0                               0D   1254
     126    1360                                                00010000D   1255
     126       0               4       0                               0D   1256
     126    1364                                                00010000D   1257
     126       0               4       0                               0D   1258
     126    1368                                                00010000D   1259
     126       0               4       0                               0D   1260
     126    1372                                                00010000D   1261
     126       0               8       0                               0D   1262
     126    1380                                                00010000D   1263
     126       0               3       0                               0D   1264
     126    1383                                                00010000D   1265
     126       0               3       0                               0D   1266
     126    1386                                                00010000D   1267
     126       0               3       0                               0D   1268
     126    1389                                                00010000D   1269
     126       0               6       0                               0D   1270
     126    1395                                                00010000D   1271
     126       0               3       0                               0D   1272
     126    1398                                                00010000D   1273
     126       0               6       0                               0D   1274
     126    1404                                                00010000D   1275
     126       0               4       0                               0D   1276
     126    1408                                                00010000D   1277
     126       0               3       0                               0D   1278
     126    1411                                                00010000D   1279
     126       0               4       0                               0D   1280
     126    1415                                                00010000D   1281
     126       0               4       0                               0D   1282
     126    1419                                                00010000D   1283
     126       0               3       0                               0D   1284
     126    1422                                                00010000D   1285
     126       0               4       0                               0D   1286
     126    1426                                                00010000D   1287
     126       0               4       0                               0D   1288
     126    1430                                                00010000D   1289
     126       0               6       0                               0D   1290
     126    1436                                                00010000D   1291
     126       0               6       0                               0D   1292
     126    1442                                                00010000D   1293
     126       0               4       0                               0D   1294
     126    1446                                                00010000D   1295
     126       0               6       0                               0D   1296
     126    1452                                                00010000D   1297
     126       0               4       0                               0D   1298
     126    1456                                                00010000D   1299
     126       0               3       0                               0D   1300
     126    1459                                                00010000D   1301
     126       0               3       0                               0D   1302
     126    1462                                                00010000D   1303
     126       0               4       0                               0D   1304
     126    1466                                                00010000D   1305
     126       0               6       0                               0D   1306
     126    1472                                                00010000D   1307
     126       0               3       0                               0D   1308
     126    1475                                                00010000D   1309
     126       0               3       0                               0D   1310
     126    1478                                                00010000D   1311
     126       0               3       0                               0D   1312
     126    1481                                                00010000D   1313
     126       0               3       0                               0D   1314
     126    1484                                                00010000D   1315
     126       0               3       0                               0D   1316
     126    1487                                                00010000D   1317
     126       0               3       0                               0D   1318
     126    1490                                                00010000D   1319
     126       0               4       0                               0D   1320
     126    1494                                                00010000D   1321
     126       0               3       0                               0D   1322
     126    1497                                                00010000D   1323
     126       0               4       0                               0D   1324
     126    1501                                                00010000D   1325
     126       0               3       0                               0D   1326
     126    1504                                                00010000D   1327
     126       0               3       0                               0D   1328
     126    1507                                                00010000D   1329
     126       0               3       0                               0D   1330
     126    1510                                                00010000D   1331
     126       0               3       0                               0D   1332
     126    1513                                                00010000D   1333
     126       0               3       0                               0D   1334
     126    1516                                                00010000D   1335
     126       0               3       0                               0D   1336
     126    1519                                                00010000D   1337
     126       0               3       0                               0D   1338
     126    1522                                                00010000D   1339
     126       0               3       0                               0D   1340
     126    1525                                                00010000D   1341
     126       0               3       0                               0D   1342
     126    1528                                                00010000D   1343
     126       0               3       0                               0D   1344
     126    1531                                                00010000D   1345
     126       0               3       0                               0D   1346
     126    1534                                                00010000D   1347
     126       0               3       0                               0D   1348
     126    1537                                                00010000D   1349
     126       0               3       0                               0D   1350
     126    1540                                                00010000D   1351
     126       0               4       0                               0D   1352
     126    1544                                                00010000D   1353
     126       0               3       0                               0D   1354
     126    1547                                                00010000D   1355
     126       0               3       0                               0D   1356
     126    1550                                                00010000D   1357
     126       0               3       0                               0D   1358
     126    1553                                                00010000D   1359
     126       0               4       0                               0D   1360
     126    1557                                                00010000D   1361
     126       0               3       0                               0D   1362
     126    1560                                                00010000D   1363
     126       0               4       0                               0D   1364
     126    1564                                                00010000D   1365
     126       0               7       0                               0D   1366
     126    1571                                                00010000D   1367
     126       0               3       0                               0D   1368
     126    1574                                                00010000D   1369
     126       0               7       0                               0D   1370
     126    1581                                                00010000D   1371
     126       0               3       0                               0D   1372
     126    1584                                                00010000D   1373
     126       0               4       0                               0D   1374
     126    1588                                                00010000D   1375
     126       0               4       0                               0D   1376
     126    1592                                                00010000D   1377
     126       0               3       0                               0D   1378
     126    1595                                                00010000D   1379
     126       0               4       0                               0D   1380
     126    1599                                                00010000D   1381
     126       0               3       0                               0D   1382
     126    1602                                                00010000D   1383
     126       0               3       0                               0D   1384
     126    1605                                                00010000D   1385
     126       0               3       0                               0D   1386
     126    1608                                                00010000D   1387
     126       0               3       0                               0D   1388
     126    1611                                                00010000D   1389
     126       0              12       0                               0D   1390
     126    1623                                                00010000D   1391
     126       0              12       0                               0D   1392
     126    1635                                                00010000D   1393
     126       0              12       0                               0D   1394
     126    1647                                                00010000D   1395
     126       0               5       0                               0D   1396
     126    1652                                                00010000D   1397
     126       0              12       0                               0D   1398
     126    1664                                                00010000D   1399
     126       0               5       0                               0D   1400
     126    1669                                                00010000D   1401
     126       0              12       0                               0D   1402
     126    1681                                                00010000D   1403
     126       0               5       0                               0D   1404
     126    1686                                                00010000D   1405
     126       0              12       0                               0D   1406
     126    1698                                                00010000D   1407
     126       0               4       0                               0D   1408
     126    1702                                                00010000D   1409
     126       0               6       0                               0D   1410
     126    1708                                                00010000D   1411
     126       0               3       0                               0D   1412
     126    1711                                                00010000D   1413
     126       0               3       0                               0D   1414
     126    1714                                                00010000D   1415
     126       0               3       0                               0D   1416
     126    1717                                                00010000D   1417
     126       0               7       0                               0D   1418
     126    1724                                                00010000D   1419
     126       0               5       0                               0D   1420
     126    1729                                                00010000D   1421
     126       0               7       0                               0D   1422
     126    1736                                                00010000D   1423
     126       0               5       0                               0D   1424
     126    1741                                                00010000D   1425
     126       0               5       0                               0D   1426
     126    1746                                                00010000D   1427
     126       0               3       0                               0D   1428
     126    1749                                                00010000D   1429
     126       0               5       0                               0D   1430
     126    1754                                                00010000D   1431
     126       0               7       0                               0D   1432
     126    1761                                                00010000D   1433
     126       0               7       0                               0D   1434
     126    1768                                                00010000D   1435
     126       0               3       0                               0D   1436
     126    1771                                                00010000D   1437
     126       0               3       0                               0D   1438
     126    1774                                                00010000D   1439
     126       0               3       0                               0D   1440
     126    1777                                                00010000D   1441
     126       0               4       0                               0D   1442
     126    1781                                                00010000D   1443
     126       0               3       0                               0D   1444
     126    1784                                                00010000D   1445
     126       0               4       0                               0D   1446
     126    1788                                                00010000D   1447
     126       0               3       0                               0D   1448
     126    1791                                                00010000D   1449
     126       0               4       0                               0D   1450
     126    1795                                                00010000D   1451
     126       0               3       0                               0D   1452
     126    1798                                                00010000D   1453
     126       0               4       0                               0D   1454
     126    1802                                                00010000D   1455
     126       0               3       0                               0D   1456
     126    1805                                                00010000D   1457
     126       0               3       0                               0D   1458
     126    1808                                                00010000D   1459
     126       0               3       0                               0D   1460
     126    1811                                                00010000D   1461
     126       0               4       0                               0D   1462
     126    1815                                                00010000D   1463
     126       0               4       0                               0D   1464
     126    1819                                                00010000D   1465
     126       0               4       0                               0D   1466
     126    1823                                                00010000D   1467
     126       0               3       0                               0D   1468
     126    1826                                                00010000D   1469
     126       0               4       0                               0D   1470
     126    1830                                                00010000D   1471
     126       0               4       0                               0D   1472
     126    1834                                                00010000D   1473
     126       0               3       0                               0D   1474
     126    1837                                                00010000D   1475
     126       0               4       0                               0D   1476
     126    1841                                                00010000D   1477
     126       0               4       0                               0D   1478
     126    1845                                                00010000D   1479
     126       0               4       0                               0D   1480
     126    1849                                                00010000D   1481
     126       0               4       0                               0D   1482
     126    1853                                                00010000D   1483
     126       0               3       0                               0D   1484
     126    1856                                                00010000D   1485
     126       0               4       0                               0D   1486
     126    1860                                                00010000D   1487
     126       0               4       0                               0D   1488
     126    1864                                                00010000D   1489
     126       0               4       0                               0D   1490
     126    1868                                                00010000D   1491
     126       0               3       0                               0D   1492
     126    1871                                                00010000D   1493
     126       0               3       0                               0D   1494
     126    1874                                                00010000D   1495
     126       0               3       0                               0D   1496
     126    1877                                                00010000D   1497
     126       0               4       0                               0D   1498
     126    1881                                                00010000D   1499
     126       0               4       0                               0D   1500
     126    1885                                                00010000D   1501
     126       0               3       0                               0D   1502
     126    1888                                                00010000D   1503
     126       0               4       0                               0D   1504
     126    1892                                                00010000D   1505
     126       0               3       0                               0D   1506
     126    1895                                                00010000D   1507
     126       0               3       0                               0D   1508
     126    1898                                                00010000D   1509
     126       0               4       0                               0D   1510
     126    1902                                                00010000D   1511
     126       0               3       0                               0D   1512
     126    1905                                                00010000D   1513
     126       0               3       0                               0D   1514
     126    1908                                                00010000D   1515
     126       0               4       0                               0D   1516
     126    1912                                                00010000D   1517
     126       0               3       0                               0D   1518
     126    1915                                                00010000D   1519
     126       0               3       0                               0D   1520
     126    1918                                                00010000D   1521
     126       0               4       0                               0D   1522
     126    1922                                                00010000D   1523
     126       0               3       0                               0D   1524
     126    1925                                                00010000D   1525
     126       0               3       0                               0D   1526
     126    1928                                                00010000D   1527
     126       0               4       0                               0D   1528
     126    1932                                                00010000D   1529
     126       0               3       0                               0D   1530
     126    1935                                                00010000D   1531
     126       0               3       0                               0D   1532
     126    1938                                                00010000D   1533
     126       0               4       0                               0D   1534
     126    1942                                                00010000D   1535
     126       0               3       0                               0D   1536
     126    1945                                                00010000D   1537
     126       0               4       0                               0D   1538
     126    1949                                                00010000D   1539
     126       0               3       0                               0D   1540
     126    1952                                                00010000D   1541
     126       0               3       0                               0D   1542
     126    1955                                                00010000D   1543
     126       0               3       0                               0D   1544
     126    1958                                                00010000D   1545
     126       0               4       0                               0D   1546
     126    1962                                                00010000D   1547
     126       0               3       0                               0D   1548
     126    1965                                                00010000D   1549
     126       0               3       0                               0D   1550
     126    1968                                                00010000D   1551
     126       0               4       0                               0D   1552
     126    1972                                                00010000D   1553
     126       0               3       0                               0D   1554
     126    1975                                                00010000D   1555
     126       0               3       0                               0D   1556
     126    1978                                                00010000D   1557
     126       0               4       0                               0D   1558
     126    1982                                                00010000D   1559
     126       0               3       0                               0D   1560
     126    1985                                                00010000D   1561
     126       0               3       0                               0D   1562
     126    1988                                                00010000D   1563
     126       0               4       0                               0D   1564
     126    1992                                                00010000D   1565
     126       0               3       0                               0D   1566
     126    1995                                                00010000D   1567
     126       0               3       0                               0D   1568
     126    1998                                                00010000D   1569
     126       0               4       0                               0D   1570
     126    2002                                                00010000D   1571
     126       0               4       0                               0D   1572
     126    2006                                                00010000D   1573
     126       0               3       0                               0D   1574
     126    2009                                                00010000D   1575
     126       0               4       0                               0D   1576
     126    2013                                                00010000D   1577
     126       0               3       0                               0D   1578
     126    2016                                                00010000D   1579
     126       0               3       0                               0D   1580
     126    2019                                                00010000D   1581
     126       0               4       0                               0D   1582
     126    2023                                                00010000D   1583
     126       0               3       0                               0D   1584
     126    2026                                                00010000D   1585
     126       0               5       0                               0D   1586
     126    2031                                                00010000D   1587
     126       0               7       0                               0D   1588
     126    2038                                                00010000D   1589
     126       0               5       0                               0D   1590
     126    2043                                                00010000D   1591
     126       0               8       0                               0D   1592
     126    2051                                                00010000D   1593
     126       0               3       0                               0D   1594
     126    2054                                                00010000D   1595
     126       0               5       0                               0D   1596
     126    2059                                                00010000D   1597
     126       0               4       0                               0D   1598
     126    2063                                                00010000D   1599
     126       0               7       0                               0D   1600
     126    2070                                                00010000D   1601
     126       0               5       0                               0D   1602
     126    2075                                                00010000D   1603
     126       0               7       0                               0D   1604
     126    2082                                                00010000D   1605
     126       0               3       0                               0D   1606
     126    2085                                                00010000D   1607
     126       0               4       0                               0D   1608
     126    2089                                                00010000D   1609
     126       0               3       0                               0D   1610
     126    2092                                                00010000D   1611
     126       0               2       0                               0D   1612
     126    2094                                                00010000D   1613
     126       0               3       0                               0D   1614
     126    2097                                                00010000D   1615
     126       0               2       0                               0D   1616
     126    2099                                                00010000D   1617
     126       0               4       0                               0D   1618
     126    2103                                                00010000D   1619
     126       0               4       0                               0D   1620
     126    2107                                                00010000D   1621
     126       0               3       0                               0D   1622
     126    2110                                                00010000D   1623
     126       0               2       0                               0D   1624
     126    2112                                                00010000D   1625
     126       0               2       0                               0D   1626
     126    2114                                                00010000D   1627
     126       0               2       0                               0D   1628
     126    2116                                                00010000D   1629
     126       0               2       0                               0D   1630
     126    2118                                                00010000D   1631
     126       0               2       0                               0D   1632
     126    2120                                                00010000D   1633
     126       0               2       0                               0D   1634
     126    2122                                                00010000D   1635
     126       0               2       0                               0D   1636
     126    2124                                                00010000D   1637
     126       0               3       0                               0D   1638
     126    2127                                                00010000D   1639
     126       0               2       0                               0D   1640
     126    2129                                                00010000D   1641
     126       0               2       0                               0D   1642
     126    2131                                                00010000D   1643
     126       0               3       0                               0D   1644
     126    2134                                                00010000D   1645
     126       0               2       0                               0D   1646
     126    2136                                                00010000D   1647
     126       0               3       0                               0D   1648
     126    2139                                                00010000D   1649
     126       0               2       0                               0D   1650
     126    2141                                                00010000D   1651
     126       0               2       0                               0D   1652
     126    2143                                                00010000D   1653
     126       0               2       0                               0D   1654
     126    2145                                                00010000D   1655
     126       0               2       0                               0D   1656
     126    2147                                                00010000D   1657
     126       0               2       0                               0D   1658
     126    2149                                                00010000D   1659
     126       0               3       0                               0D   1660
     126    2152                                                00010000D   1661
     126       0               2       0                               0D   1662
     126    2154                                                00010000D   1663
     126       0               4       0                               0D   1664
     126    2158                                                00010000D   1665
     126       0               2       0                               0D   1666
     126    2160                                                00010000D   1667
     126       0               2       0                               0D   1668
     126    2162                                                00010000D   1669
     126       0               3       0                               0D   1670
     126    2165                                                00010000D   1671
     126       0               3       0                               0D   1672
     126    2168                                                00010000D   1673
     126       0               2       0                               0D   1674
     126    2170                                                00010000D   1675
     126       0               3       0                               0D   1676
     126    2173                                                00010000D   1677
     126       0               2       0                               0D   1678
     126    2175                                                00010000D   1679
     126       0               2       0                               0D   1680
     126    2177                                                00010000D   1681
     126       0               2       0                               0D   1682
     126    2179                                                00010000D   1683
     126       0               2       0                               0D   1684
     126    2181                                                00010000D   1685
     126       0               2       0                               0D   1686
     126    2183                                                00010000D   1687
     126       0               2       0                               0D   1688
     126    2185                                                00010000D   1689
     126       0               2       0                               0D   1690
     126    2187                                                00010000D   1691
     126       0               2       0                               0D   1692
     126    2189                                                00010000D   1693
     126       0               2       0                               0D   1694
     126    2191                                                00010000D   1695
     126       0               2       0                               0D   1696
     126    2193                                                00010000D   1697
     126       0               2       0                               0D   1698
     126    2195                                                00010000D   1699
     126       0               2       0                               0D   1700
     126    2197                                                00010000D   1701
     126       0               2       0                               0D   1702
     126    2199                                                00010000D   1703
     126       0               2       0                               0D   1704
     126    2201                                                00010000D   1705
     126       0               2       0                               0D   1706
     126    2203                                                00010000D   1707
     126       0               2       0                               0D   1708
     126    2205                                                00010000D   1709
     126       0               2       0                               0D   1710
     126    2207                                                00010000D   1711
     126       0               2       0                               0D   1712
     126    2209                                                00010000D   1713
     126       0               2       0                               0D   1714
     126    2211                                                00010000D   1715
     126       0               2       0                               0D   1716
     126    2213                                                00010000D   1717
     126       0               2       0                               0D   1718
     126    2215                                                00010000D   1719
     126       0               3       0                               0D   1720
     126    2218                                                00010000D   1721
     126       0               2       0                               0D   1722
     126    2220                                                00010000D   1723
     126       0               3       0                               0D   1724
     126    2223                                                00010000D   1725
     126       0               2       0                               0D   1726
     126    2225                                                00010000D   1727
     126       0               3       0                               0D   1728
     126    2228                                                00010000D   1729
     126       0               3       0                               0D   1730
     126    2231                                                00010000D   1731
     126       0               2       0                               0D   1732
     126    2233                                                00010000D   1733
     126       0               2       0                               0D   1734
     126    2235                                                00010000D   1735
     126       0               2       0                               0D   1736
     126    2237                                                00010000D   1737
     126       0               2       0                               0D   1738
     126    2239                                                00010000D   1739
     126       0               3       0                               0D   1740
     126    2242                                                00010000D   1741
     126       0               3       0                               0D   1742
     126    2245                                                00010000D   1743
     126       0              11       0                               0D   1744
     126    2256                                                00010000D   1745
     126       0               3       0                               0D   1746
     126    2259                                                00010000D   1747
     126       0               5       0                               0D   1748
     126    2264                                                00010000D   1749
     126       0               6       0                               0D   1750
     126    2270                                                00010000D   1751
     126       0               5       0                               0D   1752
     126    2275                                                00010000D   1753
     126       0               6       0                               0D   1754
     126    2281                                                00010000D   1755
     126       0               5       0                               0D   1756
     126    2286                                                00010000D   1757
     126       0               6       0                               0D   1758
     126    2292                                                00010000D   1759
     126       0               3       0                               0D   1760
     126    2295                                                00010000D   1761
     126       0              11       0                               0D   1762
     126    2306                                                00010000D   1763
     126       0               3       0                               0D   1764
     126    2309                                                00010000D   1765
     126       0               3       0                               0D   1766
     126    2312                                                00010000D   1767
     126       0               2       0                               0D   1768
     126    2314                                                00010000D   1769
     126       0               5       0                               0D   1770
     126    2319                                                00010000D   1771
     126       0               6       0                               0D   1772
     126    2325                                                00010000D   1773
     126       0               5       0                               0D   1774
     126    2330                                                00010000D   1775
     126       0               6       0                               0D   1776
     126    2336                                                00010000D   1777
     126       0               5       0                               0D   1778
     126    2341                                                00010000D   1779
     126       0               6       0                               0D   1780
     126    2347                                                00010000D   1781
     126       0               2       0                               0D   1782
     126    2349                                                00010000D   1783
     126       0               2       0                               0D   1784
     126    2351                                                00010000D   1785
     126       0               2       0                               0D   1786
     126    2353                                                00010000D   1787
     126       0               2       0                               0D   1788
     126    2355                                                00010000D   1789
     126       0               2       0                               0D   1790
     126    2357                                                00010000D   1791
     126       0               2       0                               0D   1792
     126    2359                                                00010000D   1793
     126       0               2       0                               0D   1794
     128    2361                                                00010000D   1795
     128       0   -2211       5       0                               0D   1796
     128    2366                                                00010000D   1797
     128       0   -2211       5       0                               0D   1798
     128    2371                                                00010000D   1799
     128       0   -2211       5       0                               0D   1800
     128    2376                                                00010000D   1801
     128       0   -2211       5       0                               0D   1802
     128    2381                                                00010000D   1803
     128       0   -2211       5       0                               0D   1804
     128    2386                                                00010000D   1805
     128       0   -2211       5       0                               0D   1806
     128    2391                                                00010000D   1807
     128       0   -2211       6       0                               0D   1808
     128    2397                                                00010000D   1809
     128       0   -2211       5       0                               0D   1810
     128    2402                                                00010000D   1811
     128       0   -2211       6       0                               0D   1812
     128    2408                                                00010000D   1813
     128       0   -2211       6       0                               0D   1814
     128    2414                                                00010000D   1815
     128       0   -2211       7       0                               0D   1816
     128    2421                                                00010000D   1817
     128       0   -2211       7       0                               0D   1818
     128    2428                                                00010000D   1819
     128       0   -2211       8       0                               0D   1820
     128    2436                                                00010000D   1821
     128       0   -2211       5       0                               0D   1822
     128    2441                                                00010000D   1823
     128       0   -2211       7       0                               0D   1824
     128    2448                                                00010000D   1825
     128       0   -2211       6       0                               0D   1826
     128    2454                                                00010000D   1827
     128       0   -2211       8       0                               0D   1828
     128    2462                                                00010000D   1829
     128       0   -2211       6       0                               0D   1830
     128    2468                                                00010000D   1831
     128       0   -2211      13       0                               0D   1832
     128    2481                                                00010000D   1833
     128       0   -2211       6       0                               0D   1834
     128    2487                                                00010000D   1835
     128       0   -2211       7       0                               0D   1836
     128    2494                                                00010000D   1837
     128       0   -2211       6       0                               0D   1838
     128    2500                                                00010000D   1839
     128       0   -2211       8       0                               0D   1840
     128    2508                                                00010000D   1841
     128       0   -2211       6       0                               0D   1842
     128    2514                                                00010000D   1843
     128       0   -2211      13       0                               0D   1844
     128    2527                                                00010000D   1845
     128       0   -2211       6       0                               0D   1846
     128    2533                                                00010000D   1847
     128       0   -2211       7       0                               0D   1848
     128    2540                                                00010000D   1849
     128       0   -2211       6       0                               0D   1850
     128    2546                                                00010000D   1851
     128       0   -2211       8       0                               0D   1852
     128    2554                                                00010000D   1853
     128       0   -2211       6       0                               0D   1854
     128    2560                                                00010000D   1855
     128       0   -2211      13       0                               0D   1856
     128    2573                                                00010000D   1857
     128       0   -2211       6       0                               0D   1858
     128    2579                                                00010000D   1859
     128       0   -2211       8       0                               0D   1860
     128    2587                                                00010000D   1861
     128       0   -2211       6       0                               0D   1862
     128    2593                                                00010000D   1863
     128       0   -2211       5       0                               0D   1864
     128    2598                                                00010000D   1865
     128       0   -2211      12       0                               0D   1866
     128    2610                                                00010000D   1867
     128       0   -2211       6       0                               0D   1868
     128    2616                                                00010000D   1869
     128       0   -2211       7       0                               0D   1870
     128    2623                                                00010000D   1871
     128       0   -2211       6       0                               0D   1872
     128    2629                                                00010000D   1873
     128       0   -2211       7       0                               0D   1874
     128    2636                                                00010000D   1875
     128       0   -2211       6       0                               0D   1876
     128    2642                                                00010000D   1877
     128       0   -2211      13       0                               0D   1878
     128    2655                                                00010000D   1879
     128       0   -2211       6       0                               0D   1880
     128    2661                                                00010000D   1881
     128       0   -2211       7       0                               0D   1882
     128    2668                                                00010000D   1883
     128       0   -2211       6       0                               0D   1884
     128    2674                                                00010000D   1885
     128       0   -2211       7       0                               0D   1886
     128    2681                                                00010000D   1887
     128       0   -2211       6       0                               0D   1888
     128    2687                                                00010000D   1889
     128       0   -2211      13       0                               0D   1890
     128    2700                                                00010000D   1891
     128       0   -2211       6       0                               0D   1892
     128    2706                                                00010000D   1893
     128       0   -2211       7       0                               0D   1894
     128    2713                                                00010000D   1895
     128       0   -2211       6       0                               0D   1896
     128    2719                                                00010000D   1897
     128       0   -2211       7       0                               0D   1898
     128    2726                                                00010000D   1899
     128       0   -2211       6       0                               0D   1900
     128    2732                                                00010000D   1901
     128       0   -2211      13       0                               0D   1902
     128    2745                                                00010000D   1903
     128       0   -2211       6       0                               0D   1904
     128    2751                                                00010000D   1905
     128       0   -2211       8       0                               0D   1906
     128    2759                                                00010000D   1907
     128       0   -2211       6       0                               0D   1908
     128    2765                                                00010000D   1909
     128       0   -2211       6       0                               0D   1910
     128    2771                                                00010000D   1911
     128       0   -2211       7       0                               0D   1912
     128    2778                                                00010000D   1913
     128       0   -2211       7       0                               0D   1914
     128    2785                                                00010000D   1915
     128       0   -2211       4       0                               0D   1916
     128    2789                                                00010000D   1917
     128       0   -2211       3       0                               0D   1918
     128    2792                                                00010000D   1919
     128       0   -2211       4       0                               0D   1920
     128    2796                                                00010000D   1921
     128       0   -2211       5       0                               0D   1922
     128    2801                                                00010000D   1923
     128       0   -2211       3       0                               0D   1924
     128    2804                                                00010000D   1925
     128       0   -2211       3       0                               0D   1926
     128    2807                                                00010000D   1927
     128       0   -2211       7       0                               0D   1928
     128    2814                                                00010000D   1929
     128       0   -2211      12       0                               0D   1930
     128    2826                                                00010000D   1931
     128       0   -2211       5       0                               0D   1932
     128    2831                                                00010000D   1933
     128       0   -2211      13       0                               0D   1934
     128    2844                                                00010000D   1935
     128       0   -2211      13       0                               0D   1936
     128    2857                                                00010000D   1937
     128       0   -2211       5       0                               0D   1938
     128    2862                                                00010000D   1939
     128       0   -2211      14       0                               0D   1940
     128    2876                                                00010000D   1941
     128       0   -2211       7       0                               0D   1942
     128    2883                                                00010000D   1943
     128       0   -2211       7       0                               0D   1944
     128    2890                                                00010000D   1945
     128       0   -2211       7       0                               0D   1946
     128    2897                                                00010000D   1947
     128       0   -2211       7       0                               0D   1948
     128    2904                                                00010000D   1949
     128       0   -2211       7       0                               0D   1950
     128    2911                                                00010000D   1951
     128       0   -2211       7       0                               0D   1952
     128    2918                                                00010000D   1953
     128       0   -2211       8       0                               0D   1954
     128    2926                                                00010000D   1955
     128       0   -2211       7       0                               0D   1956
     128    2933                                                00010000D   1957
     128       0   -2211       7       0                               0D   1958
     128    2940                                                00010000D   1959
     128       0   -2211       5       0                               0D   1960
     128    2945                                                00010000D   1961
     128       0   -2211       6       0                               0D   1962
     128    2951                                                00010000D   1963
     128       0   -2211       6       0                               0D   1964
     128    2957                                                00010000D   1965
     128       0   -2211       6       0                               0D   1966
     128    2963                                                00010000D   1967
     128       0   -2211       5       0                               0D   1968
     128    2968                                                00010000D   1969
     128       0   -2211       5       0                               0D   1970
     128    2973                                                00010000D   1971
     128       0   -2211       6       0                               0D   1972
     128    2979                                                00010000D   1973
     128       0   -2211       6       0                               0D   1974
     128    2985                                                00010000D   1975
     128       0   -2211       6       0                               0D   1976
     128    2991                                                00010000D   1977
     128       0   -2211       5       0                               0D   1978
     128    2996                                                00010000D   1979
     128       0   -2211       6       0                               0D   1980
     128    3002                                                00010000D   1981
     128       0   -2211       7       0                               0D   1982
     128    3009                                                00010000D   1983
     128       0   -2211       5       0                               0D   1984
     128    3014                                                00010000D   1985
     128       0   -2211       6       0                               0D   1986
     128    3020                                                00010000D   1987
     128       0   -2211       7       0                               0D   1988
     128    3027                                                00010000D   1989
     128       0   -2211       7       0                               0D   1990
     128    3034                                                00010000D   1991
     128       0   -2211      24       0                               0D   1992
     128    3058                                                00010000D   1993
     128       0   -2211      24       0                               0D   1994
     128    3082                                                00010000D   1995
     128       0   -2211      24       0                               0D   1996
     128    3106                                                00010000D   1997
     128       0   -2211       6       0                               0D   1998
     128    3112                                                00010000D   1999
     128       0   -2211       6       0                               0D   2000
     128    3118                                                00010000D   2001
     128       0   -2211      11       0                               0D   2002
     128    3129                                                00010000D   2003
     128       0   -2211      14       0                               0D   2004
     128    3143                                                00010000D   2005
     128       0   -2211       7       0                               0D   2006
     128    3150                                                00010000D   2007
     128       0   -2211      13       0                               0D   2008
     128    3163                                                00010000D   2009
     128       0   -2211      19       0                               0D   2010
     128    3182                                                00010000D   2011
     128       0   -2211      10       0                               0D   2012
     128    3192                                                00010000D   2013
     128       0   -2211      19       0                               0D   2014
     128    3211                                                00010000D   2015
     128       0   -2211      11       0                               0D   2016
     128    3222                                                00010000D   2017
     128       0   -2211       5       0                               0D   2018
     128    3227                                                00010000D   2019
     128       0   -2211       5       0                               0D   2020
     128    3232                                                00010000D   2021
     128       0   -2211      14       0                               0D   2022
     128    3246                                                00010000D   2023
     128       0   -2211       6       0                               0D   2024
     128    3252                                                00010000D   2025
     128       0   -2211       5       0                               0D   2026
     128    3257                                                00010000D   2027
     128       0   -2211       6       0                               0D   2028
     128    3263                                                00010000D   2029
     128       0   -2211       6       0                               0D   2030
     128    3269                                                00010000D   2031
     128       0   -2211       6       0                               0D   2032
     128    3275                                                00010000D   2033
     128       0   -2211       6       0                               0D   2034
     128    3281                                                00010000D   2035
     128       0   -2211       5       0                               0D   2036
     128    3286                                                00010000D   2037
     128       0   -2211       5       0                               0D   2038
     128    3291                                                00010000D   2039
     128       0   -2211       6       0                               0D   2040
     128    3297                                                00010000D   2041
     128       0   -2211       6       0                               0D   2042
     128    3303                                                00010000D   2043
     128       0   -2211       6       0                               0D   2044
     128    3309                                                00010000D   2045
     128       0   -2211       6       0                               0D   2046
     128    3315                                                00010000D   2047
     128       0   -2211       6       0                               0D   2048
     128    3321                                                00010000D   2049
     128       0   -2211       6       0                               0D   2050
     128    3327                                                00010000D   2051
     128       0   -2211       5       0                               0D   2052
     128    3332                                                00010000D   2053
     128       0   -2211       6       0                               0D   2054
     128    3338                                                00010000D   2055
     128       0   -2211       7       0                               0D   2056
     128    3345                                                00010000D   2057
     128       0   -2211       5       0                               0D   2058
     128    3350                                                00010000D   2059
     128       0   -2211       6       0                               0D   2060
     128    3356                                                00010000D   2061
     128       0   -2211       6       0                               0D   2062
     128    3362                                                00010000D   2063
     128       0   -2211       6       0                               0D   2064
     128    3368                                                00010000D   2065
     128       0   -2211       5       0                               0D   2066
     128    3373                                                00010000D   2067
     128       0   -2211       6       0                               0D   2068
     128    3379                                                00010000D   2069
     128       0   -2211       6       0                               0D   2070
     128    3385                                                00010000D   2071
     128       0   -2211       6       0                               0D   2072
     128    3391                                                00010000D   2073
     128       0   -2211       7       0                               0D   2074
     128    3398                                                00010000D   2075
     128       0   -2211      19       0                               0D   2076
     128    3417                                                00010000D   2077
     128       0   -2211      10       0                               0D   2078
     128    3427                                                00010000D   2079
     128       0   -2211      18       0                               0D   2080
     128    3445                                                00010000D   2081
     128       0   -2211      10       0                               0D   2082
     128    3455                                                00010000D   2083
     128       0   -2211       5       0                               0D   2084
     128    3460                                                00010000D   2085
     128       0   -2211       5       0                               0D   2086
     128    3465                                                00010000D   2087
     128       0   -2211       6       0                               0D   2088
     128    3471                                                00010000D   2089
     128       0   -2211       7       0                               0D   2090
     128    3478                                                00010000D   2091
     128       0   -2211       3       0                               0D   2092
     128    3481                                                00010000D   2093
     128       0   -2211       4       0                               0D   2094
     128    3485                                                00010000D   2095
     128       0   -2211       5       0                               0D   2096
     128    3490                                                00010000D   2097
     128       0   -2211       3       0                               0D   2098
     128    3493                                                00010000D   2099
     128       0   -2211       5       0                               0D   2100
     128    3498                                                00010000D   2101
     128       0   -2211       3       0                               0D   2102
     128    3501                                                00010000D   2103
     128       0   -2211       5       0                               0D   2104
     128    3506                                                00010000D   2105
     128       0   -2211       5       0                               0D   2106
     128    3511                                                00010000D   2107
     128       0   -2211       3       0                               0D   2108
     128    3514                                                00010000D   2109
     128       0   -2211       4       0                               0D   2110
     128    3518                                                00010000D   2111
     128       0   -2211       5       0                               0D   2112
     128    3523                                                00010000D   2113
     128       0   -2211       5       0                               0D   2114
     128    3528                                                00010000D   2115
     128       0   -2211       5       0                               0D   2116
     128    3533                                                00010000D   2117
     128       0   -2211       3       0                               0D   2118
     128    3536                                                00010000D   2119
     128       0   -2211       3       0                               0D   2120
     128    3539                                                00010000D   2121
     128       0   -2211       3       0                               0D   2122
     128    3542                                                00010000D   2123
     128       0   -2211       3       0                               0D   2124
     128    3545                                                00010000D   2125
     128       0   -2211       3       0                               0D   2126
     128    3548                                                00010000D   2127
     128       0   -2213       6       0                               0D   2128
     128    3554                                                00010000D   2129
     128       0   -2213       6       0                               0D   2130
     128    3560                                                00010000D   2131
     128       0   -2213       4       0                               0D   2132
     128    3564                                                00010000D   2133
     128       0   -2213       5       0                               0D   2134
     128    3569                                                00010000D   2135
     128       0   -2213       5       0                               0D   2136
     128    3574                                                00010000D   2137
     128       0   -2213       6       0                               0D   2138
     128    3580                                                00010000D   2139
     128       0   -2213       4       0                               0D   2140
     128    3584                                                00010000D   2141
     128       0   -2213      17       0                               0D   2142
     128    3601                                                00010000D   2143
     128       0   -2213       6       0                               0D   2144
     128    3607                                                00010000D   2145
     128       0   -2213       6       0                               0D   2146
     128    3613                                                00010000D   2147
     128       0   -2213      14       0                               0D   2148
     128    3627                                                00010000D   2149
     128       0   -2213      14       0                               0D   2150
     128    3641                                                00010000D   2151
     128       0   -2213      14       0                               0D   2152
     502    3655                                                00010000D   2153
     502                       6       1                               0D   2154
     502    3661                                                00010000D   2155
     502                       6       1                               0D   2156
     502    3667                                                00010000D   2157
     502                      62       1                               0D   2158
     502    3729                                                00010000D   2159
     502                       3       1                               0D   2160
     502    3732                                                00010000D   2161
     502                      53       1                               0D   2162
     502    3785                                                00010000D   2163
     502                      38       1                               0D   2164
     502    3823                                                00010000D   2165
     502                      10       1                               0D   2166
     502    3833                                                00010000D   2167
     502                      10       1                               0D   2168
     504    3843                                                00010001D   2169
     504                       4       1                               0D   2170
     504    3847                                                00010001D   2171
     504                       4       1                               0D   2172
     504    3851                                                00010001D   2173
     504                      46       1                               0D   2174
     504    3897                                                00010001D   2175
     504                       4       1                               0D   2176
     504    3901                                                00010001D   2177
     504                      42       1                               0D   2178
     504    3943                                                00010001D   2179
     504                      28       1                               0D   2180
     504    3971                                                00010001D   2181
     504                      18       1                               0D   2182
     504    3989                                                00010001D   2183
     504                      13       1                               0D   2184
     406    4002                                                00000000D   2185
     406                       1      15                               0D   2186
     406    4003                                                00000000D   2187
     406                       1      15                               0D   2188
     406    4004                                                00000000D   2189
     406                       1      15                               0D   2190
     406    4005                                                00000000D   2191
     406                       1      15                               0D   2192
     406    4006                                                00000000D   2193
     406                       1      15                               0D   2194
     406    4007                                                00000000D   2195
     406                       1      15                               0D   2196
     406    4008                                                00000000D   2197
     406                       1      15                               0D   2198
     406    4009                                                00000000D   2199
     406                       1      15                               0D   2200
     406    4010                                                00000000D   2201
     406                       1      15                               0D   2202
     406    4011                                                00000000D   2203
     406                       1      15                               0D   2204
     406    4012                                                00000000D   2205
     406                       1      15                               0D   2206
     406    4013                                                00000000D   2207
     406                       1      15                               0D   2208
     406    4014                                                00000000D   2209
     406                       1      15                               0D   2210
     314    4015                                                00000200D   2211
     314                       2       0                               0D   2212
     314    4017                                                00000200D   2213
     314                       2       0                               0D   2214
408,33,0.,0.,0.,0.999999999999983,0,1,2191;                            1P      1
408,35,0.,0.,0.,0.999999999999995,0,1,2195;                            3P      2
408,35,0.,0.,0.,0.999999999999993,0,1,2197;                            5P      3
408,33,0.,0.,0.,0.999999999999983,0,1,2199;                            7P      4
408,37,0.,0.,0.,1.,0,1,2201;                                           9P      5
408,39,0.,0.,0.,0.999999999999995,0,1,2203;                           11P      6
408,41,0.,0.,0.,1.,0,1,2205;                                          13P      7
408,43,0.,0.,0.,1.,0,1,2207;                                          15P      8
408,45,0.,0.,0.,1.,0,1,2209;                                          17P      9
124,-0.999999999999998,-5.44009282066316D-15,                         19P     10
-1.63378664693891D-15,-14.3768968128081,7.88860905221005D-31,         19P     11
-0.999999999999994,7.56970244062609D-16,15.3365000590754,             19P     12
1.13526042934277D-15,1.71838557845951D-15,1.00000000000001,15.7;      19P     13
124,-0.999999999999998,5.5511151231273D-17,                           21P     14
-1.43116707252299D-15,-16.876856700479,7.8886090522099D-31,           21P     15
-0.999999999999998,6.12323399573647D-17,15.7000003278254,             21P     16
1.58206781009084D-15,-3.04148449887554D-16,1.,15.;                    21P     17
124,0.999999999999998,8.32667268468586D-17,                           23P     18
-2.02164833042091D-15,11.7231432995209,2.1926904736347D-15,           23P     19
0.999999999999997,-6.12323399573711D-17,5.70000032782553,             23P     20
-1.58206781009085D-15,-2.08580353567216D-16,1.00000000000001,         23P     21
15.;                                                                  23P     22
124,0.999999999999998,5.72118872609323D-18,                           25P     23
-4.39268311828871D-15,9.2231834118502,5.43437163193712D-15,           25P     24
0.999999999999994,-1.10948518085096D-29,6.06350059657556,             25P     25
6.77228300177812D-16,7.75601995666609D-16,1.00000000000001,15.7;      25P     26
124,0.999999999999998,-5.55111512312738D-17,                          27P     27
-1.43116707252299D-15,-104.290971232474,2.50665555349726D-44,         27P     28
0.999999999999998,-3.67834297930471D-30,-32.5158709773174,            27P     29
-1.58206781009084D-15,3.65380789844924D-16,1.,18.0000000000002;       27P     30
124,1.,-1.22464679914735D-16,-7.49879891330886D-33,                   29P     31
-60.0268567004789,1.22464679914735D-16,1.,6.12323399573647D-17,       29P     32
-7.59999967217455,1.51223639851241D-62,-6.12323399573647D-17,1.,      29P     33
7.00000000000006;                                                     29P     34
124,1.,-1.49880108324397D-15,-3.74693456269213D-16,                   31P     35
-37.8345982312197,7.77156117237613D-16,0.999999999999997,             31P     36
-9.06883409382281D-16,31.4086335383319,7.45931094670031D-17,          31P     37
-4.47558656802015D-16,0.999999999999998,-82.3056472487603;            31P     38
308,0,18HCanal - ressort v4,3,47,49,51;                               33P     39
308,0,24HCanal - top plate bar v2,1,53;                               35P     40
308,0,16HCanal - base v21,1,55;                                       37P     41
308,0,21HCanal - top plate v12,1,57;                                  39P     42
308,0,24HCanal - Middle plate v10,1,59;                               41P     43
308,0,24Helectrodes_to_bioamp_PCB,1,61;                               43P     44
308,1,23Helectrodes_to_bioamp v1,1,15;                                45P     45
186,63,1,0,0,1,2185;                                                  47P     46
186,65,1,0,0,1,2187;                                                  49P     47
186,67,1,0,0,1,2189;                                                  51P     48
186,69,1,0,0,1,2193;                                                  53P     49
186,71,1,0,0,1,2193;                                                  55P     50
186,73,1,0,0,1,2193;                                                  57P     51
186,75,1,0,0,1,2193;                                                  59P     52
186,77,1,0,0,1,2193;                                                  61P     53
514,6,79,1,81,1,83,1,85,1,87,1,89,1;                                  63P     54
514,6,91,1,93,1,95,1,97,1,99,1,101,1;                                 65P     55
514,48,103,1,105,1,107,1,109,1,111,1,113,1,115,1,117,1,119,1,         67P     56
121,1,123,1,125,1,127,1,129,1,131,1,133,1,135,1,137,1,139,1,141,      67P     57
1,143,1,145,1,147,1,149,1,151,1,153,1,155,1,157,1,159,1,161,1,        67P     58
163,1,165,1,167,1,169,1,171,1,173,1,175,1,177,1,179,1,181,1,183,      67P     59
1,185,1,187,1,189,1,191,1,193,1,195,1,197,1;                          67P     60
514,6,199,1,201,1,203,1,205,1,207,1,209,1;                            69P     61
514,48,211,1,213,1,215,1,217,1,219,1,221,1,223,1,225,1,227,1,         71P     62
229,1,231,1,233,1,235,1,237,1,239,1,241,1,243,1,245,1,247,1,249,      71P     63
1,251,1,253,1,255,1,257,1,259,1,261,1,263,1,265,1,267,1,269,1,        71P     64
271,1,273,1,275,1,277,1,279,1,281,1,283,1,285,1,287,1,289,1,291,      71P     65
1,293,1,295,1,297,1,299,1,301,1,303,1,305,1;                          71P     66
514,32,307,1,309,1,311,1,313,1,315,1,317,1,319,1,321,1,323,1,         73P     67
325,1,327,1,329,1,331,1,333,1,335,1,337,1,339,1,341,1,343,1,345,      73P     68
1,347,1,349,1,351,1,353,1,355,1,357,1,359,1,361,1,363,1,365,1,        73P     69
367,1,369,1;                                                          73P     70
514,20,371,1,373,1,375,1,377,1,379,1,381,1,383,1,385,1,387,1,         75P     71
389,1,391,1,393,1,395,1,397,1,399,1,401,1,403,1,405,1,407,1,409,      75P     72
1;                                                                    75P     73
514,13,411,1,413,1,415,1,417,1,419,1,421,1,423,1,425,1,427,1,         77P     74
429,1,431,1,433,1,435,1;                                              77P     75
510,1795,1,1,437;                                                     79P     76
510,1797,1,1,439;                                                     81P     77
510,1799,1,1,441;                                                     83P     78
510,1801,1,1,443;                                                     85P     79
510,1803,1,1,445;                                                     87P     80
510,1805,1,1,447;                                                     89P     81
510,1807,1,1,449;                                                     91P     82
510,1809,1,1,451;                                                     93P     83
510,1811,1,1,453;                                                     95P     84
510,1813,1,1,455;                                                     97P     85
510,1815,1,1,457;                                                     99P     86
510,1817,1,1,459;                                                    101P     87
510,1819,1,1,461;                                                    103P     88
510,1821,1,1,463;                                                    105P     89
510,1823,1,1,465;                                                    107P     90
510,1825,1,1,467;                                                    109P     91
510,1827,1,1,469;                                                    111P     92
510,1829,1,1,471;                                                    113P     93
510,1831,1,1,473;                                                    115P     94
510,1833,1,1,475;                                                    117P     95
510,1835,1,1,477;                                                    119P     96
510,1837,1,1,479;                                                    121P     97
510,1839,1,1,481;                                                    123P     98
510,1841,1,1,483;                                                    125P     99
510,1843,1,1,485;                                                    127P    100
510,1845,1,1,487;                                                    129P    101
510,1847,1,1,489;                                                    131P    102
510,1849,1,1,491;                                                    133P    103
510,1851,1,1,493;                                                    135P    104
510,1853,1,1,495;                                                    137P    105
510,1855,1,1,497;                                                    139P    106
510,1857,1,1,499;                                                    141P    107
510,1859,1,1,501;                                                    143P    108
510,1861,1,1,503;                                                    145P    109
510,1863,1,1,505;                                                    147P    110
510,1865,1,1,507;                                                    149P    111
510,1867,1,1,509;                                                    151P    112
510,1869,1,1,511;                                                    153P    113
510,1871,1,1,513;                                                    155P    114
510,1873,1,1,515;                                                    157P    115
510,1875,1,1,517;                                                    159P    116
510,1877,1,1,519;                                                    161P    117
510,1879,1,1,521;                                                    163P    118
510,1881,1,1,523;                                                    165P    119
510,1883,1,1,525;                                                    167P    120
510,1885,1,1,527;                                                    169P    121
510,1887,1,1,529;                                                    171P    122
510,1889,1,1,531;                                                    173P    123
510,1891,1,1,533;                                                    175P    124
510,1893,1,1,535;                                                    177P    125
510,1895,1,1,537;                                                    179P    126
510,1897,1,1,539;                                                    181P    127
510,1899,1,1,541;                                                    183P    128
510,1901,1,1,543;                                                    185P    129
510,1903,1,1,545;                                                    187P    130
510,1905,1,1,547;                                                    189P    131
510,1907,1,1,549;                                                    191P    132
510,1909,1,1,551;                                                    193P    133
510,1911,1,1,553;                                                    195P    134
510,1913,1,1,555;                                                    197P    135
510,1915,1,1,557;                                                    199P    136
510,1917,1,1,559;                                                    201P    137
510,1919,1,1,561;                                                    203P    138
510,1921,1,1,563;                                                    205P    139
510,1923,1,1,565;                                                    207P    140
510,1925,1,1,567;                                                    209P    141
510,1927,1,1,569;                                                    211P    142
510,1929,1,1,571;                                                    213P    143
510,1931,1,1,573;                                                    215P    144
510,1933,1,1,575;                                                    217P    145
510,1935,2,1,577,579;                                                219P    146
510,1937,1,1,581;                                                    221P    147
510,1939,2,1,583,585;                                                223P    148
510,1941,1,1,587;                                                    225P    149
510,1943,1,1,589;                                                    227P    150
510,1945,1,1,591;                                                    229P    151
510,1947,1,1,593;                                                    231P    152
510,1949,1,1,595;                                                    233P    153
510,1951,1,1,597;                                                    235P    154
510,1953,1,1,599;                                                    237P    155
510,1955,1,1,601;                                                    239P    156
510,1957,1,1,603;                                                    241P    157
510,1959,1,1,605;                                                    243P    158
510,1961,1,1,607;                                                    245P    159
510,1963,1,1,609;                                                    247P    160
510,1965,1,1,611;                                                    249P    161
510,1967,1,1,613;                                                    251P    162
510,1969,1,1,615;                                                    253P    163
510,1971,1,1,617;                                                    255P    164
510,1973,1,1,619;                                                    257P    165
510,1975,1,1,621;                                                    259P    166
510,1977,1,1,623;                                                    261P    167
510,1979,1,1,625;                                                    263P    168
510,1981,2,1,627,629;                                                265P    169
510,1983,1,1,631;                                                    267P    170
510,1985,1,1,633;                                                    269P    171
510,1987,1,1,635;                                                    271P    172
510,1989,4,1,637,639,641,643;                                        273P    173
510,1991,1,1,645;                                                    275P    174
510,1993,1,1,647;                                                    277P    175
510,1995,1,1,649;                                                    279P    176
510,1997,1,1,651;                                                    281P    177
510,1999,1,1,653;                                                    283P    178
510,2001,1,1,655;                                                    285P    179
510,2003,1,1,657;                                                    287P    180
510,2005,1,1,659;                                                    289P    181
510,2007,2,1,661,663;                                                291P    182
510,2009,1,1,665;                                                    293P    183
510,2011,1,1,667;                                                    295P    184
510,2013,1,1,669;                                                    297P    185
510,2015,1,1,671;                                                    299P    186
510,2017,1,1,673;                                                    301P    187
510,2019,4,1,675,677,679,681;                                        303P    188
510,2021,2,1,683,685;                                                305P    189
510,2023,1,1,687;                                                    307P    190
510,2025,1,1,689;                                                    309P    191
510,2027,1,1,691;                                                    311P    192
510,2029,1,1,693;                                                    313P    193
510,2031,1,1,695;                                                    315P    194
510,2033,1,1,697;                                                    317P    195
510,2035,1,1,699;                                                    319P    196
510,2037,1,1,701;                                                    321P    197
510,2039,1,1,703;                                                    323P    198
510,2041,1,1,705;                                                    325P    199
510,2043,2,1,707,709;                                                327P    200
510,2045,1,1,711;                                                    329P    201
510,2047,1,1,713;                                                    331P    202
510,2049,1,1,715;                                                    333P    203
510,2051,2,1,717,719;                                                335P    204
510,2053,1,1,721;                                                    337P    205
510,2055,1,1,723;                                                    339P    206
510,2057,2,1,725,727;                                                341P    207
510,2059,1,1,729;                                                    343P    208
510,2061,1,1,731;                                                    345P    209
510,2063,1,1,733;                                                    347P    210
510,2065,2,1,735,737;                                                349P    211
510,2067,1,1,739;                                                    351P    212
510,2069,1,1,741;                                                    353P    213
510,2071,1,1,743;                                                    355P    214
510,2073,1,1,745;                                                    357P    215
510,2075,1,1,747;                                                    359P    216
510,2077,1,1,749;                                                    361P    217
510,2079,1,1,751;                                                    363P    218
510,2081,1,1,753;                                                    365P    219
510,2083,1,1,755;                                                    367P    220
510,2085,3,1,757,759,761;                                            369P    221
510,2087,1,1,763;                                                    371P    222
510,2089,1,1,765;                                                    373P    223
510,2091,1,1,767;                                                    375P    224
510,2093,1,1,769;                                                    377P    225
510,2095,1,1,771;                                                    379P    226
510,2097,1,1,773;                                                    381P    227
510,2099,1,1,775;                                                    383P    228
510,2101,1,1,777;                                                    385P    229
510,2103,1,1,779;                                                    387P    230
510,2105,1,1,781;                                                    389P    231
510,2107,1,1,783;                                                    391P    232
510,2109,1,1,785;                                                    393P    233
510,2111,1,1,787;                                                    395P    234
510,2113,1,1,789;                                                    397P    235
510,2115,1,1,791;                                                    399P    236
510,2117,1,1,793;                                                    401P    237
510,2119,1,1,795;                                                    403P    238
510,2121,1,1,797;                                                    405P    239
510,2123,1,1,799;                                                    407P    240
510,2125,1,1,801;                                                    409P    241
510,2127,1,1,803;                                                    411P    242
510,2129,1,1,805;                                                    413P    243
510,2131,1,1,807;                                                    415P    244
510,2133,4,1,809,811,813,815;                                        417P    245
510,2135,4,1,817,819,821,823;                                        419P    246
510,2137,1,1,825;                                                    421P    247
510,2139,1,1,827;                                                    423P    248
510,2141,1,1,829;                                                    425P    249
510,2143,1,1,831;                                                    427P    250
510,2145,1,1,833;                                                    429P    251
510,2147,1,1,835;                                                    431P    252
510,2149,1,1,837;                                                    433P    253
510,2151,1,1,839;                                                    435P    254
508,4,0,2169,1,1,0,0,2169,2,1,0,0,2169,3,0,0,0,2169,4,0,0;           437P    255
508,4,0,2169,5,0,0,0,2169,4,1,0,0,2169,6,0,0,0,2169,7,0,0;           439P    256
508,4,0,2169,8,1,0,0,2169,7,1,0,0,2169,9,0,0,0,2169,10,0,0;          441P    257
508,4,0,2169,11,1,0,0,2169,10,1,0,0,2169,12,0,0,0,2169,2,0,0;        443P    258
508,4,0,2169,12,1,0,0,2169,9,1,0,0,2169,6,1,0,0,2169,3,1,0;          445P    259
508,4,0,2169,11,0,0,0,2169,1,0,0,0,2169,5,1,0,0,2169,8,0,0;          447P    260
508,4,0,2171,1,1,0,0,2171,2,1,0,0,2171,3,0,0,0,2171,4,0,0;           449P    261
508,4,0,2171,5,0,0,0,2171,4,1,0,0,2171,6,0,0,0,2171,7,0,0;           451P    262
508,4,0,2171,8,1,0,0,2171,7,1,0,0,2171,9,0,0,0,2171,10,0,0;          453P    263
508,4,0,2171,11,1,0,0,2171,10,1,0,0,2171,12,0,0,0,2171,2,0,0;        455P    264
508,4,0,2171,12,1,0,0,2171,9,1,0,0,2171,6,1,0,0,2171,3,1,0;          457P    265
508,4,0,2171,11,0,0,0,2171,1,0,0,0,2171,5,1,0,0,2171,8,0,0;          459P    266
508,4,0,2173,1,0,0,0,2173,2,1,0,0,2173,3,0,0,0,2173,4,0,0;           461P    267
508,4,0,2173,5,1,0,0,2173,4,1,0,0,2173,6,0,0,0,2173,7,0,0;           463P    268
508,4,0,2173,8,1,0,0,2173,7,1,0,0,2173,9,0,0,0,2173,10,0,0;          465P    269
508,4,0,2173,11,1,0,0,2173,10,1,0,0,2173,12,0,0,0,2173,13,0,0;       467P    270
508,4,0,2173,14,1,0,0,2173,13,1,0,0,2173,15,0,0,0,2173,16,0,0;       469P    271
508,4,0,2173,17,1,0,0,2173,16,1,0,0,2173,18,0,0,0,2173,19,0,0;       471P    272
508,4,0,2173,20,0,0,0,2173,19,1,0,0,2173,21,0,0,0,2173,22,0,0;       473P    273
508,4,0,2173,23,1,0,0,2173,22,1,0,0,2173,24,0,0,0,2173,25,0,0;       475P    274
508,4,0,2173,26,1,0,0,2173,25,1,0,0,2173,27,0,0,0,2173,28,0,0;       477P    275
508,4,0,2173,29,1,0,0,2173,28,1,0,0,2173,30,0,0,0,2173,31,0,0;       479P    276
508,4,0,2173,32,1,0,0,2173,31,1,0,0,2173,33,0,0,0,2173,34,0,0;       481P    277
508,4,0,2173,35,1,0,0,2173,34,1,0,0,2173,36,0,0,0,2173,37,0,0;       483P    278
508,4,0,2173,38,0,0,0,2173,37,1,0,0,2173,39,0,0,0,2173,40,0,0;       485P    279
508,4,0,2173,41,1,0,0,2173,40,1,0,0,2173,42,0,0,0,2173,43,0,0;       487P    280
508,4,0,2173,44,1,0,0,2173,43,1,0,0,2173,45,0,0,0,2173,46,0,0;       489P    281
508,4,0,2173,47,1,0,0,2173,46,1,0,0,2173,48,0,0,0,2173,49,0,0;       491P    282
508,4,0,2173,50,1,0,0,2173,49,1,0,0,2173,51,0,0,0,2173,52,0,0;       493P    283
508,4,0,2173,53,1,0,0,2173,52,1,0,0,2173,54,0,0,0,2173,55,0,0;       495P    284
508,4,0,2173,56,0,0,0,2173,55,1,0,0,2173,57,0,0,0,2173,58,0,0;       497P    285
508,4,0,2173,59,1,0,0,2173,58,1,0,0,2173,60,0,0,0,2173,61,0,0;       499P    286
508,4,0,2173,62,1,0,0,2173,61,1,0,0,2173,63,0,0,0,2173,64,0,0;       501P    287
508,4,0,2173,65,1,0,0,2173,64,1,0,0,2173,66,0,0,0,2173,67,0,0;       503P    288
508,4,0,2173,68,1,0,0,2173,67,1,0,0,2173,69,0,0,0,2173,70,0,0;       505P    289
508,4,0,2173,71,0,0,0,2173,70,1,0,0,2173,72,0,0,0,2173,73,0,0;       507P    290
508,4,0,2173,74,0,0,0,2173,73,1,0,0,2173,75,0,0,0,2173,76,0,0;       509P    291
508,4,0,2173,77,1,0,0,2173,76,1,0,0,2173,78,0,0,0,2173,79,0,0;       511P    292
508,4,0,2173,80,0,0,0,2173,79,1,0,0,2173,81,0,0,0,2173,82,0,0;       513P    293
508,4,0,2173,83,1,0,0,2173,82,1,0,0,2173,84,0,0,0,2173,85,0,0;       515P    294
508,4,0,2173,86,0,0,0,2173,85,1,0,0,2173,87,0,0,0,2173,88,0,0;       517P    295
508,4,0,2173,89,0,0,0,2173,88,1,0,0,2173,90,0,0,0,2173,91,0,0;       519P    296
508,4,0,2173,92,0,0,0,2173,91,1,0,0,2173,93,0,0,0,2173,94,0,0;       521P    297
508,4,0,2173,95,1,0,0,2173,94,1,0,0,2173,96,0,0,0,2173,97,0,0;       523P    298
508,4,0,2173,98,0,0,0,2173,97,1,0,0,2173,99,0,0,0,2173,100,0,0;      525P    299
508,4,0,2173,101,1,0,0,2173,100,1,0,0,2173,102,0,0,0,2173,103,0,     527P    300
0;                                                                   527P    301
508,4,0,2173,104,0,0,0,2173,103,1,0,0,2173,105,0,0,0,2173,106,0,     529P    302
0;                                                                   529P    303
508,4,0,2173,107,0,0,0,2173,106,1,0,0,2173,108,0,0,0,2173,109,0,     531P    304
0;                                                                   531P    305
508,4,0,2173,110,0,0,0,2173,109,1,0,0,2173,111,0,0,0,2173,112,0,     533P    306
0;                                                                   533P    307
508,4,0,2173,113,1,0,0,2173,112,1,0,0,2173,114,0,0,0,2173,115,0,     535P    308
0;                                                                   535P    309
508,4,0,2173,116,0,0,0,2173,115,1,0,0,2173,117,0,0,0,2173,118,0,     537P    310
0;                                                                   537P    311
508,4,0,2173,119,1,0,0,2173,118,1,0,0,2173,120,0,0,0,2173,121,0,     539P    312
0;                                                                   539P    313
508,4,0,2173,122,0,0,0,2173,121,1,0,0,2173,123,0,0,0,2173,124,0,     541P    314
0;                                                                   541P    315
508,4,0,2173,125,0,0,0,2173,124,1,0,0,2173,126,0,0,0,2173,127,0,     543P    316
0;                                                                   543P    317
508,4,0,2173,128,1,0,0,2173,127,1,0,0,2173,129,0,0,0,2173,130,0,     545P    318
0;                                                                   545P    319
508,4,0,2173,131,1,0,0,2173,130,1,0,0,2173,132,0,0,0,2173,133,0,     547P    320
0;                                                                   547P    321
508,4,0,2173,134,1,0,0,2173,133,1,0,0,2173,135,0,0,0,2173,136,0,     549P    322
0;                                                                   549P    323
508,4,0,2173,137,1,0,0,2173,136,1,0,0,2173,138,0,0,0,2173,2,0,0;     551P    324
508,46,0,2173,138,1,0,0,2173,135,1,0,0,2173,132,1,0,0,2173,129,      553P    325
1,0,0,2173,126,1,0,0,2173,123,1,0,0,2173,120,1,0,0,2173,117,1,0,     553P    326
0,2173,114,1,0,0,2173,111,1,0,0,2173,108,1,0,0,2173,105,1,0,0,       553P    327
2173,102,1,0,0,2173,99,1,0,0,2173,96,1,0,0,2173,93,1,0,0,2173,       553P    328
90,1,0,0,2173,87,1,0,0,2173,84,1,0,0,2173,81,1,0,0,2173,78,1,0,      553P    329
0,2173,75,1,0,0,2173,72,1,0,0,2173,69,1,0,0,2173,66,1,0,0,2173,      553P    330
63,1,0,0,2173,60,1,0,0,2173,57,1,0,0,2173,54,1,0,0,2173,51,1,0,      553P    331
0,2173,48,1,0,0,2173,45,1,0,0,2173,42,1,0,0,2173,39,1,0,0,2173,      553P    332
36,1,0,0,2173,33,1,0,0,2173,30,1,0,0,2173,27,1,0,0,2173,24,1,0,      553P    333
0,2173,21,1,0,0,2173,18,1,0,0,2173,15,1,0,0,2173,12,1,0,0,2173,      553P    334
9,1,0,0,2173,6,1,0,0,2173,3,1,0;                                     553P    335
508,46,0,2173,137,0,0,0,2173,1,1,0,0,2173,5,0,0,0,2173,8,0,0,0,      555P    336
2173,11,0,0,0,2173,14,0,0,0,2173,17,0,0,0,2173,20,1,0,0,2173,23,     555P    337
0,0,0,2173,26,0,0,0,2173,29,0,0,0,2173,32,0,0,0,2173,35,0,0,0,       555P    338
2173,38,1,0,0,2173,41,0,0,0,2173,44,0,0,0,2173,47,0,0,0,2173,50,     555P    339
0,0,0,2173,53,0,0,0,2173,56,1,0,0,2173,59,0,0,0,2173,62,0,0,0,       555P    340
2173,65,0,0,0,2173,68,0,0,0,2173,71,1,0,0,2173,74,1,0,0,2173,77,     555P    341
0,0,0,2173,80,1,0,0,2173,83,0,0,0,2173,86,1,0,0,2173,89,1,0,0,       555P    342
2173,92,1,0,0,2173,95,0,0,0,2173,98,1,0,0,2173,101,0,0,0,2173,       555P    343
104,1,0,0,2173,107,1,0,0,2173,110,1,0,0,2173,113,0,0,0,2173,116,     555P    344
1,0,0,2173,119,0,0,0,2173,122,1,0,0,2173,125,1,0,0,2173,128,0,0,     555P    345
0,2173,131,0,0,0,2173,134,0,0;                                       555P    346
508,4,0,2175,1,1,0,0,2175,2,1,0,0,2175,3,0,0,0,2175,4,0,0;           557P    347
508,4,0,2175,5,1,0,0,2175,4,1,0,0,2175,6,0,0,0,2175,7,0,0;           559P    348
508,4,0,2175,8,1,0,0,2175,7,1,0,0,2175,9,0,0,0,2175,10,0,0;          561P    349
508,4,0,2175,11,1,0,0,2175,10,1,0,0,2175,12,0,0,0,2175,2,0,0;        563P    350
508,4,0,2175,12,1,0,0,2175,9,1,0,0,2175,6,1,0,0,2175,3,1,0;          565P    351
508,4,0,2175,11,0,0,0,2175,1,0,0,0,2175,5,0,0,0,2175,8,0,0;          567P    352
508,7,0,2177,1,0,0,0,2177,2,0,0,0,2177,3,0,0,0,2177,4,0,0,0,         569P    353
2177,5,0,0,0,2177,6,0,0,0,2177,7,0,0;                                569P    354
508,4,0,2177,8,0,0,0,2177,9,1,0,0,2177,3,1,0,0,2177,10,0,0;          571P    355
508,4,0,2177,11,1,0,0,2177,12,1,0,0,2177,4,1,0,0,2177,9,0,0;         573P    356
508,7,0,2177,13,0,0,0,2177,14,0,0,0,2177,15,0,0,0,2177,5,1,0,0,      575P    357
2177,12,0,0,0,2177,16,0,0,0,2177,17,1,0;                             575P    358
508,8,0,2177,1,1,0,0,2177,18,1,0,0,2177,19,1,0,0,2177,20,1,0,0,      577P    359
2177,21,1,0,0,2177,22,0,0,0,2177,23,0,0,0,2177,24,0,0;               577P    360
508,4,0,2177,25,1,0,0,2177,26,1,0,0,2177,27,1,0,0,2177,28,1,0;       579P    361
508,6,0,2177,7,1,0,0,2177,29,1,0,0,2177,30,1,0,0,2177,31,1,0,0,      581P    362
2177,32,1,0,0,2177,18,0,0;                                           581P    363
508,10,0,2177,6,1,0,0,2177,15,1,0,0,2177,33,1,0,0,2177,34,1,0,0,     583P    364
2177,35,1,0,0,2177,36,1,0,0,2177,37,1,0,0,2177,38,0,0,0,2177,39,     583P    365
0,0,0,2177,29,0,0;                                                   583P    366
508,4,0,2177,40,1,0,0,2177,41,1,0,0,2177,42,1,0,0,2177,43,1,0;       585P    367
508,4,0,2177,42,0,0,0,2177,44,1,0,0,2177,45,0,0,0,2177,46,1,0;       587P    368
508,4,0,2177,27,0,0,0,2177,47,1,0,0,2177,48,0,0,0,2177,49,1,0;       589P    369
508,4,0,2177,41,0,0,0,2177,50,1,0,0,2177,51,0,0,0,2177,44,0,0;       591P    370
508,4,0,2177,28,0,0,0,2177,49,0,0,0,2177,52,0,0,0,2177,53,1,0;       593P    371
508,4,0,2177,43,0,0,0,2177,46,0,0,0,2177,54,0,0,0,2177,55,0,0;       595P    372
508,4,0,2177,40,0,0,0,2177,55,1,0,0,2177,56,0,0,0,2177,50,0,0;       597P    373
508,4,0,2177,25,0,0,0,2177,53,0,0,0,2177,57,0,0,0,2177,58,1,0;       599P    374
508,4,0,2177,26,0,0,0,2177,58,0,0,0,2177,59,0,0,0,2177,47,0,0;       601P    375
508,4,0,2177,39,1,0,0,2177,60,0,0,0,2177,61,0,0,0,2177,62,1,0;       603P    376
508,4,0,2177,35,0,0,0,2177,63,1,0,0,2177,64,1,0,0,2177,65,0,0;       605P    377
508,4,0,2177,66,0,0,0,2177,67,0,0,0,2177,68,0,0,0,2177,60,1,0;       607P    378
508,4,0,2177,69,0,0,0,2177,65,1,0,0,2177,70,0,0,0,2177,71,0,0;       609P    379
508,4,0,2177,30,0,0,0,2177,62,0,0,0,2177,72,0,0,0,2177,73,1,0;       611P    380
508,4,0,2177,19,0,0,0,2177,74,0,0,0,2177,75,1,0,0,2177,67,1,0;       613P    381
508,4,0,2177,23,1,0,0,2177,71,1,0,0,2177,76,0,0,0,2177,77,0,0;       615P    382
508,4,0,2177,31,0,0,0,2177,73,0,0,0,2177,78,0,0,0,2177,79,1,0;       617P    383
508,4,0,2177,32,0,0,0,2177,79,0,0,0,2177,80,0,0,0,2177,74,1,0;       619P    384
508,4,0,2177,81,0,0,0,2177,77,1,0,0,2177,82,0,0,0,2177,83,0,0;       621P    385
508,4,0,2177,84,0,0,0,2177,85,1,0,0,2177,86,0,0,0,2177,63,0,0;       623P    386
508,4,0,2177,87,0,0,0,2177,83,1,0,0,2177,88,0,0,0,2177,85,0,0;       625P    387
508,4,0,2177,89,1,0,0,2177,90,1,0,0,2177,91,1,0,0,2177,92,1,0;       627P    388
508,4,0,2177,37,0,0,0,2177,93,0,0,0,2177,21,0,0,0,2177,94,0,0;       629P    389
508,6,0,2177,86,1,0,0,2177,88,1,0,0,2177,82,1,0,0,2177,95,0,0,0,     631P    390
2177,96,0,0,0,2177,97,1,0;                                           631P    391
508,4,0,2177,68,1,0,0,2177,98,1,0,0,2177,90,0,0,0,2177,99,0,0;       633P    392
508,4,0,2177,69,1,0,0,2177,22,1,0,0,2177,93,1,0,0,2177,36,0,0;       635P    393
508,4,0,2177,16,1,0,0,2177,11,0,0,0,2177,8,1,0,0,2177,100,0,0;       637P    394
508,1,0,2177,101,0,0;                                                639P    395
508,1,0,2177,102,0,0;                                                641P    396
508,1,0,2177,103,0,0;                                                643P    397
508,4,0,2177,101,1,0,0,2177,104,1,0,0,2177,105,0,0,0,2177,104,0,     645P    398
0;                                                                   645P    399
508,4,0,2177,102,1,0,0,2177,106,1,0,0,2177,107,0,0,0,2177,106,0,     647P    400
0;                                                                   647P    401
508,4,0,2177,103,1,0,0,2177,108,1,0,0,2177,109,0,0,0,2177,108,0,     649P    402
0;                                                                   649P    403
508,10,0,2177,24,1,0,0,2177,81,1,0,0,2177,87,1,0,0,2177,84,1,0,      651P    404
0,2177,34,0,0,0,2177,110,1,0,0,2177,17,0,0,0,2177,100,1,0,0,         651P    405
2177,10,1,0,0,2177,2,1,0;                                            651P    406
508,4,0,2177,66,1,0,0,2177,38,1,0,0,2177,94,1,0,0,2177,20,0,0;       653P    407
508,3,0,2177,13,1,0,0,2177,110,0,0,0,2177,111,0,0;                   655P    408
508,3,0,2177,14,1,0,0,2177,111,1,0,0,2177,33,0,0;                    657P    409
508,4,0,2177,70,1,0,0,2177,112,1,0,0,2177,92,0,0,0,2177,113,0,0;     659P    410
508,8,0,2177,91,0,0,0,2177,98,0,0,0,2177,75,0,0,0,2177,114,0,0,      661P    411
0,2177,115,0,0,0,2177,95,1,0,0,2177,76,1,0,0,2177,113,1,0;           661P    412
508,4,0,2177,57,1,0,0,2177,52,1,0,0,2177,48,1,0,0,2177,59,1,0;       663P    413
508,4,0,2177,116,1,0,0,2177,117,1,0,0,2177,118,1,0,0,2177,115,1,     665P    414
0;                                                                   665P    415
508,4,0,2177,119,1,0,0,2177,96,1,0,0,2177,118,0,0,0,2177,120,1,      667P    416
0;                                                                   667P    417
508,4,0,2177,121,1,0,0,2177,122,1,0,0,2177,119,0,0,0,2177,123,1,     669P    418
0;                                                                   669P    419
508,4,0,2177,116,0,0,0,2177,124,1,0,0,2177,121,0,0,0,2177,125,1,     671P    420
0;                                                                   671P    421
508,6,0,2177,72,1,0,0,2177,126,0,0,0,2177,124,0,0,0,2177,114,1,      673P    422
0,0,2177,80,1,0,0,2177,78,1,0;                                       673P    423
508,4,0,2177,117,0,0,0,2177,125,0,0,0,2177,123,0,0,0,2177,120,0,     675P    424
0;                                                                   675P    425
508,1,0,2177,105,1,0;                                                677P    426
508,1,0,2177,107,1,0;                                                679P    427
508,1,0,2177,109,1,0;                                                681P    428
508,8,0,2177,89,0,0,0,2177,112,0,0,0,2177,64,0,0,0,2177,97,0,0,      683P    429
0,2177,122,0,0,0,2177,126,1,0,0,2177,61,1,0,0,2177,99,1,0;           683P    430
508,4,0,2177,56,1,0,0,2177,54,1,0,0,2177,45,1,0,0,2177,51,1,0;       685P    431
508,4,0,2179,1,0,0,0,2179,2,0,0,0,2179,3,0,0,0,2179,4,1,0;           687P    432
508,4,0,2179,5,0,0,0,2179,6,0,0,0,2179,7,0,0,0,2179,8,1,0;           689P    433
508,4,0,2179,9,0,0,0,2179,10,0,0,0,2179,11,0,0,0,2179,2,1,0;         691P    434
508,4,0,2179,12,0,0,0,2179,4,0,0,0,2179,13,0,0,0,2179,14,1,0;        693P    435
508,4,0,2179,15,0,0,0,2179,8,0,0,0,2179,16,0,0,0,2179,17,1,0;        695P    436
508,4,0,2179,18,0,0,0,2179,14,0,0,0,2179,19,0,0,0,2179,10,1,0;       697P    437
508,4,0,2179,20,0,0,0,2179,17,0,0,0,2179,21,0,0,0,2179,22,1,0;       699P    438
508,4,0,2179,23,0,0,0,2179,22,0,0,0,2179,24,0,0,0,2179,6,1,0;        701P    439
508,4,0,2179,25,0,0,0,2179,26,1,0,0,2179,27,0,0,0,2179,28,0,0;       703P    440
508,4,0,2179,29,0,0,0,2179,28,1,0,0,2179,30,0,0,0,2179,31,0,0;       705P    441
508,4,0,2179,32,0,0,0,2179,31,1,0,0,2179,33,0,0,0,2179,34,0,0;       707P    442
508,4,0,2179,20,1,0,0,2179,23,1,0,0,2179,5,1,0,0,2179,15,1,0;        709P    443
508,4,0,2179,35,0,0,0,2179,34,1,0,0,2179,36,0,0,0,2179,37,0,0;       711P    444
508,4,0,2179,38,0,0,0,2179,37,1,0,0,2179,39,0,0,0,2179,40,0,0;       713P    445
508,4,0,2179,41,0,0,0,2179,40,1,0,0,2179,42,0,0,0,2179,43,0,0;       715P    446
508,4,0,2179,44,0,0,0,2179,43,1,0,0,2179,45,0,0,0,2179,46,0,0;       717P    447
508,4,0,2179,21,1,0,0,2179,16,1,0,0,2179,7,1,0,0,2179,24,1,0;        719P    448
508,4,0,2179,47,0,0,0,2179,46,1,0,0,2179,48,0,0,0,2179,26,0,0;       721P    449
508,8,0,2179,48,1,0,0,2179,45,1,0,0,2179,42,1,0,0,2179,39,1,0,0,     723P    450
2179,36,1,0,0,2179,33,1,0,0,2179,30,1,0,0,2179,27,1,0;               723P    451
508,4,0,2179,49,0,0,0,2179,50,1,0,0,2179,51,0,0,0,2179,52,0,0;       725P    452
508,4,0,2179,18,1,0,0,2179,9,1,0,0,2179,1,1,0,0,2179,12,1,0;         727P    453
508,4,0,2179,53,0,0,0,2179,52,1,0,0,2179,54,0,0,0,2179,55,0,0;       729P    454
508,4,0,2179,56,0,0,0,2179,55,1,0,0,2179,57,0,0,0,2179,58,0,0;       731P    455
508,4,0,2179,59,0,0,0,2179,58,1,0,0,2179,60,0,0,0,2179,61,0,0;       733P    456
508,4,0,2179,62,0,0,0,2179,61,1,0,0,2179,63,0,0,0,2179,64,0,0;       735P    457
508,4,0,2179,19,1,0,0,2179,13,1,0,0,2179,3,1,0,0,2179,11,1,0;        737P    458
508,4,0,2179,65,0,0,0,2179,64,1,0,0,2179,66,0,0,0,2179,67,0,0;       739P    459
508,4,0,2179,68,0,0,0,2179,67,1,0,0,2179,69,0,0,0,2179,70,0,0;       741P    460
508,4,0,2179,71,0,0,0,2179,70,1,0,0,2179,72,0,0,0,2179,50,0,0;       743P    461
508,8,0,2179,72,1,0,0,2179,69,1,0,0,2179,66,1,0,0,2179,63,1,0,0,     745P    462
2179,60,1,0,0,2179,57,1,0,0,2179,54,1,0,0,2179,51,1,0;               745P    463
508,4,0,2179,73,1,0,0,2179,74,1,0,0,2179,75,1,0,0,2179,76,1,0;       747P    464
508,4,0,2179,75,0,0,0,2179,77,0,0,0,2179,78,1,0,0,2179,79,1,0;       749P    465
508,4,0,2179,78,0,0,0,2179,80,1,0,0,2179,81,1,0,0,2179,82,1,0;       751P    466
508,4,0,2179,81,0,0,0,2179,83,0,0,0,2179,73,0,0,0,2179,84,1,0;       753P    467
508,4,0,2179,76,0,0,0,2179,79,0,0,0,2179,82,0,0,0,2179,84,0,0;       755P    468
508,4,0,2179,80,0,0,0,2179,77,1,0,0,2179,74,0,0,0,2179,83,1,0;       757P    469
508,8,0,2179,25,1,0,0,2179,29,1,0,0,2179,32,1,0,0,2179,35,1,0,0,     759P    470
2179,38,1,0,0,2179,41,1,0,0,2179,44,1,0,0,2179,47,1,0;               759P    471
508,8,0,2179,49,1,0,0,2179,53,1,0,0,2179,56,1,0,0,2179,59,1,0,0,     761P    472
2179,62,1,0,0,2179,65,1,0,0,2179,68,1,0,0,2179,71,1,0;               761P    473
508,4,0,2181,1,0,0,0,2181,2,0,0,0,2181,3,0,0,0,2181,4,0,0;           763P    474
508,4,0,2181,3,1,0,0,2181,5,0,0,0,2181,6,0,0,0,2181,7,0,0;           765P    475
508,10,0,2181,4,1,0,0,2181,7,1,0,0,2181,8,1,0,0,2181,9,1,0,0,        767P    476
2181,10,1,0,0,2181,11,0,0,0,2181,12,0,0,0,2181,13,0,0,0,2181,14,     767P    477
0,0,0,2181,15,0,0;                                                   767P    478
508,4,0,2181,6,1,0,0,2181,16,0,0,0,2181,17,0,0,0,2181,8,0,0;         769P    479
508,4,0,2181,18,0,0,0,2181,19,1,0,0,2181,9,0,0,0,2181,17,1,0;        771P    480
508,10,0,2181,2,1,0,0,2181,20,0,0,0,2181,21,0,0,0,2181,22,0,0,0,     773P    481
2181,23,1,0,0,2181,24,0,0,0,2181,25,0,0,0,2181,18,1,0,0,2181,16,     773P    482
1,0,0,2181,5,1,0;                                                    773P    483
508,4,0,2181,26,0,0,0,2181,27,1,0,0,2181,28,0,0,0,2181,13,1,0;       775P    484
508,4,0,2181,26,1,0,0,2181,12,1,0,0,2181,29,0,0,0,2181,30,0,0;       777P    485
508,4,0,2181,1,1,0,0,2181,15,1,0,0,2181,31,1,0,0,2181,20,1,0;        779P    486
508,4,0,2181,22,1,0,0,2181,32,0,0,0,2181,33,1,0,0,2181,34,0,0;       781P    487
508,4,0,2181,34,1,0,0,2181,35,1,0,0,2181,36,0,0,0,2181,23,0,0;       783P    488
508,8,0,2181,28,1,0,0,2181,37,1,0,0,2181,38,0,0,0,2181,39,0,0,0,     785P    489
2181,32,1,0,0,2181,21,1,0,0,2181,31,0,0,0,2181,14,1,0;               785P    490
508,4,0,2181,38,1,0,0,2181,40,1,0,0,2181,41,1,0,0,2181,42,1,0;       787P    491
508,4,0,2181,36,1,0,0,2181,43,1,0,0,2181,44,1,0,0,2181,24,1,0;       789P    492
508,4,0,2181,11,1,0,0,2181,45,1,0,0,2181,46,1,0,0,2181,29,1,0;       791P    493
508,8,0,2181,47,0,0,0,2181,48,1,0,0,2181,45,0,0,0,2181,10,0,0,0,     793P    494
2181,19,0,0,0,2181,25,1,0,0,2181,44,0,0,0,2181,49,0,0;               793P    495
508,8,0,2181,50,0,0,0,2181,49,1,0,0,2181,43,0,0,0,2181,35,0,0,0,     795P    496
2181,33,0,0,0,2181,39,1,0,0,2181,42,0,0,0,2181,51,0,0;               795P    497
508,4,0,2181,52,0,0,0,2181,51,1,0,0,2181,41,0,0,0,2181,53,0,0;       797P    498
508,8,0,2181,54,0,0,0,2181,53,1,0,0,2181,40,0,0,0,2181,37,0,0,0,     799P    499
2181,27,0,0,0,2181,30,1,0,0,2181,46,0,0,0,2181,48,0,0;               799P    500
508,4,0,2181,54,1,0,0,2181,47,1,0,0,2181,50,1,0,0,2181,52,1,0;       801P    501
508,4,0,2183,1,1,0,0,2183,2,1,0,0,2183,3,0,0,0,2183,4,0,0;           803P    502
508,4,0,2183,5,1,0,0,2183,6,1,0,0,2183,1,0,0,0,2183,7,0,0;           805P    503
508,4,0,2183,3,1,0,0,2183,8,1,0,0,2183,9,0,0,0,2183,10,0,0;          807P    504
508,8,0,2183,4,1,0,0,2183,10,1,0,0,2183,11,1,0,0,2183,12,1,0,0,      809P    505
2183,13,1,0,0,2183,14,1,0,0,2183,15,1,0,0,2183,7,1,0;                809P    506
508,2,0,2183,16,0,0,0,2183,17,0,0;                                   811P    507
508,2,0,2183,18,0,0,0,2183,19,0,0;                                   813P    508
508,2,0,2183,20,0,0,0,2183,21,0,0;                                   815P    509
508,8,0,2183,2,0,0,0,2183,6,0,0,0,2183,22,0,0,0,2183,23,0,0,0,       817P    510
2183,24,0,0,0,2183,25,0,0,0,2183,26,0,0,0,2183,8,0,0;                817P    511
508,2,0,2183,27,1,0,0,2183,28,1,0;                                   819P    512
508,2,0,2183,29,1,0,0,2183,30,1,0;                                   821P    513
508,2,0,2183,31,1,0,0,2183,32,1,0;                                   823P    514
508,4,0,2183,33,1,0,0,2183,22,1,0,0,2183,5,0,0,0,2183,15,0,0;        825P    515
508,4,0,2183,9,1,0,0,2183,26,1,0,0,2183,34,0,0,0,2183,11,0,0;        827P    516
508,4,0,2183,35,1,0,0,2183,23,1,0,0,2183,33,0,0,0,2183,14,0,0;       829P    517
508,4,0,2183,34,1,0,0,2183,25,1,0,0,2183,36,0,0,0,2183,12,0,0;       831P    518
508,4,0,2183,36,1,0,0,2183,24,1,0,0,2183,35,0,0,0,2183,13,0,0;       833P    519
508,6,0,2183,27,0,0,0,2183,28,0,0,0,2183,37,1,0,0,2183,17,1,0,0,     835P    520
2183,16,1,0,0,2183,37,0,0;                                           835P    521
508,6,0,2183,29,0,0,0,2183,30,0,0,0,2183,38,1,0,0,2183,19,1,0,0,     837P    522
2183,18,1,0,0,2183,38,0,0;                                           837P    523
508,6,0,2183,31,0,0,0,2183,32,0,0,0,2183,39,1,0,0,2183,21,1,0,0,     839P    524
2183,20,1,0,0,2183,39,0,0;                                           839P    525
126,1,1,0,0,1,0,0.,0.,0.1,0.1,1.,1.,2.49995988767082,                841P    526
5.63649973125005,0.,1.49995988767082,5.63649973125005,0.,0.,0.1,     841P    527
0.,0.,0.;                                                            841P    528
126,1,1,0,0,1,0,0.,0.,0.1,0.1,1.,1.,1.49995988767082,                843P    529
5.63649973125005,0.,1.49995988767082,5.63649973125005,1.,0.,0.1,     843P    530
0.,0.,0.;                                                            843P    531
126,1,1,0,0,1,0,0.,0.,0.1,0.1,1.,1.,2.49995988767082,                845P    532
5.63649973125005,1.,1.49995988767082,5.63649973125005,1.,0.,0.1,     845P    533
0.,0.,0.;                                                            845P    534
126,1,1,0,0,1,0,0.,0.,0.1,0.1,1.,1.,2.49995988767082,                847P    535
5.63649973125005,0.,2.49995988767082,5.63649973125005,1.,0.,0.1,     847P    536
0.,0.,0.;                                                            847P    537
126,1,1,0,0,1,0,0.,0.,0.2,0.2,1.,1.,2.49995988767082,                849P    538
5.63649973125005,0.,2.49995988767082,3.63649973125005,0.,0.,0.2,     849P    539
0.,0.,0.;                                                            849P    540
126,1,1,0,0,1,0,-0.2,-0.2,0.,0.,1.,1.,2.49995988767082,              851P    541
3.63649973125005,1.,2.49995988767082,5.63649973125005,1.,-0.2,       851P    542
0.,0.,0.,0.;                                                         851P    543
126,1,1,0,0,1,0,0.,0.,0.1,0.1,1.,1.,2.49995988767082,                853P    544
3.63649973125005,0.,2.49995988767082,3.63649973125005,1.,0.,0.1,     853P    545
0.,0.,0.;                                                            853P    546
126,1,1,0,0,1,0,0.,0.,0.1,0.1,1.,1.,1.49995988767082,                855P    547
3.63649973125005,0.,2.49995988767082,3.63649973125005,0.,0.,0.1,     855P    548
0.,0.,0.;                                                            855P    549
126,1,1,0,0,1,0,0.,0.,0.1,0.1,1.,1.,1.49995988767082,                857P    550
3.63649973125005,1.,2.49995988767082,3.63649973125005,1.,0.,0.1,     857P    551
0.,0.,0.;                                                            857P    552
126,1,1,0,0,1,0,0.,0.,0.1,0.1,1.,1.,1.49995988767082,                859P    553
3.63649973125005,0.,1.49995988767082,3.63649973125005,1.,0.,0.1,     859P    554
0.,0.,0.;                                                            859P    555
126,1,1,0,0,1,0,0.,0.,0.2,0.2,1.,1.,1.49995988767082,                861P    556
5.63649973125005,0.,1.49995988767082,3.63649973125005,0.,0.,0.2,     861P    557
0.,0.,0.;                                                            861P    558
126,1,1,0,0,1,0,0.,0.,0.2,0.2,1.,1.,1.49995988767082,                863P    559
5.63649973125005,1.,1.49995988767082,3.63649973125005,1.,0.,0.2,     863P    560
0.,0.,0.;                                                            863P    561
126,1,1,0,0,1,0,0.,0.,0.25,0.25,1.,1.,16.5000000596046,              865P    562
3.49913725374202,0.,19.0000000596046,3.49913725374202,0.,0.,         865P    563
0.25,0.,0.,0.;                                                       865P    564
126,1,1,0,0,1,0,0.,0.,0.1,0.1,1.,1.,19.0000000596046,                867P    565
3.49913725374202,0.,19.0000000596046,3.49913725374202,1.,0.,0.1,     867P    566
0.,0.,0.;                                                            867P    567
126,1,1,0,0,1,0,0.,0.,0.25,0.25,1.,1.,16.5000000596046,              869P    568
3.49913725374202,1.,19.0000000596046,3.49913725374202,1.,0.,         869P    569
0.25,0.,0.,0.;                                                       869P    570
126,1,1,0,0,1,0,0.,0.,0.1,0.1,1.,1.,16.5000000596037,                871P    571
3.49913725374202,0.,16.5000000596037,3.49913725374202,1.,0.,0.1,     871P    572
0.,0.,0.;                                                            871P    573
126,1,1,0,0,1,0,0.,0.,0.2,0.2,1.,1.,16.5000000596037,                873P    574
3.49913725374202,0.,16.5000000596056,5.49913725374202,0.,0.,0.2,     873P    575
0.,0.,0.;                                                            873P    576
126,1,1,0,0,1,0,-0.2,-0.2,0.,0.,1.,1.,16.5000000596056,              875P    577
5.49913725374202,1.,16.5000000596037,3.49913725374202,1.,-0.2,       875P    578
0.,0.,0.,0.;                                                         875P    579
126,1,1,0,0,1,0,0.,0.,0.1,0.1,1.,1.,16.5000000596056,                877P    580
5.49913725374202,0.,16.5000000596056,5.49913725374202,1.,0.,0.1,     877P    581
0.,0.,0.;                                                            877P    582
126,1,1,0,0,1,0,0.,0.,0.249999999999904,0.249999999999904,1.,1.,     879P    583
19.0000000596046,5.49913725374154,0.,16.5000000596056,               879P    584
5.49913725374394,0.,0.,0.249999999999904,0.,0.,0.;                   879P    585
126,1,1,0,0,1,0,0.,0.,0.249999999999904,0.249999999999904,1.,1.,     881P    586
19.0000000596046,5.49913725374154,1.,16.5000000596056,               881P    587
5.49913725374394,1.,0.,0.249999999999904,0.,0.,0.;                   881P    588
126,1,1,0,0,1,0,0.,0.,0.1,0.1,1.,1.,19.0000000596046,                883P    589
5.49913725374154,0.,19.0000000596046,5.49913725374154,1.,0.,0.1,     883P    590
0.,0.,0.;                                                            883P    591
126,1,1,0,0,1,0,0.,0.,0.199999999999952,0.199999999999952,1.,1.,     885P    592
19.0000000596046,3.49913725374202,0.,19.0000000596046,               885P    593
5.49913725374154,0.,0.,0.199999999999952,0.,0.,0.;                   885P    594
126,1,1,0,0,1,0,0.,0.,0.199999999999952,0.199999999999952,1.,1.,     887P    595
19.0000000596046,3.49913725374202,1.,19.0000000596046,               887P    596
5.49913725374154,1.,0.,0.199999999999952,0.,0.,0.;                   887P    597
126,2,2,0,0,0,0,0.,0.,0.,1.57079632679489,1.57079632679489,          889P    598
1.57079632679489,1.,0.70710678118655,1.,16.5000000596046,            889P    599
3.49913725374202,0.,16.0000000596046,3.49913725374202,0.,            889P    600
16.0000000596046,2.99913725374202,0.,0.,1.57079632679489,0.,0.,      889P    601
0.;                                                                  889P    602
126,1,1,0,0,1,0,0.,0.,0.2,0.2,1.,1.,16.5000000596046,                891P    603
3.49913725374202,0.,16.5000000596046,3.49913725374202,2.,0.,0.2,     891P    604
0.,0.,0.;                                                            891P    605
126,2,2,0,0,0,0,-1.57079632679489,-1.57079632679489,                 893P    606
-1.57079632679489,0.,0.,0.,1.,0.70710678118655,1.,                   893P    607
16.0000000596046,2.99913725374202,2.,16.0000000596046,               893P    608
3.49913725374202,2.,16.5000000596046,3.49913725374202,2.,            893P    609
-1.57079632679489,0.,0.,0.,0.;                                       893P    610
126,1,1,0,0,1,0,0.,0.,0.2,0.2,1.,1.,16.0000000596046,                895P    611
2.99913725374202,0.,16.0000000596046,2.99913725374202,2.,0.,0.2,     895P    612
0.,0.,0.;                                                            895P    613
126,1,1,0,0,1,0,0.,0.,0.25,0.25,1.,1.,16.0000000596046,              897P    614
0.499137253742018,0.,16.0000000596046,2.99913725374202,0.,0.,        897P    615
0.25,0.,0.,0.;                                                       897P    616
126,1,1,0,0,1,0,0.,0.,0.25,0.25,1.,1.,16.0000000596046,              899P    617
0.499137253742018,2.,16.0000000596046,2.99913725374202,2.,0.,        899P    618
0.25,0.,0.,0.;                                                       899P    619
126,1,1,0,0,1,0,0.,0.,0.2,0.2,1.,1.,16.0000000596046,                901P    620
0.499137253742018,0.,16.0000000596046,0.499137253742018,2.,0.,       901P    621
0.2,0.,0.,0.;                                                        901P    622
126,2,2,0,0,0,0,0.,0.,0.,1.5707963267949,1.5707963267949,            903P    623
1.5707963267949,1.,0.707106781186548,1.,15.0000000596046,            903P    624
-0.500862746257982,0.,16.0000000596046,-0.500862746257982,0.,        903P    625
16.0000000596046,0.499137253742018,0.,0.,1.5707963267949,0.,0.,      903P    626
0.;                                                                  903P    627
126,2,2,0,0,0,0,0.,0.,0.,1.5707963267949,1.5707963267949,            905P    628
1.5707963267949,1.,0.707106781186548,1.,15.0000000596046,            905P    629
-0.500862746257982,2.,16.0000000596046,-0.500862746257982,2.,        905P    630
16.0000000596046,0.499137253742018,2.,0.,1.5707963267949,0.,0.,      905P    631
0.;                                                                  905P    632
126,1,1,0,0,1,0,0.,0.,0.2,0.2,1.,1.,15.0000000596046,                907P    633
-0.500862746257982,0.,15.0000000596046,-0.500862746257982,2.,0.,     907P    634
0.2,0.,0.,0.;                                                        907P    635
126,1,1,0,0,1,0,0.,0.,0.0999999999998775,0.0999999999998775,1.,      909P    636
1.,14.0000000596059,-0.500862746257982,0.,15.0000000596046,          909P    637
-0.500862746257982,0.,0.,0.0999999999998775,0.,0.,0.;                909P    638
126,1,1,0,0,1,0,0.,0.,0.0999999999998775,0.0999999999998775,1.,      911P    639
1.,14.0000000596059,-0.500862746257982,2.,15.0000000596046,          911P    640
-0.500862746257982,2.,0.,0.0999999999998775,0.,0.,0.;                911P    641
126,1,1,0,0,1,0,0.,0.,0.2,0.2,1.,1.,14.0000000596059,                913P    642
-0.500862746257982,0.,14.0000000596059,-0.500862746257982,2.,0.,     913P    643
0.2,0.,0.,0.;                                                        913P    644
126,2,2,0,0,0,0,0.,0.,0.,1.57079632679551,1.57079632679551,          915P    645
1.57079632679551,1.,0.707106781186334,1.,13.000000059604,            915P    646
0.499137253743108,0.,13.000000059604,-0.500862746258725,0.,          915P    647
14.0000000596059,-0.500862746258112,0.,0.,1.57079632679551,0.,       915P    648
0.,0.;                                                               915P    649
126,2,2,0,0,0,0,0.,0.,0.,1.57079632679551,1.57079632679551,          917P    650
1.57079632679551,1.,0.707106781186334,1.,13.000000059604,            917P    651
0.499137253743108,2.,13.000000059604,-0.500862746258725,2.,          917P    652
14.0000000596059,-0.500862746258112,2.,0.,1.57079632679551,0.,       917P    653
0.,0.;                                                               917P    654
126,1,1,0,0,1,0,0.,0.,0.2,0.2,1.,1.,13.000000059604,                 919P    655
0.499137253743108,0.,13.000000059604,0.499137253743108,2.,0.,        919P    656
0.2,0.,0.,0.;                                                        919P    657
126,1,1,0,0,1,0,0.,0.,0.778259718123855,0.778259718123855,1.,1.,     921P    658
13.000000059612,8.28173443498166,0.,13.000000059604,                 921P    659
0.499137253743108,0.,0.,0.778259718123855,0.,0.,0.;                  921P    660
126,1,1,0,0,1,0,0.,0.,0.778259718123855,0.778259718123855,1.,1.,     923P    661
13.000000059612,8.28173443498166,2.,13.000000059604,                 923P    662
0.499137253743108,2.,0.,0.778259718123855,0.,0.,0.;                  923P    663
126,1,1,0,0,1,0,0.,0.,0.2,0.2,1.,1.,13.000000059612,                 925P    664
8.28173443498166,0.,13.000000059612,8.28173443498166,2.,0.,0.2,      925P    665
0.,0.,0.;                                                            925P    666
126,4,2,0,0,0,0,-2.35276080146054,-2.35276080146054,                 927P    667
-2.35276080146054,-0.781964474669406,-0.781964474669406,             927P    668
0.788831852121727,0.788831852121727,0.788831852121727,1.,            927P    669
0.707106781187879,1.,0.707106781187879,1.,13.0000000596363,          927P    670
8.28173443498173,0.,13.0000000596325,8.78173443499019,0.,            927P    671
12.500000059624,8.78173443498831,0.,12.0000000596156,                927P    672
8.78173443498642,0.,12.0000000596156,8.28173443497797,0.,            927P    673
-2.35276080146054,0.788831852121727,0.,0.,0.;                        927P    674
126,4,2,0,0,0,0,-0.788831852121727,-0.788831852121727,               929P    675
-0.788831852121727,0.781964474669406,0.781964474669406,              929P    676
2.35276080146054,2.35276080146054,2.35276080146054,1.,               929P    677
0.707106781187879,1.,0.707106781187879,1.,12.0000000596156,          929P    678
8.28173443497797,2.,12.0000000596156,8.78173443498642,2.,            929P    679
12.500000059624,8.78173443498831,2.,13.0000000596325,                929P    680
8.78173443499019,2.,13.0000000596363,8.28173443498173,2.,            929P    681
-0.788831852121727,2.35276080146054,0.,0.,0.;                        929P    682
126,1,1,0,0,1,0,0.,0.,0.2,0.2,1.,1.,12.0000000596156,                931P    683
8.28173443497797,0.,12.0000000596156,8.28173443497797,2.,0.,0.2,     931P    684
0.,0.,0.;                                                            931P    685
126,1,1,0,0,1,0,0.,0.,0.764523470372792,0.764523470372792,1.,1.,     933P    686
12.000000059612,0.636499731250047,0.,12.000000059612,                933P    687
8.28173443497797,0.,0.,0.764523470372792,0.,0.,0.;                   933P    688
126,1,1,0,0,1,0,0.,0.,0.764523470372792,0.764523470372792,1.,1.,     935P    689
12.000000059612,0.636499731250047,2.,12.000000059612,                935P    690
8.28173443497797,2.,0.,0.764523470372792,0.,0.,0.;                   935P    691
126,1,1,0,0,1,0,0.,0.,0.2,0.2,1.,1.,12.000000059612,                 937P    692
0.636499731250047,0.,12.000000059612,0.636499731250047,2.,0.,        937P    693
0.2,0.,0.,0.;                                                        937P    694
126,2,2,0,0,0,0,0.,0.,0.,1.5707963267949,1.5707963267949,            939P    695
1.5707963267949,1.,0.707106781186548,1.,11.000000059612,             939P    696
-0.363500268749953,0.,12.000000059612,-0.363500268749953,0.,         939P    697
12.000000059612,0.636499731250047,0.,0.,1.5707963267949,0.,0.,       939P    698
0.;                                                                  939P    699
126,2,2,0,0,0,0,0.,0.,0.,1.5707963267949,1.5707963267949,            941P    700
1.5707963267949,1.,0.707106781186548,1.,11.000000059612,             941P    701
-0.363500268749953,2.,12.000000059612,-0.363500268749953,2.,         941P    702
12.000000059612,0.636499731250047,2.,0.,1.5707963267949,0.,0.,       941P    703
0.;                                                                  941P    704
126,1,1,0,0,1,0,0.,0.,0.2,0.2,1.,1.,11.000000059612,                 943P    705
-0.363500268749953,0.,11.000000059612,-0.363500268749953,2.,0.,      943P    706
0.2,0.,0.,0.;                                                        943P    707
126,1,1,0,0,1,0,0.,0.,0.0999999999998782,0.0999999999998782,1.,      945P    708
1.,10.0000000596132,-0.363500268749953,0.,11.000000059612,           945P    709
-0.363500268749953,0.,0.,0.0999999999998782,0.,0.,0.;                945P    710
126,1,1,0,0,1,0,0.,0.,0.0999999999998782,0.0999999999998782,1.,      947P    711
1.,10.0000000596132,-0.363500268749953,2.,11.000000059612,           947P    712
-0.363500268749953,2.,0.,0.0999999999998782,0.,0.,0.;                947P    713
126,1,1,0,0,1,0,0.,0.,0.2,0.2,1.,1.,10.0000000596132,                949P    714
-0.363500268749953,0.,10.0000000596132,-0.363500268749953,2.,0.,     949P    715
0.2,0.,0.,0.;                                                        949P    716
126,2,2,0,0,0,0,0.,0.,0.,1.5707963267949,1.5707963267949,            951P    717
1.5707963267949,1.,0.707106781186549,1.,9.00000005961201,            951P    718
0.636499731251266,0.,9.00000005961201,-0.363500268749953,0.,         951P    719
10.0000000596132,-0.363500268749953,0.,0.,1.5707963267949,0.,0.,     951P    720
0.;                                                                  951P    721
126,2,2,0,0,0,0,0.,0.,0.,1.5707963267949,1.5707963267949,            953P    722
1.5707963267949,1.,0.707106781186549,1.,9.00000005961201,            953P    723
0.636499731251266,2.,9.00000005961201,-0.363500268749953,2.,         953P    724
10.0000000596132,-0.363500268749953,2.,0.,1.5707963267949,0.,0.,     953P    725
0.;                                                                  953P    726
126,1,1,0,0,1,0,0.,0.,0.2,0.2,1.,1.,9.00000005961201,                955P    727
0.636499731251266,0.,9.00000005961201,0.636499731251266,2.,0.,       955P    728
0.2,0.,0.,0.;                                                        955P    729
126,1,1,0,0,1,0,0.,0.,0.764523470373039,0.764523470373039,1.,1.,     957P    730
9.00000005961201,8.28173443498166,0.,9.00000005961201,               957P    731
0.636499731251265,0.,0.,0.764523470373039,0.,0.,0.;                  957P    732
126,1,1,0,0,1,0,0.,0.,0.764523470373039,0.764523470373039,1.,1.,     959P    733
9.00000005961201,8.28173443498166,2.,9.00000005961201,               959P    734
0.636499731251265,2.,0.,0.764523470373039,0.,0.,0.;                  959P    735
126,1,1,0,0,1,0,0.,0.,0.2,0.2,1.,1.,9.00000005961201,                961P    736
8.28173443498166,0.,9.00000005961201,8.28173443498166,2.,0.,0.2,     961P    737
0.,0.,0.;                                                            961P    738
126,4,2,0,0,0,0,-2.35276080143545,-2.35276080143545,                 963P    739
-2.35276080143545,-0.781964474656862,-0.781964474656862,             963P    740
0.788831852121724,0.788831852121724,0.788831852121724,1.,            963P    741
0.707106781192312,1.,0.707106781192312,1.,9.00000005963626,          963P    742
8.28173443499428,0.,9.00000005961995,8.78173443499646,0.,            963P    743
8.50000005961777,8.78173443498831,0.,8.00000005961558,               963P    744
8.78173443498015,0.,8.00000005961558,8.28173443497797,0.,            963P    745
-2.35276080143545,0.788831852121724,0.,0.,0.;                        963P    746
126,4,2,0,0,0,0,-0.788831852121724,-0.788831852121724,               965P    747
-0.788831852121724,0.781964474656862,0.781964474656862,              965P    748
2.35276080143545,2.35276080143545,2.35276080143545,1.,               965P    749
0.707106781192312,1.,0.707106781192312,1.,8.00000005961558,          965P    750
8.28173443497797,2.,8.00000005961558,8.78173443498015,2.,            965P    751
8.50000005961777,8.78173443498831,2.,9.00000005961995,               965P    752
8.78173443499646,2.,9.00000005963626,8.28173443499428,2.,            965P    753
-0.788831852121724,2.35276080143545,0.,0.,0.;                        965P    754
126,1,1,0,0,1,0,0.,0.,0.2,0.2,1.,1.,8.00000005961558,                967P    755
8.28173443497797,0.,8.00000005961558,8.28173443497797,2.,0.,0.2,     967P    756
0.,0.,0.;                                                            967P    757
126,1,1,0,0,1,0,0.,0.,0.764523470372792,0.764523470372792,1.,1.,     969P    758
8.00000005961201,0.636499731250047,0.,8.00000005961201,              969P    759
8.28173443497797,0.,0.,0.764523470372792,0.,0.,0.;                   969P    760
126,1,1,0,0,1,0,0.,0.,0.764523470372792,0.764523470372792,1.,1.,     971P    761
8.00000005961201,0.636499731250047,2.,8.00000005961201,              971P    762
8.28173443497797,2.,0.,0.764523470372792,0.,0.,0.;                   971P    763
126,1,1,0,0,1,0,0.,0.,0.2,0.2,1.,1.,8.00000005961201,                973P    764
0.636499731250047,0.,8.00000005961201,0.636499731250047,2.,0.,       973P    765
0.2,0.,0.,0.;                                                        973P    766
126,2,2,0,0,0,0,0.,0.,0.,1.5707963267949,1.5707963267949,            975P    767
1.5707963267949,1.,0.707106781186547,1.,7.00000005961201,            975P    768
-0.363500268749953,0.,8.00000005961201,-0.363500268749953,0.,        975P    769
8.00000005961201,0.636499731250047,0.,0.,1.5707963267949,0.,0.,      975P    770
0.;                                                                  975P    771
126,2,2,0,0,0,0,0.,0.,0.,1.5707963267949,1.5707963267949,            977P    772
1.5707963267949,1.,0.707106781186547,1.,7.00000005961201,            977P    773
-0.363500268749953,2.,8.00000005961201,-0.363500268749953,2.,        977P    774
8.00000005961201,0.636499731250047,2.,0.,1.5707963267949,0.,0.,      977P    775
0.;                                                                  977P    776
126,1,1,0,0,1,0,0.,0.,0.2,0.2,1.,1.,7.00000005961201,                979P    777
-0.363500268749953,0.,7.00000005961201,-0.363500268749953,2.,0.,     979P    778
0.2,0.,0.,0.;                                                        979P    779
126,1,1,0,0,1,0,0.,0.,0.0999999999998782,0.0999999999998782,1.,      981P    780
1.,6.00000005961323,-0.363500268749953,0.,7.00000005961201,          981P    781
-0.363500268749953,0.,0.,0.0999999999998782,0.,0.,0.;                981P    782
126,1,1,0,0,1,0,0.,0.,0.0999999999998782,0.0999999999998782,1.,      983P    783
1.,6.00000005961323,-0.363500268749953,2.,7.00000005961201,          983P    784
-0.363500268749953,2.,0.,0.0999999999998782,0.,0.,0.;                983P    785
126,1,1,0,0,1,0,0.,0.,0.2,0.2,1.,1.,6.00000005961323,                985P    786
-0.363500268749953,0.,6.00000005961323,-0.363500268749953,2.,0.,     985P    787
0.2,0.,0.,0.;                                                        985P    788
126,2,2,0,0,0,0,0.,0.,0.,1.5707963267949,1.5707963267949,            987P    789
1.5707963267949,1.,0.707106781186546,1.,5.00000005961201,            987P    790
0.636499731251266,0.,5.00000005961201,-0.363500268749953,0.,         987P    791
6.00000005961323,-0.363500268749953,0.,0.,1.5707963267949,0.,0.,     987P    792
0.;                                                                  987P    793
126,2,2,0,0,0,0,0.,0.,0.,1.5707963267949,1.5707963267949,            989P    794
1.5707963267949,1.,0.707106781186546,1.,5.00000005961201,            989P    795
0.636499731251266,2.,5.00000005961201,-0.363500268749953,2.,         989P    796
6.00000005961323,-0.363500268749953,2.,0.,1.5707963267949,0.,0.,     989P    797
0.;                                                                  989P    798
126,1,1,0,0,1,0,0.,0.,0.2,0.2,1.,1.,5.00000005961201,                991P    799
0.636499731251266,0.,5.00000005961201,0.636499731251266,2.,0.,       991P    800
0.2,0.,0.,0.;                                                        991P    801
126,1,1,0,0,1,0,0.,0.,0.764523470373039,0.764523470373039,1.,1.,     993P    802
5.00000005961201,8.28173443498166,0.,5.00000005961201,               993P    803
0.636499731251265,0.,0.,0.764523470373039,0.,0.,0.;                  993P    804
126,1,1,0,0,1,0,0.,0.,0.764523470373039,0.764523470373039,1.,1.,     995P    805
5.00000005961201,8.28173443498166,2.,5.00000005961201,               995P    806
0.636499731251265,2.,0.,0.764523470373039,0.,0.,0.;                  995P    807
126,1,1,0,0,1,0,0.,0.,0.2,0.2,1.,1.,5.00000005961201,                997P    808
8.28173443498166,0.,5.00000005961201,8.28173443498166,2.,0.,0.2,     997P    809
0.,0.,0.;                                                            997P    810
126,4,2,0,0,0,0,-2.35276080143545,-2.35276080143545,                 999P    811
-2.35276080143545,-0.781964474656863,-0.781964474656863,             999P    812
0.788831852121724,0.788831852121724,0.788831852121724,1.,            999P    813
0.707106781192313,1.,0.707106781192313,1.,5.00000005963626,          999P    814
8.28173443499428,0.,5.00000005961995,8.78173443499646,0.,            999P    815
4.50000005961777,8.78173443498831,0.,4.00000005961558,               999P    816
8.78173443498015,0.,4.00000005961558,8.28173443497797,0.,            999P    817
-2.35276080143545,0.788831852121724,0.,0.,0.;                        999P    818
126,4,2,0,0,0,0,-0.788831852121724,-0.788831852121724,              1001P    819
-0.788831852121724,0.781964474656863,0.781964474656863,             1001P    820
2.35276080143545,2.35276080143545,2.35276080143545,1.,              1001P    821
0.707106781192313,1.,0.707106781192313,1.,4.00000005961558,         1001P    822
8.28173443497797,2.,4.00000005961558,8.78173443498015,2.,           1001P    823
4.50000005961777,8.78173443498831,2.,5.00000005961995,              1001P    824
8.78173443499646,2.,5.00000005963626,8.28173443499428,2.,           1001P    825
-0.788831852121724,2.35276080143545,0.,0.,0.;                       1001P    826
126,1,1,0,0,1,0,0.,0.,0.2,0.2,1.,1.,4.00000005961558,               1003P    827
8.28173443497797,0.,4.00000005961558,8.28173443497797,2.,0.,0.2,    1003P    828
0.,0.,0.;                                                           1003P    829
126,1,1,0,0,1,0,0.,0.,0.364523470372793,0.364523470372793,1.,1.,    1005P    830
4.00000005961201,4.63649973125004,0.,4.00000005961201,              1005P    831
8.28173443497797,0.,0.,0.364523470372793,0.,0.,0.;                  1005P    832
126,1,1,0,0,1,0,0.,0.,0.364523470372793,0.364523470372793,1.,1.,    1007P    833
4.00000005961201,4.63649973125004,2.,4.00000005961201,              1007P    834
8.28173443497797,2.,0.,0.364523470372793,0.,0.,0.;                  1007P    835
126,1,1,0,0,1,0,0.,0.,0.2,0.2,1.,1.,4.00000005961201,               1009P    836
4.63649973125004,0.,4.00000005961201,4.63649973125004,2.,0.,0.2,    1009P    837
0.,0.,0.;                                                           1009P    838
126,2,2,0,0,0,0,0.,0.,0.,1.5707963267949,1.5707963267949,           1011P    839
1.5707963267949,1.,0.707106781186547,1.,3.00000005961201,           1011P    840
3.63649973125005,0.,4.00000005961201,3.63649973125005,0.,           1011P    841
4.00000005961201,4.63649973125004,0.,0.,1.5707963267949,0.,0.,      1011P    842
0.;                                                                 1011P    843
126,2,2,0,0,0,0,0.,0.,0.,1.5707963267949,1.5707963267949,           1013P    844
1.5707963267949,1.,0.707106781186547,1.,3.00000005961201,           1013P    845
3.63649973125005,2.,4.00000005961201,3.63649973125005,2.,           1013P    846
4.00000005961201,4.63649973125004,2.,0.,1.5707963267949,0.,0.,      1013P    847
0.;                                                                 1013P    848
126,1,1,0,0,1,0,0.,0.,0.2,0.2,1.,1.,3.00000005961201,               1015P    849
3.63649973125005,0.,3.00000005961201,3.63649973125005,2.,0.,0.2,    1015P    850
0.,0.,0.;                                                           1015P    851
126,1,1,0,0,1,0,0.1,0.1,0.150004017194119,0.150004017194119,1.,     1017P    852
1.,2.49995988767082,3.63649973125005,0.,3.00000005961201,           1017P    853
3.63649973125005,0.,0.1,0.150004017194119,0.,0.,0.;                 1017P    854
126,1,1,0,0,1,0,0.1,0.1,0.150004017194119,0.150004017194119,1.,     1019P    855
1.,2.49995988767082,3.63649973125005,2.,3.00000005961201,           1019P    856
3.63649973125005,2.,0.1,0.150004017194119,0.,0.,0.;                 1019P    857
126,1,1,0,0,1,0,0.,0.,0.2,0.2,1.,1.,2.49995988767082,               1021P    858
3.63649973125005,0.,2.49995988767082,3.63649973125005,2.,0.,0.2,    1021P    859
0.,0.,0.;                                                           1021P    860
126,1,1,0,0,1,0,0.,0.,0.2,0.2,1.,1.,2.49995988767082,               1023P    861
5.63649973125005,0.,2.49995988767082,3.63649973125005,0.,0.,0.2,    1023P    862
0.,0.,0.;                                                           1023P    863
126,1,1,0,0,1,0,0.,0.,0.2,0.2,1.,1.,2.49995988767082,               1025P    864
5.63649973125005,2.,2.49995988767082,3.63649973125005,2.,0.,0.2,    1025P    865
0.,0.,0.;                                                           1025P    866
126,1,1,0,0,1,0,0.,0.,0.2,0.2,1.,1.,2.49995988767082,               1027P    867
5.63649973125005,0.,2.49995988767082,5.63649973125005,2.,0.,0.2,    1027P    868
0.,0.,0.;                                                           1027P    869
126,4,2,0,0,0,0,0.,0.,0.,0.785438335338672,0.785438335338672,       1029P    870
1.57087667067734,1.57087667067734,1.57087667067734,1.,              1029P    871
0.923871845756766,1.,0.923871845756744,1.,2.49995988767082,         1029P    872
5.63649973125005,0.,2.70707843437595,5.63648309054184,0.,           1029P    873
2.85353924699398,5.78293213640225,0.,3.00000005961201,              1029P    874
5.92938118226265,0.,3.00000005961201,6.13649972963627,0.,0.,        1029P    875
1.57087667067734,0.,0.,0.;                                          1029P    876
126,4,2,0,0,0,0,-1.57087667067734,-1.57087667067734,                1031P    877
-1.57087667067734,-0.785438335338672,-0.785438335338672,0.,0.,      1031P    878
0.,1.,0.923871845756744,1.,0.923871845756766,1.,                    1031P    879
3.00000005961201,6.13649972963627,2.,3.00000005961201,              1031P    880
5.92938118226265,2.,2.85353924699398,5.78293213640225,2.,           1031P    881
2.70707843437595,5.63648309054184,2.,2.49995988767082,              1031P    882
5.63649973125005,2.,-1.57087667067734,0.,0.,0.,0.;                  1031P    883
126,1,1,0,0,1,0,0.,0.,0.2,0.2,1.,1.,3.00000005961201,               1033P    884
6.13649972963627,0.,3.00000005961201,6.13649972963627,2.,0.,0.2,    1033P    885
0.,0.,0.;                                                           1033P    886
126,1,1,0,0,1,0,1.23259516361218D-32,1.23259516361218D-32,          1035P    887
0.250000000161378,0.250000000161378,1.,1.,3.00000005961201,         1035P    888
6.13649972963627,0.,3.00000005961201,8.63649973125005,0.,           1035P    889
1.23259516361218D-32,0.250000000161378,0.,0.,0.;                    1035P    890
126,1,1,0,0,1,0,-0.250000000161378,-0.250000000161378,0.,0.,1.,     1037P    891
1.,3.00000005961201,8.63649973125005,2.,3.00000005961201,           1037P    892
6.13649972963627,2.,-0.250000000161378,0.,0.,0.,0.;                 1037P    893
126,1,1,0,0,1,0,0.,0.,0.2,0.2,1.,1.,3.00000005961201,               1039P    894
8.63649973125005,0.,3.00000005961201,8.63649973125005,2.,0.,0.2,    1039P    895
0.,0.,0.;                                                           1039P    896
126,2,2,0,0,0,0,0.,0.,0.,1.5707963267949,1.5707963267949,           1041P    897
1.5707963267949,1.,0.707106781186549,1.,4.00000005961201,           1041P    898
9.63649973125005,0.,3.00000005961201,9.63649973125005,0.,           1041P    899
3.00000005961201,8.63649973125005,0.,0.,1.5707963267949,0.,0.,      1041P    900
0.;                                                                 1041P    901
126,2,2,0,0,0,0,0.,0.,0.,1.5707963267949,1.5707963267949,           1043P    902
1.5707963267949,1.,0.707106781186549,1.,4.00000005961201,           1043P    903
9.63649973125005,2.,3.00000005961201,9.63649973125005,2.,           1043P    904
3.00000005961201,8.63649973125005,2.,0.,1.5707963267949,0.,0.,      1043P    905
0.;                                                                 1043P    906
126,1,1,0,0,1,0,0.,0.,0.2,0.2,1.,1.,4.00000005961201,               1045P    907
9.63649973125005,0.,4.00000005961201,9.63649973125005,2.,0.,0.2,    1045P    908
0.,0.,0.;                                                           1045P    909
126,1,1,0,0,1,0,0.,0.,0.0999999999992636,0.0999999999992636,1.,     1047P    910
1.,4.00000005961201,9.63649973125005,0.,5.00000005960464,           1047P    911
9.63649973124898,0.,0.,0.0999999999992636,0.,0.,0.;                 1047P    912
126,1,1,0,0,1,0,-0.0999999999992636,-0.0999999999992636,0.,0.,      1049P    913
1.,1.,5.00000005960464,9.63649973124898,2.,4.00000005961201,        1049P    914
9.63649973125005,2.,-0.0999999999992636,0.,0.,0.,0.;                1049P    915
126,1,1,0,0,1,0,0.,0.,0.2,0.2,1.,1.,5.00000005960464,               1051P    916
9.63649973124541,0.,5.00000005960464,9.63649973124541,2.,0.,0.2,    1051P    917
0.,0.,0.;                                                           1051P    918
126,2,2,0,0,0,0,0.,0.,0.,1.57079632679026,1.57079632679026,         1053P    919
1.57079632679026,1.,0.707106781188186,1.,6.00000005960465,          1053P    920
8.63649973125004,0.,6.00000005960001,9.63649973124541,0.,           1053P    921
5.00000005960464,9.63649973124541,0.,0.,1.57079632679026,0.,0.,     1053P    922
0.;                                                                 1053P    923
126,2,2,0,0,0,0,0.,0.,0.,1.57079632679026,1.57079632679026,         1055P    924
1.57079632679026,1.,0.707106781188186,1.,6.00000005960465,          1055P    925
8.63649973125004,2.,6.00000005960001,9.63649973124541,2.,           1055P    926
5.00000005960464,9.63649973124541,2.,0.,1.57079632679026,0.,0.,     1055P    927
0.;                                                                 1055P    928
126,1,1,0,0,1,0,0.,0.,0.2,0.2,1.,1.,6.00000005960465,               1057P    929
8.63649973125004,0.,6.00000005960465,8.63649973125004,2.,0.,0.2,    1057P    930
0.,0.,0.;                                                           1057P    931
126,1,1,0,0,1,0,-0.713615626533073,-0.713615626533073,              1059P    932
0.0363843739539885,0.0363843739539885,1.,1.,6.00000005946027,       1059P    933
8.63649973125004,0.,6.000000059612,1.13649972637943,0.,             1059P    934
-0.713615626533073,0.0363843739539885,0.,0.,0.;                     1059P    935
126,1,1,0,0,1,0,-0.0363843739539885,-0.0363843739539885,            1061P    936
0.713615626533073,0.713615626533073,1.,1.,6.000000059612,           1061P    937
1.13649972637943,2.,6.00000005946027,8.63649973125004,2.,           1061P    938
-0.0363843739539885,0.713615626533073,0.,0.,0.;                     1061P    939
126,1,1,0,0,1,0,0.,0.,0.2,0.2,1.,1.,6.000000059612,                 1063P    940
1.13649972637943,0.,6.000000059612,1.13649972637943,2.,0.,0.2,      1063P    941
0.,0.,0.;                                                           1063P    942
126,4,2,0,0,0,0,-1.57065674712791,-1.57065674712791,                1065P    943
-1.57065674712791,0.000139579667002288,0.000139579667002288,        1065P    944
1.57093590646191,1.57093590646191,1.57093590646191,1.,              1065P    945
0.707106781186544,1.,0.707106781186543,1.,6.00000005961201,         1065P    946
1.13649972637943,0.,6.000000059612,0.636499726379431,0.,            1065P    947
6.50000005961201,0.636499726379426,0.,7.00000005961201,             1065P    948
0.636499726379421,0.,7.00000005961201,1.13649972637943,0.,          1065P    949
-1.57065674712791,1.57093590646191,0.,0.,0.;                        1065P    950
126,4,2,0,0,0,0,-1.57093590646191,-1.57093590646191,                1067P    951
-1.57093590646191,-0.000139579667002288,-0.000139579667002288,      1067P    952
1.57065674712791,1.57065674712791,1.57065674712791,1.,              1067P    953
0.707106781186543,1.,0.707106781186544,1.,7.00000005961201,         1067P    954
1.13649972637943,2.,7.00000005961201,0.636499726379421,2.,          1067P    955
6.50000005961201,0.636499726379426,2.,6.000000059612,               1067P    956
0.636499726379431,2.,6.00000005961201,1.13649972637943,2.,          1067P    957
-1.57093590646191,1.57065674712791,0.,0.,0.;                        1067P    958
126,1,1,0,0,1,0,0.,0.,0.2,0.2,1.,1.,7.00000005961201,               1069P    959
1.13649972637943,0.,7.00000005961201,1.13649972637943,2.,0.,0.2,    1069P    960
0.,0.,0.;                                                           1069P    961
126,1,1,0,0,1,0,6.57384087257261D-32,6.57384087257261D-32,          1071P    962
0.750000000487062,0.750000000487062,1.,1.,7.00000005961201,         1071P    963
1.13649972637943,0.,7.00000005961201,8.63649973125004,0.,           1071P    964
6.57384087257261D-32,0.750000000487062,0.,0.,0.;                    1071P    965
126,1,1,0,0,1,0,-0.750000000487062,-0.750000000487062,0.,0.,1.,     1073P    966
1.,7.00000005961201,8.63649973125004,2.,7.00000005961201,           1073P    967
1.13649972637943,2.,-0.750000000487062,0.,0.,0.,0.;                 1073P    968
126,1,1,0,0,1,0,0.,0.,0.2,0.2,1.,1.,7.00000005961201,               1075P    969
8.63649973125005,0.,7.00000005961201,8.63649973125005,2.,0.,0.2,    1075P    970
0.,0.,0.;                                                           1075P    971
126,2,2,0,0,0,0,0.,0.,0.,1.5707963267949,1.5707963267949,           1077P    972
1.5707963267949,1.,0.707106781186549,1.,8.00000005961201,           1077P    973
9.63649973125005,0.,7.00000005961201,9.63649973125005,0.,           1077P    974
7.00000005961201,8.63649973125005,0.,0.,1.5707963267949,0.,0.,      1077P    975
0.;                                                                 1077P    976
126,2,2,0,0,0,0,0.,0.,0.,1.5707963267949,1.5707963267949,           1079P    977
1.5707963267949,1.,0.707106781186549,1.,8.00000005961201,           1079P    978
9.63649973125005,2.,7.00000005961201,9.63649973125005,2.,           1079P    979
7.00000005961201,8.63649973125005,2.,0.,1.5707963267949,0.,0.,      1079P    980
0.;                                                                 1079P    981
126,1,1,0,0,1,0,0.,0.,0.2,0.2,1.,1.,8.00000005961201,               1081P    982
9.63649973125005,0.,8.00000005961201,9.63649973125005,2.,0.,0.2,    1081P    983
0.,0.,0.;                                                           1081P    984
126,1,1,0,0,1,0,0.,0.,0.0999999999992636,0.0999999999992636,1.,     1083P    985
1.,8.00000005961201,9.63649973125005,0.,9.00000005960464,           1083P    986
9.63649973124898,0.,0.,0.0999999999992636,0.,0.,0.;                 1083P    987
126,1,1,0,0,1,0,-0.0999999999992636,-0.0999999999992636,0.,0.,      1085P    988
1.,1.,9.00000005960464,9.63649973124898,2.,8.00000005961201,        1085P    989
9.63649973125005,2.,-0.0999999999992636,0.,0.,0.,0.;                1085P    990
126,1,1,0,0,1,0,0.,0.,0.2,0.2,1.,1.,9.00000005960464,               1087P    991
9.63649973124541,0.,9.00000005960464,9.63649973124541,2.,0.,0.2,    1087P    992
0.,0.,0.;                                                           1087P    993
126,2,2,0,0,0,0,0.,0.,0.,1.57079632679026,1.57079632679026,         1089P    994
1.57079632679026,1.,0.707106781188186,1.,10.0000000596046,          1089P    995
8.63649973125004,0.,10.0000000596,9.63649973124541,0.,              1089P    996
9.00000005960464,9.63649973124541,0.,0.,1.57079632679026,0.,0.,     1089P    997
0.;                                                                 1089P    998
126,2,2,0,0,0,0,0.,0.,0.,1.57079632679026,1.57079632679026,         1091P    999
1.57079632679026,1.,0.707106781188186,1.,10.0000000596046,          1091P   1000
8.63649973125004,2.,10.0000000596,9.63649973124541,2.,              1091P   1001
9.00000005960464,9.63649973124541,2.,0.,1.57079632679026,0.,0.,     1091P   1002
0.;                                                                 1091P   1003
126,1,1,0,0,1,0,0.,0.,0.2,0.2,1.,1.,10.0000000596046,               1093P   1004
8.63649973125004,0.,10.0000000596046,8.63649973125004,2.,0.,0.2,    1093P   1005
0.,0.,0.;                                                           1093P   1006
126,1,1,0,0,1,0,-0.713615626533073,-0.713615626533073,              1095P   1007
0.0363843739539885,0.0363843739539885,1.,1.,10.0000000594603,       1095P   1008
8.63649973125004,0.,10.000000059612,1.13649972637943,0.,            1095P   1009
-0.713615626533073,0.0363843739539885,0.,0.,0.;                     1095P   1010
126,1,1,0,0,1,0,-0.0363843739539885,-0.0363843739539885,            1097P   1011
0.713615626533073,0.713615626533073,1.,1.,10.000000059612,          1097P   1012
1.13649972637943,2.,10.0000000594603,8.63649973125004,2.,           1097P   1013
-0.0363843739539885,0.713615626533073,0.,0.,0.;                     1097P   1014
126,1,1,0,0,1,0,0.,0.,0.2,0.2,1.,1.,10.000000059612,                1099P   1015
1.13649972637943,0.,10.000000059612,1.13649972637943,2.,0.,0.2,     1099P   1016
0.,0.,0.;                                                           1099P   1017
126,4,2,0,0,0,0,-1.57065674712791,-1.57065674712791,                1101P   1018
-1.57065674712791,0.000139579666998957,0.000139579666998957,        1101P   1019
1.57093590646191,1.57093590646191,1.57093590646191,1.,              1101P   1020
0.707106781186545,1.,0.707106781186544,1.,10.000000059612,          1101P   1021
1.13649972637943,0.,10.000000059612,0.63649972637943,0.,            1101P   1022
10.500000059612,0.636499726379426,0.,11.000000059612,               1101P   1023
0.636499726379422,0.,11.000000059612,1.13649972637943,0.,           1101P   1024
-1.57065674712791,1.57093590646191,0.,0.,0.;                        1101P   1025
126,4,2,0,0,0,0,-1.57093590646191,-1.57093590646191,                1103P   1026
-1.57093590646191,-0.000139579666998957,-0.000139579666998957,      1103P   1027
1.57065674712791,1.57065674712791,1.57065674712791,1.,              1103P   1028
0.707106781186544,1.,0.707106781186545,1.,11.000000059612,          1103P   1029
1.13649972637943,2.,11.000000059612,0.636499726379422,2.,           1103P   1030
10.500000059612,0.636499726379426,2.,10.000000059612,               1103P   1031
0.63649972637943,2.,10.000000059612,1.13649972637943,2.,            1103P   1032
-1.57093590646191,1.57065674712791,0.,0.,0.;                        1103P   1033
126,1,1,0,0,1,0,0.,0.,0.2,0.2,1.,1.,11.000000059612,                1105P   1034
1.13649972637943,0.,11.000000059612,1.13649972637943,2.,0.,0.2,     1105P   1035
0.,0.,0.;                                                           1105P   1036
126,1,1,0,0,1,0,6.57384087257261D-32,6.57384087257261D-32,          1107P   1037
0.750000000487062,0.750000000487062,1.,1.,11.000000059612,          1107P   1038
1.13649972637943,0.,11.000000059612,8.63649973125004,0.,            1107P   1039
6.57384087257261D-32,0.750000000487062,0.,0.,0.;                    1107P   1040
126,1,1,0,0,1,0,-0.750000000487062,-0.750000000487062,0.,0.,1.,     1109P   1041
1.,11.000000059612,8.63649973125004,2.,11.000000059612,             1109P   1042
1.13649972637943,2.,-0.750000000487062,0.,0.,0.,0.;                 1109P   1043
126,1,1,0,0,1,0,0.,0.,0.2,0.2,1.,1.,11.000000059612,                1111P   1044
8.63649973125005,0.,11.000000059612,8.63649973125005,2.,0.,0.2,     1111P   1045
0.,0.,0.;                                                           1111P   1046
126,2,2,0,0,0,0,0.,0.,0.,1.5707963267949,1.5707963267949,           1113P   1047
1.5707963267949,1.,0.707106781186549,1.,12.000000059612,            1113P   1048
9.63649973125005,0.,11.000000059612,9.63649973125005,0.,            1113P   1049
11.000000059612,8.63649973125005,0.,0.,1.5707963267949,0.,0.,0.;    1113P   1050
126,2,2,0,0,0,0,0.,0.,0.,1.5707963267949,1.5707963267949,           1115P   1051
1.5707963267949,1.,0.707106781186549,1.,12.000000059612,            1115P   1052
9.63649973125005,2.,11.000000059612,9.63649973125005,2.,            1115P   1053
11.000000059612,8.63649973125005,2.,0.,1.5707963267949,0.,0.,0.;    1115P   1054
126,1,1,0,0,1,0,0.,0.,0.2,0.2,1.,1.,12.000000059612,                1117P   1055
9.63649973125005,0.,12.000000059612,9.63649973125005,2.,0.,0.2,     1117P   1056
0.,0.,0.;                                                           1117P   1057
126,1,1,0,0,1,0,0.,0.,0.0999999999992636,0.0999999999992636,1.,     1119P   1058
1.,12.000000059612,9.63649973125005,0.,13.0000000596046,            1119P   1059
9.63649973124898,0.,0.,0.0999999999992636,0.,0.,0.;                 1119P   1060
126,1,1,0,0,1,0,-0.0999999999992636,-0.0999999999992636,0.,0.,      1121P   1061
1.,1.,13.0000000596046,9.63649973124898,2.,12.000000059612,         1121P   1062
9.63649973125005,2.,-0.0999999999992636,0.,0.,0.,0.;                1121P   1063
126,1,1,0,0,1,0,0.,0.,0.2,0.2,1.,1.,13.0000000596046,               1123P   1064
9.63649973124541,0.,13.0000000596046,9.63649973124541,2.,0.,0.2,    1123P   1065
0.,0.,0.;                                                           1123P   1066
126,2,2,0,0,0,0,0.,0.,0.,1.57079632679026,1.57079632679026,         1125P   1067
1.57079632679026,1.,0.707106781188187,1.,14.0000000596046,          1125P   1068
8.63649973125004,0.,14.0000000596,9.63649973124541,0.,              1125P   1069
13.0000000596046,9.63649973124541,0.,0.,1.57079632679026,0.,0.,     1125P   1070
0.;                                                                 1125P   1071
126,2,2,0,0,0,0,0.,0.,0.,1.57079632679026,1.57079632679026,         1127P   1072
1.57079632679026,1.,0.707106781188187,1.,14.0000000596046,          1127P   1073
8.63649973125004,2.,14.0000000596,9.63649973124541,2.,              1127P   1074
13.0000000596046,9.63649973124541,2.,0.,1.57079632679026,0.,0.,     1127P   1075
0.;                                                                 1127P   1076
126,1,1,0,0,1,0,0.,0.,0.2,0.2,1.,1.,14.0000000596046,               1129P   1077
8.63649973125004,0.,14.0000000596046,8.63649973125004,2.,0.,0.2,    1129P   1078
0.,0.,0.;                                                           1129P   1079
126,1,1,0,0,1,0,-0.713615626533073,-0.713615626533073,              1131P   1080
0.0501206217047864,0.0501206217047864,1.,1.,14.0000000596046,       1131P   1081
8.63649973125004,0.,14.0000000596046,0.999137248871447,0.,          1131P   1082
-0.713615626533073,0.0501206217047864,0.,0.,0.;                     1131P   1083
126,1,1,0,0,1,0,-0.0501206217047863,-0.0501206217047863,            1133P   1084
0.713615626533074,0.713615626533074,1.,1.,14.0000000596046,         1133P   1085
0.999137248871447,2.,14.0000000596046,8.63649973125004,2.,          1133P   1086
-0.0501206217047863,0.713615626533074,0.,0.,0.;                     1133P   1087
126,1,1,0,0,1,0,0.,0.,0.2,0.2,1.,1.,14.0000000596046,               1135P   1088
0.999137248871447,0.,14.0000000596046,0.999137248871447,2.,0.,      1135P   1089
0.2,0.,0.,0.;                                                       1135P   1090
126,4,2,0,0,0,0,-1.57065674712791,-1.57065674712791,                1137P   1091
-1.57065674712791,0.000139579667001177,0.000139579667001177,        1137P   1092
1.57093590646191,1.57093590646191,1.57093590646191,1.,              1137P   1093
0.707106781186553,1.,0.707106781186543,1.,14.0000000596047,         1137P   1094
0.999137248871458,0.,14.0000000596046,0.499137248871453,0.,         1137P   1095
14.5000000596047,0.499137248871448,0.,15.0000000596047,             1137P   1096
0.499137248871443,0.,15.0000000596047,0.999137248871448,0.,         1137P   1097
-1.57065674712791,1.57093590646191,0.,0.,0.;                        1137P   1098
126,4,2,0,0,0,0,-1.57093590646191,-1.57093590646191,                1139P   1099
-1.57093590646191,-0.000139579667001177,-0.000139579667001177,      1139P   1100
1.57065674712791,1.57065674712791,1.57065674712791,1.,              1139P   1101
0.707106781186543,1.,0.707106781186553,1.,15.0000000596047,         1139P   1102
0.999137248871448,2.,15.0000000596047,0.499137248871443,2.,         1139P   1103
14.5000000596047,0.499137248871448,2.,14.0000000596046,             1139P   1104
0.499137248871453,2.,14.0000000596047,0.999137248871458,2.,         1139P   1105
-1.57093590646191,1.57065674712791,0.,0.,0.;                        1139P   1106
126,1,1,0,0,1,0,0.,0.,0.2,0.2,1.,1.,15.0000000596047,               1141P   1107
0.999137248871448,0.,15.0000000596047,0.999137248871448,2.,0.,      1141P   1108
0.2,0.,0.,0.;                                                       1141P   1109
126,1,1,0,0,1,0,0.,0.,0.350000000487394,0.350000000487394,1.,1.,    1143P   1110
15.000000059608,4.49913725374539,0.,15.0000000596047,               1143P   1111
0.999137248871448,0.,0.,0.350000000487394,0.,0.,0.;                 1143P   1112
126,1,1,0,0,1,0,0.,0.,0.350000000487394,0.350000000487394,1.,1.,    1145P   1113
15.000000059608,4.49913725374539,2.,15.0000000596047,               1145P   1114
0.999137248871448,2.,0.,0.350000000487394,0.,0.,0.;                 1145P   1115
126,1,1,0,0,1,0,0.,0.,0.2,0.2,1.,1.,15.000000059608,                1147P   1116
4.49913725374539,0.,15.000000059608,4.49913725374539,2.,0.,0.2,     1147P   1117
0.,0.,0.;                                                           1147P   1118
126,2,2,0,0,0,0,0.,0.,0.,1.5707963267949,1.5707963267949,           1149P   1119
1.5707963267949,1.,0.707106781186548,1.,16.000000059609,            1149P   1120
5.49913725374443,0.,15.000000059609,5.49913725374539,0.,            1149P   1121
15.000000059608,4.49913725374539,0.,0.,1.5707963267949,0.,0.,0.;    1149P   1122
126,2,2,0,0,0,0,0.,0.,0.,1.5707963267949,1.5707963267949,           1151P   1123
1.5707963267949,1.,0.707106781186548,1.,16.000000059609,            1151P   1124
5.49913725374443,2.,15.000000059609,5.49913725374539,2.,            1151P   1125
15.000000059608,4.49913725374539,2.,0.,1.5707963267949,0.,0.,0.;    1151P   1126
126,1,1,0,0,1,0,0.,0.,0.2,0.2,1.,1.,16.000000059609,                1153P   1127
5.49913725374443,0.,16.000000059609,5.49913725374443,2.,0.,0.2,     1153P   1128
0.,0.,0.;                                                           1153P   1129
126,1,1,0,0,1,0,0.249999999999904,0.249999999999904,                1155P   1130
0.299999999999566,0.299999999999566,1.,1.,16.5000000596056,         1155P   1131
5.49913725374394,0.,16.000000059609,5.49913725374443,0.,            1155P   1132
0.249999999999904,0.299999999999566,0.,0.,0.;                       1155P   1133
126,1,1,0,0,1,0,0.249999999999904,0.249999999999904,                1157P   1134
0.299999999999566,0.299999999999566,1.,1.,16.5000000596056,         1157P   1135
5.49913725374394,2.,16.000000059609,5.49913725374443,2.,            1157P   1136
0.249999999999904,0.299999999999566,0.,0.,0.;                       1157P   1137
126,1,1,0,0,1,0,0.,0.,0.2,0.2,1.,1.,16.5000000596056,               1159P   1138
5.49913725374202,0.,16.5000000596056,5.49913725374202,2.,0.,0.2,    1159P   1139
0.,0.,0.;                                                           1159P   1140
126,1,1,0,0,1,0,5.55111513238038D-17,5.55111513238038D-17,0.2,      1161P   1141
0.2,1.,1.,16.5000000596037,3.49913725374202,0.,16.5000000596056,    1161P   1142
5.49913725374202,0.,5.55111513238038D-17,0.2,0.,0.,0.;              1161P   1143
126,1,1,0,0,1,0,5.55111513238038D-17,5.55111513238038D-17,0.2,      1163P   1144
0.2,1.,1.,16.5000000596037,3.49913725374202,2.,16.5000000596056,    1163P   1145
5.49913725374202,2.,5.55111513238038D-17,0.2,0.,0.,0.;              1163P   1146
126,1,1,0,0,1,0,0.,0.,1.03,1.03,1.,1.,10.3,10.,0.,0.,10.,0.,0.,     1165P   1147
1.03,0.,0.,0.;                                                      1165P   1148
126,1,1,0,0,1,0,0.,0.,0.06,0.06,1.,1.,-1.73333694994851D-32,10.,    1167P   1149
0.,-1.73333694994851D-32,10.,0.6,0.,0.06,0.,0.,0.;                  1167P   1150
126,1,1,0,0,1,0,0.,0.,1.03,1.03,1.,1.,10.3,10.,0.6,0.,10.,0.6,      1169P   1151
0.,1.03,0.,0.,0.;                                                   1169P   1152
126,1,1,0,0,1,0,0.,0.,0.06,0.06,1.,1.,10.3,10.,0.,10.3,10.,0.6,     1171P   1153
0.,0.06,0.,0.,0.;                                                   1171P   1154
126,1,1,0,0,1,0,0.,0.,1.,1.,1.,1.,10.3,-8.66668474974256D-32,0.,    1173P   1155
10.3,10.,0.,0.,1.,0.,0.,0.;                                         1173P   1156
126,1,1,0,0,1,0,0.,0.,1.,1.,1.,1.,10.3,-8.66668474974256D-32,       1175P   1157
0.6,10.3,10.,0.6,0.,1.,0.,0.,0.;                                    1175P   1158
126,1,1,0,0,1,0,0.,0.,0.06,0.06,1.,1.,10.3,                         1177P   1159
-8.66668474974256D-32,0.,10.3,-8.66668474974256D-32,0.6,0.,0.06,    1177P   1160
0.,0.,0.;                                                           1177P   1161
126,1,1,0,0,1,0,0.,0.,1.03,1.03,1.,1.,0.,0.,0.,10.3,                1179P   1162
-8.66668474974256D-32,0.,0.,1.03,0.,0.,0.;                          1179P   1163
126,1,1,0,0,1,0,0.,0.,1.03,1.03,1.,1.,0.,0.,0.6,10.3,               1181P   1164
-8.66668474974256D-32,0.6,0.,1.03,0.,0.,0.;                         1181P   1165
126,1,1,0,0,1,0,0.,0.,0.06,0.06,1.,1.,0.,0.,0.,0.,0.,0.6,0.,        1183P   1166
0.06,0.,0.,0.;                                                      1183P   1167
126,1,1,0,0,1,0,0.,0.,1.,1.,1.,1.,-1.73333694994851D-32,10.,0.,     1185P   1168
0.,0.,0.,0.,1.,0.,0.,0.;                                            1185P   1169
126,1,1,0,0,1,0,0.,0.,1.,1.,1.,1.,-1.73333694994851D-32,10.,0.6,    1187P   1170
0.,0.,0.6,0.,1.,0.,0.,0.;                                           1187P   1171
126,4,2,0,0,0,0,-3.14159265358979,-3.14159265358979,                1189P   1172
-3.14159265358979,-1.5707963267949,-1.5707963267949,0.,0.,0.,1.,    1189P   1173
0.707106781186548,1.,0.707106781186549,1.,17.1231432995209,         1189P   1174
20.0000003278255,8.1,25.9231432995209,20.0000003278255,8.1,         1189P   1175
25.9231432995209,11.2000003278256,8.1,25.9231432995209,             1189P   1176
2.40000032782557,8.1,17.1231432995209,2.40000032782556,8.1,         1189P   1177
-3.14159265358979,0.,0.,0.,0.;                                      1189P   1178
126,1,1,0,0,1,0,-3.94,-3.94,-3.93846087280256,-3.93846087280256,    1191P   1179
1.,1.,17.1385345714954,20.0000003278255,8.1,17.1231432995209,       1191P   1180
20.0000003278255,8.1,-3.94,-3.93846087280256,0.,0.,0.;              1191P   1181
126,4,2,0,0,0,0,0.,0.,0.,1.5707963267949,1.5707963267949,           1193P   1182
3.14159265358979,3.14159265358979,3.14159265358979,1.,              1193P   1183
0.707106781186548,1.,0.707106781186548,1.,17.1385345714954,         1193P   1184
1.40000032782554,8.1,26.4385345714954,1.40000032782555,8.1,         1193P   1185
26.4385345714954,10.7000003278255,8.1,26.4385345714954,             1193P   1186
20.0000003278255,8.1,17.1385345714954,20.0000003278256,8.1,0.,      1193P   1187
3.14159265358979,0.,0.,0.;                                          1193P   1188
126,1,1,0,0,1,0,-3.94,-3.94,0.,0.,1.,1.,-22.2614654285046,          1195P   1189
1.40000032782554,8.1,17.1385345714954,1.40000032782554,8.1,         1195P   1190
-3.94,0.,0.,0.,0.;                                                  1195P   1191
126,4,2,0,0,0,0,0.0607067338939693,0.0607067338939693,              1197P   1192
0.0607067338939693,1.60114969374188,1.60114969374188,               1197P   1193
3.14159265358979,3.14159265358979,3.14159265358979,1.,              1197P   1194
0.717756472024527,1.,0.717756472024526,1.,-22.8256913469853,        1197P   1195
19.9828689099458,8.1,-31.8309849682659,19.4355143912745,8.1,        1197P   1196
-31.557181587406,10.41775735955,8.1,-31.283378206546,               1197P   1197
1.40000032782553,8.1,-22.2614654285046,1.40000032782552,8.1,        1197P   1198
0.0607067338939693,3.14159265358979,0.,0.,0.;                       1197P   1199
126,4,2,0,0,0,0,-1.37986834661936,-1.37986834661936,                1199P   1200
-1.37986834661936,0.159723941971447,0.159723941971447,              1199P   1201
1.69931623056226,1.69931623056226,1.69931623056226,1.,              1199P   1202
0.718052565832365,1.,0.718052565832364,1.,-22.2768567004791,        1199P   1203
2.40000032782554,8.1,-30.8064579893612,2.40000032782554,8.1,        1199P   1204
-31.0725728032946,10.925449351373,8.1,-31.338687617228,             1199P   1205
19.4508983749204,8.1,-22.8256913469853,19.9828689099458,8.1,        1199P   1206
-1.37986834661936,1.69931623056226,0.,0.,0.;                        1199P   1207
126,1,1,0,0,1,0,-2.95423043640128,-2.95423043640128,                1201P   1208
0.985769563598721,0.985769563598721,1.,1.,17.1231432995209,         1201P   1209
2.40000032782556,8.1,-22.2768567004791,2.40000032782555,8.1,        1201P   1210
-2.95423043640128,0.985769563598721,0.,0.,0.;                       1201P   1211
126,4,2,0,0,0,0,0.,0.,0.,1.5707963267949,1.5707963267949,           1203P   1212
3.14159265358979,3.14159265358979,3.14159265358979,1.,              1203P   1213
0.707106781186548,1.,0.707106781186548,1.,17.1385345714954,         1203P   1214
1.40000032782554,1.1,26.4385345714954,1.40000032782555,1.1,         1203P   1215
26.4385345714954,10.7000003278255,1.1,26.4385345714954,             1203P   1216
20.0000003278255,1.1,17.1385345714954,20.0000003278256,1.1,0.,      1203P   1217
3.14159265358979,0.,0.,0.;                                          1203P   1218
126,1,1,0,0,1,0,0.,0.,0.7,0.7,1.,1.,17.1385345714954,               1205P   1219
1.40000032782554,1.1,17.1385345714954,1.40000032782554,8.1,0.,      1205P   1220
0.7,0.,0.,0.;                                                       1205P   1221
126,1,1,0,0,1,0,0.,0.,0.7,0.7,1.,1.,17.1385345714954,               1207P   1222
20.0000003278255,1.1,17.1385345714954,20.0000003278255,8.1,0.,      1207P   1223
0.7,0.,0.,0.;                                                       1207P   1224
126,1,1,0,0,1,0,0.,0.,3.94,3.94,1.,1.,17.1385345714954,             1209P   1225
1.40000032782554,1.1,-22.2614654285046,1.40000032782554,1.1,0.,     1209P   1226
3.94,0.,0.,0.;                                                      1209P   1227
126,1,1,0,0,1,0,0.,0.,0.7,0.7,1.,1.,-22.2614654285046,              1211P   1228
1.40000032782554,1.1,-22.2614654285046,1.40000032782554,8.1,0.,     1211P   1229
0.7,0.,0.,0.;                                                       1211P   1230
126,3,3,0,0,1,0,1.29309358849964,1.29309358849964,                  1213P   1231
1.29309358849964,1.29309358849964,1.29471225615355,                 1213P   1232
1.29471225615355,1.29471225615355,1.29471225615355,1.,1.,1.,1.,     1213P   1233
-22.2768567004792,19.999987591728,2.99495301743822,                 1213P   1234
-22.2717228164801,19.9999960881917,2.99663646996878,                1213P   1235
-22.2665923810236,20.0000003278255,2.9983188060396,                 1213P   1236
-22.2614654285046,20.0000003278255,3.,1.29309358849964,             1213P   1237
1.29471225615355,0.,0.,0.;                                          1213P   1238
126,27,3,0,0,1,0,-0.0461266323637381,-0.0461266323637381,           1215P   1239
-0.0461266323637381,-0.0461266323637381,-0.046079701813561,         1215P   1240
-0.046079701813561,-0.0460304170512795,-0.0460304170512795,         1215P   1241
-0.0459173557867464,-0.0459173557867464,-0.0456254666429126,        1215P   1242
-0.0456254666429126,-0.0447894603425839,-0.0447894603425839,        1215P   1243
-0.0420598275473859,-0.0420598275473859,-0.0364487473705116,        1215P   1244
-0.0364487473705116,-0.0302261813198856,-0.0302261813198856,        1215P   1245
-0.0232682997952692,-0.0232682997952692,-0.0163484112128033,        1215P   1246
-0.0163484112128033,-0.00917823810090502,-0.00917823810090502,      1215P   1247
-0.00263616220566509,-0.00263616220566509,-2.21823420049061D-9,     1215P   1248
-2.21823420049061D-9,-2.21823420049061D-9,-2.21823420049061D-9,     1215P   1249
1.,1.,1.,1.,1.,1.,1.,1.,1.,1.,1.,1.,1.,1.,1.,1.,1.,1.,1.,1.,1.,     1215P   1250
1.,1.,1.,1.,1.,1.,1.,-22.8256913469846,19.9828689099458,3.,         1215P   1251
-22.8256913469846,19.9828689099458,2.99986484309269,                1215P   1252
-22.8256752710977,19.9828698870986,2.99973145553317,                1215P   1253
-22.8256119431115,19.9828737359419,2.99946172262198,                1215P   1254
-22.8255638067652,19.9828766613386,2.99932828980354,                1215P   1255
-22.8253650903731,19.9828887355663,2.99890526119572,                1215P   1256
-22.8251625477432,19.9829010386791,2.99863717813376,                1215P   1257
-22.8243646982196,19.9829494682713,2.99778929287717,                1215P   1258
-22.8235298603691,19.9830000743045,2.99725341606009,                1215P   1259
-22.8202599853903,19.9831977586032,2.99552702111505,                1215P   1260
-22.8167590734501,19.9834080399384,2.99446250240214,                1215P   1261
-22.8034434271113,19.984200030914,2.9910383965315,                  1215P   1262
-22.7888793978444,19.9850389922362,2.98907762898181,                1215P   1263
-22.7571010748963,19.9868083777929,2.9853733770827,                 1215P   1264
-22.7325069432946,19.9880891481782,2.98360633747284,                1215P   1265
-22.6866427501006,19.9903074938645,2.9810068495306,                 1215P   1266
-22.6616332138896,19.99141871428,2.98004819391571,                  1215P   1267
-22.6102299616939,19.9934980998952,2.97867740222511,                1215P   1268
-22.5826080417078,19.9944937460647,2.97830554925986,                1215P   1269
-22.5283602327781,19.9962092098688,2.97818653137785,                1215P   1270
-22.5009142385383,19.9969565404271,2.9784342722917,                 1215P   1271
-22.4458935610328,19.9982136302691,2.97961610943146,                1215P   1272
-22.4169326621085,19.9987423358873,2.9806043828812,                 1215P   1273
-22.3637676439453,19.9994722351568,2.98348346626473,                1215P   1274
-22.333280256907,19.9997557285884,2.9856156377201,                  1215P   1275
-22.298690439852,19.9999311341319,2.99014495858946,                 1215P   1276
-22.2852064455177,19.9999737730857,2.99221505152041,                1215P   1277
-22.2768567004791,19.999987591728,2.9949530174379,                  1215P   1278
-0.0461266323637381,-2.21823420049061D-9,0.,0.,0.;                  1215P   1279
126,1,1,0,0,1,0,-0.699999999999999,-0.699999999999999,              1217P   1280
-0.190000000000001,-0.190000000000001,1.,1.,-22.8256913469853,      1217P   1281
19.9828689099458,8.09999999999999,-22.8256913469853,                1217P   1282
19.9828689099458,3.00000000000001,-0.699999999999999,               1217P   1283
-0.190000000000001,0.,0.,0.;                                        1217P   1284
126,4,2,0,0,0,0,0.,0.,0.,1.5707963267949,1.5707963267949,           1219P   1285
3.14159265358979,3.14159265358979,3.14159265358979,1.,              1219P   1286
0.707106781186548,1.,0.707106781186547,1.,-22.2614654285046,        1219P   1287
20.0000003278255,1.1,-31.5614654285046,20.0000003278255,1.1,        1219P   1288
-31.5614654285046,10.7000003278255,1.1,-31.5614654285046,           1219P   1289
1.40000032782553,1.1,-22.2614654285046,1.40000032782552,1.1,0.,     1219P   1290
3.14159265358979,0.,0.,0.;                                          1219P   1291
126,1,1,0,0,1,0,0.,0.,0.19,0.19,1.,1.,-22.2614654285046,            1221P   1292
20.0000003278255,1.1,-22.2614654285046,20.0000003278255,3.,0.,      1221P   1293
0.19,0.,0.,0.;                                                      1221P   1294
126,1,1,0,0,1,0,0.81,0.81,0.9,0.9,1.,1.,17.1231432995209,           1223P   1295
2.40000032782556,8.1,17.1231432995209,2.40000032782556,9.,0.81,     1223P   1296
0.9,0.,0.,0.;                                                       1223P   1297
126,1,1,0,0,1,0,0.9,0.9,1.42,1.42,1.,1.,17.1231432995209,           1225P   1298
2.40000032782556,9.,17.1231432995209,2.40000032782556,14.2,0.9,     1225P   1299
1.42,0.,0.,0.;                                                      1225P   1300
126,1,1,0,0,1,0,1.42,1.42,1.8,1.8,1.,1.,17.1231432995209,           1227P   1301
2.40000032782556,14.2,17.1231432995209,2.40000032782556,18.,        1227P   1302
1.42,1.8,0.,0.,0.;                                                  1227P   1303
126,4,2,0,0,0,0,0.,0.,0.,1.5707963267949,1.5707963267949,           1229P   1304
3.14159265358979,3.14159265358979,3.14159265358979,1.,              1229P   1305
0.707106781186549,1.,0.707106781186548,1.,17.1231432995209,         1229P   1306
2.40000032782556,18.,25.9231432995209,2.40000032782557,18.,         1229P   1307
25.9231432995209,11.2000003278256,18.,25.9231432995209,             1229P   1308
20.0000003278255,18.,17.1231432995209,20.0000003278255,18.,0.,      1229P   1309
3.14159265358979,0.,0.,0.;                                          1229P   1310
126,1,1,0,0,1,0,1.31481481481482,1.31481481481482,                  1231P   1311
1.66666666666667,1.66666666666667,1.,1.,17.1231432995209,           1231P   1312
20.0000003278255,14.2,17.1231432995209,20.0000003278255,18.,        1231P   1313
1.31481481481482,1.66666666666667,0.,0.,0.;                         1231P   1314
126,1,1,0,0,1,0,0.833333333333334,0.833333333333334,                1233P   1315
1.31481481481482,1.31481481481482,1.,1.,17.1231432995209,           1233P   1316
20.0000003278255,9.,17.1231432995209,20.0000003278255,14.2,         1233P   1317
0.833333333333334,1.31481481481482,0.,0.,0.;                        1233P   1318
126,1,1,0,0,1,0,0.750000000000001,0.750000000000001,                1235P   1319
0.833333333333334,0.833333333333334,1.,1.,17.1231432995209,         1235P   1320
20.0000003278255,8.1,17.1231432995209,20.0000003278255,9.,          1235P   1321
0.750000000000001,0.833333333333334,0.,0.,0.;                       1235P   1322
126,1,1,0,0,1,0,-1.67,-1.67,-1.55,-1.55,1.,1.,25.8541226260341,     1237P   1323
10.1000003278256,16.7,25.8541226260341,10.1000003278256,15.5,       1237P   1324
-1.67,-1.55,0.,0.,0.;                                               1237P   1325
126,2,2,0,0,0,0,1.44546849562683,1.44546849562683,                  1239P   1326
1.44546849562683,1.69612415796297,1.69612415796297,                 1239P   1327
1.69612415796297,1.,0.992156741649113,1.,25.8541226260341,          1239P   1328
10.1000003278256,15.5,25.9927095994708,11.2000003278256,15.5,       1239P   1329
25.8541226260341,12.3000003278256,15.5,1.44546849562683,            1239P   1330
1.69612415796297,0.,0.,0.;                                          1239P   1331
126,1,1,0,0,1,0,1.55,1.55,1.67,1.67,1.,1.,25.8541226260341,         1241P   1332
12.3000003278256,15.5,25.8541226260341,12.3000003278256,16.7,       1241P   1333
1.55,1.67,0.,0.,0.;                                                 1241P   1334
126,2,2,0,0,0,0,-1.69612415796297,-1.69612415796297,                1243P   1335
-1.69612415796297,-1.44546849562683,-1.44546849562683,              1243P   1336
-1.44546849562683,1.,0.992156741649113,1.,25.8541226260341,         1243P   1337
12.3000003278256,16.7,25.9927095994708,11.2000003278256,16.7,       1243P   1338
25.8541226260341,10.1000003278256,16.7,-1.69612415796297,           1243P   1339
-1.44546849562683,0.,0.,0.;                                         1243P   1340
126,1,1,0,0,1,0,0.81,0.81,1.3,1.3,1.,1.,-22.2768567004791,          1245P   1341
2.40000032782554,8.1,-22.2768567004791,2.40000032782554,13.,        1245P   1342
0.81,1.3,0.,0.,0.;                                                  1245P   1343
126,1,1,0,0,1,0,-1.47,-1.47,1.47,1.47,1.,1.,-22.2768567004791,      1247P   1344
2.40000032782555,13.,7.12314329952093,2.40000032782556,13.,         1247P   1345
-1.47,1.47,0.,0.,0.;                                                1247P   1346
126,1,1,0,0,1,0,-0.849999999999999,-0.849999999999999,-0.45,        1249P   1347
-0.45,1.,1.,7.12314329952093,2.40000032782556,13.,                  1249P   1348
7.12314329952093,2.40000032782556,9.,-0.849999999999999,-0.45,      1249P   1349
0.,0.,0.;                                                           1249P   1350
126,1,1,0,0,1,0,0.97,0.97,1.97,1.97,1.,1.,7.12314329952093,         1251P   1351
2.40000032782556,9.,17.1231432995209,2.40000032782556,9.,0.97,      1251P   1352
1.97,0.,0.,0.;                                                      1251P   1353
126,2,2,0,0,0,0,1.50838825038664,1.50838825038664,                  1253P   1354
1.50838825038664,1.5707963267949,1.5707963267949,                   1253P   1355
1.5707963267949,1.,0.999513193501615,1.,-22.8256913469861,          1253P   1356
19.9828689099457,3.,-22.5515413952264,20.0000003278255,3.,          1253P   1357
-22.2768567004791,20.0000003278255,3.,1.50838825038664,             1253P   1358
1.5707963267949,0.,0.,0.;                                           1253P   1359
126,1,1,0,0,1,0,0.277777777777778,0.277777777777778,                1255P   1360
1.2037037037037,1.2037037037037,1.,1.,-22.2768567004791,            1255P   1361
20.0000003278255,3.,-22.2768567004791,20.0000003278255,13.,         1255P   1362
0.277777777777778,1.2037037037037,0.,0.,0.;                         1255P   1363
126,1,1,0,0,1,0,1.2037037037037,1.2037037037037,                    1257P   1364
1.31481481481481,1.31481481481481,1.,1.,-22.2768567004791,          1257P   1365
20.0000003278255,13.,-22.2768567004791,20.0000003278255,14.2,       1257P   1366
1.2037037037037,1.31481481481481,0.,0.,0.;                          1257P   1367
126,1,1,0,0,1,0,1.31481481481481,1.31481481481481,                  1259P   1368
1.66666666666667,1.66666666666667,1.,1.,-22.2768567004791,          1259P   1369
20.0000003278255,14.2,-22.2768567004791,20.0000003278255,18.,       1259P   1370
1.31481481481481,1.66666666666667,0.,0.,0.;                         1259P   1371
126,4,2,0,0,0,0,-1.76172430697043,-1.76172430697043,                1261P   1372
-1.76172430697043,-0.190927980175533,-0.190927980175533,            1261P   1373
1.37986834661936,1.37986834661936,1.37986834661936,1.,              1261P   1374
0.707106781186547,1.,0.707106781186547,1.,-22.2768567004791,        1261P   1375
20.0000003278255,18.,-31.0768567004791,20.0000003278255,18.,        1261P   1376
-31.0768567004791,11.2000003278255,18.,-31.0768567004791,           1261P   1377
2.40000032782554,18.,-22.2768567004791,2.40000032782554,18.,        1261P   1378
-1.76172430697043,1.37986834661936,0.,0.,0.;                        1261P   1379
126,1,1,0,0,1,0,1.42,1.42,1.8,1.8,1.,1.,-22.2768567004791,          1263P   1380
2.40000032782554,14.2,-22.2768567004791,2.40000032782554,18.,       1263P   1381
1.42,1.8,0.,0.,0.;                                                  1263P   1382
126,1,1,0,0,1,0,1.3,1.3,1.42,1.42,1.,1.,-22.2768567004791,          1265P   1383
2.40000032782554,13.,-22.2768567004791,2.40000032782554,14.2,       1265P   1384
1.3,1.42,0.,0.,0.;                                                  1265P   1385
126,1,1,0,0,1,0,1.55,1.55,1.67,1.67,1.,1.,-31.0078360269922,        1267P   1386
10.1000003278256,15.5,-31.0078360269922,10.1000003278256,16.7,      1267P   1387
1.55,1.67,0.,0.,0.;                                                 1267P   1388
126,2,2,0,0,0,0,0.0656001490074684,0.0656001490074684,              1269P   1389
0.0656001490074684,0.316255811343599,0.316255811343599,             1269P   1390
0.316255811343599,1.,0.99215674164924,1.,-31.0078360269922,         1269P   1391
10.1000003278256,16.7,-31.1464230004289,11.2000003278255,16.7,      1269P   1392
-31.0078360269922,12.3000003278256,16.7,0.0656001490074684,         1269P   1393
0.316255811343599,0.,0.,0.;                                         1269P   1394
126,1,1,0,0,1,0,-1.67,-1.67,-1.55,-1.55,1.,1.,-31.0078360269922,    1271P   1395
12.3000003278256,16.7,-31.0078360269922,12.3000003278256,15.5,      1271P   1396
-1.67,-1.55,0.,0.,0.;                                               1271P   1397
126,2,2,0,0,0,0,-0.316255811343599,-0.316255811343599,              1273P   1398
-0.316255811343599,-0.0656001490074684,-0.0656001490074684,         1273P   1399
-0.0656001490074684,1.,0.99215674164924,1.,-31.0078360269922,       1273P   1400
12.3000003278256,15.5,-31.1464230004289,11.2000003278255,15.5,      1273P   1401
-31.0078360269922,10.1000003278256,15.5,-0.316255811343599,         1273P   1402
-0.0656001490074684,0.,0.,0.;                                       1273P   1403
126,1,1,0,0,1,0,0.873097932651315,0.873097932651315,                1275P   1404
1.07438354417778,1.07438354417778,1.,1.,-31.0078360269922,          1275P   1405
12.3000003278256,16.7,-33.0206921422568,12.3000003278255,16.7,      1275P   1406
0.873097932651315,1.07438354417778,0.,0.,0.;                        1275P   1407
126,1,1,0,0,1,0,1.55,1.55,1.67,1.67,1.,1.,-33.0206921422568,        1277P   1408
12.3000003278256,15.5,-33.0206921422568,12.3000003278256,16.7,      1277P   1409
1.55,1.67,0.,0.,0.;                                                 1277P   1410
126,1,1,0,0,1,0,-1.07438354417778,-1.07438354417778,                1279P   1411
-0.873097932651315,-0.873097932651315,1.,1.,-33.0206921422568,      1279P   1412
12.3000003278256,15.5,-31.0078360269922,12.3000003278256,15.5,      1279P   1413
-1.07438354417778,-0.873097932651315,0.,0.,0.;                      1279P   1414
126,1,1,0,0,1,0,4.81309793265131,4.81309793265131,                  1281P   1415
5.01438354417777,5.01438354417777,1.,1.,25.8541226260341,           1281P   1416
12.3000003278256,15.5,27.8669787412987,12.3000003278256,15.5,       1281P   1417
4.81309793265131,5.01438354417777,0.,0.,0.;                         1281P   1418
126,1,1,0,0,1,0,-1.67,-1.67,-1.55,-1.55,1.,1.,27.8669787412987,     1283P   1419
12.3000003278256,16.7,27.8669787412987,12.3000003278256,15.5,       1283P   1420
-1.67,-1.55,0.,0.,0.;                                               1283P   1421
126,1,1,0,0,1,0,-5.01438354417777,-5.01438354417777,                1285P   1422
-4.81309793265131,-4.81309793265131,1.,1.,27.8669787412987,         1285P   1423
12.3000003278256,16.7,25.8541226260341,12.3000003278256,16.7,       1285P   1424
-5.01438354417777,-4.81309793265131,0.,0.,0.;                       1285P   1425
126,1,1,0,0,1,0,0.873097932651316,0.873097932651316,                1287P   1426
1.07438354417778,1.07438354417778,1.,1.,-31.0078360269922,          1287P   1427
10.1000003278256,16.7,-33.0206921422568,10.1000003278255,16.7,      1287P   1428
0.873097932651316,1.07438354417778,0.,0.,0.;                        1287P   1429
126,2,2,0,0,0,0,-0.292956757656316,-0.292956757656316,              1289P   1430
-0.292956757656316,-0.0888992026947513,-0.0888992026947513,         1289P   1431
-0.0888992026947513,1.,0.994799577942287,1.,-33.0206921422568,      1289P   1432
12.3000003278255,16.7,-33.1333148649853,11.2000003278255,16.7,      1289P   1433
-33.0206921422568,10.1000003278255,16.7,-0.292956757656316,         1289P   1434
-0.0888992026947513,0.,0.,0.;                                       1289P   1435
126,2,2,0,0,0,0,1.46876754931412,1.46876754931412,                  1291P   1436
1.46876754931412,1.67282510427568,1.67282510427568,                 1291P   1437
1.67282510427568,1.,0.994799577942404,1.,27.8669787412987,          1291P   1438
10.1000003278256,16.7,27.9796014640272,11.2000003278256,16.7,       1291P   1439
27.8669787412987,12.3000003278256,16.7,1.46876754931412,            1291P   1440
1.67282510427568,0.,0.,0.;                                          1291P   1441
126,1,1,0,0,1,0,-5.01438354417778,-5.01438354417778,                1293P   1442
-4.81309793265131,-4.81309793265131,1.,1.,27.8669787412987,         1293P   1443
10.1000003278256,16.7,25.8541226260341,10.1000003278256,16.7,       1293P   1444
-5.01438354417778,-4.81309793265131,0.,0.,0.;                       1293P   1445
126,2,2,0,0,0,0,0.0888992026947513,0.0888992026947513,              1295P   1446
0.0888992026947513,0.292956757656316,0.292956757656316,             1295P   1447
0.292956757656316,1.,0.994799577942287,1.,-33.0206921422568,        1295P   1448
10.1000003278255,15.5,-33.1333148649853,11.2000003278256,15.5,      1295P   1449
-33.0206921422568,12.3000003278256,15.5,0.0888992026947513,         1295P   1450
0.292956757656316,0.,0.,0.;                                         1295P   1451
126,1,1,0,0,1,0,0.873097932651316,0.873097932651316,                1297P   1452
1.07438354417778,1.07438354417778,1.,1.,-31.0078360269922,          1297P   1453
10.1000003278256,15.5,-33.0206921422568,10.1000003278255,15.5,      1297P   1454
0.873097932651316,1.07438354417778,0.,0.,0.;                        1297P   1455
126,1,1,0,0,1,0,-1.67,-1.67,-1.55,-1.55,1.,1.,-33.0206921422568,    1299P   1456
10.1000003278255,16.7,-33.0206921422568,10.1000003278255,15.5,      1299P   1457
-1.67,-1.55,0.,0.,0.;                                               1299P   1458
126,1,1,0,0,1,0,1.55,1.55,1.67,1.67,1.,1.,27.8669787412987,         1301P   1459
10.1000003278256,15.5,27.8669787412987,10.1000003278256,16.7,       1301P   1460
1.55,1.67,0.,0.,0.;                                                 1301P   1461
126,1,1,0,0,1,0,-5.01438354417778,-5.01438354417778,                1303P   1462
-4.81309793265131,-4.81309793265131,1.,1.,27.8669787412987,         1303P   1463
10.1000003278256,15.5,25.8541226260341,10.1000003278256,15.5,       1303P   1464
-5.01438354417778,-4.81309793265131,0.,0.,0.;                       1303P   1465
126,2,2,0,0,0,0,-1.67282510427568,-1.67282510427568,                1305P   1466
-1.67282510427568,-1.46876754931412,-1.46876754931412,              1305P   1467
-1.46876754931412,1.,0.994799577942404,1.,27.8669787412987,         1305P   1468
12.3000003278256,15.5,27.9796014640272,11.2000003278256,15.5,       1305P   1469
27.8669787412987,10.1000003278256,15.5,-1.67282510427568,           1305P   1470
-1.46876754931412,0.,0.,0.;                                         1305P   1471
126,1,1,0,0,1,0,0.,0.,0.199999999999999,0.199999999999999,1.,1.,    1307P   1472
-22.2768567004791,0.40000032782555,14.2,-22.2768567004791,          1307P   1473
2.40000032782554,14.2,0.,0.199999999999999,0.,0.,0.;                1307P   1474
126,1,1,0,0,1,0,1.3,1.3,1.42,1.42,1.,1.,-22.2768567004791,          1309P   1475
0.400000327825543,13.,-22.2768567004791,0.400000327825543,14.2,     1309P   1476
1.3,1.42,0.,0.,0.;                                                  1309P   1477
126,1,1,0,0,1,0,0.,0.,0.199999999999999,0.199999999999999,1.,1.,    1311P   1478
-22.2768567004791,0.40000032782555,13.,-22.2768567004791,           1311P   1479
2.40000032782554,13.,0.,0.199999999999999,0.,0.,0.;                 1311P   1480
126,1,1,0,0,1,0,1.96,1.96,2.16,2.16,1.,1.,-22.2768567004791,        1313P   1481
20.0000003278255,13.,-22.2768567004791,22.0000003278255,13.,        1313P   1482
1.96,2.16,0.,0.,0.;                                                 1313P   1483
126,1,1,0,0,1,0,1.3,1.3,1.42,1.42,1.,1.,-22.2768567004791,          1315P   1484
22.0000003278255,13.,-22.2768567004791,22.0000003278255,14.2,       1315P   1485
1.3,1.42,0.,0.,0.;                                                  1315P   1486
126,1,1,0,0,1,0,1.96,1.96,2.16,2.16,1.,1.,-22.2768567004791,        1317P   1487
20.0000003278255,14.2,-22.2768567004791,22.0000003278255,14.2,      1317P   1488
1.96,2.16,0.,0.,0.;                                                 1317P   1489
126,1,1,0,0,1,0,-3.94,-3.94,-1.33226762955019D-15,                  1319P   1490
-1.33226762955019D-15,1.,1.,17.1231432995209,2.40000032782556,      1319P   1491
14.2,-22.2768567004791,2.40000032782555,14.1999999999999,-3.94,     1319P   1492
-1.33226762955019D-15,0.,0.,0.;                                     1319P   1493
126,1,1,0,0,1,0,0.,0.,0.2,0.2,1.,1.,17.1231432995209,               1321P   1494
0.400000327825563,14.2,17.1231432995209,2.40000032782556,14.2,      1321P   1495
0.,0.2,0.,0.,0.;                                                    1321P   1496
126,1,1,0,0,1,0,8.88178419700134D-16,8.88178419700134D-16,3.94,     1323P   1497
3.94,1.,1.,-22.2768567004791,0.400000327825547,14.1999999999999,    1323P   1498
17.1231432995209,0.400000327825565,14.2,8.88178419700134D-16,       1323P   1499
3.94,0.,0.,0.;                                                      1323P   1500
126,1,1,0,0,1,0,-1.97,-1.97,1.97,1.97,1.,1.,-22.2768567004791,      1325P   1501
20.0000003278255,14.1999999999999,17.1231432995209,                 1325P   1502
20.0000003278255,14.2,-1.97,1.97,0.,0.,0.;                          1325P   1503
126,1,1,0,0,1,0,-1.97,-1.97,1.97,1.97,1.,1.,17.1231432995209,       1327P   1504
22.0000003278255,14.2,-22.2768567004791,22.0000003278255,           1327P   1505
14.1999999999999,-1.97,1.97,0.,0.,0.;                               1327P   1506
126,1,1,0,0,1,0,1.96,1.96,2.16,2.16,1.,1.,17.1231432995209,         1329P   1507
20.0000003278255,14.2,17.1231432995209,22.0000003278255,14.2,       1329P   1508
1.96,2.16,0.,0.,0.;                                                 1329P   1509
126,1,1,0,0,1,0,-1.47,-1.47,1.47,1.47,1.,1.,7.12314329952094,       1331P   1510
0.40000032782556,13.,-22.2768567004791,0.400000327825547,13.,       1331P   1511
-1.47,1.47,0.,0.,0.;                                                1331P   1512
126,1,1,0,0,1,0,0.,0.,0.2,0.2,1.,1.,7.12314329952094,               1333P   1513
0.40000032782556,13.,7.12314329952093,2.40000032782556,13.,0.,      1333P   1514
0.2,0.,0.,0.;                                                       1333P   1515
126,1,1,0,0,1,0,0.,0.,0.2,0.2,1.,1.,17.1231432995209,               1335P   1516
0.400000327825563,9.,17.1231432995209,2.40000032782556,9.,0.,       1335P   1517
0.2,0.,0.,0.;                                                       1335P   1518
126,1,1,0,0,1,0,0.9,0.9,1.42,1.42,1.,1.,17.1231432995209,           1337P   1519
0.400000327825565,9.,17.1231432995209,0.400000327825565,14.2,       1337P   1520
0.9,1.42,0.,0.,0.;                                                  1337P   1521
126,1,1,0,0,1,0,0.9,0.9,1.42,1.42,1.,1.,17.1231432995209,           1339P   1522
22.0000003278255,9.,17.1231432995209,22.0000003278255,14.2,0.9,     1339P   1523
1.42,0.,0.,0.;                                                      1339P   1524
126,1,1,0,0,1,0,1.96,1.96,2.16,2.16,1.,1.,17.1231432995209,         1341P   1525
20.0000003278255,9.,17.1231432995209,22.0000003278255,9.,1.96,      1341P   1526
2.16,0.,0.,0.;                                                      1341P   1527
126,1,1,0,0,1,0,0.45,0.45,0.849999999999999,0.849999999999999,      1343P   1528
1.,1.,7.12314329952093,0.40000032782556,9.,7.12314329952093,        1343P   1529
0.40000032782556,13.,0.45,0.849999999999999,0.,0.,0.;               1343P   1530
126,1,1,0,0,1,0,0.,0.,0.2,0.2,1.,1.,7.12314329952093,               1345P   1531
0.40000032782556,9.,7.12314329952093,2.40000032782556,9.,0.,0.2,    1345P   1532
0.,0.,0.;                                                           1345P   1533
126,1,1,0,0,1,0,-1.97,-1.97,-0.97,-0.97,1.,1.,17.1231432995209,     1347P   1534
0.400000327825565,9.,7.12314329952093,0.40000032782556,9.,-1.97,    1347P   1535
-0.97,0.,0.,0.;                                                     1347P   1536
126,1,1,0,0,1,0,6.66133814775094D-16,6.66133814775094D-16,1.,1.,    1349P   1537
1.,1.,17.1231432995209,20.0000003278255,9.,7.12314329952093,        1349P   1538
20.0000003278255,9.,6.66133814775094D-16,1.,0.,0.,0.;               1349P   1539
126,1,1,0,0,1,0,-1.,-1.,-6.66133814775094D-16,                      1351P   1540
-6.66133814775094D-16,1.,1.,7.12314329952093,22.0000003278255,      1351P   1541
9.,17.1231432995209,22.0000003278255,9.,-1.,                        1351P   1542
-6.66133814775094D-16,0.,0.,0.;                                     1351P   1543
126,1,1,0,0,1,0,1.96,1.96,2.16,2.16,1.,1.,7.12314329952093,         1353P   1544
20.0000003278255,9.,7.12314329952093,22.0000003278255,9.,1.96,      1353P   1545
2.16,0.,0.,0.;                                                      1353P   1546
126,1,1,0,0,1,0,0.500000000000001,0.500000000000001,3.44,3.44,      1355P   1547
1.,1.,7.12314329952093,20.0000003278255,13.,-22.2768567004791,      1355P   1548
20.0000003278255,13.,0.500000000000001,3.44,0.,0.,0.;               1355P   1549
126,1,1,0,0,1,0,1.96,1.96,2.16,2.16,1.,1.,7.12314329952093,         1357P   1550
20.0000003278255,13.,7.12314329952093,22.0000003278255,13.,1.96,    1357P   1551
2.16,0.,0.,0.;                                                      1357P   1552
126,1,1,0,0,1,0,-3.44,-3.44,-0.500000000000001,                     1359P   1553
-0.500000000000001,1.,1.,-22.2768567004791,22.0000003278255,13.,    1359P   1554
7.12314329952093,22.0000003278255,13.,-3.44,-0.500000000000001,     1359P   1555
0.,0.,0.;                                                           1359P   1556
126,1,1,0,0,1,0,0.45,0.45,0.849999999999998,0.849999999999998,      1361P   1557
1.,1.,7.12314329952093,20.0000003278255,9.,7.12314329952093,        1361P   1558
20.0000003278255,13.,0.45,0.849999999999998,0.,0.,0.;               1361P   1559
126,1,1,0,0,1,0,-0.849999999999998,-0.849999999999998,-0.45,        1363P   1560
-0.45,1.,1.,7.12314329952093,22.0000003278255,13.,                  1363P   1561
7.12314329952093,22.0000003278255,9.,-0.849999999999998,-0.45,      1363P   1562
0.,0.,0.;                                                           1363P   1563
126,4,2,0,0,0,0,-1.5707963267949,-1.5707963267949,                  1365P   1564
-1.5707963267949,0.,0.,1.5707963267949,1.5707963267949,             1365P   1565
1.5707963267949,1.,0.707106781186548,1.,0.707106781186548,1.,       1365P   1566
-22.2768567004791,22.0000003278255,18.,-33.0768567004791,           1365P   1567
22.0000003278255,18.,-33.0768567004791,11.2000003278255,18.,        1365P   1568
-33.0768567004791,0.400000327825543,18.,-22.2768567004791,          1365P   1569
0.400000327825543,18.,-1.5707963267949,1.5707963267949,0.,0.,0.;    1365P   1570
126,1,1,0,0,1,0,-0.985,-0.985,2.955,2.955,1.,1.,                    1367P   1571
-22.2768567004791,0.400000327825547,18.,17.1231432995209,           1367P   1572
0.400000327825565,18.,-0.985,2.955,0.,0.,0.;                        1367P   1573
126,4,2,0,0,0,0,-1.5707963267949,-1.5707963267949,                  1369P   1574
-1.5707963267949,0.,0.,1.5707963267949,1.5707963267949,             1369P   1575
1.5707963267949,1.,0.707106781186548,1.,0.707106781186548,1.,       1369P   1576
17.1231432995209,0.400000327825565,18.,27.9231432995209,            1369P   1577
0.400000327825565,18.,27.9231432995209,11.2000003278256,18.,        1369P   1578
27.9231432995209,22.0000003278255,18.,17.1231432995209,             1369P   1579
22.0000003278255,18.,-1.5707963267949,1.5707963267949,0.,0.,0.;     1369P   1580
126,1,1,0,0,1,0,-0.985,-0.985,2.955,2.955,1.,1.,                    1371P   1581
17.1231432995209,22.0000003278255,18.,-22.2768567004791,            1371P   1582
22.0000003278255,18.,-0.985,2.955,0.,0.,0.;                         1371P   1583
126,1,1,0,0,1,0,0.993842862591101,0.993842862591101,                1373P   1584
4.9338428625911,4.9338428625911,1.,1.,17.1231432995209,             1373P   1585
20.0000003278255,18.,-22.2768567004791,20.0000003278255,18.,        1373P   1586
0.993842862591101,4.9338428625911,0.,0.,0.;                         1373P   1587
126,1,1,0,0,1,0,-2.9638428625911,-2.9638428625911,                  1375P   1588
0.976157137408898,0.976157137408898,1.,1.,-22.2768567004791,        1375P   1589
2.40000032782555,18.,17.1231432995209,2.40000032782556,18.,         1375P   1590
-2.9638428625911,0.976157137408898,0.,0.,0.;                        1375P   1591
126,1,1,0,0,1,0,0.3,0.3,0.9,0.9,1.,1.,17.1231432995209,             1377P   1592
22.0000003278255,3.,17.1231432995209,22.0000003278255,9.,0.3,       1377P   1593
0.9,0.,0.,0.;                                                       1377P   1594
126,1,1,0,0,1,0,-2.955,-2.955,0.985000000000001,                    1379P   1595
0.985000000000001,1.,1.,-22.2768567004791,22.0000003278255,3.,      1379P   1596
17.1231432995209,22.0000003278255,3.,-2.955,0.985000000000001,      1379P   1597
0.,0.,0.;                                                           1379P   1598
126,1,1,0,0,1,0,0.3,0.3,1.3,1.3,1.,1.,-22.2768567004791,            1381P   1599
22.0000003278255,3.,-22.2768567004791,22.0000003278255,13.,0.3,     1381P   1600
1.3,0.,0.,0.;                                                       1381P   1601
126,1,1,0,0,1,0,1.42,1.42,1.8,1.8,1.,1.,17.1231432995209,           1383P   1602
0.400000327825565,14.2,17.1231432995209,0.400000327825565,18.,      1383P   1603
1.42,1.8,0.,0.,0.;                                                  1383P   1604
126,1,1,0,0,1,0,1.42,1.42,1.8,1.8,1.,1.,-22.2768567004791,          1385P   1605
0.400000327825543,14.2,-22.2768567004791,0.400000327825543,18.,     1385P   1606
1.42,1.8,0.,0.,0.;                                                  1385P   1607
126,1,1,0,0,1,0,0.,0.,3.94,3.94,1.,1.,-22.2614654285046,            1387P   1608
20.0000003278255,1.1,17.1385345714954,20.0000003278255,1.1,0.,      1387P   1609
3.94,0.,0.,0.;                                                      1387P   1610
126,8,2,0,1,0,0,-3.14159265358979,-3.14159265358979,                1389P   1611
-3.14159265358979,-1.5707963267949,-1.5707963267949,0.,0.,          1389P   1612
1.5707963267949,1.5707963267949,3.14159265358979,                   1389P   1613
3.14159265358979,3.14159265358979,1.,0.707106781186548,1.,          1389P   1614
0.707106781186548,1.,0.707106781186548,1.,0.707106781186548,1.,     1389P   1615
23.0231432995209,11.7000003278256,1.1,23.0231432995209,             1389P   1616
17.9000003278256,1.1,16.8231432995209,17.9000003278256,1.1,         1389P   1617
10.6231432995209,17.9000003278256,1.1,10.6231432995209,             1389P   1618
11.7000003278256,1.1,10.6231432995209,5.50000032782555,1.1,         1389P   1619
16.8231432995209,5.50000032782555,1.1,23.0231432995209,             1389P   1620
5.50000032782555,1.1,23.0231432995209,11.7000003278256,1.1,         1389P   1621
-3.14159265358979,3.14159265358979,0.,0.,0.;                        1389P   1622
126,8,2,0,1,0,0,-3.14159265358979,-3.14159265358979,                1391P   1623
-3.14159265358979,-1.5707963267949,-1.5707963267949,0.,0.,          1391P   1624
1.5707963267949,1.5707963267949,3.14159265358979,                   1391P   1625
3.14159265358979,3.14159265358979,1.,0.707106781186548,1.,          1391P   1626
0.707106781186548,1.,0.707106781186548,1.,0.707106781186548,1.,     1391P   1627
3.62314329952093,11.7000003278256,1.1,3.62314329952093,             1391P   1628
17.9000003278256,1.1,-2.57685670047907,17.9000003278256,1.1,        1391P   1629
-8.77685670047907,17.9000003278256,1.1,-8.77685670047907,           1391P   1630
11.7000003278256,1.1,-8.77685670047907,5.50000032782555,1.1,        1391P   1631
-2.57685670047907,5.50000032782555,1.1,3.62314329952093,            1391P   1632
5.50000032782555,1.1,3.62314329952093,11.7000003278256,1.1,         1391P   1633
-3.14159265358979,3.14159265358979,0.,0.,0.;                        1391P   1634
126,8,2,0,1,0,0,-3.14159265358979,-3.14159265358979,                1393P   1635
-3.14159265358979,-1.5707963267949,-1.5707963267949,0.,0.,          1393P   1636
1.5707963267949,1.5707963267949,3.14159265358979,                   1393P   1637
3.14159265358979,3.14159265358979,1.,0.707106781186548,1.,          1393P   1638
0.707106781186548,1.,0.707106781186548,1.,0.707106781186548,1.,     1393P   1639
-15.7768567004791,11.7000003278256,1.1,-15.7768567004791,           1393P   1640
17.9000003278256,1.1,-21.9768567004791,17.9000003278256,1.1,        1393P   1641
-28.1768567004791,17.9000003278256,1.1,-28.1768567004791,           1393P   1642
11.7000003278256,1.1,-28.1768567004791,5.50000032782555,1.1,        1393P   1643
-21.9768567004791,5.50000032782555,1.1,-15.7768567004791,           1393P   1644
5.50000032782555,1.1,-15.7768567004791,11.7000003278256,1.1,        1393P   1645
-3.14159265358979,3.14159265358979,0.,0.,0.;                        1393P   1646
126,1,1,0,0,1,0,0.145161290322581,0.145161290322581,                1395P   1647
0.32258064516129,0.32258064516129,1.,1.,23.0231432995209,           1395P   1648
11.7000003278256,1.1,23.0231432995209,11.7000003278256,             1395P   1649
2.77555756156289D-16,0.145161290322581,0.32258064516129,0.,0.,      1395P   1650
0.;                                                                 1395P   1651
126,8,2,0,1,0,0,-3.14159265358979,-3.14159265358979,                1397P   1652
-3.14159265358979,-1.5707963267949,-1.5707963267949,0.,0.,          1397P   1653
1.5707963267949,1.5707963267949,3.14159265358979,                   1397P   1654
3.14159265358979,3.14159265358979,1.,0.707106781186548,1.,          1397P   1655
0.707106781186548,1.,0.707106781186548,1.,0.707106781186548,1.,     1397P   1656
23.0231432995209,11.7000003278256,0.,23.0231432995209,              1397P   1657
17.9000003278256,0.,16.8231432995209,17.9000003278256,0.,           1397P   1658
10.6231432995209,17.9000003278256,0.,10.6231432995209,              1397P   1659
11.7000003278256,0.,10.6231432995209,5.50000032782555,0.,           1397P   1660
16.8231432995209,5.50000032782555,0.,23.0231432995209,              1397P   1661
5.50000032782555,0.,23.0231432995209,11.7000003278256,0.,           1397P   1662
-3.14159265358979,3.14159265358979,0.,0.,0.;                        1397P   1663
126,1,1,0,0,1,0,0.145161290322581,0.145161290322581,                1399P   1664
0.32258064516129,0.32258064516129,1.,1.,3.62314329952093,           1399P   1665
11.7000003278256,1.1,3.62314329952093,11.7000003278256,             1399P   1666
2.77555756156289D-16,0.145161290322581,0.32258064516129,0.,0.,      1399P   1667
0.;                                                                 1399P   1668
126,8,2,0,1,0,0,-3.14159265358979,-3.14159265358979,                1401P   1669
-3.14159265358979,-1.5707963267949,-1.5707963267949,0.,0.,          1401P   1670
1.5707963267949,1.5707963267949,3.14159265358979,                   1401P   1671
3.14159265358979,3.14159265358979,1.,0.707106781186548,1.,          1401P   1672
0.707106781186548,1.,0.707106781186548,1.,0.707106781186548,1.,     1401P   1673
3.62314329952093,11.7000003278256,0.,3.62314329952093,              1401P   1674
17.9000003278256,0.,-2.57685670047907,17.9000003278256,0.,          1401P   1675
-8.77685670047907,17.9000003278256,0.,-8.77685670047907,            1401P   1676
11.7000003278256,0.,-8.77685670047907,5.50000032782555,0.,          1401P   1677
-2.57685670047907,5.50000032782555,0.,3.62314329952093,             1401P   1678
5.50000032782555,0.,3.62314329952093,11.7000003278256,0.,           1401P   1679
-3.14159265358979,3.14159265358979,0.,0.,0.;                        1401P   1680
126,1,1,0,0,1,0,0.145161290322581,0.145161290322581,                1403P   1681
0.32258064516129,0.32258064516129,1.,1.,-15.7768567004791,          1403P   1682
11.7000003278256,1.1,-15.7768567004791,11.7000003278256,            1403P   1683
2.77555756156289D-16,0.145161290322581,0.32258064516129,0.,0.,      1403P   1684
0.;                                                                 1403P   1685
126,8,2,0,1,0,0,-3.14159265358979,-3.14159265358979,                1405P   1686
-3.14159265358979,-1.5707963267949,-1.5707963267949,0.,0.,          1405P   1687
1.5707963267949,1.5707963267949,3.14159265358979,                   1405P   1688
3.14159265358979,3.14159265358979,1.,0.707106781186548,1.,          1405P   1689
0.707106781186548,1.,0.707106781186548,1.,0.707106781186548,1.,     1405P   1690
-15.7768567004791,11.7000003278256,0.,-15.7768567004791,            1405P   1691
17.9000003278256,0.,-21.9768567004791,17.9000003278256,0.,          1405P   1692
-28.1768567004791,17.9000003278256,0.,-28.1768567004791,            1405P   1693
11.7000003278256,0.,-28.1768567004791,5.50000032782555,0.,          1405P   1694
-21.9768567004791,5.50000032782555,0.,-15.7768567004791,            1405P   1695
5.50000032782555,0.,-15.7768567004791,11.7000003278256,0.,          1405P   1696
-3.14159265358979,3.14159265358979,0.,0.,0.;                        1405P   1697
126,1,1,0,0,1,0,-2.955,-2.955,-2.95346087280256,                    1407P   1698
-2.95346087280256,1.,1.,-22.2768567004791,20.0000003278255,3.,      1407P   1699
-22.2614654285046,20.0000003278255,3.,-2.955,-2.95346087280256,     1407P   1700
0.,0.,0.;                                                           1407P   1701
126,2,2,0,0,0,0,1.56574932280632,1.56574932280632,                  1409P   1702
1.56574932280632,1.5707963267949,1.5707963267949,                   1409P   1703
1.5707963267949,1.,0.999996815970532,1.,-22.2768567004791,          1409P   1704
19.999987591728,2.99495301743782,-22.2768567004791,                 1409P   1705
20.0000003278255,2.99747649264909,-22.2768567004791,                1409P   1706
20.0000003278255,3.,1.56574932280632,1.5707963267949,0.,0.,0.;      1409P   1707
126,1,1,0,0,1,0,1.42,1.42,1.8,1.8,1.,1.,-22.2768567004791,          1411P   1708
22.0000003278255,14.2,-22.2768567004791,22.0000003278255,18.,       1411P   1709
1.42,1.8,0.,0.,0.;                                                  1411P   1710
126,1,1,0,0,1,0,1.42,1.42,1.8,1.8,1.,1.,17.1231432995209,           1413P   1711
22.0000003278255,14.2,17.1231432995209,22.0000003278255,18.,        1413P   1712
1.42,1.8,0.,0.,0.;                                                  1413P   1713
126,1,1,0,0,1,0,0.3,0.3,0.9,0.9,1.,1.,17.1231432995209,             1415P   1714
0.400000327825565,3.,17.1231432995209,0.400000327825565,9.,0.3,     1415P   1715
0.9,0.,0.,0.;                                                       1415P   1716
126,4,2,0,0,0,0,-1.5707963267949,-1.5707963267949,                  1417P   1717
-1.5707963267949,0.,0.,1.5707963267949,1.5707963267949,             1417P   1718
1.5707963267949,1.,0.707106781186548,1.,0.707106781186548,1.,       1417P   1719
17.1231432995209,22.0000003278255,3.,27.9231432995209,              1417P   1720
22.0000003278255,3.,27.9231432995209,11.2000003278256,3.,           1417P   1721
27.9231432995209,0.400000327825565,3.,17.1231432995209,             1417P   1722
0.400000327825565,3.,-1.5707963267949,1.5707963267949,0.,0.,0.;     1417P   1723
126,2,2,0,0,0,0,0.,0.,0.,1.5707963267949,1.5707963267949,           1419P   1724
1.5707963267949,1.,0.707106781186548,1.,17.1231432995209,           1419P   1725
0.400000327825565,3.,17.1231432995209,0.400000327825565,            1419P   1726
9.18485099360515D-17,17.1231432995209,3.40000032782557,0.,0.,       1419P   1727
1.5707963267949,0.,0.,0.;                                           1419P   1728
126,4,2,0,0,0,0,-1.5707963267949,-1.5707963267949,                  1421P   1729
-1.5707963267949,0.,0.,1.5707963267949,1.5707963267949,             1421P   1730
1.5707963267949,1.,0.707106781186546,1.,0.707106781186546,1.,       1421P   1731
17.1231432995209,3.40000032782557,0.,24.9231432995209,              1421P   1732
3.40000032782557,0.,24.9231432995209,11.2000003278256,0.,           1421P   1733
24.9231432995209,19.0000003278255,0.,17.1231432995209,              1421P   1734
19.0000003278255,0.,-1.5707963267949,1.5707963267949,0.,0.,0.;      1421P   1735
126,2,2,0,0,0,0,0.,0.,0.,1.5707963267949,1.5707963267949,           1423P   1736
1.5707963267949,1.,0.707106781186546,1.,17.1231432995209,           1423P   1737
19.0000003278255,0.,17.1231432995209,22.0000003278255,0.,           1423P   1738
17.1231432995209,22.0000003278255,3.,0.,1.5707963267949,0.,0.,      1423P   1739
0.;                                                                 1423P   1740
126,2,2,0,0,0,0,0.,0.,0.,1.5707963267949,1.5707963267949,           1425P   1741
1.5707963267949,1.,0.707106781186549,1.,-22.2768567004791,          1425P   1742
19.0000003278255,0.,-22.2768567004791,22.0000003278255,0.,          1425P   1743
-22.2768567004791,22.0000003278255,3.,0.,1.5707963267949,0.,0.,     1425P   1744
0.;                                                                 1425P   1745
126,1,1,0,0,1,0,-0.985,-0.985,2.955,2.955,1.,1.,                    1427P   1746
17.1231432995209,19.0000003278255,0.,-22.2768567004791,             1427P   1747
19.0000003278255,0.,-0.985,2.955,0.,0.,0.;                          1427P   1748
126,2,2,0,0,0,0,0.,0.,0.,1.5707963267949,1.5707963267949,           1429P   1749
1.5707963267949,1.,0.707106781186548,1.,-22.2768567004791,          1429P   1750
3.40000032782554,0.,-22.2768567004791,0.400000327825544,0.,         1429P   1751
-22.2768567004791,0.400000327825544,3.,0.,1.5707963267949,0.,0.,    1429P   1752
0.;                                                                 1429P   1753
126,4,2,0,0,0,0,-1.5707963267949,-1.5707963267949,                  1431P   1754
-1.5707963267949,0.,0.,1.5707963267949,1.5707963267949,             1431P   1755
1.5707963267949,1.,0.707106781186548,1.,0.707106781186548,1.,       1431P   1756
-22.2768567004791,0.400000327825543,3.,-33.0768567004791,           1431P   1757
0.400000327825543,3.,-33.0768567004791,11.2000003278255,3.,         1431P   1758
-33.0768567004791,22.0000003278255,3.,-22.2768567004791,            1431P   1759
22.0000003278255,3.,-1.5707963267949,1.5707963267949,0.,0.,0.;      1431P   1760
126,4,2,0,0,0,0,-1.5707963267949,-1.5707963267949,                  1433P   1761
-1.5707963267949,0.,0.,1.5707963267949,1.5707963267949,             1433P   1762
1.5707963267949,1.,0.707106781186548,1.,0.707106781186548,1.,       1433P   1763
-22.2768567004791,19.0000003278255,0.,-30.0768567004791,            1433P   1764
19.0000003278255,0.,-30.0768567004791,11.2000003278255,0.,          1433P   1765
-30.0768567004791,3.40000032782555,0.,-22.2768567004791,            1433P   1766
3.40000032782554,0.,-1.5707963267949,1.5707963267949,0.,0.,0.;      1433P   1767
126,1,1,0,0,1,0,-2.955,-2.955,0.985,0.985,1.,1.,                    1435P   1768
17.1231432995209,0.400000327825565,3.,-22.2768567004791,            1435P   1769
0.400000327825547,3.,-2.955,0.985,0.,0.,0.;                         1435P   1770
126,1,1,0,0,1,0,-0.985,-0.985,2.955,2.955,1.,1.,                    1437P   1771
-22.2768567004791,3.40000032782555,0.,17.1231432995209,             1437P   1772
3.40000032782557,0.,-0.985,2.955,0.,0.,0.;                          1437P   1773
126,1,1,0,0,1,0,0.3,0.3,1.3,1.3,1.,1.,-22.2768567004791,            1439P   1774
0.400000327825543,3.,-22.2768567004791,0.400000327825543,13.,       1439P   1775
0.3,1.3,0.,0.,0.;                                                   1439P   1776
126,1,1,0,0,1,0,-0.180000000000003,-0.180000000000003,              1441P   1777
-0.0600000000000026,-0.0600000000000026,1.,1.,88.4141145319953,     1441P   1778
42.1158713051431,-2.4,88.4141145319953,42.1158713051431,-1.2,       1441P   1779
-0.180000000000003,-0.0600000000000026,0.,0.,0.;                    1441P   1780
126,1,1,0,0,1,0,0.,0.,0.0999999999999979,0.0999999999999979,1.,     1443P   1781
1.,87.4141145319953,42.1158713051431,-2.4,88.4141145319953,         1443P   1782
42.1158713051431,-2.4,0.,0.0999999999999979,0.,0.,0.;               1443P   1783
126,1,1,0,0,1,0,0.0599999999999985,0.0599999999999985,              1445P   1784
0.179999999999999,0.179999999999999,1.,1.,87.4141145319953,         1445P   1785
42.1158713051431,-1.2,87.4141145319953,42.1158713051431,-2.4,       1445P   1786
0.0599999999999985,0.179999999999999,0.,0.,0.;                      1445P   1787
126,1,1,0,0,1,0,0.,0.,0.0999999999999979,0.0999999999999979,1.,     1447P   1788
1.,87.4141145319953,42.1158713051431,-1.2,88.4141145319953,         1447P   1789
42.1158713051431,-1.2,0.,0.0999999999999979,0.,0.,0.;               1447P   1790
126,1,1,0,0,1,0,-0.180000000000002,-0.180000000000002,              1449P   1791
-0.0600000000000022,-0.0600000000000022,1.,1.,116.014114531995,     1449P   1792
42.1158713051431,-2.4,116.014114531995,42.1158713051431,-1.2,       1449P   1793
-0.180000000000002,-0.0600000000000022,0.,0.,0.;                    1449P   1794
126,1,1,0,0,1,0,2.76,2.76,2.86,2.86,1.,1.,115.014114531995,         1451P   1795
42.1158713051431,-2.4,116.014114531995,42.1158713051431,-2.4,       1451P   1796
2.76,2.86,0.,0.,0.;                                                 1451P   1797
126,1,1,0,0,1,0,0.0599999999999981,0.0599999999999981,              1453P   1798
0.179999999999998,0.179999999999998,1.,1.,115.014114531995,         1453P   1799
42.1158713051431,-1.2,115.014114531995,42.1158713051431,-2.4,       1453P   1800
0.0599999999999981,0.179999999999998,0.,0.,0.;                      1453P   1801
126,1,1,0,0,1,0,2.76,2.76,2.86,2.86,1.,1.,115.014114531995,         1455P   1802
42.1158713051431,-1.2,116.014114531995,42.1158713051431,-1.2,       1455P   1803
2.76,2.86,0.,0.,0.;                                                 1455P   1804
126,1,1,0,0,1,0,0.14,0.14,0.359999999999999,0.359999999999999,      1457P   1805
1.,1.,88.4141145319953,44.3158713051431,-2.4,88.4141145319953,      1457P   1806
42.1158713051431,-2.4,0.14,0.359999999999999,0.,0.,0.;              1457P   1807
126,1,1,0,0,1,0,0.,0.,0.0999999999999979,0.0999999999999979,1.,     1459P   1808
1.,87.4141145319953,44.3158713051431,-2.4,88.4141145319953,         1459P   1809
44.3158713051431,-2.4,0.,0.0999999999999979,0.,0.,0.;               1459P   1810
126,1,1,0,0,1,0,0.199999999999999,0.199999999999999,                1461P   1811
0.419999999999999,0.419999999999999,1.,1.,87.4141145319953,         1461P   1812
42.1158713051431,-2.4,87.4141145319953,44.3158713051431,-2.4,       1461P   1813
0.199999999999999,0.419999999999999,0.,0.,0.;                       1461P   1814
126,1,1,0,0,1,0,-0.469999999999998,-0.469999999999998,              1463P   1815
-0.249999999999999,-0.249999999999999,1.,1.,88.4141145319953,       1463P   1816
42.1158713051431,-1.2,88.4141145319953,44.3158713051431,-1.2,       1463P   1817
-0.469999999999998,-0.249999999999999,0.,0.,0.;                     1463P   1818
126,1,1,0,0,1,0,-0.309999999999999,-0.309999999999999,              1465P   1819
-0.0899999999999999,-0.0899999999999999,1.,1.,87.4141145319953,     1465P   1820
44.3158713051431,-1.2,87.4141145319953,42.1158713051431,-1.2,       1465P   1821
-0.309999999999999,-0.0899999999999999,0.,0.,0.;                    1465P   1822
126,1,1,0,0,1,0,0.,0.,0.0999999999999979,0.0999999999999979,1.,     1467P   1823
1.,87.4141145319953,44.3158713051431,-1.2,88.4141145319953,         1467P   1824
44.3158713051431,-1.2,0.,0.0999999999999979,0.,0.,0.;               1467P   1825
126,1,1,0,0,1,0,-0.419999999999997,-0.419999999999997,              1469P   1826
-0.199999999999998,-0.199999999999998,1.,1.,116.014114531995,       1469P   1827
42.1158713051431,-1.2,116.014114531995,44.3158713051431,-1.2,       1469P   1828
-0.419999999999997,-0.199999999999998,0.,0.,0.;                     1469P   1829
126,1,1,0,0,1,0,-0.360000000000001,-0.360000000000001,              1471P   1830
-0.140000000000002,-0.140000000000002,1.,1.,115.014114531995,       1471P   1831
44.3158713051431,-1.2,115.014114531995,42.1158713051431,-1.2,       1471P   1832
-0.360000000000001,-0.140000000000002,0.,0.,0.;                     1471P   1833
126,1,1,0,0,1,0,2.76,2.76,2.86,2.86,1.,1.,115.014114531995,         1473P   1834
44.3158713051431,-1.2,116.014114531995,44.3158713051431,-1.2,       1473P   1835
2.76,2.86,0.,0.,0.;                                                 1473P   1836
126,1,1,0,0,1,0,2.77555756156289D-17,2.77555756156289D-17,0.12,     1475P   1837
0.12,1.,1.,88.4141145319953,44.3158713051431,-1.2,                  1475P   1838
88.4141145319953,44.3158713051431,-2.4,2.77555756156289D-17,        1475P   1839
0.12,0.,0.,0.;                                                      1475P   1840
126,1,1,0,0,1,0,-0.12,-0.12,-2.77555756156289D-17,                  1477P   1841
-2.77555756156289D-17,1.,1.,87.4141145319953,44.3158713051431,      1477P   1842
-2.4,87.4141145319953,44.3158713051431,-1.2,-0.12,                  1477P   1843
-2.77555756156289D-17,0.,0.,0.;                                     1477P   1844
126,1,1,0,0,1,0,2.77555756156289D-17,2.77555756156289D-17,0.12,     1479P   1845
0.12,1.,1.,116.014114531995,44.3158713051431,-1.2,                  1479P   1846
116.014114531995,44.3158713051431,-2.4,2.77555756156289D-17,        1479P   1847
0.12,0.,0.,0.;                                                      1479P   1848
126,1,1,0,0,1,0,-0.12,-0.12,-2.77555756156289D-17,                  1481P   1849
-2.77555756156289D-17,1.,1.,115.014114531995,44.3158713051431,      1481P   1850
-2.4,115.014114531995,44.3158713051431,-1.2,-0.12,                  1481P   1851
-2.77555756156289D-17,0.,0.,0.;                                     1481P   1852
126,1,1,0,0,1,0,2.76,2.76,2.86,2.86,1.,1.,115.014114531995,         1483P   1853
44.3158713051431,-2.4,116.014114531995,44.3158713051431,-2.4,       1483P   1854
2.76,2.86,0.,0.,0.;                                                 1483P   1855
126,1,1,0,0,1,0,0.0899999999999981,0.0899999999999981,              1485P   1856
0.309999999999998,0.309999999999998,1.,1.,116.014114531995,         1485P   1857
44.3158713051431,-2.4,116.014114531995,42.1158713051431,-2.4,       1485P   1858
0.0899999999999981,0.309999999999998,0.,0.,0.;                      1485P   1859
126,1,1,0,0,1,0,0.250000000000002,0.250000000000002,                1487P   1860
0.470000000000002,0.470000000000002,1.,1.,115.014114531995,         1487P   1861
42.1158713051431,-2.4,115.014114531995,44.3158713051431,-2.4,       1487P   1862
0.250000000000002,0.470000000000002,0.,0.,0.;                       1487P   1863
126,1,1,0,0,1,0,-0.354999999999993,-0.354999999999993,              1489P   1864
-0.254999999999992,-0.254999999999992,1.,1.,125.991003370085,       1489P   1865
37.1158713051431,0.,125.991003370085,38.1158713051431,0.,           1489P   1866
-0.354999999999993,-0.254999999999992,0.,0.,0.;                     1489P   1867
126,1,1,0,0,1,0,0.,0.,0.3,0.3,1.,1.,125.991003370085,               1491P   1868
37.1158713051431,0.,125.991003370085,37.1158713051431,-3.,0.,       1491P   1869
0.3,0.,0.,0.;                                                       1491P   1870
126,1,1,0,0,1,0,-0.100000000000001,-0.100000000000001,0.,0.,1.,     1493P   1871
1.,125.991003370085,38.1158713051431,-3.,125.991003370085,          1493P   1872
37.1158713051431,-3.,-0.100000000000001,0.,0.,0.,0.;                1493P   1873
126,1,1,0,0,1,0,0.,0.,0.3,0.3,1.,1.,125.991003370085,               1495P   1874
38.1158713051431,0.,125.991003370085,38.1158713051431,-3.,0.,       1495P   1875
0.3,0.,0.,0.;                                                       1495P   1876
126,1,1,0,0,1,0,-1.71268888380895,-1.71268888380895,                1497P   1877
-0.715000000000002,-0.715000000000002,1.,1.,125.991003370085,       1497P   1878
38.1158713051431,0.,116.014114531995,38.1158713051431,0.,           1497P   1879
-1.71268888380895,-0.715000000000002,0.,0.,0.;                      1497P   1880
126,1,1,0,0,1,0,-1.49199789915734,-1.49199789915734,                1499P   1881
-0.494309015348398,-0.494309015348398,1.,1.,116.014114531995,       1499P   1882
38.1158713051431,-3.,125.991003370085,38.1158713051431,-3.,         1499P   1883
-1.49199789915734,-0.494309015348398,0.,0.,0.;                      1499P   1884
126,1,1,0,0,1,0,0.,0.,0.3,0.3,1.,1.,116.014114531995,               1501P   1885
38.1158713051431,0.,116.014114531995,38.1158713051431,-3.,0.,       1501P   1886
0.3,0.,0.,0.;                                                       1501P   1887
126,1,1,0,0,1,0,-0.764999999999997,-0.764999999999997,              1503P   1888
0.254999999999997,0.254999999999997,1.,1.,116.014114531995,         1503P   1889
38.1158713051431,0.,116.014114531995,48.3158713051431,0.,           1503P   1890
-0.764999999999997,0.254999999999997,0.,0.,0.;                      1503P   1891
126,1,1,0,0,1,0,-1.01999999999999,-1.01999999999999,0.,0.,1.,1.,    1505P   1892
116.014114531995,48.3158713051431,-3.,116.014114531995,             1505P   1893
38.1158713051431,-3.,-1.01999999999999,0.,0.,0.,0.;                 1505P   1894
126,1,1,0,0,1,0,0.,0.,0.3,0.3,1.,1.,116.014114531995,               1507P   1895
48.3158713051431,0.,116.014114531995,48.3158713051431,-3.,0.,       1507P   1896
0.3,0.,0.,0.;                                                       1507P   1897
126,1,1,0,0,1,0,0.216155558095524,0.216155558095524,                1509P   1898
1.21384444190448,1.21384444190448,1.,1.,116.014114531995,           1509P   1899
48.3158713051431,0.,125.991003370085,48.3158713051431,0.,           1509P   1900
0.216155558095524,1.21384444190448,0.,0.,0.;                        1509P   1901
126,1,1,0,0,1,0,-0.997688883808956,-0.997688883808956,0.,0.,1.,     1511P   1902
1.,125.991003370085,48.3158713051431,-3.,116.014114531995,          1511P   1903
48.3158713051431,-3.,-0.997688883808956,0.,0.,0.,0.;                1511P   1904
126,1,1,0,0,1,0,0.,0.,0.3,0.3,1.,1.,125.991003370085,               1513P   1905
48.3158713051431,0.,125.991003370085,48.3158713051431,-3.,0.,       1513P   1906
0.3,0.,0.,0.;                                                       1513P   1907
126,1,1,0,0,1,0,0.205000000000015,0.205000000000015,                1515P   1908
0.305000000000004,0.305000000000004,1.,1.,125.991003370085,         1515P   1909
48.3158713051431,0.,125.991003370085,49.315871305143,0.,            1515P   1910
0.205000000000015,0.305000000000004,0.,0.,0.;                       1515P   1911
126,1,1,0,0,1,0,-1.21999999999999,-1.21999999999999,-1.12,-1.12,    1517P   1912
1.,1.,125.991003370085,49.315871305143,-3.,125.991003370085,        1517P   1913
48.3158713051431,-3.,-1.21999999999999,-1.12,0.,0.,0.;              1517P   1914
126,1,1,0,0,1,0,0.,0.,0.3,0.3,1.,1.,125.991003370085,               1519P   1915
49.315871305143,0.,125.991003370085,49.315871305143,-3.,0.,0.3,     1519P   1916
0.,0.,0.;                                                           1519P   1917
126,1,1,0,0,1,0,-1.76268888380895,-1.76268888380895,                1521P   1918
-0.664999999999999,-0.664999999999999,1.,1.,125.991003370085,       1521P   1919
49.315871305143,0.,115.014114531995,49.3158713051431,0.,            1521P   1920
-1.76268888380895,-0.664999999999999,0.,0.,0.;                      1521P   1921
126,1,1,0,0,1,0,0.,0.,1.09768888380895,1.09768888380895,1.,1.,      1523P   1922
115.014114531995,49.3158713051431,-3.,125.991003370085,             1523P   1923
49.315871305143,-3.,0.,1.09768888380895,0.,0.,0.;                   1523P   1924
126,1,1,0,0,1,0,0.,0.,0.3,0.3,1.,1.,115.014114531995,               1525P   1925
49.3158713051431,0.,115.014114531995,49.3158713051431,-3.,0.,       1525P   1926
0.3,0.,0.,0.;                                                       1525P   1927
126,1,1,0,0,1,0,-0.914999999999996,-0.914999999999996,              1527P   1928
0.305000000000003,0.305000000000003,1.,1.,115.014114531995,         1527P   1929
49.3158713051431,0.,115.014114531995,37.1158713051431,0.,           1527P   1930
-0.914999999999996,0.305000000000003,0.,0.,0.;                      1527P   1931
126,1,1,0,0,1,0,0.,0.,1.22,1.22,1.,1.,115.014114531995,             1529P   1932
37.1158713051431,-3.,115.014114531995,49.3158713051431,-3.,0.,      1529P   1933
1.22,0.,0.,0.;                                                      1529P   1934
126,1,1,0,0,1,0,0.,0.,0.3,0.3,1.,1.,115.014114531995,               1531P   1935
37.1158713051431,0.,115.014114531995,37.1158713051431,-3.,0.,       1531P   1936
0.3,0.,0.,0.;                                                       1531P   1937
126,1,1,0,0,1,0,0.116155558095528,0.116155558095528,                1533P   1938
1.21384444190447,1.21384444190447,1.,1.,115.014114531995,           1533P   1939
37.1158713051431,0.,125.991003370085,37.1158713051431,0.,           1533P   1940
0.116155558095528,1.21384444190447,0.,0.,0.;                        1533P   1941
126,1,1,0,0,1,0,0.,0.,1.09768888380894,1.09768888380894,1.,1.,      1535P   1942
125.991003370085,37.1158713051431,-3.,115.014114531995,             1535P   1943
37.1158713051431,-3.,0.,1.09768888380894,0.,0.,0.;                  1535P   1944
126,1,1,0,0,1,0,-0.915000000000002,-0.915000000000002,              1537P   1945
0.304999999999998,0.304999999999998,1.,1.,88.4141145319953,         1537P   1946
37.1158713051431,0.,88.4141145319953,49.3158713051431,0.,           1537P   1947
-0.915000000000002,0.304999999999998,0.,0.,0.;                      1537P   1948
126,1,1,0,0,1,0,0.,0.,0.3,0.3,1.,1.,88.4141145319953,               1539P   1949
37.1158713051431,0.,88.4141145319953,37.1158713051431,-3.,0.,       1539P   1950
0.3,0.,0.,0.;                                                       1539P   1951
126,1,1,0,0,1,0,-1.22,-1.22,0.,0.,1.,1.,88.4141145319953,           1541P   1952
49.3158713051431,-3.,88.4141145319953,37.1158713051431,-3.,         1541P   1953
-1.22,0.,0.,0.,0.;                                                  1541P   1954
126,1,1,0,0,1,0,0.,0.,0.3,0.3,1.,1.,88.4141145319953,               1543P   1955
49.3158713051431,0.,88.4141145319953,49.3158713051431,-3.,0.,       1543P   1956
0.3,0.,0.,0.;                                                       1543P   1957
126,1,1,0,0,1,0,0.116155558095523,0.116155558095523,                1545P   1958
1.21384444190448,1.21384444190448,1.,1.,88.4141145319953,           1545P   1959
49.3158713051431,0.,77.4372256939057,49.3158713051431,0.,           1545P   1960
0.116155558095523,1.21384444190448,0.,0.,0.;                        1545P   1961
126,1,1,0,0,1,0,-1.09768888380895,-1.09768888380895,0.,0.,1.,1.,    1547P   1962
77.4372256939057,49.3158713051431,-3.,88.4141145319953,             1547P   1963
49.3158713051431,-3.,-1.09768888380895,0.,0.,0.,0.;                 1547P   1964
126,1,1,0,0,1,0,0.,0.,0.3,0.3,1.,1.,77.4372256939057,               1549P   1965
49.3158713051431,0.,77.4372256939057,49.3158713051431,-3.,0.,       1549P   1966
0.3,0.,0.,0.;                                                       1549P   1967
126,1,1,0,0,1,0,-0.355000000000002,-0.355000000000002,              1551P   1968
-0.255000000000011,-0.255000000000011,1.,1.,77.4372256939057,       1551P   1969
49.3158713051431,0.,77.4372256939057,48.3158713051431,0.,           1551P   1970
-0.355000000000002,-0.255000000000011,0.,0.,0.;                     1551P   1971
126,1,1,0,0,1,0,1.12,1.12,1.21999999999999,1.21999999999999,1.,     1553P   1972
1.,77.4372256939057,48.3158713051431,-3.,77.4372256939057,          1553P   1973
49.3158713051431,-3.,1.12,1.21999999999999,0.,0.,0.;                1553P   1974
126,1,1,0,0,1,0,0.,0.,0.3,0.3,1.,1.,77.4372256939057,               1555P   1975
48.3158713051431,0.,77.4372256939057,48.3158713051431,-3.,0.,       1555P   1976
0.3,0.,0.,0.;                                                       1555P   1977
126,1,1,0,0,1,0,-1.71268888380896,-1.71268888380896,                1557P   1978
-0.715000000000002,-0.715000000000002,1.,1.,77.4372256939057,       1557P   1979
48.3158713051431,0.,87.4141145319953,48.3158713051431,0.,           1557P   1980
-1.71268888380896,-0.715000000000002,0.,0.,0.;                      1557P   1981
126,1,1,0,0,1,0,0.,0.,0.997688883808956,0.997688883808956,1.,1.,    1559P   1982
87.4141145319953,48.3158713051431,-3.,77.4372256939057,             1559P   1983
48.3158713051431,-3.,0.,0.997688883808956,0.,0.,0.;                 1559P   1984
126,1,1,0,0,1,0,0.,0.,0.3,0.3,1.,1.,87.4141145319953,               1561P   1985
48.3158713051431,0.,87.4141145319953,48.3158713051431,-3.,0.,       1561P   1986
0.3,0.,0.,0.;                                                       1561P   1987
126,1,1,0,0,1,0,-0.764999999999997,-0.764999999999997,0.255,        1563P   1988
0.255,1.,1.,87.4141145319953,48.3158713051431,0.,                   1563P   1989
87.4141145319953,38.1158713051431,0.,-0.764999999999997,0.255,      1563P   1990
0.,0.,0.;                                                           1563P   1991
126,1,1,0,0,1,0,0.,0.,1.02,1.02,1.,1.,87.4141145319953,             1565P   1992
38.1158713051431,-3.,87.4141145319953,48.3158713051431,-3.,0.,      1565P   1993
1.02,0.,0.,0.;                                                      1565P   1994
126,1,1,0,0,1,0,0.,0.,0.3,0.3,1.,1.,87.4141145319953,               1567P   1995
38.1158713051431,0.,87.4141145319953,38.1158713051431,-3.,0.,       1567P   1996
0.3,0.,0.,0.;                                                       1567P   1997
126,1,1,0,0,1,0,0.216155558095526,0.216155558095526,                1569P   1998
1.21384444190447,1.21384444190447,1.,1.,87.4141145319953,           1569P   1999
38.1158713051431,0.,77.4372256939058,38.1158713051431,0.,           1569P   2000
0.216155558095526,1.21384444190447,0.,0.,0.;                        1569P   2001
126,1,1,0,0,1,0,0.494309015348397,0.494309015348397,                1571P   2002
1.49199789915734,1.49199789915734,1.,1.,77.4372256939058,           1571P   2003
38.1158713051431,-3.,87.4141145319953,38.1158713051431,-3.,         1571P   2004
0.494309015348397,1.49199789915734,0.,0.,0.;                        1571P   2005
126,1,1,0,0,1,0,0.,0.,0.3,0.3,1.,1.,77.4372256939058,               1573P   2006
38.1158713051431,0.,77.4372256939058,38.1158713051431,-3.,0.,       1573P   2007
0.3,0.,0.,0.;                                                       1573P   2008
126,1,1,0,0,1,0,0.204999999999991,0.204999999999991,                1575P   2009
0.304999999999991,0.304999999999991,1.,1.,77.4372256939058,         1575P   2010
38.1158713051431,0.,77.4372256939058,37.1158713051431,0.,           1575P   2011
0.204999999999991,0.304999999999991,0.,0.,0.;                       1575P   2012
126,1,1,0,0,1,0,0.,0.,0.100000000000001,0.100000000000001,1.,1.,    1577P   2013
77.4372256939058,37.1158713051431,-3.,77.4372256939058,             1577P   2014
38.1158713051431,-3.,0.,0.100000000000001,0.,0.,0.;                 1577P   2015
126,1,1,0,0,1,0,0.,0.,0.3,0.3,1.,1.,77.4372256939058,               1579P   2016
37.1158713051431,0.,77.4372256939058,37.1158713051431,-3.,0.,       1579P   2017
0.3,0.,0.,0.;                                                       1579P   2018
126,1,1,0,0,1,0,-1.76268888380895,-1.76268888380895,                1581P   2019
-0.665000000000001,-0.665000000000001,1.,1.,77.4372256939058,       1581P   2020
37.1158713051431,0.,88.4141145319953,37.1158713051431,0.,           1581P   2021
-1.76268888380895,-0.665000000000001,0.,0.,0.;                      1581P   2022
126,1,1,0,0,1,0,-1.09768888380894,-1.09768888380894,0.,0.,1.,1.,    1583P   2023
88.4141145319953,37.1158713051431,-3.,77.4372256939058,             1583P   2024
37.1158713051431,-3.,-1.09768888380894,0.,0.,0.,0.;                 1583P   2025
126,2,2,0,0,0,0,0.,0.,0.,1.5707963267949,1.5707963267949,           1585P   2026
1.5707963267949,1.,0.707106781186548,1.,121.414114531995,           1585P   2027
34.4158713051431,2.,121.414114531995,32.4158713051431,2.,           1585P   2028
121.414114531995,32.4158713051431,1.22464679914735D-16,0.,          1585P   2029
1.5707963267949,0.,0.,0.;                                           1585P   2030
126,4,2,0,0,0,0,0.,0.,0.,1.5707963267949,1.5707963267949,           1587P   2031
3.14159265358979,3.14159265358979,3.14159265358979,1.,              1587P   2032
0.707106781186551,1.,0.707106781186545,1.,121.414114531995,         1587P   2033
32.4158713051431,0.,132.214114531995,32.4158713051431,0.,           1587P   2034
132.214114531995,43.2158713051431,0.,132.214114531995,              1587P   2035
54.0158713051431,0.,121.414114531995,54.0158713051431,0.,0.,        1587P   2036
3.14159265358979,0.,0.,0.;                                          1587P   2037
126,2,2,0,0,0,0,0.,0.,0.,1.5707963267949,1.5707963267949,           1589P   2038
1.5707963267949,1.,0.707106781186551,1.,121.414114531995,           1589P   2039
54.0158713051431,0.,121.414114531995,54.0158713051431,              1589P   2040
1.99999999999999,121.414114531995,52.0158713051431,                 1589P   2041
1.99999999999999,0.,1.5707963267949,0.,0.,0.;                       1589P   2042
126,4,2,0,0,0,0,-1.5707963267949,-1.5707963267949,                  1591P   2043
-1.5707963267949,-7.7715611723761D-16,-7.7715611723761D-16,         1591P   2044
1.5707963267949,1.5707963267949,1.5707963267949,1.,                 1591P   2045
0.707106781186549,1.,0.707106781186543,1.,121.414114531995,         1591P   2046
52.0158713051431,2.,130.214114531995,52.0158713051431,2.,           1591P   2047
130.214114531995,43.2158713051431,2.,130.214114531995,              1591P   2048
34.4158713051431,2.,121.414114531995,34.4158713051431,2.,           1591P   2049
-1.5707963267949,1.5707963267949,0.,0.,0.;                          1591P   2050
126,1,1,0,0,1,0,0.,0.,3.94,3.94,1.,1.,82.0141145319953,             1593P   2051
54.0158713051431,0.,121.414114531995,54.0158713051431,0.,0.,        1593P   2052
3.94,0.,0.,0.;                                                      1593P   2053
126,2,2,0,0,0,0,0.,0.,0.,1.5707963267949,1.5707963267949,           1595P   2054
1.5707963267949,1.,0.707106781186542,1.,82.0141145319953,           1595P   2055
54.0158713051431,0.,82.0141145319953,54.0158713051431,2.,           1595P   2056
82.0141145319953,52.0158713051431,2.,0.,1.5707963267949,0.,0.,      1595P   2057
0.;                                                                 1595P   2058
126,1,1,0,0,1,0,-2.955,-2.955,0.984999999999999,                    1597P   2059
0.984999999999999,1.,1.,82.0141145319953,52.0158713051431,2.,       1597P   2060
121.414114531995,52.0158713051431,2.,-2.955,0.984999999999999,      1597P   2061
0.,0.,0.;                                                           1597P   2062
126,4,2,0,0,0,0,0.,0.,0.,1.5707963267949,1.5707963267949,           1599P   2063
3.14159265358979,3.14159265358979,3.14159265358979,1.,              1599P   2064
0.707106781186546,1.,0.707106781186546,1.,82.0141145319953,         1599P   2065
54.0158713051431,0.,71.2141145319953,54.0158713051431,0.,           1599P   2066
71.2141145319953,43.2158713051431,0.,71.2141145319953,              1599P   2067
32.4158713051431,0.,82.0141145319953,32.4158713051431,0.,0.,        1599P   2068
3.14159265358979,0.,0.,0.;                                          1599P   2069
126,2,2,0,0,0,0,0.,0.,0.,1.5707963267949,1.5707963267949,           1601P   2070
1.5707963267949,1.,0.70710678118655,1.,82.0141145319953,            1601P   2071
32.4158713051431,0.,82.0141145319953,32.4158713051431,              1601P   2072
2.00000000000001,82.0141145319953,34.4158713051431,                 1601P   2073
2.00000000000001,0.,1.5707963267949,0.,0.,0.;                       1601P   2074
126,4,2,0,0,0,0,-1.5707963267949,-1.5707963267949,                  1603P   2075
-1.5707963267949,0.,0.,1.5707963267949,1.5707963267949,             1603P   2076
1.5707963267949,1.,0.707106781186548,1.,0.707106781186548,1.,       1603P   2077
82.0141145319953,34.4158713051431,2.,73.2141145319953,              1603P   2078
34.4158713051431,2.,73.2141145319953,43.2158713051431,2.,           1603P   2079
73.2141145319953,52.0158713051431,2.,82.0141145319953,              1603P   2080
52.0158713051431,2.,-1.5707963267949,1.5707963267949,0.,0.,0.;      1603P   2081
126,1,1,0,0,1,0,0.,0.,3.94,3.94,1.,1.,121.414114531995,             1605P   2082
32.4158713051431,0.,82.0141145319953,32.4158713051431,0.,0.,        1605P   2083
3.94,0.,0.,0.;                                                      1605P   2084
126,1,1,0,0,1,0,-2.955,-2.955,0.985000000000001,                    1607P   2085
0.985000000000001,1.,1.,121.414114531995,34.4158713051431,2.,       1607P   2086
82.0141145319953,34.4158713051431,2.,-2.955,0.985000000000001,      1607P   2087
0.,0.,0.;                                                           1607P   2088
126,1,1,0,0,1,0,-0.855000035762787,-0.855000035762787,0.285,        1609P   2089
0.285,1.,1.,66.0000009834766,24.0000003576279,0.6,                  1609P   2090
66.0000009834766,12.6,0.6,-0.855000035762787,0.285,0.,0.,0.;        1609P   2091
126,1,1,0,0,1,0,-0.1,-0.1,0.,0.,1.,1.,66.0000009834766,24.,1.6,     1611P   2092
66.0000009834766,24.,0.6,-0.1,0.,0.,0.,0.;                          1611P   2093
126,1,1,0,0,1,0,0.,0.,1.14000003576279,1.14000003576279,1.,1.,      1613P   2094
66.0000009834766,12.6,1.6,66.0000009834766,24.0000003576279,1.6,    1613P   2095
0.,1.14000003576279,0.,0.,0.;                                       1613P   2096
126,1,1,0,0,1,0,0.,0.,0.1,0.1,1.,1.,66.0000009834766,12.6,0.6,      1615P   2097
66.0000009834766,12.6,1.6,0.,0.1,0.,0.,0.;                          1615P   2098
126,1,1,0,0,1,0,-0.612500024586916,-0.612500024586916,              1617P   2099
2.03750007376075,2.03750007376075,1.,1.,39.5,24.,1.6,               1617P   2100
66.0000009834766,24.,1.6,-0.612500024586916,2.03750007376075,0.,    1617P   2101
0.,0.;                                                              1617P   2102
126,1,1,0,0,1,0,-0.285000008940697,-0.285000008940697,              1619P   2103
0.855000026822091,0.855000026822091,1.,1.,39.5,12.6,1.6,39.5,       1619P   2104
24.0000003576279,1.6,-0.285000008940697,0.855000026822091,0.,0.,    1619P   2105
0.;                                                                 1619P   2106
126,1,1,0,0,1,0,-0.637500073760748,-0.637500073760748,              1621P   2107
2.01250002458692,2.01250002458692,1.,1.,66.0000009834766,12.6,      1621P   2108
1.6,39.5,12.6,1.6,-0.637500073760748,2.01250002458692,0.,0.,0.;     1621P   2109
126,1,1,0,0,1,0,0.1,0.1,0.2,0.2,1.,1.,39.5,12.6,1.6,39.5,12.6,      1623P   2110
2.6,0.1,0.2,0.,0.,0.;                                               1623P   2111
126,1,1,0,0,1,0,1.325,1.325,1.425,1.425,1.,1.,39.5,12.6,2.6,        1625P   2112
38.5,12.6,2.6,1.325,1.425,0.,0.,0.;                                 1625P   2113
126,1,1,0,0,1,0,0.2,0.2,0.3,0.3,1.,1.,38.5,12.6,2.6,38.5,12.6,      1627P   2114
3.6,0.2,0.3,0.,0.,0.;                                               1627P   2115
126,1,1,0,0,1,0,1.25,1.25,4.05,4.05,1.,1.,66.5,12.6,3.6,38.5,       1629P   2116
12.6,3.6,1.25,4.05,0.,0.,0.;                                        1629P   2117
126,1,1,0,0,1,0,0.2,0.2,0.3,0.3,1.,1.,66.5,12.6,2.6,66.5,12.6,      1631P   2118
3.6,0.2,0.3,0.,0.,0.;                                               1631P   2119
126,1,1,0,0,1,0,0.,0.,1.25,1.25,1.,1.,79.,12.6,2.6,66.5,12.6,       1633P   2120
2.6,0.,1.25,0.,0.,0.;                                               1633P   2121
126,1,1,0,0,1,0,0.,0.,0.2,0.2,1.,1.,78.9999999999999,12.6,0.6,      1635P   2122
78.9999999999999,12.6,2.6,0.,0.2,0.,0.,0.;                          1635P   2123
126,1,1,0,0,1,0,-0.312499901652336,-0.312499901652336,0.9875,       1637P   2124
0.9875,1.,1.,66.0000009834766,12.6,0.6,79.,12.6,0.6,                1637P   2125
-0.312499901652336,0.9875,0.,0.,0.;                                 1637P   2126
126,1,1,0,0,1,0,-0.2,-0.2,-0.1,-0.1,1.,1.,39.5,24.,2.6,39.5,24.,    1639P   2127
1.6,-0.2,-0.1,0.,0.,0.;                                             1639P   2128
126,1,1,0,0,1,0,0.,0.,1.14,1.14,1.,1.,39.5,12.6,2.6,39.5,24.,       1641P   2129
2.6,0.,1.14,0.,0.,0.;                                               1641P   2130
126,1,1,0,0,1,0,-0.0249999999999999,-0.0249999999999999,            1643P   2131
0.0750000000000002,0.0750000000000002,1.,1.,38.5,24.,2.6,39.5,      1643P   2132
24.,2.6,-0.0249999999999999,0.0750000000000002,0.,0.,0.;            1643P   2133
126,1,1,0,0,1,0,0.1,0.1,1.24,1.24,1.,1.,38.5,24.,2.6,38.5,12.6,     1645P   2134
2.6,0.1,1.24,0.,0.,0.;                                              1645P   2135
126,1,1,0,0,1,0,-3.0125,-3.0125,-1.71250009834766,                  1647P   2136
-1.71250009834766,1.,1.,79.,24.,0.6,66.0000009834766,24.,0.6,       1647P   2137
-3.0125,-1.71250009834766,0.,0.,0.;                                 1647P   2138
126,1,1,0,0,1,0,-0.2,-0.2,0.,0.,1.,1.,79.,24.,2.6,79.,24.,0.6,      1649P   2139
-0.2,0.,0.,0.,0.;                                                   1649P   2140
126,1,1,0,0,1,0,2.7,2.7,3.95,3.95,1.,1.,66.5,24.,2.6,79.,24.,       1651P   2141
2.6,2.7,3.95,0.,0.,0.;                                              1651P   2142
126,1,1,0,0,1,0,0.2,0.2,0.3,0.3,1.,1.,66.5,24.,2.6,66.5,24.,3.6,    1653P   2143
0.2,0.3,0.,0.,0.;                                                   1653P   2144
126,1,1,0,0,1,0,-0.1,-0.1,2.7,2.7,1.,1.,38.5,24.,3.6,66.5,24.,      1655P   2145
3.6,-0.1,2.7,0.,0.,0.;                                              1655P   2146
126,1,1,0,0,1,0,0.2,0.2,0.3,0.3,1.,1.,38.5,24.,2.6,38.5,24.,3.6,    1657P   2147
0.2,0.3,0.,0.,0.;                                                   1657P   2148
126,1,1,0,0,1,0,-0.0249999999999999,-0.0249999999999999,            1659P   2149
0.0750000000000002,0.0750000000000002,1.,1.,66.5,11.6,2.6,66.5,     1659P   2150
12.6,2.6,-0.0249999999999999,0.0750000000000002,0.,0.,0.;           1659P   2151
126,1,1,0,0,1,0,2.8,2.8,4.05,4.05,1.,1.,66.5,11.6,2.6,79.,11.6,     1661P   2152
2.6,2.8,4.05,0.,0.,0.;                                              1661P   2153
126,1,1,0,0,1,0,0.594999999999998,0.594999999999998,                1663P   2154
0.694999999999998,0.694999999999998,1.,1.,78.9999999999999,12.6,    1663P   2155
2.6,78.9999999999999,11.6,2.6,0.594999999999998,                    1663P   2156
0.694999999999998,0.,0.,0.;                                         1663P   2157
126,1,1,0,0,1,0,-0.1,-0.1,0.,0.,1.,1.,66.5,11.6,3.6,66.5,12.6,      1665P   2158
3.6,-0.1,0.,0.,0.,0.;                                               1665P   2159
126,1,1,0,0,1,0,0.2,0.2,0.3,0.3,1.,1.,66.5,11.6,2.6,66.5,11.6,      1667P   2160
3.6,0.2,0.3,0.,0.,0.;                                               1667P   2161
126,1,1,0,0,1,0,-0.904999999999992,-0.904999999999992,              1669P   2162
0.235000000000009,0.235000000000009,1.,1.,78.9999999999999,12.6,    1669P   2163
0.6,79.,24.,0.6,-0.904999999999992,0.235000000000009,0.,0.,0.;      1669P   2164
126,1,1,0,0,1,0,-0.0250000000000026,-0.0250000000000026,            1671P   2165
0.0749999999999975,0.0749999999999975,1.,1.,79.,25.,2.6,79.,24.,    1671P   2166
2.6,-0.0250000000000026,0.0749999999999975,0.,0.,0.;                1671P   2167
126,1,1,0,0,1,0,0.0999999999999996,0.0999999999999996,1.35,1.35,    1673P   2168
1.,1.,79.,25.,2.6,66.5,25.,2.6,0.0999999999999996,1.35,0.,0.,0.;    1673P   2169
126,1,1,0,0,1,0,-0.0249999999999999,-0.0249999999999999,            1675P   2170
0.0750000000000002,0.0750000000000002,1.,1.,66.5,24.,2.6,66.5,      1675P   2171
25.,2.6,-0.0249999999999999,0.0750000000000002,0.,0.,0.;            1675P   2172
126,1,1,0,0,1,0,0.2,0.2,0.3,0.3,1.,1.,66.5,25.,2.6,66.5,25.,3.6,    1677P   2173
0.2,0.3,0.,0.,0.;                                                   1677P   2174
126,1,1,0,0,1,0,0.,0.,0.1,0.1,1.,1.,66.5,24.,3.6,66.5,25.,3.6,      1679P   2175
0.,0.1,0.,0.,0.;                                                    1679P   2176
126,1,1,0,0,1,0,0.2,0.2,0.3,0.3,1.,1.,79.,11.6,2.6,79.,11.6,3.6,    1681P   2177
0.2,0.3,0.,0.,0.;                                                   1681P   2178
126,1,1,0,0,1,0,-0.1,-0.1,1.24,1.24,1.,1.,79.,25.,3.6,              1683P   2179
78.9999999999999,11.6,3.6,-0.1,1.24,0.,0.,0.;                       1683P   2180
126,1,1,0,0,1,0,0.2,0.2,0.3,0.3,1.,1.,79.,25.,2.6,79.,25.,3.6,      1685P   2181
0.2,0.3,0.,0.,0.;                                                   1685P   2182
126,1,1,0,0,1,0,4.05,4.05,4.15,4.15,1.,1.,79.,11.6,3.6,80.,11.6,    1687P   2183
3.6,4.05,4.15,0.,0.,0.;                                             1687P   2184
126,1,1,0,0,1,0,0.,0.,1.34,1.34,1.,1.,80.,11.6,3.6,80.,25.,3.6,     1689P   2185
0.,1.34,0.,0.,0.;                                                   1689P   2186
126,1,1,0,0,1,0,0.,0.,0.0999999999999996,0.0999999999999996,1.,     1691P   2187
1.,80.,25.,3.6,79.,25.,3.6,0.,0.0999999999999996,0.,0.,0.;          1691P   2188
126,1,1,0,0,1,0,1.35,1.35,4.15,4.15,1.,1.,66.5,25.,3.6,38.5,25.,    1693P   2189
3.6,1.35,4.15,0.,0.,0.;                                             1693P   2190
126,1,1,0,0,1,0,0.,0.,0.1,0.1,1.,1.,38.5,25.,3.6,38.5,24.,3.6,      1695P   2191
0.,0.1,0.,0.,0.;                                                    1695P   2192
126,1,1,0,0,1,0,1.24,1.24,1.34,1.34,1.,1.,38.5,12.6,3.6,38.5,       1697P   2193
11.6,3.6,1.24,1.34,0.,0.,0.;                                        1697P   2194
126,1,1,0,0,1,0,0.,0.,2.8,2.8,1.,1.,38.5,11.6,3.6,66.5,11.6,3.6,    1699P   2195
0.,2.8,0.,0.,0.;                                                    1699P   2196
126,1,1,0,0,1,0,0.,0.,1.34,1.34,1.,1.,38.5,11.6,0.,38.5,25.,0.,     1701P   2197
0.,1.34,0.,0.,0.;                                                   1701P   2198
126,1,1,0,0,1,0,0.,0.,0.36,0.36,1.,1.,38.5,11.6,0.,38.5,11.6,       1703P   2199
3.6,0.,0.36,0.,0.,0.;                                               1703P   2200
126,1,1,0,0,1,0,0.,0.,0.36,0.36,1.,1.,38.5,25.,0.,38.5,25.,3.6,     1705P   2201
0.,0.36,0.,0.,0.;                                                   1705P   2202
126,1,1,0,0,1,0,0.,0.,4.15,4.15,1.,1.,38.5,25.,0.,80.,25.,0.,0.,    1707P   2203
4.15,0.,0.,0.;                                                      1707P   2204
126,1,1,0,0,1,0,0.,0.,0.36,0.36,1.,1.,80.,25.,0.,80.,25.,3.6,0.,    1709P   2205
0.36,0.,0.,0.;                                                      1709P   2206
126,1,1,0,0,1,0,0.,0.,1.34,1.34,1.,1.,80.,25.,0.,80.,11.6,0.,0.,    1711P   2207
1.34,0.,0.,0.;                                                      1711P   2208
126,1,1,0,0,1,0,0.,0.,0.36,0.36,1.,1.,80.,11.6,0.,80.,11.6,3.6,     1713P   2209
0.,0.36,0.,0.,0.;                                                   1713P   2210
126,1,1,0,0,1,0,0.,0.,4.15,4.15,1.,1.,80.,11.6,0.,38.5,11.6,0.,     1715P   2211
0.,4.15,0.,0.,0.;                                                   1715P   2212
126,1,1,0,0,1,0,0.,0.,1.51,1.51,1.,1.,165.0125,-90.9125,0.,         1717P   2213
165.0125,-90.9125,1.51,0.,1.51,0.,0.,0.;                            1717P   2214
126,1,1,0,0,1,0,0.,0.,14.7875149296969,14.7875149296969,1.,1.,      1719P   2215
165.0125,-90.9125,1.51,179.8,-90.891487,1.51,0.,                    1719P   2216
14.7875149296969,0.,0.,0.;                                          1719P   2217
126,1,1,0,0,1,0,0.,0.,1.51,1.51,1.,1.,179.8,-90.891487,0.,179.8,    1721P   2218
-90.891487,1.51,0.,1.51,0.,0.,0.;                                   1721P   2219
126,1,1,0,0,1,0,0.,0.,14.7875149296969,14.7875149296969,1.,1.,      1723P   2220
165.0125,-90.9125,0.,179.8,-90.891487,0.,0.,14.7875149296969,0.,    1723P   2221
0.,0.;                                                              1723P   2222
126,1,1,0,0,1,0,0.,0.,1.51,1.51,1.,1.,159.675,-85.2,0.,159.675,     1725P   2223
-85.2,1.51,0.,1.51,0.,0.,0.;                                        1725P   2224
126,1,1,0,0,1,0,0.,0.,7.81802804420977,7.81802804420977,1.,1.,      1727P   2225
159.675,-85.2,1.51,165.012500000001,-90.9124999999993,1.51,0.,      1727P   2226
7.81802804420977,0.,0.,0.;                                          1727P   2227
126,1,1,0,0,1,0,0.,0.,7.81802804420977,7.81802804420977,1.,1.,      1729P   2228
159.675,-85.2,0.,165.012500000001,-90.9124999999993,0.,0.,          1729P   2229
7.81802804420977,0.,0.,0.;                                          1729P   2230
126,1,1,0,0,1,0,0.,0.,4.758513,4.758513,1.,1.,179.8,-90.891487,     1731P   2231
1.51,179.8,-95.65,1.51,0.,4.758513,0.,0.,0.;                        1731P   2232
126,1,1,0,0,1,0,0.,0.,1.51,1.51,1.,1.,179.8,-95.65,0.,179.8,        1733P   2233
-95.65,1.51,0.,1.51,0.,0.,0.;                                       1733P   2234
126,1,1,0,0,1,0,0.,0.,4.758513,4.758513,1.,1.,179.8,-90.891487,     1735P   2235
0.,179.8,-95.65,0.,0.,4.758513,0.,0.,0.;                            1735P   2236
126,1,1,0,0,1,0,0.,0.,16.175,16.175,1.,1.,179.8,-95.65,0.,          1737P   2237
163.625,-95.65,0.,0.,16.175,0.,0.,0.;                               1737P   2238
126,1,1,0,0,1,0,0.,0.,5.70996034653291,5.70996034653291,1.,1.,      1739P   2239
163.625,-95.65,0.,159.679430999998,-99.7774849999984,0.,0.,         1739P   2240
5.70996034653291,0.,0.,0.;                                          1739P   2241
126,1,1,0,0,1,0,0.,0.,43.2714990316314,43.2714990316314,1.,1.,      1741P   2242
159.679431,-99.777485,0.,116.407932,-99.775831,0.,0.,               1741P   2243
43.2714990316314,0.,0.,0.;                                          1741P   2244
126,6,2,0,0,0,0,-1.17749766557898D-12,-1.17749766557898D-12,        1743P   2245
-1.17749766557898D-12,1.05791008696507,1.05791008696507,            1743P   2246
2.11582017393131,2.11582017393131,3.17373026089755,                 1743P   2247
3.17373026089755,3.17373026089755,1.,0.863334859713827,1.,          1743P   2248
0.863334859713834,1.,0.863334859713825,1.,116.407932,               1743P   2249
-99.7758309999979,0.,112.163465827949,-99.8974992208184,0.,         1743P   2250
109.97471766571,-96.2588624260922,0.,107.78596950347,               1743P   2251
-92.6202256313661,0.,109.882423793703,-88.9276417595217,0.,         1743P   2252
111.978878083936,-85.2350578876773,0.,116.225062,                   1743P   2253
-85.2498359999983,0.,-1.17749766557898D-12,3.17373026089755,0.,     1743P   2254
0.,0.;                                                              1743P   2255
126,1,1,0,0,1,0,0.,0.,43.4499665803018,43.4499665803018,1.,1.,      1745P   2256
116.225062,-85.249836,0.,159.675,-85.2,0.,0.,43.4499665803018,      1745P   2257
0.,0.,0.;                                                           1745P   2258
126,4,2,0,0,0,0,0.,0.,0.,1.5707963267949,1.5707963267949,           1747P   2259
3.14159265358979,3.14159265358979,3.14159265358979,1.,              1747P   2260
0.707106781186539,1.,0.707106781186539,1.,116.125,-95.325,0.,       1747P   2261
113.625,-95.325,0.,113.625,-92.825,0.,113.625,-90.325,0.,           1747P   2262
116.125,-90.325,0.,0.,3.14159265358979,0.,0.,0.;                    1747P   2263
126,4,2,0,0,0,0,3.14159265358979,3.14159265358979,                  1749P   2264
3.14159265358979,4.71238898038469,4.71238898038469,                 1749P   2265
6.28318530717959,6.28318530717959,6.28318530717959,1.,              1749P   2266
0.707106781186539,1.,0.707106781186539,1.,116.125,-90.325,0.,       1749P   2267
118.625,-90.325,0.,118.625,-92.825,0.,118.625,-95.325,0.,           1749P   2268
116.125,-95.325,0.,3.14159265358979,6.28318530717959,0.,0.,0.;      1749P   2269
126,4,2,0,0,0,0,0.,0.,0.,1.5707963267949,1.5707963267949,           1751P   2270
3.14159265358979,3.14159265358979,3.14159265358979,1.,              1751P   2271
0.707106781186539,1.,0.707106781186539,1.,135.625,-95.325,0.,       1751P   2272
133.125,-95.325,0.,133.125,-92.825,0.,133.125,-90.325,0.,           1751P   2273
135.625,-90.325,0.,0.,3.14159265358979,0.,0.,0.;                    1751P   2274
126,4,2,0,0,0,0,3.14159265358979,3.14159265358979,                  1753P   2275
3.14159265358979,4.71238898038469,4.71238898038469,                 1753P   2276
6.28318530717959,6.28318530717959,6.28318530717959,1.,              1753P   2277
0.707106781186539,1.,0.707106781186539,1.,135.625,-90.325,0.,       1753P   2278
138.125,-90.325,0.,138.125,-92.825,0.,138.125,-95.325,0.,           1753P   2279
135.625,-95.325,0.,3.14159265358979,6.28318530717959,0.,0.,0.;      1753P   2280
126,4,2,0,0,0,0,0.,0.,0.,1.5707963267949,1.5707963267949,           1755P   2281
3.14159265358979,3.14159265358979,3.14159265358979,1.,              1755P   2282
0.707106781186539,1.,0.707106781186539,1.,155.125,-95.325,0.,       1755P   2283
152.625,-95.325,0.,152.625,-92.825,0.,152.625,-90.325,0.,           1755P   2284
155.125,-90.325,0.,0.,3.14159265358979,0.,0.,0.;                    1755P   2285
126,4,2,0,0,0,0,3.14159265358979,3.14159265358979,                  1757P   2286
3.14159265358979,4.71238898038469,4.71238898038469,                 1757P   2287
6.28318530717959,6.28318530717959,6.28318530717959,1.,              1757P   2288
0.707106781186539,1.,0.707106781186539,1.,155.125,-90.325,0.,       1757P   2289
157.625,-90.325,0.,157.625,-92.825,0.,157.625,-95.325,0.,           1757P   2290
155.125,-95.325,0.,3.14159265358979,6.28318530717959,0.,0.,0.;      1757P   2291
126,1,1,0,0,1,0,0.,0.,43.4499665803018,43.4499665803018,1.,1.,      1759P   2292
116.225062,-85.249836,1.51,159.675,-85.2,1.51,0.,                   1759P   2293
43.4499665803018,0.,0.,0.;                                          1759P   2294
126,6,2,0,0,0,0,-1.17749766557898D-12,-1.17749766557898D-12,        1761P   2295
-1.17749766557898D-12,1.05791008696507,1.05791008696507,            1761P   2296
2.11582017393131,2.11582017393131,3.17373026089755,                 1761P   2297
3.17373026089755,3.17373026089755,1.,0.863334859713827,1.,          1761P   2298
0.863334859713834,1.,0.863334859713825,1.,116.407932,               1761P   2299
-99.7758309999979,1.51,112.163465827949,-99.8974992208184,1.51,     1761P   2300
109.97471766571,-96.2588624260922,1.51,107.78596950347,             1761P   2301
-92.6202256313661,1.51,109.882423793703,-88.9276417595217,1.51,     1761P   2302
111.978878083936,-85.2350578876773,1.51,116.225062,                 1761P   2303
-85.2498359999983,1.51,-1.17749766557898D-12,3.17373026089755,      1761P   2304
0.,0.,0.;                                                           1761P   2305
126,1,1,0,0,1,0,0.,0.,43.2714990316314,43.2714990316314,1.,1.,      1763P   2306
159.679431,-99.777485,1.51,116.407932,-99.775831,1.51,0.,           1763P   2307
43.2714990316314,0.,0.,0.;                                          1763P   2308
126,1,1,0,0,1,0,0.,0.,5.70996034653291,5.70996034653291,1.,1.,      1765P   2309
163.625,-95.65,1.51,159.679430999998,-99.7774849999984,1.51,0.,     1765P   2310
5.70996034653291,0.,0.,0.;                                          1765P   2311
126,1,1,0,0,1,0,0.,0.,16.175,16.175,1.,1.,179.8,-95.65,1.51,        1767P   2312
163.625,-95.65,1.51,0.,16.175,0.,0.,0.;                             1767P   2313
126,4,2,0,0,0,0,0.,0.,0.,1.5707963267949,1.5707963267949,           1769P   2314
3.14159265358979,3.14159265358979,3.14159265358979,1.,              1769P   2315
0.707106781186539,1.,0.707106781186539,1.,116.125,-95.325,1.51,     1769P   2316
113.625,-95.325,1.51,113.625,-92.825,1.51,113.625,-90.325,1.51,     1769P   2317
116.125,-90.325,1.51,0.,3.14159265358979,0.,0.,0.;                  1769P   2318
126,4,2,0,0,0,0,3.14159265358979,3.14159265358979,                  1771P   2319
3.14159265358979,4.71238898038469,4.71238898038469,                 1771P   2320
6.28318530717959,6.28318530717959,6.28318530717959,1.,              1771P   2321
0.707106781186539,1.,0.707106781186539,1.,116.125,-90.325,1.51,     1771P   2322
118.625,-90.325,1.51,118.625,-92.825,1.51,118.625,-95.325,1.51,     1771P   2323
116.125,-95.325,1.51,3.14159265358979,6.28318530717959,0.,0.,0.;    1771P   2324
126,4,2,0,0,0,0,0.,0.,0.,1.5707963267949,1.5707963267949,           1773P   2325
3.14159265358979,3.14159265358979,3.14159265358979,1.,              1773P   2326
0.707106781186539,1.,0.707106781186539,1.,135.625,-95.325,1.51,     1773P   2327
133.125,-95.325,1.51,133.125,-92.825,1.51,133.125,-90.325,1.51,     1773P   2328
135.625,-90.325,1.51,0.,3.14159265358979,0.,0.,0.;                  1773P   2329
126,4,2,0,0,0,0,3.14159265358979,3.14159265358979,                  1775P   2330
3.14159265358979,4.71238898038469,4.71238898038469,                 1775P   2331
6.28318530717959,6.28318530717959,6.28318530717959,1.,              1775P   2332
0.707106781186539,1.,0.707106781186539,1.,135.625,-90.325,1.51,     1775P   2333
138.125,-90.325,1.51,138.125,-92.825,1.51,138.125,-95.325,1.51,     1775P   2334
135.625,-95.325,1.51,3.14159265358979,6.28318530717959,0.,0.,0.;    1775P   2335
126,4,2,0,0,0,0,0.,0.,0.,1.5707963267949,1.5707963267949,           1777P   2336
3.14159265358979,3.14159265358979,3.14159265358979,1.,              1777P   2337
0.707106781186539,1.,0.707106781186539,1.,155.125,-95.325,1.51,     1777P   2338
152.625,-95.325,1.51,152.625,-92.825,1.51,152.625,-90.325,1.51,     1777P   2339
155.125,-90.325,1.51,0.,3.14159265358979,0.,0.,0.;                  1777P   2340
126,4,2,0,0,0,0,3.14159265358979,3.14159265358979,                  1779P   2341
3.14159265358979,4.71238898038469,4.71238898038469,                 1779P   2342
6.28318530717959,6.28318530717959,6.28318530717959,1.,              1779P   2343
0.707106781186539,1.,0.707106781186539,1.,155.125,-90.325,1.51,     1779P   2344
157.625,-90.325,1.51,157.625,-92.825,1.51,157.625,-95.325,1.51,     1779P   2345
155.125,-95.325,1.51,3.14159265358979,6.28318530717959,0.,0.,0.;    1779P   2346
126,1,1,0,0,1,0,0.,0.,1.51,1.51,1.,1.,116.225062,-85.249836,0.,     1781P   2347
116.225062,-85.249836,1.51,0.,1.51,0.,0.,0.;                        1781P   2348
126,1,1,0,0,1,0,0.,0.,1.51,1.51,1.,1.,163.625,-95.65,0.,163.625,    1783P   2349
-95.65,1.51,0.,1.51,0.,0.,0.;                                       1783P   2350
126,1,1,0,0,1,0,0.,0.,1.51,1.51,1.,1.,116.407932,-99.775831,0.,     1785P   2351
116.407932,-99.775831,1.51,0.,1.51,0.,0.,0.;                        1785P   2352
126,1,1,0,0,1,0,0.,0.,1.51,1.51,1.,1.,159.679431,-99.777485,0.,     1787P   2353
159.679431,-99.777485,1.51,0.,1.51,0.,0.,0.;                        1787P   2354
126,1,1,0,0,1,0,-0.6224,-0.6224,-0.0184,-0.0184,1.,1.,116.125,      1789P   2355
-90.325,1.51,116.125,-90.325,0.,-0.6224,-0.0184,0.,0.,0.;           1789P   2356
126,1,1,0,0,1,0,-0.6224,-0.6224,-0.0184,-0.0184,1.,1.,135.625,      1791P   2357
-90.325,1.51,135.625,-90.325,0.,-0.6224,-0.0184,0.,0.,0.;           1791P   2358
126,1,1,0,0,1,0,-0.6224,-0.6224,-0.0184,-0.0184,1.,1.,155.125,      1793P   2359
-90.325,1.51,155.125,-90.325,0.,-0.6224,-0.0184,0.,0.,0.;           1793P   2360
128,1,1,1,1,0,0,1,0,0,-0.001,-0.001,0.101,0.101,-0.001,-0.001,      1795P   2361
0.101,0.101,1.,1.,1.,1.,2.50995988767082,5.63649973125005,-0.01,    1795P   2362
1.48995988767082,5.63649973125005,-0.01,2.50995988767082,           1795P   2363
5.63649973125005,1.01,1.48995988767082,5.63649973125005,1.01,       1795P   2364
-0.001,0.101,-0.001,0.101;                                          1795P   2365
128,1,1,1,1,0,0,1,0,0,-0.001,-0.001,0.201,0.201,-0.001,-0.001,      1797P   2366
0.101,0.101,1.,1.,1.,1.,2.49995988767082,3.62649973125005,-0.01,    1797P   2367
2.49995988767082,5.64649973125005,-0.01,2.49995988767082,           1797P   2368
3.62649973125005,1.01,2.49995988767082,5.64649973125005,1.01,       1797P   2369
-0.001,0.201,-0.001,0.101;                                          1797P   2370
128,1,1,1,1,0,0,1,0,0,-0.001,-0.001,0.101,0.101,-0.001,-0.001,      1799P   2371
0.101,0.101,1.,1.,1.,1.,1.48995988767082,3.63649973125005,-0.01,    1799P   2372
2.50995988767082,3.63649973125005,-0.01,1.48995988767082,           1799P   2373
3.63649973125005,1.01,2.50995988767082,3.63649973125005,1.01,       1799P   2374
-0.001,0.101,-0.001,0.101;                                          1799P   2375
128,1,1,1,1,0,0,1,0,0,-0.001,-0.001,0.201,0.201,-0.001,-0.001,      1801P   2376
0.101,0.101,1.,1.,1.,1.,1.49995988767082,5.64649973125005,-0.01,    1801P   2377
1.49995988767082,3.62649973125005,-0.01,1.49995988767082,           1801P   2378
5.64649973125005,1.01,1.49995988767082,3.62649973125005,1.01,       1801P   2379
-0.001,0.201,-0.001,0.101;                                          1801P   2380
128,1,1,1,1,0,0,1,0,0,-0.051,-0.051,0.051,0.051,-0.101,-0.101,      1803P   2381
0.101,0.101,1.,1.,1.,1.,1.48995988767082,3.62649973125005,1.,       1803P   2382
2.50995988767082,3.62649973125005,1.,1.48995988767082,              1803P   2383
5.64649973125005,1.,2.50995988767082,5.64649973125005,1.,-0.051,    1803P   2384
0.051,-0.101,0.101;                                                 1803P   2385
128,1,1,1,1,0,0,1,0,0,-0.051,-0.051,0.051,0.051,-0.101,-0.101,      1805P   2386
0.101,0.101,1.,1.,1.,1.,2.50995988767082,3.62649973125005,0.,       1805P   2387
1.48995988767082,3.62649973125005,0.,2.50995988767082,              1805P   2388
5.64649973125005,0.,1.48995988767082,5.64649973125005,0.,-0.051,    1805P   2389
0.051,-0.101,0.101;                                                 1805P   2390
128,1,1,1,1,0,0,1,0,0,-0.00100000000009615,-0.00100000000009615,    1807P   2391
0.251,0.251,-0.001,-0.001,0.101,0.101,1.,1.,1.,1.,                  1807P   2392
16.4900000596037,3.49913725374202,-0.01,19.0100000596046,           1807P   2393
3.49913725374202,-0.01,16.4900000596037,3.49913725374202,1.01,      1807P   2394
19.0100000596046,3.49913725374202,1.01,-0.00100000000009615,        1807P   2395
0.251,-0.001,0.101;                                                 1807P   2396
128,1,1,1,1,0,0,1,0,0,-0.001,-0.001,0.201,0.201,-0.001,-0.001,      1809P   2397
0.101,0.101,1.,1.,1.,1.,16.5000000596056,5.50913725374202,-0.01,    1809P   2398
16.5000000596037,3.48913725374202,-0.01,16.5000000596056,           1809P   2399
5.50913725374202,1.01,16.5000000596037,3.48913725374202,1.01,       1809P   2400
-0.001,0.201,-0.001,0.101;                                          1809P   2401
128,1,1,1,1,0,0,1,0,0,-0.001,-0.001,0.250999999999904,              1811P   2402
0.250999999999904,-0.001,-0.001,0.101,0.101,1.,1.,1.,1.,            1811P   2403
19.0100000596046,5.49913725374153,-0.01,16.4900000596056,           1811P   2404
5.49913725374395,-0.01,19.0100000596046,5.49913725374153,1.01,      1811P   2405
16.4900000596056,5.49913725374395,1.01,-0.001,0.250999999999904,    1811P   2406
-0.001,0.101;                                                       1811P   2407
128,1,1,1,1,0,0,1,0,0,-0.001,-0.001,0.200999999999952,              1813P   2408
0.200999999999952,-0.001,-0.001,0.101,0.101,1.,1.,1.,1.,            1813P   2409
19.0000000596046,3.48913725374202,-0.01,19.0000000596046,           1813P   2410
5.50913725374154,-0.01,19.0000000596046,3.48913725374202,1.01,      1813P   2411
19.0000000596046,5.50913725374154,1.01,-0.001,0.200999999999952,    1813P   2412
-0.001,0.101;                                                       1813P   2413
128,1,1,1,1,0,0,1,0,0,-0.126000000000048,-0.126000000000048,        1815P   2414
0.126000000000048,0.126000000000048,-0.101000000000096,             1815P   2415
-0.101000000000096,0.101000000000096,0.101000000000096,1.,1.,1.,    1815P   2416
1.,16.4900000596037,3.48913725374202,1.,19.0100000596046,           1815P   2417
3.48913725374202,1.,16.4900000596037,5.50913725374394,1.,           1815P   2418
19.0100000596046,5.50913725374395,1.,-0.126000000000048,            1815P   2419
0.126000000000048,-0.101000000000096,0.101000000000096;             1815P   2420
128,1,1,1,1,0,0,1,0,0,-0.126000000000048,-0.126000000000048,        1817P   2421
0.126000000000048,0.126000000000048,-0.101000000000096,             1817P   2422
-0.101000000000096,0.101000000000096,0.101000000000096,1.,1.,1.,    1817P   2423
1.,19.0100000596046,3.48913725374202,0.,16.4900000596037,           1817P   2424
3.48913725374202,0.,19.0100000596046,5.50913725374395,0.,           1817P   2425
16.4900000596037,5.50913725374394,0.,-0.126000000000048,            1817P   2426
0.126000000000048,-0.101000000000096,0.101000000000096;             1817P   2427
128,1,2,1,2,0,0,0,0,0,0.,0.,3.99999999999998,3.99999999999998,      1819P   2428
0.,0.,0.,1.57079632679489,1.57079632679489,1.57079632679489,1.,     1819P   2429
1.,0.707106781186551,0.707106781186551,1.,1.,16.5000000596046,      1819P   2430
3.49913725374202,0.,16.5000000596046,3.49913725374202,2.,           1819P   2431
16.0000000596046,3.49913725374201,0.,16.0000000596046,              1819P   2432
3.49913725374201,2.,16.0000000596046,2.99913725374201,0.,           1819P   2433
16.0000000596046,2.99913725374201,2.,0.,3.99999999999998,0.,        1819P   2434
1.57079632679489;                                                   1819P   2435
128,1,1,1,1,0,0,1,0,0,-0.001,-0.001,0.251,0.251,-0.001,-0.001,      1821P   2436
0.201,0.201,1.,1.,1.,1.,16.0000000596046,0.489137253742018,         1821P   2437
-0.01,16.0000000596046,3.00913725374202,-0.01,16.0000000596046,     1821P   2438
0.489137253742018,2.01,16.0000000596046,3.00913725374202,2.01,      1821P   2439
-0.001,0.251,-0.001,0.201;                                          1821P   2440
128,1,2,1,2,0,0,0,0,0,0.,0.,2.,2.,0.,0.,0.,1.5707963267949,         1823P   2441
1.5707963267949,1.5707963267949,1.,1.,0.707106781186547,            1823P   2442
0.707106781186547,1.,1.,15.0000000596046,-0.500862746257982,2.,     1823P   2443
15.0000000596046,-0.500862746257982,0.,16.0000000596046,            1823P   2444
-0.500862746257982,2.,16.0000000596046,-0.500862746257982,0.,       1823P   2445
16.0000000596046,0.499137253742018,2.,16.0000000596046,             1823P   2446
0.499137253742018,0.,0.,2.,0.,1.5707963267949;                      1823P   2447
128,1,1,1,1,0,0,1,0,0,-0.001,-0.001,0.100999999999878,              1825P   2448
0.100999999999878,-0.001,-0.001,0.201,0.201,1.,1.,1.,1.,            1825P   2449
13.9900000596059,-0.500862746257982,-0.01,15.0100000596046,         1825P   2450
-0.500862746257982,-0.01,13.9900000596059,-0.500862746257982,       1825P   2451
2.01,15.0100000596046,-0.500862746257982,2.01,-0.001,               1825P   2452
0.100999999999878,-0.001,0.201;                                     1825P   2453
128,1,2,1,2,0,0,0,0,0,0.,0.,1.99999999999756,1.99999999999756,      1827P   2454
0.,0.,0.,1.57079632679551,1.57079632679551,1.57079632679551,1.,     1827P   2455
1.,0.707106781186331,0.707106781186331,1.,1.,13.000000059604,       1827P   2456
0.499137253743108,2.,13.000000059604,0.499137253743108,0.,          1827P   2457
13.0000000596037,-0.500862746258418,2.,13.0000000596037,            1827P   2458
-0.500862746258418,0.,14.0000000596053,-0.500862746258112,2.,       1827P   2459
14.0000000596053,-0.500862746258112,0.,0.,1.99999999999756,0.,      1827P   2460
1.57079632679551;                                                   1827P   2461
128,1,1,1,1,0,0,1,0,0,-0.001,-0.001,0.779259718123855,              1829P   2462
0.779259718123855,-0.001,-0.001,0.201,0.201,1.,1.,1.,1.,            1829P   2463
13.000000059612,8.29173443498166,-0.01,13.000000059604,             1829P   2464
0.489137253743108,-0.01,13.000000059612,8.29173443498166,2.01,      1829P   2465
13.000000059604,0.489137253743108,2.01,-0.001,0.779259718123855,    1829P   2466
-0.001,0.201;                                                       1829P   2467
128,1,4,1,2,0,0,0,0,0,0.,0.,3.9999999999173,3.9999999999173,        1831P   2468
-2.35276080146068,-2.35276080146068,-2.35276080146068,              1831P   2469
-0.781964474669476,-0.781964474669476,0.788831852121727,            1831P   2470
0.788831852121727,0.788831852121727,1.,1.,0.707106781187853,        1831P   2471
0.707106781187853,1.,1.,0.707106781187853,0.707106781187853,1.,     1831P   2472
1.,13.0000000596363,8.28173443498166,0.,13.0000000596363,           1831P   2473
8.28173443498166,2.,13.0000000596326,8.78173443499015,0.,           1831P   2474
13.0000000596326,8.78173443499015,2.,12.5000000596241,              1831P   2475
8.78173443498831,0.,12.5000000596241,8.78173443498831,2.,           1831P   2476
12.0000000596156,8.78173443498646,0.,12.0000000596156,              1831P   2477
8.78173443498646,2.,12.0000000596156,8.28173443497797,0.,           1831P   2478
12.0000000596156,8.28173443497797,2.,0.,3.9999999999173,            1831P   2479
-2.35276080146068,0.788831852121727;                                1831P   2480
128,1,1,1,1,0,0,1,0,0,-0.001,-0.001,0.765523470372792,              1833P   2481
0.765523470372792,-0.001,-0.001,0.201,0.201,1.,1.,1.,1.,            1833P   2482
12.000000059612,0.626499731250047,-0.01,12.000000059612,            1833P   2483
8.29173443497797,-0.01,12.000000059612,0.626499731250047,2.01,      1833P   2484
12.000000059612,8.29173443497797,2.01,-0.001,0.765523470372792,     1833P   2485
-0.001,0.201;                                                       1833P   2486
128,1,2,1,2,0,0,0,0,0,0.,0.,2.,2.,0.,0.,0.,1.5707963267949,         1835P   2487
1.5707963267949,1.5707963267949,1.,1.,0.707106781186548,            1835P   2488
0.707106781186548,1.,1.,11.000000059612,-0.363500268749953,2.,      1835P   2489
11.000000059612,-0.363500268749953,0.,12.000000059612,              1835P   2490
-0.363500268749953,2.,12.000000059612,-0.363500268749953,0.,        1835P   2491
12.000000059612,0.636499731250047,2.,12.000000059612,               1835P   2492
0.636499731250047,0.,0.,2.,0.,1.5707963267949;                      1835P   2493
128,1,1,1,1,0,0,1,0,0,-0.001,-0.001,0.100999999999878,              1837P   2494
0.100999999999878,-0.001,-0.001,0.201,0.201,1.,1.,1.,1.,            1837P   2495
9.99000005961322,-0.363500268749953,-0.01,11.010000059612,          1837P   2496
-0.363500268749953,-0.01,9.99000005961322,-0.363500268749953,       1837P   2497
2.01,11.010000059612,-0.363500268749953,2.01,-0.001,                1837P   2498
0.100999999999878,-0.001,0.201;                                     1837P   2499
128,1,2,1,2,0,0,0,0,0,0.,0.,1.99999999999756,1.99999999999756,      1839P   2500
0.,0.,0.,1.5707963267949,1.5707963267949,1.5707963267949,1.,1.,     1839P   2501
0.707106781186548,0.707106781186548,1.,1.,9.00000005961201,         1839P   2502
0.636499731251266,2.,9.00000005961201,0.636499731251266,0.,         1839P   2503
9.00000005961201,-0.363500268749953,2.,9.00000005961201,            1839P   2504
-0.363500268749953,0.,10.0000000596132,-0.363500268749953,2.,       1839P   2505
10.0000000596132,-0.363500268749953,0.,0.,1.99999999999756,0.,      1839P   2506
1.5707963267949;                                                    1839P   2507
128,1,1,1,1,0,0,1,0,0,-0.001,-0.001,0.765523470373039,              1841P   2508
0.765523470373039,-0.001,-0.001,0.201,0.201,1.,1.,1.,1.,            1841P   2509
9.00000005961201,8.29173443498166,-0.01,9.00000005961201,           1841P   2510
0.626499731251265,-0.01,9.00000005961201,8.29173443498166,2.01,     1841P   2511
9.00000005961201,0.626499731251265,2.01,-0.001,                     1841P   2512
0.765523470373039,-0.001,0.201;                                     1841P   2513
128,1,4,1,2,0,0,0,0,0,0.,0.,3.99999999991728,3.99999999991728,      1843P   2514
-2.35276080146068,-2.35276080146068,-2.35276080146068,              1843P   2515
-0.781964474669479,-0.781964474669479,0.788831852121724,            1843P   2516
0.788831852121724,0.788831852121724,1.,1.,0.707106781187853,        1843P   2517
0.707106781187853,1.,1.,0.707106781187853,0.707106781187853,1.,     1843P   2518
1.,9.00000005963626,8.28173443498166,0.,9.00000005963626,           1843P   2519
8.28173443498166,2.,9.00000005963257,8.78173443499015,0.,           1843P   2520
9.00000005963257,8.78173443499015,2.,8.50000005962408,              1843P   2521
8.78173443498831,0.,8.50000005962408,8.78173443498831,2.,           1843P   2522
8.00000005961558,8.78173443498646,0.,8.00000005961558,              1843P   2523
8.78173443498646,2.,8.00000005961558,8.28173443497797,0.,           1843P   2524
8.00000005961558,8.28173443497797,2.,0.,3.99999999991728,           1843P   2525
-2.35276080146068,0.788831852121724;                                1843P   2526
128,1,1,1,1,0,0,1,0,0,-0.001,-0.001,0.765523470372792,              1845P   2527
0.765523470372792,-0.001,-0.001,0.201,0.201,1.,1.,1.,1.,            1845P   2528
8.00000005961201,0.626499731250047,-0.01,8.00000005961201,          1845P   2529
8.29173443497797,-0.01,8.00000005961201,0.626499731250047,2.01,     1845P   2530
8.00000005961201,8.29173443497797,2.01,-0.001,0.765523470372792,    1845P   2531
-0.001,0.201;                                                       1845P   2532
128,1,2,1,2,0,0,0,0,0,0.,0.,2.,2.,0.,0.,0.,1.5707963267949,         1847P   2533
1.5707963267949,1.5707963267949,1.,1.,0.707106781186548,            1847P   2534
0.707106781186548,1.,1.,7.00000005961201,-0.363500268749953,2.,     1847P   2535
7.00000005961201,-0.363500268749953,0.,8.00000005961201,            1847P   2536
-0.363500268749953,2.,8.00000005961201,-0.363500268749953,0.,       1847P   2537
8.00000005961201,0.636499731250047,2.,8.00000005961201,             1847P   2538
0.636499731250047,0.,0.,2.,0.,1.5707963267949;                      1847P   2539
128,1,1,1,1,0,0,1,0,0,-0.001,-0.001,0.100999999999878,              1849P   2540
0.100999999999878,-0.001,-0.001,0.201,0.201,1.,1.,1.,1.,            1849P   2541
5.99000005961322,-0.363500268749953,-0.01,7.01000005961201,         1849P   2542
-0.363500268749953,-0.01,5.99000005961322,-0.363500268749953,       1849P   2543
2.01,7.01000005961201,-0.363500268749953,2.01,-0.001,               1849P   2544
0.100999999999878,-0.001,0.201;                                     1849P   2545
128,1,2,1,2,0,0,0,0,0,0.,0.,1.99999999999756,1.99999999999756,      1851P   2546
0.,0.,0.,1.5707963267949,1.5707963267949,1.5707963267949,1.,1.,     1851P   2547
0.707106781186548,0.707106781186548,1.,1.,5.00000005961201,         1851P   2548
0.636499731251266,2.,5.00000005961201,0.636499731251266,0.,         1851P   2549
5.00000005961201,-0.363500268749953,2.,5.00000005961201,            1851P   2550
-0.363500268749953,0.,6.00000005961323,-0.363500268749953,2.,       1851P   2551
6.00000005961323,-0.363500268749953,0.,0.,1.99999999999756,0.,      1851P   2552
1.5707963267949;                                                    1851P   2553
128,1,1,1,1,0,0,1,0,0,-0.001,-0.001,0.765523470373039,              1853P   2554
0.765523470373039,-0.001,-0.001,0.201,0.201,1.,1.,1.,1.,            1853P   2555
5.00000005961201,8.29173443498166,-0.01,5.00000005961201,           1853P   2556
0.626499731251265,-0.01,5.00000005961201,8.29173443498166,2.01,     1853P   2557
5.00000005961201,0.626499731251265,2.01,-0.001,                     1853P   2558
0.765523470373039,-0.001,0.201;                                     1853P   2559
128,1,4,1,2,0,0,0,0,0,0.,0.,3.99999999991728,3.99999999991728,      1855P   2560
-2.35276080146068,-2.35276080146068,-2.35276080146068,              1855P   2561
-0.781964474669479,-0.781964474669479,0.788831852121724,            1855P   2562
0.788831852121724,0.788831852121724,1.,1.,0.707106781187853,        1855P   2563
0.707106781187853,1.,1.,0.707106781187853,0.707106781187853,1.,     1855P   2564
1.,5.00000005963626,8.28173443498166,0.,5.00000005963626,           1855P   2565
8.28173443498166,2.,5.00000005963257,8.78173443499015,0.,           1855P   2566
5.00000005963257,8.78173443499015,2.,4.50000005962408,              1855P   2567
8.78173443498831,0.,4.50000005962408,8.78173443498831,2.,           1855P   2568
4.00000005961558,8.78173443498646,0.,4.00000005961558,              1855P   2569
8.78173443498646,2.,4.00000005961558,8.28173443497797,0.,           1855P   2570
4.00000005961558,8.28173443497797,2.,0.,3.99999999991728,           1855P   2571
-2.35276080146068,0.788831852121724;                                1855P   2572
128,1,1,1,1,0,0,1,0,0,-0.001,-0.001,0.365523470372793,              1857P   2573
0.365523470372793,-0.001,-0.001,0.201,0.201,1.,1.,1.,1.,            1857P   2574
4.00000005961201,4.62649973125004,-0.01,4.00000005961201,           1857P   2575
8.29173443497797,-0.01,4.00000005961201,4.62649973125004,2.01,      1857P   2576
4.00000005961201,8.29173443497797,2.01,-0.001,0.365523470372793,    1857P   2577
-0.001,0.201;                                                       1857P   2578
128,1,2,1,2,0,0,0,0,0,0.,0.,2.00000000000001,2.00000000000001,      1859P   2579
0.,0.,0.,1.5707963267949,1.5707963267949,1.5707963267949,1.,1.,     1859P   2580
0.707106781186548,0.707106781186548,1.,1.,3.00000005961201,         1859P   2581
3.63649973125005,2.,3.00000005961201,3.63649973125005,0.,           1859P   2582
4.00000005961201,3.63649973125005,2.,4.00000005961201,              1859P   2583
3.63649973125005,0.,4.00000005961201,4.63649973125004,2.,           1859P   2584
4.00000005961201,4.63649973125004,0.,0.,2.00000000000001,0.,        1859P   2585
1.5707963267949;                                                    1859P   2586
128,1,1,1,1,0,0,1,0,0,-0.001,-0.001,0.0510040171941187,             1861P   2587
0.0510040171941187,-0.001,-0.001,0.201,0.201,1.,1.,1.,1.,           1861P   2588
2.48995988767082,3.63649973125005,-0.01,3.01000005961201,           1861P   2589
3.63649973125005,-0.01,2.48995988767082,3.63649973125005,2.01,      1861P   2590
3.01000005961201,3.63649973125005,2.01,-0.001,                      1861P   2591
0.0510040171941187,-0.001,0.201;                                    1861P   2592
128,1,1,1,1,0,0,1,0,0,-0.001,-0.001,0.201,0.201,-0.001,-0.001,      1863P   2593
0.201,0.201,1.,1.,1.,1.,2.49995988767082,5.64649973125005,-0.01,    1863P   2594
2.49995988767082,3.62649973125005,-0.01,2.49995988767082,           1863P   2595
5.64649973125005,2.01,2.49995988767082,3.62649973125005,2.01,       1863P   2596
-0.001,0.201,-0.001,0.201;                                          1863P   2597
128,1,4,1,2,0,0,0,0,0,0.,0.,3.99999999999997,3.99999999999997,      1865P   2598
0.,0.,0.,0.785438335338672,0.785438335338672,1.57087667067734,      1865P   2599
1.57087667067734,1.57087667067734,1.,1.,0.923871845756743,          1865P   2600
0.923871845756743,1.,1.,0.923871845756743,0.923871845756743,1.,     1865P   2601
1.,2.49995988767082,5.63649973125005,0.,2.49995988767082,           1865P   2602
5.63649973125005,2.,2.70707843437595,5.63648309054184,0.,           1865P   2603
2.70707843437595,5.63648309054184,2.,2.85353924699398,              1865P   2604
5.78293213640225,0.,2.85353924699398,5.78293213640225,2.,           1865P   2605
3.00000005961201,5.92938118226265,0.,3.00000005961201,              1865P   2606
5.92938118226265,2.,3.00000005961201,6.13649972963627,0.,           1865P   2607
3.00000005961201,6.13649972963627,2.,0.,3.99999999999997,0.,        1865P   2608
1.57087667067734;                                                   1865P   2609
128,1,1,1,1,0,0,1,0,0,-0.001,-0.001,0.251000000161378,              1867P   2610
0.251000000161378,-0.001,-0.001,0.201,0.201,1.,1.,1.,1.,            1867P   2611
3.00000005961201,8.64649973125005,-0.01,3.00000005961201,           1867P   2612
6.12649972963627,-0.01,3.00000005961201,8.64649973125005,2.01,      1867P   2613
3.00000005961201,6.12649972963627,2.01,-0.001,0.251000000161378,    1867P   2614
-0.001,0.201;                                                       1867P   2615
128,1,2,1,2,0,0,0,0,0,0.,0.,2.,2.,0.,0.,0.,1.5707963267949,         1869P   2616
1.5707963267949,1.5707963267949,1.,1.,0.707106781186548,            1869P   2617
0.707106781186548,1.,1.,4.00000005961201,9.63649973125005,2.,       1869P   2618
4.00000005961201,9.63649973125005,0.,3.00000005961201,              1869P   2619
9.63649973125005,2.,3.00000005961201,9.63649973125005,0.,           1869P   2620
3.00000005961201,8.63649973125005,2.,3.00000005961201,              1869P   2621
8.63649973125005,0.,0.,2.,0.,1.5707963267949;                       1869P   2622
128,1,1,1,1,0,0,1,0,0,-0.001,-0.001,0.100999999999264,              1871P   2623
0.100999999999264,-0.001,-0.001,0.201,0.201,1.,1.,1.,1.,            1871P   2624
5.01000005960464,9.63649973124897,-0.01,3.99000005961201,           1871P   2625
9.63649973125006,-0.01,5.01000005960464,9.63649973124897,2.01,      1871P   2626
3.99000005961201,9.63649973125006,2.01,-0.001,0.100999999999264,    1871P   2627
-0.001,0.201;                                                       1871P   2628
128,1,2,1,2,0,0,0,0,0,0.,0.,2.,2.,0.,0.,0.,1.57079632679026,        1873P   2629
1.57079632679026,1.57079632679026,1.,1.,0.707106781188186,          1873P   2630
0.707106781188186,1.,1.,6.00000005960465,8.63649973125004,2.,       1873P   2631
6.00000005960465,8.63649973125004,0.,6.00000005959769,              1873P   2632
9.63649973124773,2.,6.00000005959769,9.63649973124773,0.,           1873P   2633
5.00000005960001,9.63649973124541,2.,5.00000005960001,              1873P   2634
9.63649973124541,0.,0.,2.,0.,1.57079632679026;                      1873P   2635
128,1,1,1,1,0,0,1,0,0,-0.00100000000000003,-0.00100000000000003,    1875P   2636
0.751000000487062,0.751000000487062,-0.001,-0.001,0.201,0.201,      1875P   2637
1.,1.,1.,1.,6.00000005961221,1.12649972637943,-0.01,                1875P   2638
6.00000005946007,8.64649973125004,-0.01,6.00000005961221,           1875P   2639
1.12649972637943,2.01,6.00000005946007,8.64649973125004,2.01,       1875P   2640
-0.00100000000000003,0.751000000487062,-0.001,0.201;                1875P   2641
128,1,4,1,2,0,0,0,0,0,0.,0.,4.00000000000001,4.00000000000001,      1877P   2642
-1.57065674712791,-1.57065674712791,-1.57065674712791,              1877P   2643
0.000139579667002065,0.000139579667002065,1.57093590646191,         1877P   2644
1.57093590646191,1.57093590646191,1.,1.,0.707106781186544,          1877P   2645
0.707106781186544,1.,1.,0.707106781186544,0.707106781186544,1.,     1877P   2646
1.,6.00000005961201,1.13649972637943,0.,6.00000005961201,           1877P   2647
1.13649972637943,2.,6.00000005961201,0.636499726379431,0.,          1877P   2648
6.00000005961201,0.636499726379431,2.,6.50000005961201,             1877P   2649
0.636499726379426,0.,6.50000005961201,0.636499726379426,2.,         1877P   2650
7.00000005961201,0.636499726379421,0.,7.00000005961201,             1877P   2651
0.636499726379421,2.,7.00000005961201,1.13649972637943,0.,          1877P   2652
7.00000005961201,1.13649972637943,2.,0.,4.00000000000001,           1877P   2653
-1.57065674712791,1.57093590646191;                                 1877P   2654
128,1,1,1,1,0,0,1,0,0,-0.00100000000000011,-0.00100000000000011,    1879P   2655
0.751000000487062,0.751000000487062,-0.001,-0.001,0.201,0.201,      1879P   2656
1.,1.,1.,1.,7.00000005961201,8.64649973125005,-0.01,                1879P   2657
7.00000005961201,1.12649972637943,-0.01,7.00000005961201,           1879P   2658
8.64649973125005,2.01,7.00000005961201,1.12649972637943,2.01,       1879P   2659
-0.00100000000000011,0.751000000487062,-0.001,0.201;                1879P   2660
128,1,2,1,2,0,0,0,0,0,0.,0.,2.,2.,0.,0.,0.,1.5707963267949,         1881P   2661
1.5707963267949,1.5707963267949,1.,1.,0.707106781186548,            1881P   2662
0.707106781186548,1.,1.,8.00000005961201,9.63649973125005,2.,       1881P   2663
8.00000005961201,9.63649973125005,0.,7.00000005961201,              1881P   2664
9.63649973125005,2.,7.00000005961201,9.63649973125005,0.,           1881P   2665
7.00000005961201,8.63649973125005,2.,7.00000005961201,              1881P   2666
8.63649973125005,0.,0.,2.,0.,1.5707963267949;                       1881P   2667
128,1,1,1,1,0,0,1,0,0,-0.001,-0.001,0.100999999999264,              1883P   2668
0.100999999999264,-0.001,-0.001,0.201,0.201,1.,1.,1.,1.,            1883P   2669
9.01000005960464,9.63649973124897,-0.01,7.99000005961201,           1883P   2670
9.63649973125006,-0.01,9.01000005960464,9.63649973124897,2.01,      1883P   2671
7.99000005961201,9.63649973125006,2.01,-0.001,0.100999999999264,    1883P   2672
-0.001,0.201;                                                       1883P   2673
128,1,2,1,2,0,0,0,0,0,0.,0.,2.,2.,0.,0.,0.,1.57079632679026,        1885P   2674
1.57079632679026,1.57079632679026,1.,1.,0.707106781188186,          1885P   2675
0.707106781188186,1.,1.,10.0000000596046,8.63649973125004,2.,       1885P   2676
10.0000000596046,8.63649973125004,0.,10.0000000595977,              1885P   2677
9.63649973124773,2.,10.0000000595977,9.63649973124773,0.,           1885P   2678
9.00000005960001,9.63649973124541,2.,9.00000005960001,              1885P   2679
9.63649973124541,0.,0.,2.,0.,1.57079632679026;                      1885P   2680
128,1,1,1,1,0,0,1,0,0,-0.00100000000000003,-0.00100000000000003,    1887P   2681
0.751000000487062,0.751000000487062,-0.001,-0.001,0.201,0.201,      1887P   2682
1.,1.,1.,1.,10.0000000596122,1.12649972637943,-0.01,                1887P   2683
10.0000000594601,8.64649973125004,-0.01,10.0000000596122,           1887P   2684
1.12649972637943,2.01,10.0000000594601,8.64649973125004,2.01,       1887P   2685
-0.00100000000000003,0.751000000487062,-0.001,0.201;                1887P   2686
128,1,4,1,2,0,0,0,0,0,0.,0.,4.00000000000001,4.00000000000001,      1889P   2687
-1.57065674712791,-1.57065674712791,-1.57065674712791,              1889P   2688
0.000139579666998957,0.000139579666998957,1.57093590646191,         1889P   2689
1.57093590646191,1.57093590646191,1.,1.,0.707106781186544,          1889P   2690
0.707106781186544,1.,1.,0.707106781186544,0.707106781186544,1.,     1889P   2691
1.,10.000000059612,1.13649972637943,0.,10.000000059612,             1889P   2692
1.13649972637943,2.,10.000000059612,0.63649972637943,0.,            1889P   2693
10.000000059612,0.63649972637943,2.,10.500000059612,                1889P   2694
0.636499726379426,0.,10.500000059612,0.636499726379426,2.,          1889P   2695
11.000000059612,0.636499726379422,0.,11.000000059612,               1889P   2696
0.636499726379422,2.,11.000000059612,1.13649972637943,0.,           1889P   2697
11.000000059612,1.13649972637943,2.,0.,4.00000000000001,            1889P   2698
-1.57065674712791,1.57093590646191;                                 1889P   2699
128,1,1,1,1,0,0,1,0,0,-0.00100000000000011,-0.00100000000000011,    1891P   2700
0.751000000487062,0.751000000487062,-0.001,-0.001,0.201,0.201,      1891P   2701
1.,1.,1.,1.,11.000000059612,8.64649973125005,-0.01,                 1891P   2702
11.000000059612,1.12649972637943,-0.01,11.000000059612,             1891P   2703
8.64649973125005,2.01,11.000000059612,1.12649972637943,2.01,        1891P   2704
-0.00100000000000011,0.751000000487062,-0.001,0.201;                1891P   2705
128,1,2,1,2,0,0,0,0,0,0.,0.,2.,2.,0.,0.,0.,1.5707963267949,         1893P   2706
1.5707963267949,1.5707963267949,1.,1.,0.707106781186548,            1893P   2707
0.707106781186548,1.,1.,12.000000059612,9.63649973125005,2.,        1893P   2708
12.000000059612,9.63649973125005,0.,11.000000059612,                1893P   2709
9.63649973125005,2.,11.000000059612,9.63649973125005,0.,            1893P   2710
11.000000059612,8.63649973125005,2.,11.000000059612,                1893P   2711
8.63649973125005,0.,0.,2.,0.,1.5707963267949;                       1893P   2712
128,1,1,1,1,0,0,1,0,0,-0.001,-0.001,0.100999999999264,              1895P   2713
0.100999999999264,-0.001,-0.001,0.201,0.201,1.,1.,1.,1.,            1895P   2714
13.0100000596046,9.63649973124897,-0.01,11.990000059612,            1895P   2715
9.63649973125006,-0.01,13.0100000596046,9.63649973124897,2.01,      1895P   2716
11.990000059612,9.63649973125006,2.01,-0.001,0.100999999999264,     1895P   2717
-0.001,0.201;                                                       1895P   2718
128,1,2,1,2,0,0,0,0,0,0.,0.,2.,2.,0.,0.,0.,1.57079632679026,        1897P   2719
1.57079632679026,1.57079632679026,1.,1.,0.707106781188186,          1897P   2720
0.707106781188186,1.,1.,14.0000000596046,8.63649973125004,2.,       1897P   2721
14.0000000596046,8.63649973125004,0.,14.0000000595977,              1897P   2722
9.63649973124773,2.,14.0000000595977,9.63649973124773,0.,           1897P   2723
13.0000000596,9.63649973124541,2.,13.0000000596,                    1897P   2724
9.63649973124541,0.,0.,2.,0.,1.57079632679026;                      1897P   2725
128,1,1,1,1,0,0,1,0,0,-0.00100000000000006,-0.00100000000000006,    1899P   2726
0.76473624823786,0.76473624823786,-0.001,-0.001,0.201,0.201,1.,     1899P   2727
1.,1.,1.,14.0000000596046,0.989137248871447,-0.01,                  1899P   2728
14.0000000596046,8.64649973125005,-0.01,14.0000000596046,           1899P   2729
0.989137248871447,2.01,14.0000000596046,8.64649973125005,2.01,      1899P   2730
-0.00100000000000006,0.76473624823786,-0.001,0.201;                 1899P   2731
128,1,4,1,2,0,0,0,0,0,0.,0.,4.00000000000001,4.00000000000001,      1901P   2732
-1.57065674712791,-1.57065674712791,-1.57065674712791,              1901P   2733
0.000139579667001177,0.000139579667001177,1.57093590646191,         1901P   2734
1.57093590646191,1.57093590646191,1.,1.,0.707106781186543,          1901P   2735
0.707106781186543,1.,1.,0.707106781186543,0.707106781186543,1.,     1901P   2736
1.,14.0000000596047,0.999137248871458,0.,14.0000000596047,          1901P   2737
0.999137248871458,2.,14.0000000596046,0.499137248871453,0.,         1901P   2738
14.0000000596046,0.499137248871453,2.,14.5000000596047,             1901P   2739
0.499137248871448,0.,14.5000000596047,0.499137248871448,2.,         1901P   2740
15.0000000596047,0.499137248871443,0.,15.0000000596047,             1901P   2741
0.499137248871443,2.,15.0000000596047,0.999137248871448,0.,         1901P   2742
15.0000000596047,0.999137248871448,2.,0.,4.00000000000001,          1901P   2743
-1.57065674712791,1.57093590646191;                                 1901P   2744
128,1,1,1,1,0,0,1,0,0,-0.001,-0.001,0.351000000487394,              1903P   2745
0.351000000487394,-0.001,-0.001,0.201,0.201,1.,1.,1.,1.,            1903P   2746
15.000000059608,4.50913725374539,-0.01,15.0000000596046,            1903P   2747
0.989137248871448,-0.01,15.000000059608,4.50913725374539,2.01,      1903P   2748
15.0000000596046,0.989137248871448,2.01,-0.001,                     1903P   2749
0.351000000487394,-0.001,0.201;                                     1903P   2750
128,1,2,1,2,0,0,0,0,0,0.,0.,2.,2.,-1.26217744835362D-28,            1905P   2751
-1.26217744835362D-28,-1.26217744835362D-28,1.5707963267949,        1905P   2752
1.5707963267949,1.5707963267949,1.,1.,0.707106781186548,            1905P   2753
0.707106781186548,1.,1.,16.000000059609,5.49913725374443,2.,        1905P   2754
16.000000059609,5.49913725374443,0.,15.000000059609,                1905P   2755
5.49913725374539,2.,15.000000059609,5.49913725374539,0.,            1905P   2756
15.000000059608,4.49913725374539,2.,15.000000059608,                1905P   2757
4.49913725374539,0.,0.,2.,-1.26217744835362D-28,1.5707963267949;    1905P   2758
128,1,1,1,1,0,0,1,0,0,-0.001,-0.001,0.0509999999996621,             1907P   2759
0.0509999999996621,-0.001,-0.001,0.201,0.201,1.,1.,1.,1.,           1907P   2760
16.5100000596056,5.49913725374393,-0.01,15.990000059609,            1907P   2761
5.49913725374443,-0.01,16.5100000596056,5.49913725374393,2.01,      1907P   2762
15.990000059609,5.49913725374443,2.01,-0.001,0.0509999999996621,    1907P   2763
-0.001,0.201;                                                       1907P   2764
128,1,1,1,1,0,0,1,0,0,-0.00100000000000006,-0.00100000000000006,    1909P   2765
0.201,0.201,-0.001,-0.001,0.201,0.201,1.,1.,1.,1.,                  1909P   2766
16.5000000596037,3.48913725374202,-0.01,16.5000000596056,           1909P   2767
5.50913725374202,-0.01,16.5000000596037,3.48913725374202,2.01,      1909P   2768
16.5000000596056,5.50913725374202,2.01,-0.00100000000000006,        1909P   2769
0.201,-0.001,0.201;                                                 1909P   2770
128,1,1,1,1,0,0,1,0,0,-0.701002008596739,-0.701002008596739,        1911P   2771
0.701002008596739,0.701002008596739,-0.507868123875469,             1911P   2772
-0.507868123875469,0.507868123875408,0.507868123875408,1.,1.,1.,    1911P   2773
1.,2.48995988767082,-0.510862746258725,2.,16.5100000596056,         1911P   2774
-0.510862746258725,2.,2.48995988767082,9.64649973125005,2.,         1911P   2775
16.5100000596056,9.64649973125005,2.,-0.701002008596739,            1911P   2776
0.701002008596739,-0.507868123875469,0.507868123875408;             1911P   2777
128,1,1,1,1,0,0,1,0,0,-0.701002008596739,-0.701002008596739,        1913P   2778
0.701002008596739,0.701002008596739,-0.507868123875469,             1913P   2779
-0.507868123875469,0.507868123875408,0.507868123875408,1.,1.,1.,    1913P   2780
1.,16.5100000596056,-0.510862746258725,0.,2.48995988767082,         1913P   2781
-0.510862746258725,0.,16.5100000596056,9.64649973125005,0.,         1913P   2782
2.48995988767082,9.64649973125005,0.,-0.701002008596739,            1913P   2783
0.701002008596739,-0.507868123875469,0.507868123875408;             1913P   2784
128,1,1,1,1,0,0,1,0,0,-0.001,-0.001,1.031,1.031,-0.001,-0.001,      1915P   2785
0.061,0.061,1.,1.,1.,1.,10.31,10.,-0.01,-0.0099999999999989,10.,    1915P   2786
-0.01,10.31,10.,0.61,-0.0099999999999989,10.,0.61,-0.001,1.031,     1915P   2787
-0.001,0.061;                                                       1915P   2788
128,1,1,1,1,0,0,1,0,0,-0.001,-0.001,1.001,1.001,-0.001,-0.001,      1917P   2789
0.061,0.061,1.,1.,1.,1.,10.3,-0.01,-0.01,10.3,10.01,-0.01,10.3,     1917P   2790
-0.01,0.61,10.3,10.01,0.61,-0.001,1.001,-0.001,0.061;               1917P   2791
128,1,1,1,1,0,0,1,0,0,-0.001,-0.001,1.031,1.031,-0.001,-0.001,      1919P   2792
0.061,0.061,1.,1.,1.,1.,-0.01,8.41425703858501D-35,-0.01,10.31,     1919P   2793
-8.67509900678115D-32,-0.01,-0.01,8.41425703858501D-35,0.61,        1919P   2794
10.31,-8.67509900678115D-32,0.61,-0.001,1.031,-0.001,0.061;         1919P   2795
128,1,1,1,1,0,0,1,0,0,-0.001,-0.001,1.001,1.001,-0.001,-0.001,      1921P   2796
0.061,0.061,1.,1.,1.,1.,-1.73507028689846D-32,10.01,-0.01,          1921P   2797
1.73333694994824D-35,-0.0099999999999989,-0.01,                     1921P   2798
-1.73507028689846D-32,10.01,0.61,1.73333694994824D-35,              1921P   2799
-0.0099999999999989,0.61,-0.001,1.001,-0.001,0.061;                 1921P   2800
128,1,1,1,1,0,0,1,0,0,-0.516,-0.516,0.516,0.516,-0.501,-0.501,      1923P   2801
0.501,0.501,1.,1.,1.,1.,-0.01,-0.01,0.6,10.31,-0.01,0.6,-0.01,      1923P   2802
10.01,0.6,10.31,10.01,0.6,-0.516,0.516,-0.501,0.501;                1923P   2803
128,1,1,1,1,0,0,1,0,0,-0.516,-0.516,0.516,0.516,-0.501,-0.501,      1925P   2804
0.501,0.501,1.,1.,1.,1.,10.31,-0.01,0.,-0.01,-0.01,0.,10.31,        1925P   2805
10.01,0.,-0.01,10.01,0.,-0.516,0.516,-0.501,0.501;                  1925P   2806
128,1,1,1,1,0,0,1,0,0,-2.901,-2.901,2.92795195397612,               1927P   2807
2.92795195397612,-0.931000000000001,-0.931000000000001,             1927P   2808
0.931000000000002,0.931000000000002,1.,1.,1.,1.,                    1927P   2809
-31.8409849682659,20.0100003278256,8.1,26.4485345714954,            1927P   2810
20.0100003278256,8.1,-31.8409849682659,1.39000032782552,8.1,        1927P   2811
26.4485345714954,1.39000032782552,8.1,-2.901,2.92795195397612,      1927P   2812
-0.931000000000001,0.931000000000002;                               1927P   2813
128,1,4,1,2,0,0,0,0,0,0.,0.,0.75268817204301,0.75268817204301,      1929P   2814
0.,0.,0.,1.5707963267949,1.5707963267949,3.14159265358979,          1929P   2815
3.14159265358979,3.14159265358979,1.,1.,0.707106781186548,          1929P   2816
0.707106781186548,1.,1.,0.707106781186548,0.707106781186548,1.,     1929P   2817
1.,17.1385345714954,1.40000032782554,1.1,17.1385345714954,          1929P   2818
1.40000032782554,8.1,26.4385345714954,1.40000032782555,1.1,         1929P   2819
26.4385345714954,1.40000032782555,8.1,26.4385345714954,             1929P   2820
10.7000003278256,1.1,26.4385345714954,10.7000003278256,8.1,         1929P   2821
26.4385345714954,20.0000003278256,1.1,26.4385345714954,             1929P   2822
20.0000003278256,8.1,17.1385345714954,20.0000003278256,1.1,         1929P   2823
17.1385345714954,20.0000003278256,8.1,0.,0.75268817204301,0.,       1929P   2824
3.14159265358979;                                                   1929P   2825
128,1,1,1,1,0,0,1,0,0,-0.001,-0.001,3.941,3.941,-0.001,-0.001,      1931P   2826
0.701,0.701,1.,1.,1.,1.,17.1485345714954,1.40000032782554,1.09,     1931P   2827
-22.2714654285046,1.40000032782554,1.09,17.1485345714954,           1931P   2828
1.40000032782554,8.11,-22.2714654285046,1.40000032782554,8.11,      1931P   2829
-0.001,3.941,-0.001,0.701;                                          1931P   2830
128,1,4,1,2,0,0,0,0,0,0.,0.,0.75268817204301,0.75268817204301,      1933P   2831
-9.55030558817338D-16,-9.55030558817338D-16,                        1933P   2832
-9.55030558817338D-16,1.5707963267949,1.5707963267949,              1933P   2833
3.14159265358979,3.14159265358979,3.14159265358979,1.,1.,           1933P   2834
0.707106781186547,0.707106781186547,1.,1.,0.707106781186547,        1933P   2835
0.707106781186547,1.,1.,-22.2614654285046,20.0000003278255,1.1,     1933P   2836
-22.2614654285046,20.0000003278255,8.1,-31.5614654285047,           1933P   2837
20.0000003278255,1.1,-31.5614654285047,20.0000003278255,8.1,        1933P   2838
-31.5614654285046,10.7000003278255,1.1,-31.5614654285046,           1933P   2839
10.7000003278255,8.1,-31.5614654285046,1.40000032782551,1.1,        1933P   2840
-31.5614654285046,1.40000032782551,8.1,-22.2614654285046,           1933P   2841
1.40000032782552,1.1,-22.2614654285046,1.40000032782552,8.1,0.,     1933P   2842
0.75268817204301,-9.55030558817338D-16,3.14159265358979;            1933P   2843
128,1,4,1,2,0,0,0,0,0,0.750000000000001,0.750000000000001,          1935P   2844
1.66666666666667,1.66666666666667,0.,0.,0.,1.5707963267949,         1935P   2845
1.5707963267949,3.14159265358979,3.14159265358979,                  1935P   2846
3.14159265358979,1.,1.,0.707106781186548,0.707106781186548,1.,      1935P   2847
1.,0.707106781186548,0.707106781186548,1.,1.,17.1231432995209,      1935P   2848
2.40000032782556,8.1,17.1231432995209,2.40000032782556,18.,         1935P   2849
25.9231432995209,2.40000032782557,8.1,25.9231432995209,             1935P   2850
2.40000032782557,18.,25.9231432995209,11.2000003278256,8.1,         1935P   2851
25.9231432995209,11.2000003278256,18.,25.9231432995209,             1935P   2852
20.0000003278255,8.1,25.9231432995209,20.0000003278255,18.,         1935P   2853
17.1231432995209,20.0000003278255,8.1,17.1231432995209,             1935P   2854
20.0000003278255,18.,0.750000000000001,1.66666666666667,0.,         1935P   2855
3.14159265358979;                                                   1935P   2856
128,1,1,1,1,0,0,1,0,0,-0.001,-0.001,3.941,3.941,0.809,0.809,        1937P   2857
1.301,1.301,1.,1.,1.,1.,17.1331432995209,2.40000032782556,8.09,     1937P   2858
-22.2868567004791,2.40000032782555,8.09,17.1331432995209,           1937P   2859
2.40000032782556,13.01,-22.2868567004791,2.40000032782555,13.01,    1937P   2860
-0.001,3.941,0.809,1.301;                                           1937P   2861
128,1,4,1,2,0,0,0,0,0,0.277777777777778,0.277777777777778,          1939P   2862
1.66666666666667,1.66666666666667,-1.76172430697043,                1939P   2863
-1.76172430697043,-1.76172430697043,-0.190927980175533,             1939P   2864
-0.190927980175533,1.37986834661936,1.37986834661936,               1939P   2865
1.37986834661936,1.,1.,0.707106781186548,0.707106781186548,1.,      1939P   2866
1.,0.707106781186548,0.707106781186548,1.,1.,-22.2768567004791,     1939P   2867
20.0000003278255,3.,-22.2768567004791,20.0000003278255,18.,         1939P   2868
-31.0768567004791,20.0000003278255,3.,-31.0768567004791,            1939P   2869
20.0000003278255,18.,-31.0768567004791,11.2000003278255,3.,         1939P   2870
-31.0768567004791,11.2000003278255,18.,-31.0768567004791,           1939P   2871
2.40000032782554,3.,-31.0768567004791,2.40000032782554,18.,         1939P   2872
-22.2768567004791,2.40000032782554,3.,-22.2768567004791,            1939P   2873
2.40000032782554,18.,0.277777777777778,1.66666666666667,            1939P   2874
-1.76172430697043,1.37986834661936;                                 1939P   2875
128,1,1,1,1,0,0,1,0,0,-0.00100000000000003,-0.00100000000000003,    1941P   2876
0.121,0.121,0.872097932651315,0.872097932651315,                    1941P   2877
1.07538354417778,1.07538354417778,1.,1.,1.,1.,-30.9978360269922,    1941P   2878
12.3000003278256,15.49,-30.9978360269922,12.3000003278256,16.71,    1941P   2879
-33.0306921422568,12.3000003278256,15.49,-33.0306921422568,         1941P   2880
12.3000003278255,16.71,-0.00100000000000003,0.121,                  1941P   2881
0.872097932651315,1.07538354417778;                                 1941P   2882
128,1,1,1,1,0,0,1,0,0,-0.00100000000000031,-0.00100000000000031,    1943P   2883
0.121,0.121,-5.01538354417777,-5.01538354417777,                    1943P   2884
-4.81209793265131,-4.81209793265131,1.,1.,1.,1.,                    1943P   2885
27.8769787412987,12.3000003278256,15.49,27.8769787412987,           1943P   2886
12.3000003278256,16.71,25.8441226260341,12.3000003278256,15.49,     1943P   2887
25.8441226260341,12.3000003278256,16.71,-0.00100000000000031,       1943P   2888
0.121,-5.01538354417777,-4.81209793265131;                          1943P   2889
128,1,1,1,1,0,0,1,0,0,-0.00100000000000015,-0.00100000000000015,    1945P   2890
0.221,0.221,0.872097932651315,0.872097932651315,                    1945P   2891
1.08664581645063,1.08664581645063,1.,1.,1.,1.,-30.9978360269922,    1945P   2892
12.3100003278256,16.7,-30.9978360269922,10.0900003278255,16.7,      1945P   2893
-33.1433148649853,12.3100003278256,16.7,-33.1433148649853,          1945P   2894
10.0900003278255,16.7,-0.00100000000000015,0.221,                   1945P   2895
0.872097932651315,1.08664581645063;                                 1945P   2896
128,1,1,1,1,0,0,1,0,0,-0.000999999999999816,                        1947P   2897
-0.000999999999999816,0.221,0.221,-5.02664581645063,                1947P   2898
-5.02664581645063,-4.81209793265131,-4.81209793265131,1.,1.,1.,     1947P   2899
1.,27.9896014640272,12.3100003278256,16.7,27.9896014640272,         1947P   2900
10.0900003278256,16.7,25.8441226260341,12.3100003278256,16.7,       1947P   2901
25.8441226260341,10.0900003278256,16.7,-0.000999999999999816,       1947P   2902
0.221,-5.02664581645063,-4.81209793265131;                          1947P   2903
128,1,1,1,1,0,0,1,0,0,-0.00100000000000007,-0.00100000000000007,    1949P   2904
0.221,0.221,0.872097932651315,0.872097932651315,                    1949P   2905
1.08664581645063,1.08664581645063,1.,1.,1.,1.,-30.9978360269922,    1949P   2906
10.0900003278255,15.5,-30.9978360269922,12.3100003278256,15.5,      1949P   2907
-33.1433148649853,10.0900003278255,15.5,-33.1433148649853,          1949P   2908
12.3100003278256,15.5,-0.00100000000000007,0.221,                   1949P   2909
0.872097932651315,1.08664581645063;                                 1949P   2910
128,1,1,1,1,0,0,1,0,0,-0.00100000000000015,-0.00100000000000015,    1951P   2911
0.121,0.121,0.872097932651316,0.872097932651316,                    1951P   2912
1.07538354417778,1.07538354417778,1.,1.,1.,1.,-30.9978360269922,    1951P   2913
10.1000003278256,16.71,-30.9978360269922,10.1000003278256,15.49,    1951P   2914
-33.0306921422568,10.1000003278256,16.71,-33.0306921422568,         1951P   2915
10.1000003278255,15.49,-0.00100000000000015,0.121,                  1951P   2916
0.872097932651316,1.07538354417778;                                 1951P   2917
128,1,1,1,1,0,0,1,0,0,-0.000999999999999913,                        1953P   2918
-0.000999999999999913,0.121000000000001,0.121000000000001,          1953P   2919
-5.01538354417778,-5.01538354417778,-4.81209793265131,              1953P   2920
-4.81209793265131,1.,1.,1.,1.,27.8769787412987,10.1000003278256,    1953P   2921
16.71,27.8769787412987,10.1000003278256,15.49,25.8441226260341,     1953P   2922
10.1000003278256,16.71,25.8441226260341,10.1000003278256,15.49,     1953P   2923
-0.000999999999999913,0.121000000000001,-5.01538354417778,          1953P   2924
-4.81209793265131;                                                  1953P   2925
128,1,1,1,1,0,0,1,0,0,-0.00100000000000044,-0.00100000000000044,    1955P   2926
0.221,0.221,-5.02664581645063,-5.02664581645063,                    1955P   2927
-4.81209793265131,-4.81209793265131,1.,1.,1.,1.,                    1955P   2928
27.9896014640272,10.0900003278256,15.5,27.9896014640272,            1955P   2929
12.3100003278256,15.5,25.8441226260341,10.0900003278256,15.5,       1955P   2930
25.8441226260341,12.3100003278256,15.5,-0.00100000000000044,        1955P   2931
0.221,-5.02664581645063,-4.81209793265131;                          1955P   2932
128,1,1,1,1,0,0,1,0,0,-0.001,-0.001,0.121,0.121,                    1957P   2933
-0.00100000000000069,-0.00100000000000069,0.200999999999999,        1957P   2934
0.200999999999999,1.,1.,1.,1.,-22.2768567004791,                    1957P   2935
0.390000327825543,14.21,-22.2768567004791,0.390000327825543,        1957P   2936
12.99,-22.2768567004791,2.41000032782554,14.21,                     1957P   2937
-22.2768567004791,2.41000032782554,12.99,-0.001,0.121,              1957P   2938
-0.00100000000000069,0.200999999999999;                             1957P   2939
128,1,1,1,1,0,0,1,0,0,-0.001,-0.001,0.121,0.121,1.959,1.959,        1959P   2940
2.161,2.161,1.,1.,1.,1.,-22.2768567004791,19.9900003278255,         1959P   2941
14.21,-22.2768567004791,19.9900003278255,12.99,                     1959P   2942
-22.2768567004791,22.0100003278255,14.21,-22.2768567004791,         1959P   2943
22.0100003278255,12.99,-0.001,0.121,1.959,2.161;                    1959P   2944
128,1,1,1,1,0,0,1,0,0,-0.001,-0.001,3.941,3.941,                    1961P   2945
-0.00100000000000025,-0.00100000000000025,0.201,0.201,1.,1.,1.,     1961P   2946
1.,17.1331432995209,0.39000032782556,14.2,-22.2868567004791,        1961P   2947
0.390000327825547,14.1999999999999,17.1331432995209,                1961P   2948
2.41000032782557,14.2,-22.2868567004791,2.41000032782555,           1961P   2949
14.1999999999999,-0.001,3.941,-0.00100000000000025,0.201;           1961P   2950
128,1,1,1,1,0,0,1,0,0,-0.00100000000000019,-0.00100000000000019,    1963P   2951
3.941,3.941,1.959,1.959,2.161,2.161,1.,1.,1.,1.,                    1963P   2952
17.1331432995209,19.9900003278255,14.2,-22.2868567004791,           1963P   2953
19.9900003278255,14.1999999999999,17.1331432995209,                 1963P   2954
22.0100003278256,14.2,-22.2868567004791,22.0100003278255,           1963P   2955
14.1999999999999,-0.00100000000000019,3.941,1.959,2.161;            1963P   2956
128,1,1,1,1,0,0,1,0,0,-0.00099999999999994,-0.00099999999999994,    1965P   2957
2.941,2.941,-0.00100000000000025,-0.00100000000000025,0.201,        1965P   2958
0.201,1.,1.,1.,1.,-22.2868567004791,0.390000327825547,13.,          1965P   2959
7.13314329952094,0.390000327825557,13.,-22.2868567004791,           1965P   2960
2.41000032782555,13.,7.13314329952094,2.41000032782556,13.,         1965P   2961
-0.00099999999999994,2.941,-0.00100000000000025,0.201;              1965P   2962
128,1,1,1,1,0,0,1,0,0,-0.001,-0.001,0.521,0.521,-0.001,-0.001,      1967P   2963
0.201,0.201,1.,1.,1.,1.,17.1231432995209,0.390000327825563,8.99,    1967P   2964
17.1231432995209,0.390000327825563,14.21,17.1231432995209,          1967P   2965
2.41000032782557,8.99,17.1231432995209,2.41000032782557,14.21,      1967P   2966
-0.001,0.521,-0.001,0.201;                                          1967P   2967
128,1,1,1,1,0,0,1,0,0,-0.001,-0.001,0.521,0.521,1.959,1.959,        1969P   2968
2.161,2.161,1.,1.,1.,1.,17.1231432995209,19.9900003278255,8.99,     1969P   2969
17.1231432995209,19.9900003278255,14.21,17.1231432995209,           1969P   2970
22.0100003278255,8.99,17.1231432995209,22.0100003278255,14.21,      1969P   2971
-0.001,0.521,1.959,2.161;                                           1969P   2972
128,1,1,1,1,0,0,1,0,0,-0.001,-0.001,0.400999999999998,              1971P   2973
0.400999999999998,-0.001,-0.001,0.201,0.201,1.,1.,1.,1.,            1971P   2974
7.12314329952094,0.39000032782556,13.01,7.12314329952093,           1971P   2975
0.39000032782556,8.99,7.12314329952093,2.41000032782556,13.01,      1971P   2976
7.12314329952093,2.41000032782556,8.99,-0.001,0.400999999999998,    1971P   2977
-0.001,0.201;                                                       1971P   2978
128,1,1,1,1,0,0,1,0,0,-0.00100000000000007,-0.00100000000000007,    1973P   2979
1.001,1.001,-0.001,-0.001,0.201,0.201,1.,1.,1.,1.,                  1973P   2980
7.11314329952093,0.390000327825559,9.,17.1331432995209,             1973P   2981
0.390000327825563,9.,7.11314329952093,2.41000032782556,9.,          1973P   2982
17.1331432995209,2.41000032782557,9.,-0.00100000000000007,1.001,    1973P   2983
-0.001,0.201;                                                       1973P   2984
128,1,1,1,1,0,0,1,0,0,-0.00100000000000006,-0.00100000000000006,    1975P   2985
1.001,1.001,1.959,1.959,2.161,2.161,1.,1.,1.,1.,                    1975P   2986
7.11314329952093,19.9900003278255,9.,17.1331432995209,              1975P   2987
19.9900003278255,9.,7.11314329952093,22.0100003278255,9.,           1975P   2988
17.1331432995209,22.0100003278256,9.,-0.00100000000000006,1.001,    1975P   2989
1.959,2.161;                                                        1975P   2990
128,1,1,1,1,0,0,1,0,0,-0.001,-0.001,2.941,2.941,1.959,1.959,        1977P   2991
2.161,2.161,1.,1.,1.,1.,-22.2868567004791,19.9900003278255,13.,     1977P   2992
7.13314329952093,19.9900003278255,13.,-22.2868567004791,            1977P   2993
22.0100003278255,13.,7.13314329952093,22.0100003278256,13.,         1977P   2994
-0.001,2.941,1.959,2.161;                                           1977P   2995
128,1,1,1,1,0,0,1,0,0,-0.001,-0.001,0.400999999999998,              1979P   2996
0.400999999999998,1.959,1.959,2.161,2.161,1.,1.,1.,1.,              1979P   2997
7.12314329952093,19.9900003278255,13.01,7.12314329952093,           1979P   2998
19.9900003278255,8.99,7.12314329952093,22.0100003278256,13.01,      1979P   2999
7.12314329952093,22.0100003278255,8.99,-0.001,0.400999999999998,    1979P   3000
1.959,2.161;                                                        1979P   3001
128,1,1,1,1,0,0,1,0,0,0.906685725182203,0.906685725182203,          1981P   3002
7.0086857251822,7.0086857251822,-0.00100000000000069,               1981P   3003
-0.00100000000000069,2.161,2.161,1.,1.,1.,1.,-33.0868567004791,     1981P   3004
0.390000327825539,18.,27.9331432995209,0.39000032782556,18.,        1981P   3005
-33.0868567004791,22.0100003278255,18.,27.9331432995209,            1981P   3006
22.0100003278256,18.,0.906685725182203,7.0086857251822,             1981P   3007
-0.00100000000000069,2.161;                                         1981P   3008
128,1,1,1,1,0,0,1,0,0,-0.001,-0.001,3.941,3.941,0.299,0.299,        1983P   3009
1.301,1.301,1.,1.,1.,1.,17.1331432995209,22.0000003278255,2.99,     1983P   3010
-22.2868567004791,22.0000003278255,2.99,17.1331432995209,           1983P   3011
22.0000003278255,13.01,-22.2868567004791,22.0000003278255,13.01,    1983P   3012
-0.001,3.941,0.299,1.301;                                           1983P   3013
128,1,1,1,1,0,0,1,0,0,-0.001,-0.001,3.941,3.941,                    1985P   3014
1.41899999999999,1.41899999999999,1.801,1.801,1.,1.,1.,1.,          1985P   3015
-22.2868567004791,0.400000327825547,14.1899999999999,               1985P   3016
17.1331432995209,0.400000327825565,14.1899999999999,                1985P   3017
-22.2868567004791,0.400000327825547,18.01,17.1331432995209,         1985P   3018
0.400000327825565,18.01,-0.001,3.941,1.41899999999999,1.801;        1985P   3019
128,1,1,1,1,0,0,1,0,0,-0.00100000000000022,-0.00100000000000022,    1987P   3020
3.941,3.941,1.41899999999999,1.41899999999999,1.801,1.801,1.,1.,    1987P   3021
1.,1.,-22.2868567004791,20.0000003278255,14.1899999999999,          1987P   3022
17.1331432995209,20.0000003278255,14.1899999999999,                 1987P   3023
-22.2868567004791,20.0000003278255,18.01,17.1331432995209,          1987P   3024
20.0000003278255,18.01,-0.00100000000000022,3.941,                  1987P   3025
1.41899999999999,1.801;                                             1987P   3026
128,1,1,1,1,0,0,1,0,0,-2.89946087280256,-2.89946087280256,          1989P   3027
2.90253912719744,2.90253912719744,-0.981000000000002,               1989P   3028
-0.981000000000002,0.881000000000001,0.881000000000001,1.,1.,1.,    1989P   3029
1.,-31.5714654285046,1.39000032782552,1.1,26.4485345714954,         1989P   3030
1.39000032782552,1.1,-31.5714654285046,20.0100003278256,1.1,        1989P   3031
26.4485345714954,20.0100003278256,1.1,-2.89946087280256,            1989P   3032
2.90253912719744,-0.981000000000002,0.881000000000001;              1989P   3033
128,1,8,1,2,0,1,0,0,1,0.145161290322581,0.145161290322581,          1991P   3034
0.32258064516129,0.32258064516129,-3.14159265358979,                1991P   3035
-3.14159265358979,-3.14159265358979,-1.5707963267949,               1991P   3036
-1.5707963267949,0.,0.,1.5707963267949,1.5707963267949,             1991P   3037
3.14159265358979,3.14159265358979,3.14159265358979,1.,1.,           1991P   3038
0.707106781186548,0.707106781186548,1.,1.,0.707106781186548,        1991P   3039
0.707106781186548,1.,1.,0.707106781186548,0.707106781186548,1.,     1991P   3040
1.,0.707106781186548,0.707106781186548,1.,1.,23.0231432995209,      1991P   3041
11.7000003278256,1.1,23.0231432995209,11.7000003278256,             1991P   3042
2.77555756156289D-16,23.0231432995209,5.50000032782556,1.1,         1991P   3043
23.0231432995209,5.50000032782556,2.77555756156289D-16,             1991P   3044
16.8231432995209,5.50000032782555,1.1,16.8231432995209,             1991P   3045
5.50000032782555,2.77555756156289D-16,10.6231432995209,             1991P   3046
5.50000032782556,1.1,10.6231432995209,5.50000032782556,             1991P   3047
2.77555756156289D-16,10.6231432995209,11.7000003278256,1.1,         1991P   3048
10.6231432995209,11.7000003278256,2.77555756156289D-16,             1991P   3049
10.6231432995209,17.9000003278256,1.1,10.6231432995209,             1991P   3050
17.9000003278256,2.77555756156289D-16,16.8231432995209,             1991P   3051
17.9000003278256,1.1,16.8231432995209,17.9000003278256,             1991P   3052
2.77555756156289D-16,23.0231432995209,17.9000003278256,1.1,         1991P   3053
23.0231432995209,17.9000003278256,2.77555756156289D-16,             1991P   3054
23.0231432995209,11.7000003278256,1.1,23.0231432995209,             1991P   3055
11.7000003278256,2.77555756156289D-16,0.145161290322581,            1991P   3056
0.32258064516129,-3.14159265358979,3.14159265358979;                1991P   3057
128,1,8,1,2,0,1,0,0,1,0.145161290322581,0.145161290322581,          1993P   3058
0.32258064516129,0.32258064516129,-3.14159265358979,                1993P   3059
-3.14159265358979,-3.14159265358979,-1.5707963267949,               1993P   3060
-1.5707963267949,0.,0.,1.5707963267949,1.5707963267949,             1993P   3061
3.14159265358979,3.14159265358979,3.14159265358979,1.,1.,           1993P   3062
0.707106781186548,0.707106781186548,1.,1.,0.707106781186548,        1993P   3063
0.707106781186548,1.,1.,0.707106781186548,0.707106781186548,1.,     1993P   3064
1.,0.707106781186548,0.707106781186548,1.,1.,3.62314329952093,      1993P   3065
11.7000003278256,1.1,3.62314329952093,11.7000003278256,             1993P   3066
2.77555756156289D-16,3.62314329952093,5.50000032782556,1.1,         1993P   3067
3.62314329952093,5.50000032782556,2.77555756156289D-16,             1993P   3068
-2.57685670047907,5.50000032782555,1.1,-2.57685670047907,           1993P   3069
5.50000032782555,2.77555756156289D-16,-8.77685670047907,            1993P   3070
5.50000032782556,1.1,-8.77685670047907,5.50000032782556,            1993P   3071
2.77555756156289D-16,-8.77685670047907,11.7000003278256,1.1,        1993P   3072
-8.77685670047907,11.7000003278256,2.77555756156289D-16,            1993P   3073
-8.77685670047907,17.9000003278256,1.1,-8.77685670047907,           1993P   3074
17.9000003278256,2.77555756156289D-16,-2.57685670047907,            1993P   3075
17.9000003278256,1.1,-2.57685670047907,17.9000003278256,            1993P   3076
2.77555756156289D-16,3.62314329952093,17.9000003278256,1.1,         1993P   3077
3.62314329952093,17.9000003278256,2.77555756156289D-16,             1993P   3078
3.62314329952093,11.7000003278256,1.1,3.62314329952093,             1993P   3079
11.7000003278256,2.77555756156289D-16,0.145161290322581,            1993P   3080
0.32258064516129,-3.14159265358979,3.14159265358979;                1993P   3081
128,1,8,1,2,0,1,0,0,1,0.145161290322581,0.145161290322581,          1995P   3082
0.32258064516129,0.32258064516129,-3.14159265358979,                1995P   3083
-3.14159265358979,-3.14159265358979,-1.5707963267949,               1995P   3084
-1.5707963267949,0.,0.,1.5707963267949,1.5707963267949,             1995P   3085
3.14159265358979,3.14159265358979,3.14159265358979,1.,1.,           1995P   3086
0.707106781186548,0.707106781186548,1.,1.,0.707106781186548,        1995P   3087
0.707106781186548,1.,1.,0.707106781186548,0.707106781186548,1.,     1995P   3088
1.,0.707106781186548,0.707106781186548,1.,1.,-15.7768567004791,     1995P   3089
11.7000003278256,1.1,-15.7768567004791,11.7000003278256,            1995P   3090
2.77555756156289D-16,-15.7768567004791,5.50000032782556,1.1,        1995P   3091
-15.7768567004791,5.50000032782556,2.77555756156289D-16,            1995P   3092
-21.9768567004791,5.50000032782555,1.1,-21.9768567004791,           1995P   3093
5.50000032782555,2.77555756156289D-16,-28.1768567004791,            1995P   3094
5.50000032782556,1.1,-28.1768567004791,5.50000032782556,            1995P   3095
2.77555756156289D-16,-28.1768567004791,11.7000003278256,1.1,        1995P   3096
-28.1768567004791,11.7000003278256,2.77555756156289D-16,            1995P   3097
-28.1768567004791,17.9000003278256,1.1,-28.1768567004791,           1995P   3098
17.9000003278256,2.77555756156289D-16,-21.9768567004791,            1995P   3099
17.9000003278256,1.1,-21.9768567004791,17.9000003278256,            1995P   3100
2.77555756156289D-16,-15.7768567004791,17.9000003278256,1.1,        1995P   3101
-15.7768567004791,17.9000003278256,2.77555756156289D-16,            1995P   3102
-15.7768567004791,11.7000003278256,1.1,-15.7768567004791,           1995P   3103
11.7000003278256,2.77555756156289D-16,0.145161290322581,            1995P   3104
0.32258064516129,-3.14159265358979,3.14159265358979;                1995P   3105
128,1,1,1,1,0,0,1,0,0,-0.0025391271974432,-0.0025391271974432,      1997P   3106
3.941,3.941,0.109,0.109,1.301,1.301,1.,1.,1.,1.,                    1997P   3107
-22.2868567004791,20.0000003278255,1.09,17.1485345714954,           1997P   3108
20.0000003278255,1.09,-22.2868567004791,20.0000003278255,13.01,     1997P   3109
17.1485345714954,20.0000003278255,13.01,-0.0025391271974432,        1997P   3110
3.941,0.109,1.301;                                                  1997P   3111
128,1,1,1,1,0,0,1,0,0,-0.001,-0.001,3.941,3.941,                    1999P   3112
1.41899999999999,1.41899999999999,1.801,1.801,1.,1.,1.,1.,          1999P   3113
17.1331432995209,2.40000032782556,14.1899999999999,                 1999P   3114
-22.2868567004791,2.40000032782555,14.1899999999999,                1999P   3115
17.1331432995209,2.40000032782556,18.01,-22.2868567004791,          1999P   3116
2.40000032782555,18.01,-0.001,3.941,1.41899999999999,1.801;         1999P   3117
128,1,2,1,2,0,0,0,0,0,9.84486957600852,9.84486957600852,            2001P   3118
9.85000000000004,9.85000000000004,-0.785398163397449,               2001P   3119
-0.785398163397449,-0.785398163397449,-0.780351159408873,           2001P   3120
-0.780351159408873,-0.780351159408873,1.,1.,0.999996815970532,      2001P   3121
0.999996815970532,1.,1.,-22.2614654285046,20.0000003278255,3.,      2001P   3122
-22.2768567004792,20.0000003278255,3.,-22.2614654285046,            2001P   3123
20.0000003278255,2.99747649264909,-22.2768567004792,                2001P   3124
20.0000003278255,2.99747649264909,-22.2614654285046,                2001P   3125
19.999987591728,2.99495301743782,-22.2768567004792,                 2001P   3126
19.999987591728,2.99495301743782,9.84486957600852,                  2001P   3127
9.85000000000004,-0.785398163397449,-0.780351159408873;             2001P   3128
128,2,2,2,2,0,0,0,0,0,-0.0218151988621254,-0.0218151988621254,      2003P   3129
-0.0218151988621254,0.,0.,0.,1.5707963267949,1.5707963267949,       2003P   3130
1.5707963267949,1.63320440320315,1.63320440320315,                  2003P   3131
1.63320440320315,1.,0.999940512727124,1.,0.999513193501767,         2003P   3132
0.999453735187682,0.999513193501767,1.,0.999940512727124,1.,        2003P   3133
-22.2768567004791,19.9997623858115,2.97818653141611,                2003P   3134
-22.2768567004791,20.0000003278256,2.9890919679685,                 2003P   3135
-22.2768567004791,20.0000003278256,3.,-22.5515339680639,            2003P   3136
19.9997623858115,2.97818653141611,-22.5515413952264,                2003P   3137
20.0000003278255,2.9890919679685,-22.5515413952264,                 2003P   3138
20.0000003278255,3.,-22.8256765071201,19.9826314311458,             2003P   3139
2.97818653141611,-22.8256913469861,19.9828689099457,                2003P   3140
2.9890919679685,-22.8256913469861,19.9828689099457,3.,              2003P   3141
-0.0218151988621254,0.,1.5707963267949,1.63320440320315;            2003P   3142
128,1,1,1,1,0,0,1,0,0,-0.00100000000000067,-0.00100000000000067,    2005P   3143
3.941,3.941,1.41899999999999,1.41899999999999,1.801,1.801,1.,1.,    2005P   3144
1.,1.,17.1331432995209,22.0000003278255,14.1899999999999,           2005P   3145
-22.2868567004791,22.0000003278255,14.1899999999999,                2005P   3146
17.1331432995209,22.0000003278255,18.01,-22.2868567004791,          2005P   3147
22.0000003278255,18.01,-0.00100000000000067,3.941,                  2005P   3148
1.41899999999999,1.801;                                             2005P   3149
128,1,4,1,2,0,0,0,0,0,0.277777777777778,0.277777777777778,          2007P   3150
1.66666666666667,1.66666666666667,0.,0.,0.,1.5707963267949,         2007P   3151
1.5707963267949,3.14159265358979,3.14159265358979,                  2007P   3152
3.14159265358979,1.,1.,0.707106781186548,0.707106781186548,1.,      2007P   3153
1.,0.707106781186548,0.707106781186548,1.,1.,17.1231432995209,      2007P   3154
0.400000327825565,18.,17.1231432995209,0.400000327825565,3.,        2007P   3155
27.9231432995209,0.400000327825567,18.,27.9231432995209,            2007P   3156
0.400000327825567,3.,27.9231432995209,11.2000003278256,18.,         2007P   3157
27.9231432995209,11.2000003278256,3.,27.9231432995209,              2007P   3158
22.0000003278255,18.,27.9231432995209,22.0000003278255,3.,          2007P   3159
17.1231432995209,22.0000003278255,18.,17.1231432995209,             2007P   3160
22.0000003278255,3.,0.277777777777778,1.66666666666667,0.,          2007P   3161
3.14159265358979;                                                   2007P   3162
128,2,4,2,2,0,0,0,0,0,-1.5707963267949,-1.5707963267949,            2009P   3163
-1.5707963267949,0.,0.,0.,-1.5707963267949,-1.5707963267949,        2009P   3164
-1.5707963267949,0.,0.,1.5707963267949,1.5707963267949,             2009P   3165
1.5707963267949,1.,0.707106781186549,1.,0.707106781186548,          2009P   3166
0.500000000000001,0.707106781186548,1.,0.707106781186549,1.,        2009P   3167
0.707106781186548,0.500000000000001,0.707106781186548,1.,           2009P   3168
0.707106781186549,1.,17.1231432995209,0.400000327825565,3.,         2009P   3169
17.1231432995209,0.400000327825565,-1.66533453693773D-15,           2009P   3170
17.1231432995209,3.40000032782556,0.,27.9231432995209,              2009P   3171
0.400000327825567,3.,27.9231432995209,0.400000327825567,            2009P   3172
-1.74001948069546D-15,24.9231432995209,3.40000032782557,0.,         2009P   3173
27.9231432995209,11.2000003278256,3.,27.9231432995209,              2009P   3174
11.2000003278256,-1.74001948069546D-15,24.9231432995209,            2009P   3175
11.2000003278256,0.,27.9231432995209,22.0000003278255,3.,           2009P   3176
27.9231432995209,22.0000003278255,-1.74001948069546D-15,            2009P   3177
24.9231432995209,19.0000003278255,0.,17.1231432995209,              2009P   3178
22.0000003278255,3.,17.1231432995209,22.0000003278255,              2009P   3179
-1.66533453693773D-15,17.1231432995209,19.0000003278255,0.,         2009P   3180
-1.5707963267949,0.,-1.5707963267949,1.5707963267949;               2009P   3181
128,1,2,1,2,0,0,0,0,0,-3.28333333333333,-3.28333333333333,9.85,     2011P   3182
9.85,-0.785398163397449,-0.785398163397449,-0.785398163397449,      2011P   3183
0.785398163397449,0.785398163397449,0.785398163397449,1.,1.,        2011P   3184
0.707106781186547,0.707106781186547,1.,1.,-22.2768567004791,        2011P   3185
22.0000003278255,3.,17.1231432995209,22.0000003278255,3.,           2011P   3186
-22.2768567004791,22.0000003278255,-2.22044604925031D-15,           2011P   3187
17.1231432995209,22.0000003278255,-2.22044604925031D-15,            2011P   3188
-22.2768567004791,19.0000003278255,-2.77555756156289D-16,           2011P   3189
17.1231432995209,19.0000003278255,-2.77555756156289D-16,            2011P   3190
-3.28333333333333,9.85,-0.785398163397449,0.785398163397449;        2011P   3191
128,2,4,2,2,0,0,0,0,0,-1.5707963267949,-1.5707963267949,            2013P   3192
-1.5707963267949,0.,0.,0.,-4.71238898038469,-4.71238898038469,      2013P   3193
-4.71238898038469,-3.14159265358979,-3.14159265358979,              2013P   3194
-1.5707963267949,-1.5707963267949,-1.5707963267949,1.,              2013P   3195
0.707106781186548,1.,0.707106781186548,0.5,0.707106781186548,1.,    2013P   3196
0.707106781186548,1.,0.707106781186548,0.5,0.707106781186548,1.,    2013P   3197
0.707106781186548,1.,-22.2768567004791,22.0000003278255,3.,         2013P   3198
-22.2768567004791,22.0000003278255,0.,-22.2768567004791,            2013P   3199
19.0000003278255,0.,-33.0768567004791,22.0000003278255,3.,          2013P   3200
-33.0768567004791,22.0000003278255,-9.18485099360515D-17,           2013P   3201
-30.0768567004791,19.0000003278255,0.,-33.0768567004791,            2013P   3202
11.2000003278255,3.,-33.0768567004791,11.2000003278255,             2013P   3203
-9.18485099360515D-17,-30.0768567004791,11.2000003278255,0.,        2013P   3204
-33.0768567004791,0.400000327825545,3.,-33.0768567004791,           2013P   3205
0.400000327825545,-9.18485099360515D-17,-30.0768567004791,          2013P   3206
3.40000032782555,0.,-22.2768567004791,0.400000327825543,3.,         2013P   3207
-22.2768567004791,0.400000327825543,0.,-22.2768567004791,           2013P   3208
3.40000032782554,0.,-1.5707963267949,0.,-4.71238898038469,          2013P   3209
-1.5707963267949;                                                   2013P   3210
128,1,2,1,2,0,0,0,0,0,-3.28333333333333,-3.28333333333333,9.85,     2015P   3211
9.85,-0.78539816339745,-0.78539816339745,-0.78539816339745,         2015P   3212
0.78539816339745,0.78539816339745,0.78539816339745,1.,1.,           2015P   3213
0.707106781186546,0.707106781186546,1.,1.,17.1231432995209,         2015P   3214
0.400000327825564,3.00000000000001,-22.2768567004791,               2015P   3215
0.400000327825547,3.00000000000001,17.1231432995209,                2015P   3216
0.400000327825558,-6.66133814775094D-15,-22.2768567004791,          2015P   3217
0.40000032782554,-6.66133814775094D-15,17.1231432995209,            2015P   3218
3.40000032782557,-5.55111512312578D-16,-22.2768567004791,           2015P   3219
3.40000032782555,-5.55111512312578D-16,-3.28333333333333,9.85,      2015P   3220
-0.78539816339745,0.78539816339745;                                 2015P   3221
128,1,1,1,1,0,0,1,0,0,-0.001,-0.001,3.941,3.941,0.299,0.299,        2017P   3222
1.301,1.301,1.,1.,1.,1.,-22.2868567004791,0.400000327825547,        2017P   3223
2.99,17.1331432995209,0.400000327825565,2.99,-22.2868567004791,     2017P   3224
0.400000327825547,13.01,17.1331432995209,0.400000327825565,         2017P   3225
13.01,-0.001,3.941,0.299,1.301;                                     2017P   3226
128,1,1,1,1,0,0,1,0,0,-2.751,-2.751,2.751,2.751,-0.781,-0.781,      2019P   3227
0.781,0.781,1.,1.,1.,1.,24.9331432995209,3.39000032782554,0.,       2019P   3228
-30.0868567004791,3.39000032782554,0.,24.9331432995209,             2019P   3229
19.0100003278255,0.,-30.0868567004791,19.0100003278255,0.,          2019P   3230
-2.751,2.751,-0.781,0.781;                                          2019P   3231
128,1,4,1,2,0,0,0,0,0,0.277777777777778,0.277777777777778,          2021P   3232
1.66666666666667,1.66666666666667,-1.76172430697043,                2021P   3233
-1.76172430697043,-1.76172430697043,-0.190927980175533,             2021P   3234
-0.190927980175533,1.37986834661936,1.37986834661936,               2021P   3235
1.37986834661936,1.,1.,0.707106781186548,0.707106781186548,1.,      2021P   3236
1.,0.707106781186548,0.707106781186548,1.,1.,-22.2768567004791,     2021P   3237
22.0000003278255,18.,-22.2768567004791,22.0000003278255,3.,         2021P   3238
-33.0768567004791,22.0000003278255,18.,-33.0768567004791,           2021P   3239
22.0000003278255,3.,-33.0768567004791,11.2000003278255,18.,         2021P   3240
-33.0768567004791,11.2000003278255,3.,-33.0768567004791,            2021P   3241
0.400000327825544,18.,-33.0768567004791,0.400000327825544,3.,       2021P   3242
-22.2768567004791,0.400000327825543,18.,-22.2768567004791,          2021P   3243
0.400000327825543,3.,0.277777777777778,1.66666666666667,            2021P   3244
-1.76172430697043,1.37986834661936;                                 2021P   3245
128,1,1,1,1,0,0,1,0,0,-0.001,-0.001,0.121,0.121,-0.001,-0.001,      2023P   3246
0.100999999999998,0.100999999999998,1.,1.,1.,1.,                    2023P   3247
87.4041145319953,42.1158713051431,-2.41,87.4041145319953,           2023P   3248
42.1158713051431,-1.19,88.4241145319953,42.1158713051431,-2.41,     2023P   3249
88.4241145319953,42.1158713051431,-1.19,-0.001,0.121,-0.001,        2023P   3250
0.100999999999998;                                                  2023P   3251
128,1,1,1,1,0,0,1,0,0,-0.001,-0.001,0.121,0.121,2.759,2.759,        2025P   3252
2.861,2.861,1.,1.,1.,1.,115.004114531995,42.1158713051431,-2.41,    2025P   3253
115.004114531995,42.1158713051431,-1.19,116.024114531995,           2025P   3254
42.1158713051431,-2.41,116.024114531995,42.1158713051431,-1.19,     2025P   3255
-0.001,0.121,2.759,2.861;                                           2025P   3256
128,1,1,1,1,0,0,1,0,0,-0.001,-0.001,0.221,0.221,-0.001,-0.001,      2027P   3257
0.100999999999998,0.100999999999998,1.,1.,1.,1.,                    2027P   3258
87.4041145319953,44.3258713051431,-2.4,87.4041145319953,            2027P   3259
42.1058713051431,-2.4,88.4241145319953,44.3258713051431,-2.4,       2027P   3260
88.4241145319953,42.1058713051431,-2.4,-0.001,0.221,-0.001,         2027P   3261
0.100999999999998;                                                  2027P   3262
128,1,1,1,1,0,0,1,0,0,-0.001,-0.001,0.220999999999999,              2029P   3263
0.220999999999999,-0.001,-0.001,0.100999999999998,                  2029P   3264
0.100999999999998,1.,1.,1.,1.,87.4041145319953,42.1058713051431,    2029P   3265
-1.2,87.4041145319953,44.3258713051431,-1.2,88.4241145319953,       2029P   3266
42.1058713051431,-1.2,88.4241145319953,44.3258713051431,-1.2,       2029P   3267
-0.001,0.220999999999999,-0.001,0.100999999999998;                  2029P   3268
128,1,1,1,1,0,0,1,0,0,-0.001,-0.001,0.220999999999999,              2031P   3269
0.220999999999999,2.759,2.759,2.861,2.861,1.,1.,1.,1.,              2031P   3270
115.004114531995,42.1058713051431,-1.2,115.004114531995,            2031P   3271
44.3258713051431,-1.2,116.024114531995,42.1058713051431,-1.2,       2031P   3272
116.024114531995,44.3258713051431,-1.2,-0.001,0.220999999999999,    2031P   3273
2.759,2.861;                                                        2031P   3274
128,1,1,1,1,0,0,1,0,0,-0.001,-0.001,0.121,0.121,-0.001,-0.001,      2033P   3275
0.100999999999998,0.100999999999998,1.,1.,1.,1.,                    2033P   3276
87.4041145319953,44.3158713051431,-1.19,87.4041145319953,           2033P   3277
44.3158713051431,-2.41,88.4241145319953,44.3158713051431,-1.19,     2033P   3278
88.4241145319953,44.3158713051431,-2.41,-0.001,0.121,-0.001,        2033P   3279
0.100999999999998;                                                  2033P   3280
128,1,1,1,1,0,0,1,0,0,-0.001,-0.001,0.121,0.121,2.759,2.759,        2035P   3281
2.861,2.861,1.,1.,1.,1.,115.004114531995,44.3158713051431,-1.19,    2035P   3282
115.004114531995,44.3158713051431,-2.41,116.024114531995,           2035P   3283
44.3158713051431,-1.19,116.024114531995,44.3158713051431,-2.41,     2035P   3284
-0.001,0.121,2.759,2.861;                                           2035P   3285
128,1,1,1,1,0,0,1,0,0,-0.001,-0.001,0.221,0.221,2.759,2.759,        2037P   3286
2.861,2.861,1.,1.,1.,1.,115.004114531995,44.3258713051431,-2.4,     2037P   3287
115.004114531995,42.1058713051431,-2.4,116.024114531995,            2037P   3288
44.3258713051431,-2.4,116.024114531995,42.1058713051431,-2.4,       2037P   3289
-0.001,0.221,2.759,2.861;                                           2037P   3290
128,1,1,1,1,0,0,1,0,0,-0.001,-0.001,0.101000000000001,              2039P   3291
0.101000000000001,-0.001,-0.001,0.301,0.301,1.,1.,1.,1.,            2039P   3292
125.991003370085,38.1258713051431,0.01,125.991003370085,            2039P   3293
37.1058713051431,0.01,125.991003370085,38.1258713051431,-3.01,      2039P   3294
125.991003370085,37.1058713051431,-3.01,-0.001,                     2039P   3295
0.101000000000001,-0.001,0.301;                                     2039P   3296
128,1,1,1,1,0,0,1,0,0,-0.001,-0.001,0.998688883808946,              2041P   3297
0.998688883808946,-0.001,-0.001,0.301,0.301,1.,1.,1.,1.,            2041P   3298
116.004114531995,38.1158713051431,0.01,126.001003370085,            2041P   3299
38.1158713051431,0.01,116.004114531995,38.1158713051431,-3.01,      2041P   3300
126.001003370085,38.1158713051431,-3.01,-0.001,                     2041P   3301
0.998688883808946,-0.001,0.301;                                     2041P   3302
128,1,1,1,1,0,0,1,0,0,-0.001,-0.001,1.02099999999999,               2043P   3303
1.02099999999999,-0.001,-0.001,0.301,0.301,1.,1.,1.,1.,             2043P   3304
116.014114531995,48.3258713051431,0.01,116.014114531995,            2043P   3305
38.1058713051431,0.01,116.014114531995,48.3258713051431,-3.01,      2043P   3306
116.014114531995,38.1058713051431,-3.01,-0.001,1.02099999999999,    2043P   3307
-0.001,0.301;                                                       2043P   3308
128,1,1,1,1,0,0,1,0,0,-0.00100000000000178,-0.00100000000000178,    2045P   3309
0.998688883808955,0.998688883808955,-0.001,-0.001,0.301,0.301,      2045P   3310
1.,1.,1.,1.,126.001003370085,48.3158713051431,0.01,                 2045P   3311
116.004114531995,48.3158713051431,0.01,126.001003370085,            2045P   3312
48.3158713051431,-3.01,116.004114531995,48.3158713051431,-3.01,     2045P   3313
-0.00100000000000178,0.998688883808955,-0.001,0.301;                2045P   3314
128,1,1,1,1,0,0,1,0,0,-0.001,-0.001,0.100999999999989,              2047P   3315
0.100999999999989,-0.001,-0.001,0.301,0.301,1.,1.,1.,1.,            2047P   3316
125.991003370085,49.325871305143,0.01,125.991003370085,             2047P   3317
48.3058713051431,0.01,125.991003370085,49.325871305143,-3.01,       2047P   3318
125.991003370085,48.3058713051431,-3.01,-0.001,                     2047P   3319
0.100999999999989,-0.001,0.301;                                     2047P   3320
128,1,1,1,1,0,0,1,0,0,-0.001,-0.001,1.09868888380895,               2049P   3321
1.09868888380895,-0.001,-0.001,0.301,0.301,1.,1.,1.,1.,             2049P   3322
115.004114531995,49.3158713051431,0.01,126.001003370085,            2049P   3323
49.315871305143,0.01,115.004114531995,49.3158713051431,-3.01,       2049P   3324
126.001003370085,49.315871305143,-3.01,-0.001,1.09868888380895,     2049P   3325
-0.001,0.301;                                                       2049P   3326
128,1,1,1,1,0,0,1,0,0,-0.001,-0.001,1.221,1.221,-0.001,-0.001,      2051P   3327
0.301,0.301,1.,1.,1.,1.,115.014114531995,37.1058713051431,0.01,     2051P   3328
115.014114531995,49.3258713051431,0.01,115.014114531995,            2051P   3329
37.1058713051431,-3.01,115.014114531995,49.3258713051431,-3.01,     2051P   3330
-0.001,1.221,-0.001,0.301;                                          2051P   3331
128,1,1,1,1,0,0,1,0,0,-0.001,-0.001,1.09868888380894,               2053P   3332
1.09868888380894,-0.001,-0.001,0.301,0.301,1.,1.,1.,1.,             2053P   3333
126.001003370085,37.1158713051431,0.01,115.004114531995,            2053P   3334
37.1158713051431,0.01,126.001003370085,37.1158713051431,-3.01,      2053P   3335
115.004114531995,37.1158713051431,-3.01,-0.001,1.09868888380894,    2053P   3336
-0.001,0.301;                                                       2053P   3337
128,1,1,1,1,0,0,1,0,0,-0.549844441904477,-0.549844441904477,        2055P   3338
0.549844441904478,0.549844441904478,-0.611,-0.611,                  2055P   3339
0.610999999999999,0.610999999999999,1.,1.,1.,1.,                    2055P   3340
126.001003370085,37.1058713051431,-3.,115.004114531995,             2055P   3341
37.1058713051431,-3.,126.001003370085,49.3258713051431,-3.,         2055P   3342
115.004114531995,49.3258713051431,-3.,-0.549844441904477,           2055P   3343
0.549844441904478,-0.611,0.610999999999999;                         2055P   3344
128,1,1,1,1,0,0,1,0,0,-0.001,-0.001,1.221,1.221,-0.001,-0.001,      2057P   3345
0.301,0.301,1.,1.,1.,1.,88.4141145319953,49.3258713051431,0.01,     2057P   3346
88.4141145319953,37.1058713051431,0.01,88.4141145319953,            2057P   3347
49.3258713051431,-3.01,88.4141145319953,37.1058713051431,-3.01,     2057P   3348
-0.001,1.221,-0.001,0.301;                                          2057P   3349
128,1,1,1,1,0,0,1,0,0,-0.001,-0.001,1.09868888380895,               2059P   3350
1.09868888380895,-0.001,-0.001,0.301,0.301,1.,1.,1.,1.,             2059P   3351
77.4272256939057,49.3158713051431,0.01,88.4241145319953,            2059P   3352
49.3158713051431,0.01,77.4272256939057,49.3158713051431,-3.01,      2059P   3353
88.4241145319952,49.3158713051431,-3.01,-0.001,1.09868888380895,    2059P   3354
-0.001,0.301;                                                       2059P   3355
128,1,1,1,1,0,0,1,0,0,-0.001,-0.001,0.100999999999992,              2061P   3356
0.100999999999992,-0.001,-0.001,0.301,0.301,1.,1.,1.,1.,            2061P   3357
77.4372256939057,48.3058713051431,0.01,77.4372256939057,            2061P   3358
49.3258713051431,0.01,77.4372256939057,48.3058713051431,-3.01,      2061P   3359
77.4372256939057,49.3258713051431,-3.01,-0.001,                     2061P   3360
0.100999999999992,-0.001,0.301;                                     2061P   3361
128,1,1,1,1,0,0,1,0,0,-0.001,-0.001,0.998688883808956,              2063P   3362
0.998688883808956,-0.001,-0.001,0.301,0.301,1.,1.,1.,1.,            2063P   3363
87.4241145319953,48.3158713051431,0.01,77.4272256939057,            2063P   3364
48.3158713051431,0.01,87.4241145319953,48.3158713051431,-3.01,      2063P   3365
77.4272256939057,48.3158713051431,-3.01,-0.001,                     2063P   3366
0.998688883808956,-0.001,0.301;                                     2063P   3367
128,1,1,1,1,0,0,1,0,0,-0.001,-0.001,1.021,1.021,-0.001,-0.001,      2065P   3368
0.301,0.301,1.,1.,1.,1.,87.4141145319953,38.1058713051431,0.01,     2065P   3369
87.4141145319953,48.3258713051431,0.01,87.4141145319953,            2065P   3370
38.1058713051431,-3.01,87.4141145319953,48.3258713051431,-3.01,     2065P   3371
-0.001,1.021,-0.001,0.301;                                          2065P   3372
128,1,1,1,1,0,0,1,0,0,-0.001,-0.001,0.998688883808948,              2067P   3373
0.998688883808948,-0.001,-0.001,0.301,0.301,1.,1.,1.,1.,            2067P   3374
77.4272256939058,38.1158713051431,0.01,87.4241145319953,            2067P   3375
38.1158713051431,0.01,77.4272256939058,38.1158713051431,-3.01,      2067P   3376
87.4241145319953,38.1158713051431,-3.01,-0.001,                     2067P   3377
0.998688883808948,-0.001,0.301;                                     2067P   3378
128,1,1,1,1,0,0,1,0,0,-0.001,-0.001,0.101000000000001,              2069P   3379
0.101000000000001,-0.001,-0.001,0.301,0.301,1.,1.,1.,1.,            2069P   3380
77.4372256939058,37.1058713051431,0.01,77.4372256939058,            2069P   3381
38.1258713051431,0.01,77.4372256939058,37.1058713051431,-3.01,      2069P   3382
77.4372256939058,38.1258713051431,-3.01,-0.001,                     2069P   3383
0.101000000000001,-0.001,0.301;                                     2069P   3384
128,1,1,1,1,0,0,1,0,0,-0.001,-0.001,1.09868888380894,               2071P   3385
1.09868888380894,-0.001,-0.001,0.301,0.301,1.,1.,1.,1.,             2071P   3386
88.4241145319953,37.1158713051431,0.01,77.4272256939058,            2071P   3387
37.1158713051431,0.01,88.4241145319953,37.1158713051431,-3.01,      2071P   3388
77.4272256939058,37.1158713051431,-3.01,-0.001,1.09868888380894,    2071P   3389
-0.001,0.301;                                                       2071P   3390
128,1,1,1,1,0,0,1,0,0,-0.549844441904478,-0.549844441904478,        2073P   3391
0.549844441904477,0.549844441904477,-0.611,-0.611,                  2073P   3392
0.610999999999999,0.610999999999999,1.,1.,1.,1.,                    2073P   3393
88.4241145319953,37.1058713051431,-3.,77.4272256939057,             2073P   3394
37.1058713051431,-3.,88.4241145319953,49.3258713051431,-3.,         2073P   3395
77.4272256939057,49.3258713051431,-3.,-0.549844441904478,           2073P   3396
0.549844441904477,-0.611,0.610999999999999;                         2073P   3397
128,2,4,2,2,0,0,0,0,0,0.,0.,0.,1.5707963267949,1.5707963267949,     2075P   3398
1.5707963267949,-1.5707963267949,-1.5707963267949,                  2075P   3399
-1.5707963267949,0.,0.,1.5707963267949,1.5707963267949,             2075P   3400
1.5707963267949,1.,0.70710678118655,1.,0.707106781186548,           2075P   3401
0.500000000000002,0.707106781186548,1.,0.70710678118655,1.,         2075P   3402
0.707106781186548,0.500000000000002,0.707106781186548,1.,           2075P   3403
0.70710678118655,1.,121.414114531995,34.4158713051431,2.,           2075P   3404
121.414114531995,32.4158713051431,2.00000000000001,                 2075P   3405
121.414114531995,32.4158713051431,0.,130.214114531995,              2075P   3406
34.4158713051431,2.,132.214114531995,32.4158713051431,              2075P   3407
2.00000000000001,132.214114531995,32.4158713051431,0.,              2075P   3408
130.214114531995,43.2158713051431,2.,132.214114531995,              2075P   3409
43.2158713051431,2.00000000000001,132.214114531995,                 2075P   3410
43.2158713051431,0.,130.214114531995,52.0158713051432,2.,           2075P   3411
132.214114531995,54.0158713051431,2.00000000000001,                 2075P   3412
132.214114531995,54.0158713051431,0.,121.414114531995,              2075P   3413
52.0158713051432,2.,121.414114531995,54.0158713051431,              2075P   3414
2.00000000000001,121.414114531995,54.0158713051431,0.,0.,           2075P   3415
1.5707963267949,-1.5707963267949,1.5707963267949;                   2075P   3416
128,1,2,1,2,0,0,0,0,0,-4.92500000000001,-4.92500000000001,          2077P   3417
14.775,14.775,-0.785398163397452,-0.785398163397452,                2077P   3418
-0.785398163397452,0.785398163397446,0.785398163397446,             2077P   3419
0.785398163397446,1.,1.,0.707106781186547,0.707106781186547,1.,     2077P   3420
1.,82.0141145319953,52.0158713051431,2.,121.414114531995,           2077P   3421
52.0158713051431,2.,82.0141145319953,54.0158713051432,2.,           2077P   3422
121.414114531995,54.0158713051431,2.,82.0141145319953,              2077P   3423
54.0158713051431,-3.05311331771918D-15,121.414114531995,            2077P   3424
54.0158713051431,-3.05311331771918D-15,-4.92500000000001,14.775,    2077P   3425
-0.785398163397452,0.785398163397446;                               2077P   3426
128,2,4,2,2,0,0,0,0,0,0.,0.,0.,1.5707963267949,1.5707963267949,     2079P   3427
1.5707963267949,1.5707963267949,1.5707963267949,1.5707963267949,    2079P   3428
3.14159265358979,3.14159265358979,4.71238898038469,                 2079P   3429
4.71238898038469,4.71238898038469,1.,0.707106781186551,1.,          2079P   3430
0.707106781186548,0.500000000000002,0.707106781186548,1.,           2079P   3431
0.707106781186551,1.,0.707106781186548,0.500000000000002,           2079P   3432
0.707106781186548,1.,0.707106781186551,1.,82.0141145319953,         2079P   3433
52.0158713051432,2.,82.0141145319953,54.0158713051431,2.,           2079P   3434
82.0141145319953,54.0158713051431,0.,73.2141145319953,              2079P   3435
52.0158713051432,2.,71.2141145319953,54.0158713051431,2.,           2079P   3436
71.2141145319953,54.0158713051431,0.,73.2141145319953,              2079P   3437
43.2158713051431,2.,71.2141145319953,43.2158713051431,2.,           2079P   3438
71.2141145319953,43.2158713051431,0.,73.2141145319953,              2079P   3439
34.4158713051431,2.,71.2141145319953,32.4158713051431,2.,           2079P   3440
71.2141145319953,32.4158713051431,0.,82.0141145319953,              2079P   3441
34.4158713051431,2.,82.0141145319953,32.4158713051431,2.,           2079P   3442
82.0141145319953,32.4158713051431,0.,0.,1.5707963267949,            2079P   3443
1.5707963267949,4.71238898038469;                                   2079P   3444
128,1,2,1,2,0,0,0,0,0,-4.92500000000001,-4.92500000000001,          2081P   3445
14.775,14.775,-0.785398163397449,-0.785398163397449,                2081P   3446
-0.785398163397449,0.785398163397448,0.785398163397448,             2081P   3447
0.785398163397448,1.,1.,0.707106781186547,0.707106781186547,1.,     2081P   3448
1.,121.414114531995,34.4158713051431,2.,82.0141145319953,           2081P   3449
34.4158713051431,2.,121.414114531995,32.4158713051431,2.,           2081P   3450
82.0141145319953,32.4158713051431,2.,121.414114531995,              2081P   3451
32.4158713051431,-8.32667268468867D-16,82.0141145319953,            2081P   3452
32.4158713051431,-8.32667268468867D-16,-4.92500000000001,14.775,    2081P   3453
-0.785398163397449,0.785398163397448;                               2081P   3454
128,1,1,1,1,0,0,1,0,0,-2.851,-2.851,2.851,2.851,-0.881,-0.881,      2083P   3455
0.881,0.881,1.,1.,1.,1.,73.2041145319953,34.4058713051431,2.,       2083P   3456
130.224114531995,34.4058713051431,2.,73.2041145319953,              2083P   3457
52.0258713051431,2.,130.224114531995,52.0258713051431,2.,-2.851,    2083P   3458
2.851,-0.881,0.881;                                                 2083P   3459
128,1,1,1,1,0,0,1,0,0,-3.051,-3.051,3.051,3.051,-1.081,-1.081,      2085P   3460
1.081,1.081,1.,1.,1.,1.,132.224114531995,32.4058713051431,0.,       2085P   3461
71.2041145319953,32.4058713051431,0.,132.224114531995,              2085P   3462
54.0258713051431,0.,71.2041145319953,54.0258713051431,0.,-3.051,    2085P   3463
3.051,-1.081,1.081;                                                 2085P   3464
128,1,1,1,1,0,0,1,0,0,-0.00100000000000022,-0.00100000000000022,    2087P   3465
1.14100003576279,1.14100003576279,-0.001,-0.001,0.101,0.101,1.,     2087P   3466
1.,1.,1.,66.0000009834766,12.59,0.59,66.0000009834766,              2087P   3467
24.0100003576279,0.59,66.0000009834766,12.59,1.61,                  2087P   3468
66.0000009834766,24.0100003576279,1.61,-0.00100000000000022,        2087P   3469
1.14100003576279,-0.001,0.101;                                      2087P   3470
128,1,1,1,1,0,0,1,0,0,-1.32600004917383,-1.32600004917383,          2089P   3471
1.32600004917383,1.32600004917383,-0.571000017881394,               2089P   3472
-0.571000017881394,0.571000017881394,0.571000017881394,1.,1.,1.,    2089P   3473
1.,39.49,12.59,1.6,66.0100009834766,12.59,1.6,39.49,                2089P   3474
24.0100003576279,1.6,66.0100009834766,24.0100003576279,1.6,         2089P   3475
-1.32600004917383,1.32600004917383,-0.571000017881394,              2089P   3476
0.571000017881394;                                                  2089P   3477
128,1,1,1,1,0,0,1,0,0,-1.251,-1.251,2.801,2.801,-0.001,-0.001,      2091P   3478
0.301,0.301,1.,1.,1.,1.,79.01,12.6,0.59,38.49,12.6,0.59,79.01,      2091P   3479
12.6,3.61,38.49,12.6,3.61,-1.251,2.801,-0.001,0.301;                2091P   3480
128,1,1,1,1,0,0,1,0,0,-0.001,-0.001,1.14100003576279,               2093P   3481
1.14100003576279,0.099,0.099,0.201,0.201,1.,1.,1.,1.,39.5,12.59,    2093P   3482
1.59,39.5,24.0100003576279,1.59,39.5,12.59,2.61,39.5,               2093P   3483
24.0100003576279,2.61,-0.001,1.14100003576279,0.099,0.201;          2093P   3484
128,1,1,1,1,0,0,1,0,0,-0.0509999999999998,-0.0509999999999998,      2095P   3485
0.0510000000000003,0.0510000000000003,-0.571,-0.571,0.571,0.571,    2095P   3486
1.,1.,1.,1.,38.49,12.59,2.6,39.51,12.59,2.6,38.49,24.01,2.6,        2095P   3487
39.51,24.01,2.6,-0.0509999999999998,0.0510000000000003,-0.571,      2095P   3488
0.571;                                                              2095P   3489
128,1,1,1,1,0,0,1,0,0,-0.001,-0.001,4.051,4.051,-0.001,-0.001,      2097P   3490
0.301,0.301,1.,1.,1.,1.,38.49,24.,0.59,79.01,24.,0.59,38.49,24.,    2097P   3491
3.61,79.01,24.,3.61,-0.001,4.051,-0.001,0.301;                      2097P   3492
128,1,1,1,1,0,0,1,0,0,-0.626,-0.626,0.625999999999999,              2099P   3493
0.625999999999999,-0.0510000000000001,-0.0510000000000001,0.051,    2099P   3494
0.051,1.,1.,1.,1.,66.49,11.59,2.6,79.01,11.59,2.6,66.49,12.61,      2099P   3495
2.6,79.01,12.61,2.6,-0.626,0.625999999999999,                       2099P   3496
-0.0510000000000001,0.051;                                          2099P   3497
128,1,1,1,1,0,0,1,0,0,-0.001,-0.001,0.101,0.101,0.199,0.199,        2101P   3498
0.301,0.301,1.,1.,1.,1.,66.5,11.59,2.59,66.5,12.61,2.59,66.5,       2101P   3499
11.59,3.61,66.5,12.61,3.61,-0.001,0.101,0.199,0.301;                2101P   3500
128,1,1,1,1,0,0,1,0,0,0.674000098347664,0.674000098347664,1.976,    2103P   3501
1.976,-0.571,-0.571,0.571000035762787,0.571000035762787,1.,1.,      2103P   3502
1.,1.,65.9900009834766,12.59,0.6,79.01,12.59,0.6,                   2103P   3503
65.9900009834766,24.0100003576279,0.6,79.01,24.0100003576279,       2103P   3504
0.6,0.674000098347664,1.976,-0.571,0.571000035762787;               2103P   3505
128,1,1,1,1,0,0,1,0,0,-0.626,-0.626,0.626,0.626,                    2105P   3506
-0.0510000000000003,-0.0510000000000003,0.0509999999999998,         2105P   3507
0.0509999999999998,1.,1.,1.,1.,66.49,23.99,2.6,79.01,23.99,2.6,     2105P   3508
66.49,25.01,2.6,79.01,25.01,2.6,-0.626,0.626,                       2105P   3509
-0.0510000000000003,0.0509999999999998;                             2105P   3510
128,1,1,1,1,0,0,1,0,0,-0.001,-0.001,0.101,0.101,0.199,0.199,        2107P   3511
0.301,0.301,1.,1.,1.,1.,66.5,23.99,2.59,66.5,25.01,2.59,66.5,       2107P   3512
23.99,3.61,66.5,25.01,3.61,-0.001,0.101,0.199,0.301;                2107P   3513
128,1,1,1,1,0,0,1,0,0,-0.001,-0.001,1.341,1.341,-0.001,-0.001,      2109P   3514
0.301,0.301,1.,1.,1.,1.,79.,25.01,0.59,78.9999999999999,11.59,      2109P   3515
0.59,79.,25.01,3.61,78.9999999999999,11.59,3.61,-0.001,1.341,       2109P   3516
-0.001,0.301;                                                       2109P   3517
128,1,1,1,1,0,0,1,0,0,-0.0510000000000105,-0.0510000000000105,      2111P   3518
0.0510000000000007,0.0510000000000007,-0.671,-0.671,0.671,0.671,    2111P   3519
1.,1.,1.,1.,78.9899999999999,11.59,3.6,80.01,11.59,3.6,             2111P   3520
78.9899999999999,25.01,3.6,80.01,25.01,3.6,-0.0510000000000105,     2111P   3521
0.0510000000000007,-0.671,0.671;                                    2111P   3522
128,1,1,1,1,0,0,1,0,0,-1.401,-1.401,1.401,1.401,                    2113P   3523
-0.0510000000000003,-0.0510000000000003,0.0509999999999998,         2113P   3524
0.0509999999999998,1.,1.,1.,1.,38.49,23.99,3.6,66.51,23.99,3.6,     2113P   3525
38.49,25.01,3.6,66.51,25.01,3.6,-1.401,1.401,                       2113P   3526
-0.0510000000000003,0.0509999999999998;                             2113P   3527
128,1,1,1,1,0,0,1,0,0,-1.401,-1.401,1.401,1.401,                    2115P   3528
-0.0510000000000001,-0.0510000000000001,0.0510000000000003,         2115P   3529
0.0510000000000003,1.,1.,1.,1.,38.49,11.59,3.6,66.51,11.59,3.6,     2115P   3530
38.49,12.61,3.6,66.51,12.61,3.6,-1.401,1.401,                       2115P   3531
-0.0510000000000001,0.0510000000000003;                             2115P   3532
128,1,1,1,1,0,0,1,0,0,-0.001,-0.001,1.341,1.341,-0.001,-0.001,      2117P   3533
0.361,0.361,1.,1.,1.,1.,38.5,25.01,-0.01,38.5,11.59,-0.01,38.5,     2117P   3534
25.01,3.61,38.5,11.59,3.61,-0.001,1.341,-0.001,0.361;               2117P   3535
128,1,1,1,1,0,0,1,0,0,-0.001,-0.001,4.151,4.151,-0.001,-0.001,      2119P   3536
0.361,0.361,1.,1.,1.,1.,80.01,25.,-0.01,38.49,25.,-0.01,80.01,      2119P   3537
25.,3.61,38.49,25.,3.61,-0.001,4.151,-0.001,0.361;                  2119P   3538
128,1,1,1,1,0,0,1,0,0,-0.001,-0.001,1.341,1.341,-0.001,-0.001,      2121P   3539
0.361,0.361,1.,1.,1.,1.,80.,11.59,-0.01,80.,25.01,-0.01,80.,        2121P   3540
11.59,3.61,80.,25.01,3.61,-0.001,1.341,-0.001,0.361;                2121P   3541
128,1,1,1,1,0,0,1,0,0,-0.001,-0.001,4.151,4.151,-0.001,-0.001,      2123P   3542
0.361,0.361,1.,1.,1.,1.,38.49,11.6,-0.01,80.01,11.6,-0.01,38.49,    2123P   3543
11.6,3.61,80.01,11.6,3.61,-0.001,4.151,-0.001,0.361;                2123P   3544
128,1,1,1,1,0,0,1,0,0,-2.076,-2.076,2.076,2.076,-0.671,-0.671,      2125P   3545
0.671,0.671,1.,1.,1.,1.,80.01,11.59,0.,38.49,11.59,0.,80.01,        2125P   3546
25.01,0.,38.49,25.01,0.,-2.076,2.076,-0.671,0.671;                  2125P   3547
128,1,1,1,1,0,0,1,0,0,-0.001,-0.001,14.7885149297023,               2127P   3548
14.7885149297023,-1.511,-1.511,0.001,0.001,1.,1.,1.,1.,             2127P   3549
165.01150000101,-90.912501420996,1.511,179.80099999899,             2127P   3550
-90.891485579004,1.511,165.01150000101,-90.912501420996,-0.001,     2127P   3551
179.80099999899,-90.891485579004,-0.00099999999999989,-0.001,       2127P   3552
14.7885149297023,-1.511,0.001;                                      2127P   3553
128,1,1,1,1,0,0,1,0,0,-0.001,-0.001,7.81902804420656,               2129P   3554
7.81902804420656,-1.511,-1.511,0.001,0.001,1.,1.,1.,1.,             2129P   3555
159.674317283083,-85.1992693170237,1.511,165.013182716917,          2129P   3556
-90.9132306829757,1.511,159.674317283083,-85.1992693170237,         2129P   3557
-0.001,165.013182716917,-90.9132306829757,-0.00099999999999989,     2129P   3558
-0.001,7.81902804420656,-1.511,0.001;                               2129P   3559
128,1,1,1,1,0,0,1,0,0,-0.001,-0.001,4.759513,4.759513,-1.511,       2131P   3560
-1.511,0.001,0.001,1.,1.,1.,1.,179.8,-90.890487,1.511,179.8,        2131P   3561
-95.651,1.511,179.8,-90.890487,-0.001,179.8,-95.651,                2131P   3562
-0.00099999999999989,-0.001,4.759513,-1.511,0.001;                  2131P   3563
128,1,1,1,1,0,0,1,0,0,107.78496950347,107.78496950347,179.801,      2133P   3564
179.801,-99.8984992208184,-99.8984992208184,-85.199,-85.199,1.,     2133P   3565
1.,1.,1.,179.801,-99.8984992208184,0.,107.78496950347,              2133P   3566
-99.8984992208184,0.,179.801,-85.199,0.,107.78496950347,-85.199,    2133P   3567
0.,107.78496950347,179.801,-99.8984992208184,-85.199;               2133P   3568
128,1,1,1,1,0,0,1,0,0,107.78496950347,107.78496950347,179.801,      2135P   3569
179.801,-99.8984992208184,-99.8984992208184,-85.199,-85.199,1.,     2135P   3570
1.,1.,1.,107.78496950347,-99.8984992208184,1.51,179.801,            2135P   3571
-99.8984992208184,1.51,107.78496950347,-85.199,1.51,179.801,        2135P   3572
-85.199,1.51,107.78496950347,179.801,-99.8984992208184,-85.199;     2135P   3573
128,1,1,1,1,0,0,1,0,0,-0.001,-0.001,43.4509665803179,               2137P   3574
43.4509665803179,-1.511,-1.511,0.001,0.001,1.,1.,1.,1.,             2137P   3575
116.224062000658,-85.2498371469744,1.511,159.675999999342,          2137P   3576
-85.1999988530256,1.511,116.224062000658,-85.2498371469744,         2137P   3577
-0.001,159.675999999342,-85.1999988530256,-0.00099999999999989,     2137P   3578
-0.001,43.4509665803179,-1.511,0.001;                               2137P   3579
128,1,1,1,1,0,0,1,0,0,-0.001,-0.001,16.176,16.176,-1.511,-1.511,    2139P   3580
0.001,0.001,1.,1.,1.,1.,179.801,-95.65,1.511,163.624,-95.65,        2139P   3581
1.511,179.801,-95.65,-0.001,163.624,-95.65,-0.00099999999999989,    2139P   3582
-0.001,16.176,-1.511,0.001;                                         2139P   3583
128,1,6,1,2,0,0,0,0,0,-0.207859830661247,-0.207859830661247,0.,     2141P   3584
0.,-1.17749925679498D-12,-1.17749925679498D-12,                     2141P   3585
-1.17749925679498D-12,1.05791008696436,1.05791008696436,            2141P   3586
2.11582017393095,2.11582017393095,3.17373026089755,                 2141P   3587
3.17373026089755,3.17373026089755,1.,1.,0.863334859713817,          2141P   3588
0.863334859713817,1.,1.,0.863334859713817,0.863334859713817,1.,     2141P   3589
1.,0.863334859713817,0.863334859713817,1.,1.,116.407931999991,      2141P   3590
-99.7758309999982,0.,116.407931999991,-99.7758309999982,1.51,       2141P   3591
112.163465827945,-99.897499220816,0.,112.163465827945,              2141P   3592
-99.897499220816,1.51,109.97471766571,-96.2588624260922,0.,         2141P   3593
109.97471766571,-96.2588624260922,1.51,107.78596950347,             2141P   3594
-92.620225631366,0.,107.78596950347,-92.620225631366,1.51,          2141P   3595
109.882423793703,-88.9276417595217,0.,109.882423793703,             2141P   3596
-88.9276417595217,1.51,111.978878083936,-85.2350578876773,0.,       2141P   3597
111.978878083936,-85.2350578876773,1.51,116.225062,                 2141P   3598
-85.2498359999983,0.,116.225062,-85.2498359999983,1.51,             2141P   3599
-0.207859830661247,0.,-1.17749925679498D-12,3.17373026089755;       2141P   3600
128,1,1,1,1,0,0,1,0,0,-0.001,-0.001,5.7109603465336,                2143P   3601
5.7109603465336,-1.511,-1.511,0.001,0.001,1.,1.,1.,1.,              2143P   3602
163.625690997618,-95.6492771429661,1.511,159.67874000238,           2143P   3603
-99.7782078570323,1.511,163.625690997618,-95.6492771429661,         2143P   3604
-0.001,159.67874000238,-99.7782078570323,-0.00099999999999989,      2143P   3605
-0.001,5.7109603465336,-1.511,0.001;                                2143P   3606
128,1,1,1,1,0,0,1,0,0,-0.001,-0.001,43.272499031611,                2145P   3607
43.272499031611,-1.511,-1.511,0.001,0.001,1.,1.,1.,1.,              2145P   3608
159.680430999999,-99.7774850382238,1.511,116.406932000001,          2145P   3609
-99.7758309617762,1.511,159.680430999999,-99.7774850382238,         2145P   3610
-0.001,116.406932000001,-99.7758309617762,-0.00099999999999989,     2145P   3611
-0.001,43.272499031611,-1.511,0.001;                                2145P   3612
128,1,8,1,2,0,1,0,0,1,-0.6224,-0.6224,-0.0184,-0.0184,              2147P   3613
-3.14159265358979,-3.14159265358979,-3.14159265358979,              2147P   3614
-1.5707963267949,-1.5707963267949,0.,0.,1.5707963267949,            2147P   3615
1.5707963267949,3.14159265358979,3.14159265358979,                  2147P   3616
3.14159265358979,1.,1.,0.707106781186548,0.707106781186548,1.,      2147P   3617
1.,0.707106781186548,0.707106781186548,1.,1.,0.707106781186548,     2147P   3618
0.707106781186548,1.,1.,0.707106781186548,0.707106781186548,1.,     2147P   3619
1.,116.125,-90.325,1.51,116.125,-90.325,0.,118.625,-90.325,1.51,    2147P   3620
118.625,-90.325,0.,118.625,-92.825,1.51,118.625,-92.825,0.,         2147P   3621
118.625,-95.325,1.51,118.625,-95.325,0.,116.125,-95.325,1.51,       2147P   3622
116.125,-95.325,0.,113.625,-95.325,1.51,113.625,-95.325,0.,         2147P   3623
113.625,-92.825,1.51,113.625,-92.825,0.,113.625,-90.325,1.51,       2147P   3624
113.625,-90.325,0.,116.125,-90.325,1.51,116.125,-90.325,0.,         2147P   3625
-0.6224,-0.0184,-3.14159265358979,3.14159265358979;                 2147P   3626
128,1,8,1,2,0,1,0,0,1,-0.6224,-0.6224,-0.0184,-0.0184,              2149P   3627
-3.14159265358979,-3.14159265358979,-3.14159265358979,              2149P   3628
-1.5707963267949,-1.5707963267949,0.,0.,1.5707963267949,            2149P   3629
1.5707963267949,3.14159265358979,3.14159265358979,                  2149P   3630
3.14159265358979,1.,1.,0.707106781186548,0.707106781186548,1.,      2149P   3631
1.,0.707106781186548,0.707106781186548,1.,1.,0.707106781186548,     2149P   3632
0.707106781186548,1.,1.,0.707106781186548,0.707106781186548,1.,     2149P   3633
1.,135.625,-90.325,1.51,135.625,-90.325,0.,138.125,-90.325,1.51,    2149P   3634
138.125,-90.325,0.,138.125,-92.825,1.51,138.125,-92.825,0.,         2149P   3635
138.125,-95.325,1.51,138.125,-95.325,0.,135.625,-95.325,1.51,       2149P   3636
135.625,-95.325,0.,133.125,-95.325,1.51,133.125,-95.325,0.,         2149P   3637
133.125,-92.825,1.51,133.125,-92.825,0.,133.125,-90.325,1.51,       2149P   3638
133.125,-90.325,0.,135.625,-90.325,1.51,135.625,-90.325,0.,         2149P   3639
-0.6224,-0.0184,-3.14159265358979,3.14159265358979;                 2149P   3640
128,1,8,1,2,0,1,0,0,1,-0.6224,-0.6224,-0.0184,-0.0184,              2151P   3641
-3.14159265358979,-3.14159265358979,-3.14159265358979,              2151P   3642
-1.5707963267949,-1.5707963267949,0.,0.,1.5707963267949,            2151P   3643
1.5707963267949,3.14159265358979,3.14159265358979,                  2151P   3644
3.14159265358979,1.,1.,0.707106781186548,0.707106781186548,1.,      2151P   3645
1.,0.707106781186548,0.707106781186548,1.,1.,0.707106781186548,     2151P   3646
0.707106781186548,1.,1.,0.707106781186548,0.707106781186548,1.,     2151P   3647
1.,155.125,-90.325,1.51,155.125,-90.325,0.,157.625,-90.325,1.51,    2151P   3648
157.625,-90.325,0.,157.625,-92.825,1.51,157.625,-92.825,0.,         2151P   3649
157.625,-95.325,1.51,157.625,-95.325,0.,155.125,-95.325,1.51,       2151P   3650
155.125,-95.325,0.,152.625,-95.325,1.51,152.625,-95.325,0.,         2151P   3651
152.625,-92.825,1.51,152.625,-92.825,0.,152.625,-90.325,1.51,       2151P   3652
152.625,-90.325,0.,155.125,-90.325,1.51,155.125,-90.325,0.,         2151P   3653
-0.6224,-0.0184,-3.14159265358979,3.14159265358979;                 2151P   3654
502,8,2.49995988767082,5.63649973125005,0.,1.49995988767082,        2153P   3655
5.63649973125005,0.,1.49995988767082,5.63649973125005,1.,           2153P   3656
2.49995988767082,5.63649973125005,1.,2.49995988767082,              2153P   3657
3.63649973125005,0.,2.49995988767082,3.63649973125005,1.,           2153P   3658
1.49995988767082,3.63649973125005,0.,1.49995988767082,              2153P   3659
3.63649973125005,1.;                                                2153P   3660
502,8,16.5000000596037,3.49913725374202,0.,19.0000000596046,        2155P   3661
3.49913725374202,0.,19.0000000596046,3.49913725374202,1.,           2155P   3662
16.5000000596037,3.49913725374202,1.,16.5000000596056,              2155P   3663
5.49913725374202,0.,16.5000000596056,5.49913725374202,1.,           2155P   3664
19.0000000596046,5.49913725374154,0.,19.0000000596046,              2155P   3665
5.49913725374154,1.;                                                2155P   3666
502,92,16.5000000596046,3.49913725374202,0.,16.0000000596046,       2157P   3667
2.99913725374202,0.,16.5000000596046,3.49913725374202,2.,           2157P   3668
16.0000000596046,2.99913725374202,2.,16.0000000596046,              2157P   3669
0.499137253742018,0.,16.0000000596046,0.499137253742018,2.,         2157P   3670
15.0000000596046,-0.500862746257982,0.,15.0000000596046,            2157P   3671
-0.500862746257982,2.,14.0000000596059,-0.500862746257982,0.,       2157P   3672
14.0000000596059,-0.500862746257982,2.,13.000000059604,             2157P   3673
0.499137253743108,0.,13.000000059604,0.499137253743108,2.,          2157P   3674
13.000000059612,8.28173443498166,0.,13.000000059612,                2157P   3675
8.28173443498166,2.,12.0000000596156,8.28173443497797,0.,           2157P   3676
12.0000000596156,8.28173443497797,2.,12.000000059612,               2157P   3677
0.636499731250047,0.,12.000000059612,0.636499731250046,2.,          2157P   3678
11.000000059612,-0.363500268749953,0.,11.000000059612,              2157P   3679
-0.363500268749953,2.,10.0000000596132,-0.363500268749953,0.,       2157P   3680
10.0000000596132,-0.363500268749953,2.,9.00000005961201,            2157P   3681
0.636499731251266,0.,9.00000005961201,0.636499731251265,2.,         2157P   3682
9.00000005961201,8.28173443498166,0.,9.00000005961201,              2157P   3683
8.28173443498166,2.,8.00000005961558,8.28173443497797,0.,           2157P   3684
8.00000005961558,8.28173443497797,2.,8.00000005961201,              2157P   3685
0.636499731250047,0.,8.00000005961201,0.636499731250046,2.,         2157P   3686
7.00000005961201,-0.363500268749953,0.,7.00000005961201,            2157P   3687
-0.363500268749953,2.,6.00000005961323,-0.363500268749953,0.,       2157P   3688
6.00000005961323,-0.363500268749953,2.,5.00000005961201,            2157P   3689
0.636499731251266,0.,5.00000005961201,0.636499731251265,2.,         2157P   3690
5.00000005961201,8.28173443498166,0.,5.00000005961201,              2157P   3691
8.28173443498166,2.,4.00000005961558,8.28173443497797,0.,           2157P   3692
4.00000005961558,8.28173443497797,2.,4.00000005961201,              2157P   3693
4.63649973125004,0.,4.00000005961201,4.63649973125004,2.,           2157P   3694
3.00000005961201,3.63649973125005,0.,3.00000005961201,              2157P   3695
3.63649973125005,2.,2.49995988767082,3.63649973125005,0.,           2157P   3696
2.49995988767082,3.63649973125005,2.,2.49995988767082,              2157P   3697
5.63649973125005,0.,2.49995988767082,5.63649973125005,2.,           2157P   3698
3.00000005961201,6.13649972963627,0.,3.00000005961201,              2157P   3699
6.13649972963627,2.,3.00000005961201,8.63649973125005,0.,           2157P   3700
3.00000005961201,8.63649973125005,2.,4.00000005961201,              2157P   3701
9.63649973125005,0.,4.00000005961201,9.63649973125005,2.,           2157P   3702
5.00000005960464,9.63649973124541,0.,5.00000005960465,              2157P   3703
9.63649973124541,2.,6.00000005960465,8.63649973125004,0.,           2157P   3704
6.00000005960465,8.63649973125004,2.,6.000000059612,                2157P   3705
1.13649972637943,0.,6.00000005961201,1.13649972637943,2.,           2157P   3706
7.00000005961201,1.13649972637943,0.,7.00000005961201,              2157P   3707
1.13649972637943,2.,7.00000005961201,8.63649973125005,0.,           2157P   3708
7.00000005961201,8.63649973125005,2.,8.00000005961201,              2157P   3709
9.63649973125005,0.,8.00000005961201,9.63649973125005,2.,           2157P   3710
9.00000005960464,9.63649973124541,0.,9.00000005960464,              2157P   3711
9.63649973124541,2.,10.0000000596046,8.63649973125004,0.,           2157P   3712
10.0000000596046,8.63649973125004,2.,10.000000059612,               2157P   3713
1.13649972637943,0.,10.000000059612,1.13649972637943,2.,            2157P   3714
11.000000059612,1.13649972637943,0.,11.000000059612,                2157P   3715
1.13649972637943,2.,11.000000059612,8.63649973125005,0.,            2157P   3716
11.000000059612,8.63649973125005,2.,12.000000059612,                2157P   3717
9.63649973125005,0.,12.000000059612,9.63649973125005,2.,            2157P   3718
13.0000000596046,9.63649973124541,0.,13.0000000596046,              2157P   3719
9.63649973124541,2.,14.0000000596046,8.63649973125004,0.,           2157P   3720
14.0000000596046,8.63649973125004,2.,14.0000000596046,              2157P   3721
0.999137248871447,0.,14.0000000596046,0.999137248871447,2.,         2157P   3722
15.0000000596047,0.999137248871448,0.,15.0000000596047,             2157P   3723
0.999137248871448,2.,15.000000059608,4.49913725374539,0.,           2157P   3724
15.000000059608,4.49913725374539,2.,16.000000059609,                2157P   3725
5.49913725374443,0.,16.000000059609,5.49913725374443,2.,            2157P   3726
16.5000000596056,5.49913725374202,0.,16.5000000596056,              2157P   3727
5.49913725374202,2.;                                                2157P   3728
502,8,10.3,10.,0.,-1.73333694994851D-32,10.,0.,                     2159P   3729
-1.73333694994851D-32,10.,0.6,10.3,10.,0.6,10.3,                    2159P   3730
-8.66668474974256D-32,0.,10.3,0.,0.6,0.,0.,0.,0.,0.,0.6;            2159P   3731
502,77,17.1231432995209,20.0000003278255,8.1,17.1231432995209,      2161P   3732
2.40000032782556,8.1,17.1385345714954,20.0000003278255,8.1,         2161P   3733
17.1385345714954,1.40000032782554,8.1,-22.2614654285046,            2161P   3734
1.40000032782554,8.1,-22.8256913469853,19.9828689099458,            2161P   3735
8.09999999999999,-22.2768567004791,2.40000032782554,8.1,            2161P   3736
17.1385345714954,1.40000032782554,1.1,17.1385345714954,             2161P   3737
20.0000003278255,1.1,-22.2614654285046,1.40000032782554,1.1,        2161P   3738
-22.2768567004791,19.999987591728,2.99495301743782,                 2161P   3739
-22.2614654285046,20.0000003278255,3.,-22.8256913469861,            2161P   3740
19.9828689099457,3.00000000000001,-22.2614654285046,                2161P   3741
20.0000003278255,1.1,17.1231432995209,2.40000032782556,9.,          2161P   3742
17.1231432995209,2.40000032782556,14.2,17.1231432995209,            2161P   3743
2.40000032782556,18.,17.1231432995209,20.0000003278255,18.,         2161P   3744
17.1231432995209,20.0000003278255,14.2,17.1231432995209,            2161P   3745
20.0000003278255,9.,25.8541226260341,10.1000003278256,16.7,         2161P   3746
25.8541226260341,10.1000003278256,15.5,25.8541226260341,            2161P   3747
12.3000003278256,15.5,25.8541226260341,12.3000003278256,16.7,       2161P   3748
-22.2768567004791,2.40000032782554,13.,7.12314329952093,            2161P   3749
2.40000032782556,13.,7.12314329952093,2.40000032782556,9.,          2161P   3750
-22.2768567004791,20.0000003278255,3.,-22.2768567004791,            2161P   3751
20.0000003278255,13.,-22.2768567004791,20.0000003278255,14.2,       2161P   3752
-22.2768567004791,20.0000003278255,18.,-22.2768567004791,           2161P   3753
2.40000032782554,18.,-22.2768567004791,2.40000032782554,14.2,       2161P   3754
-31.0078360269922,10.1000003278256,15.5,-31.0078360269922,          2161P   3755
10.1000003278256,16.7,-31.0078360269922,12.3000003278256,16.7,      2161P   3756
-31.0078360269922,12.3000003278256,15.5,-33.0206921422568,          2161P   3757
12.3000003278255,16.7,-33.0206921422568,12.3000003278256,15.5,      2161P   3758
27.8669787412987,12.3000003278256,15.5,27.8669787412987,            2161P   3759
12.3000003278256,16.7,-33.0206921422568,10.1000003278255,16.7,      2161P   3760
27.8669787412987,10.1000003278256,16.7,-33.0206921422568,           2161P   3761
10.1000003278255,15.5,27.8669787412987,10.1000003278256,15.5,       2161P   3762
-22.2768567004791,0.40000032782555,14.2,-22.2768567004791,          2161P   3763
0.40000032782555,13.,-22.2768567004791,22.0000003278255,13.,        2161P   3764
-22.2768567004791,22.0000003278255,14.2,17.1231432995209,           2161P   3765
0.400000327825563,14.2,17.1231432995209,22.0000003278255,14.2,      2161P   3766
7.12314329952094,0.40000032782556,13.,17.1231432995209,             2161P   3767
0.400000327825563,9.,17.1231432995209,22.0000003278255,9.,          2161P   3768
7.12314329952093,0.40000032782556,9.,7.12314329952093,              2161P   3769
20.0000003278255,9.,7.12314329952093,22.0000003278255,9.,           2161P   3770
7.12314329952093,20.0000003278255,13.,7.12314329952093,             2161P   3771
22.0000003278255,13.,-22.2768567004791,22.0000003278255,18.,        2161P   3772
-22.2768567004791,0.400000327825543,18.,17.1231432995209,           2161P   3773
0.400000327825565,18.,17.1231432995209,22.0000003278255,18.,        2161P   3774
17.1231432995209,22.0000003278255,3.,-22.2768567004791,             2161P   3775
22.0000003278255,3.,23.0231432995209,11.7000003278256,1.1,          2161P   3776
3.62314329952093,11.7000003278256,1.1,-15.7768567004791,            2161P   3777
11.7000003278256,1.1,23.0231432995209,11.7000003278256,0.,          2161P   3778
3.62314329952093,11.7000003278256,0.,-15.7768567004791,             2161P   3779
11.7000003278256,0.,17.1231432995209,0.400000327825565,3.,          2161P   3780
17.1231432995209,3.40000032782557,0.,17.1231432995209,              2161P   3781
19.0000003278255,0.,-22.2768567004791,19.0000003278255,0.,          2161P   3782
-22.2768567004791,3.40000032782554,0.,-22.2768567004791,            2161P   3783
0.400000327825543,3.;                                               2161P   3784
502,56,88.4141145319953,42.1158713051431,-2.4,88.4141145319953,     2163P   3785
42.1158713051431,-1.2,87.4141145319953,42.1158713051431,-2.4,       2163P   3786
87.4141145319953,42.1158713051431,-1.2,116.014114531995,            2163P   3787
42.1158713051431,-2.4,116.014114531995,42.1158713051431,-1.2,       2163P   3788
115.014114531995,42.1158713051431,-2.4,115.014114531995,            2163P   3789
42.1158713051431,-1.2,88.4141145319953,44.3158713051431,-2.4,       2163P   3790
87.4141145319953,44.3158713051431,-2.4,88.4141145319953,            2163P   3791
44.3158713051431,-1.2,87.4141145319953,44.3158713051431,-1.2,       2163P   3792
116.014114531995,44.3158713051431,-1.2,115.014114531995,            2163P   3793
44.3158713051431,-1.2,116.014114531995,44.3158713051431,-2.4,       2163P   3794
115.014114531995,44.3158713051431,-2.4,125.991003370085,            2163P   3795
37.1158713051431,0.,125.991003370085,38.1158713051431,0.,           2163P   3796
125.991003370085,37.1158713051431,-3.,125.991003370085,             2163P   3797
38.1158713051431,-3.,116.014114531995,38.1158713051431,0.,          2163P   3798
116.014114531995,38.1158713051431,-3.,116.014114531995,             2163P   3799
48.3158713051431,0.,116.014114531995,48.3158713051431,-3.,          2163P   3800
125.991003370085,48.3158713051431,0.,125.991003370085,              2163P   3801
48.3158713051431,-3.,125.991003370085,49.315871305143,0.,           2163P   3802
125.991003370085,49.315871305143,-3.,115.014114531995,              2163P   3803
49.3158713051431,0.,115.014114531995,49.3158713051431,-3.,          2163P   3804
115.014114531995,37.1158713051431,0.,115.014114531995,              2163P   3805
37.1158713051431,-3.,88.4141145319953,37.1158713051431,0.,          2163P   3806
88.4141145319953,49.3158713051431,0.,88.4141145319953,              2163P   3807
37.1158713051431,-3.,88.4141145319953,49.3158713051431,-3.,         2163P   3808
77.4372256939057,49.3158713051431,0.,77.4372256939057,              2163P   3809
49.3158713051431,-3.,77.4372256939057,48.3158713051431,0.,          2163P   3810
77.4372256939057,48.3158713051431,-3.,87.4141145319953,             2163P   3811
48.3158713051431,0.,87.4141145319953,48.3158713051431,-3.,          2163P   3812
87.4141145319953,38.1158713051431,0.,87.4141145319953,              2163P   3813
38.1158713051431,-3.,77.4372256939058,38.1158713051431,0.,          2163P   3814
77.4372256939058,38.1158713051431,-3.,77.4372256939058,             2163P   3815
37.1158713051431,0.,77.4372256939058,37.1158713051431,-3.,          2163P   3816
121.414114531995,34.4158713051431,2.,121.414114531995,              2163P   3817
32.4158713051431,0.,121.414114531995,54.0158713051431,0.,           2163P   3818
121.414114531995,52.0158713051431,2.,82.0141145319953,              2163P   3819
54.0158713051431,0.,82.0141145319953,52.0158713051431,2.,           2163P   3820
82.0141145319953,32.4158713051431,0.,82.0141145319953,              2163P   3821
34.4158713051431,2.;                                                2163P   3822
502,36,66.0000009834766,24.0000003576279,0.6,66.0000009834766,      2165P   3823
12.6,0.6,66.0000009834766,24.0000003576279,1.6,66.0000009834766,    2165P   3824
12.6,1.6,39.5,24.0000003576279,1.6,39.5,12.6,1.6,39.5,12.6,2.6,     2165P   3825
38.5,12.6,2.6,38.5,12.6,3.6,66.5,12.6,3.6,66.5,12.6,2.6,79.,        2165P   3826
12.6,2.6,79.,12.6,0.6,39.5,24.,2.6,38.5,24.,2.6,79.,24.,0.6,79.,    2165P   3827
24.,2.6,66.5,24.,2.6,66.5,24.,3.6,38.5,24.,3.6,66.5,11.6,2.6,       2165P   3828
79.,11.6,2.6,66.5,11.6,3.6,79.,25.,2.6,66.5,25.,2.6,66.5,25.,       2165P   3829
3.6,79.,11.6,3.6,79.,25.,3.6,80.,11.6,3.6,80.,25.,3.6,38.5,25.,     2165P   3830
3.6,38.5,11.6,3.6,38.5,11.6,0.,38.5,25.,0.,80.,25.,0.,80.,11.6,     2165P   3831
0.;                                                                 2165P   3832
502,28,165.0125,-90.9125,0.,165.0125,-90.9125,1.51,179.8,           2167P   3833
-90.891487,1.51,179.8,-90.891487,0.,159.675,-85.2,0.,159.675,       2167P   3834
-85.2,1.51,179.8,-95.65,1.51,179.8,-95.65,0.,163.625,-95.65,0.,     2167P   3835
159.679431,-99.777485,0.,116.407932,-99.775831,0.,116.225062,       2167P   3836
-85.249836,0.,116.125,-95.325,0.,116.125,-90.325,0.,135.625,        2167P   3837
-95.325,0.,135.625,-90.325,0.,155.125,-95.325,0.,155.125,           2167P   3838
-90.325,0.,116.225062,-85.249836,1.51,116.407932,-99.775831,        2167P   3839
1.51,159.679431,-99.777485,1.51,163.625,-95.65,1.51,116.125,        2167P   3840
-95.325,1.51,116.125,-90.325,1.51,135.625,-95.325,1.51,135.625,     2167P   3841
-90.325,1.51,155.125,-95.325,1.51,155.125,-90.325,1.51;             2167P   3842
504,12,841,2153,1,2153,2,843,2153,2,2153,3,845,2153,4,2153,3,       2169P   3843
847,2153,1,2153,4,849,2153,1,2153,5,851,2153,6,2153,4,853,2153,     2169P   3844
5,2153,6,855,2153,7,2153,5,857,2153,8,2153,6,859,2153,7,2153,8,     2169P   3845
861,2153,2,2153,7,863,2153,3,2153,8;                                2169P   3846
504,12,865,2155,1,2155,2,867,2155,2,2155,3,869,2155,4,2155,3,       2171P   3847
871,2155,1,2155,4,873,2155,1,2155,5,875,2155,6,2155,4,877,2155,     2171P   3848
5,2155,6,879,2155,7,2155,5,881,2155,8,2155,6,883,2155,7,2155,8,     2171P   3849
885,2155,2,2155,7,887,2155,3,2155,8;                                2171P   3850
504,138,889,2157,1,2157,2,891,2157,1,2157,3,893,2157,4,2157,3,      2173P   3851
895,2157,2,2157,4,897,2157,5,2157,2,899,2157,6,2157,4,901,2157,     2173P   3852
5,2157,6,903,2157,7,2157,5,905,2157,8,2157,6,907,2157,7,2157,8,     2173P   3853
909,2157,9,2157,7,911,2157,10,2157,8,913,2157,9,2157,10,915,        2173P   3854
2157,11,2157,9,917,2157,12,2157,10,919,2157,11,2157,12,921,2157,    2173P   3855
13,2157,11,923,2157,14,2157,12,925,2157,13,2157,14,927,2157,13,     2173P   3856
2157,15,929,2157,16,2157,14,931,2157,15,2157,16,933,2157,17,        2173P   3857
2157,15,935,2157,18,2157,16,937,2157,17,2157,18,939,2157,19,        2173P   3858
2157,17,941,2157,20,2157,18,943,2157,19,2157,20,945,2157,21,        2173P   3859
2157,19,947,2157,22,2157,20,949,2157,21,2157,22,951,2157,23,        2173P   3860
2157,21,953,2157,24,2157,22,955,2157,23,2157,24,957,2157,25,        2173P   3861
2157,23,959,2157,26,2157,24,961,2157,25,2157,26,963,2157,25,        2173P   3862
2157,27,965,2157,28,2157,26,967,2157,27,2157,28,969,2157,29,        2173P   3863
2157,27,971,2157,30,2157,28,973,2157,29,2157,30,975,2157,31,        2173P   3864
2157,29,977,2157,32,2157,30,979,2157,31,2157,32,981,2157,33,        2173P   3865
2157,31,983,2157,34,2157,32,985,2157,33,2157,34,987,2157,35,        2173P   3866
2157,33,989,2157,36,2157,34,991,2157,35,2157,36,993,2157,37,        2173P   3867
2157,35,995,2157,38,2157,36,997,2157,37,2157,38,999,2157,37,        2173P   3868
2157,39,1001,2157,40,2157,38,1003,2157,39,2157,40,1005,2157,41,     2173P   3869
2157,39,1007,2157,42,2157,40,1009,2157,41,2157,42,1011,2157,43,     2173P   3870
2157,41,1013,2157,44,2157,42,1015,2157,43,2157,44,1017,2157,45,     2173P   3871
2157,43,1019,2157,46,2157,44,1021,2157,45,2157,46,1023,2157,47,     2173P   3872
2157,45,1025,2157,48,2157,46,1027,2157,47,2157,48,1029,2157,47,     2173P   3873
2157,49,1031,2157,50,2157,48,1033,2157,49,2157,50,1035,2157,49,     2173P   3874
2157,51,1037,2157,52,2157,50,1039,2157,51,2157,52,1041,2157,53,     2173P   3875
2157,51,1043,2157,54,2157,52,1045,2157,53,2157,54,1047,2157,53,     2173P   3876
2157,55,1049,2157,56,2157,54,1051,2157,55,2157,56,1053,2157,57,     2173P   3877
2157,55,1055,2157,58,2157,56,1057,2157,57,2157,58,1059,2157,57,     2173P   3878
2157,59,1061,2157,60,2157,58,1063,2157,59,2157,60,1065,2157,59,     2173P   3879
2157,61,1067,2157,62,2157,60,1069,2157,61,2157,62,1071,2157,61,     2173P   3880
2157,63,1073,2157,64,2157,62,1075,2157,63,2157,64,1077,2157,65,     2173P   3881
2157,63,1079,2157,66,2157,64,1081,2157,65,2157,66,1083,2157,65,     2173P   3882
2157,67,1085,2157,68,2157,66,1087,2157,67,2157,68,1089,2157,69,     2173P   3883
2157,67,1091,2157,70,2157,68,1093,2157,69,2157,70,1095,2157,69,     2173P   3884
2157,71,1097,2157,72,2157,70,1099,2157,71,2157,72,1101,2157,71,     2173P   3885
2157,73,1103,2157,74,2157,72,1105,2157,73,2157,74,1107,2157,73,     2173P   3886
2157,75,1109,2157,76,2157,74,1111,2157,75,2157,76,1113,2157,77,     2173P   3887
2157,75,1115,2157,78,2157,76,1117,2157,77,2157,78,1119,2157,77,     2173P   3888
2157,79,1121,2157,80,2157,78,1123,2157,79,2157,80,1125,2157,81,     2173P   3889
2157,79,1127,2157,82,2157,80,1129,2157,81,2157,82,1131,2157,81,     2173P   3890
2157,83,1133,2157,84,2157,82,1135,2157,83,2157,84,1137,2157,83,     2173P   3891
2157,85,1139,2157,86,2157,84,1141,2157,85,2157,86,1143,2157,87,     2173P   3892
2157,85,1145,2157,88,2157,86,1147,2157,87,2157,88,1149,2157,89,     2173P   3893
2157,87,1151,2157,90,2157,88,1153,2157,89,2157,90,1155,2157,91,     2173P   3894
2157,89,1157,2157,92,2157,90,1159,2157,91,2157,92,1161,2157,1,      2173P   3895
2157,91,1163,2157,3,2157,92;                                        2173P   3896
504,12,1165,2159,1,2159,2,1167,2159,2,2159,3,1169,2159,4,2159,3,    2175P   3897
1171,2159,1,2159,4,1173,2159,5,2159,1,1175,2159,6,2159,4,1177,      2175P   3898
2159,5,2159,6,1179,2159,7,2159,5,1181,2159,8,2159,6,1183,2159,7,    2175P   3899
2159,8,1185,2159,2,2159,7,1187,2159,3,2159,8;                       2175P   3900
504,126,1189,2161,1,2161,2,1191,2161,3,2161,1,1193,2161,4,2161,     2177P   3901
3,1195,2161,5,2161,4,1197,2161,6,2161,5,1199,2161,7,2161,6,1201,    2177P   3902
2161,2,2161,7,1203,2161,8,2161,9,1205,2161,8,2161,4,1207,2161,9,    2177P   3903
2161,3,1209,2161,8,2161,10,1211,2161,10,2161,5,1213,2161,11,        2177P   3904
2161,12,1215,2161,13,2161,11,1217,2161,6,2161,13,1219,2161,14,      2177P   3905
2161,10,1221,2161,14,2161,12,1223,2161,2,2161,15,1225,2161,15,      2177P   3906
2161,16,1227,2161,16,2161,17,1229,2161,17,2161,18,1231,2161,19,     2177P   3907
2161,18,1233,2161,20,2161,19,1235,2161,1,2161,20,1237,2161,21,      2177P   3908
2161,22,1239,2161,22,2161,23,1241,2161,23,2161,24,1243,2161,24,     2177P   3909
2161,21,1245,2161,7,2161,25,1247,2161,25,2161,26,1249,2161,26,      2177P   3910
2161,27,1251,2161,27,2161,15,1253,2161,13,2161,28,1255,2161,28,     2177P   3911
2161,29,1257,2161,29,2161,30,1259,2161,30,2161,31,1261,2161,31,     2177P   3912
2161,32,1263,2161,33,2161,32,1265,2161,25,2161,33,1267,2161,34,     2177P   3913
2161,35,1269,2161,35,2161,36,1271,2161,36,2161,37,1273,2161,37,     2177P   3914
2161,34,1275,2161,36,2161,38,1277,2161,39,2161,38,1279,2161,39,     2177P   3915
2161,37,1281,2161,23,2161,40,1283,2161,41,2161,40,1285,2161,41,     2177P   3916
2161,24,1287,2161,35,2161,42,1289,2161,38,2161,42,1291,2161,43,     2177P   3917
2161,41,1293,2161,43,2161,21,1295,2161,44,2161,39,1297,2161,34,     2177P   3918
2161,44,1299,2161,42,2161,44,1301,2161,45,2161,43,1303,2161,45,     2177P   3919
2161,22,1305,2161,40,2161,45,1307,2161,46,2161,33,1309,2161,47,     2177P   3920
2161,46,1311,2161,47,2161,25,1313,2161,29,2161,48,1315,2161,48,     2177P   3921
2161,49,1317,2161,30,2161,49,1319,2161,16,2161,33,1321,2161,50,     2177P   3922
2161,16,1323,2161,46,2161,50,1325,2161,30,2161,19,1327,2161,51,     2177P   3923
2161,49,1329,2161,19,2161,51,1331,2161,52,2161,47,1333,2161,52,     2177P   3924
2161,26,1335,2161,53,2161,15,1337,2161,53,2161,50,1339,2161,54,     2177P   3925
2161,51,1341,2161,20,2161,54,1343,2161,55,2161,52,1345,2161,55,     2177P   3926
2161,27,1347,2161,53,2161,55,1349,2161,20,2161,56,1351,2161,57,     2177P   3927
2161,54,1353,2161,56,2161,57,1355,2161,58,2161,29,1357,2161,58,     2177P   3928
2161,59,1359,2161,48,2161,59,1361,2161,56,2161,58,1363,2161,59,     2177P   3929
2161,57,1365,2161,60,2161,61,1367,2161,61,2161,62,1369,2161,62,     2177P   3930
2161,63,1371,2161,63,2161,60,1373,2161,18,2161,31,1375,2161,32,     2177P   3931
2161,17,1377,2161,64,2161,54,1379,2161,65,2161,64,1381,2161,65,     2177P   3932
2161,48,1383,2161,50,2161,62,1385,2161,46,2161,61,1387,2161,14,     2177P   3933
2161,9,1389,2161,66,2161,66,1391,2161,67,2161,67,1393,2161,68,      2177P   3934
2161,68,1395,2161,66,2161,69,1397,2161,69,2161,69,1399,2161,67,     2177P   3935
2161,70,1401,2161,70,2161,70,1403,2161,68,2161,71,1405,2161,71,     2177P   3936
2161,71,1407,2161,28,2161,12,1409,2161,11,2161,28,1411,2161,49,     2177P   3937
2161,60,1413,2161,51,2161,63,1415,2161,72,2161,53,1417,2161,64,     2177P   3938
2161,72,1419,2161,72,2161,73,1421,2161,73,2161,74,1423,2161,74,     2177P   3939
2161,64,1425,2161,75,2161,65,1427,2161,74,2161,75,1429,2161,76,     2177P   3940
2161,77,1431,2161,77,2161,65,1433,2161,75,2161,76,1435,2161,72,     2177P   3941
2161,77,1437,2161,76,2161,73,1439,2161,77,2161,47;                  2177P   3942
504,84,1441,2163,1,2163,2,1443,2163,3,2163,1,1445,2163,4,2163,3,    2179P   3943
1447,2163,4,2163,2,1449,2163,5,2163,6,1451,2163,7,2163,5,1453,      2179P   3944
2163,8,2163,7,1455,2163,8,2163,6,1457,2163,9,2163,1,1459,2163,      2179P   3945
10,2163,9,1461,2163,3,2163,10,1463,2163,2,2163,11,1465,2163,12,     2179P   3946
2163,4,1467,2163,12,2163,11,1469,2163,6,2163,13,1471,2163,14,       2179P   3947
2163,8,1473,2163,14,2163,13,1475,2163,11,2163,9,1477,2163,10,       2179P   3948
2163,12,1479,2163,13,2163,15,1481,2163,16,2163,14,1483,2163,16,     2179P   3949
2163,15,1485,2163,15,2163,5,1487,2163,7,2163,16,1489,2163,17,       2179P   3950
2163,18,1491,2163,17,2163,19,1493,2163,20,2163,19,1495,2163,18,     2179P   3951
2163,20,1497,2163,18,2163,21,1499,2163,22,2163,20,1501,2163,21,     2179P   3952
2163,22,1503,2163,21,2163,23,1505,2163,24,2163,22,1507,2163,23,     2179P   3953
2163,24,1509,2163,23,2163,25,1511,2163,26,2163,24,1513,2163,25,     2179P   3954
2163,26,1515,2163,25,2163,27,1517,2163,28,2163,26,1519,2163,27,     2179P   3955
2163,28,1521,2163,27,2163,29,1523,2163,30,2163,28,1525,2163,29,     2179P   3956
2163,30,1527,2163,29,2163,31,1529,2163,32,2163,30,1531,2163,31,     2179P   3957
2163,32,1533,2163,31,2163,17,1535,2163,19,2163,32,1537,2163,33,     2179P   3958
2163,34,1539,2163,33,2163,35,1541,2163,36,2163,35,1543,2163,34,     2179P   3959
2163,36,1545,2163,34,2163,37,1547,2163,38,2163,36,1549,2163,37,     2179P   3960
2163,38,1551,2163,37,2163,39,1553,2163,40,2163,38,1555,2163,39,     2179P   3961
2163,40,1557,2163,39,2163,41,1559,2163,42,2163,40,1561,2163,41,     2179P   3962
2163,42,1563,2163,41,2163,43,1565,2163,44,2163,42,1567,2163,43,     2179P   3963
2163,44,1569,2163,43,2163,45,1571,2163,46,2163,44,1573,2163,45,     2179P   3964
2163,46,1575,2163,45,2163,47,1577,2163,48,2163,46,1579,2163,47,     2179P   3965
2163,48,1581,2163,47,2163,33,1583,2163,35,2163,48,1585,2163,49,     2179P   3966
2163,50,1587,2163,50,2163,51,1589,2163,51,2163,52,1591,2163,52,     2179P   3967
2163,49,1593,2163,53,2163,51,1595,2163,53,2163,54,1597,2163,54,     2179P   3968
2163,52,1599,2163,53,2163,55,1601,2163,55,2163,56,1603,2163,56,     2179P   3969
2163,54,1605,2163,50,2163,55,1607,2163,49,2163,56;                  2179P   3970
504,54,1609,2165,1,2165,2,1611,2165,3,2165,1,1613,2165,4,2165,3,    2181P   3971
1615,2165,2,2165,4,1617,2165,5,2165,3,1619,2165,6,2165,5,1621,      2181P   3972
2165,4,2165,6,1623,2165,6,2165,7,1625,2165,7,2165,8,1627,2165,8,    2181P   3973
2165,9,1629,2165,10,2165,9,1631,2165,11,2165,10,1633,2165,12,       2181P   3974
2165,11,1635,2165,13,2165,12,1637,2165,2,2165,13,1639,2165,14,      2181P   3975
2165,5,1641,2165,7,2165,14,1643,2165,15,2165,14,1645,2165,15,       2181P   3976
2165,8,1647,2165,16,2165,1,1649,2165,17,2165,16,1651,2165,18,       2181P   3977
2165,17,1653,2165,18,2165,19,1655,2165,20,2165,19,1657,2165,15,     2181P   3978
2165,20,1659,2165,21,2165,11,1661,2165,21,2165,22,1663,2165,12,     2181P   3979
2165,22,1665,2165,23,2165,10,1667,2165,21,2165,23,1669,2165,13,     2181P   3980
2165,16,1671,2165,24,2165,17,1673,2165,24,2165,25,1675,2165,18,     2181P   3981
2165,25,1677,2165,25,2165,26,1679,2165,19,2165,26,1681,2165,22,     2181P   3982
2165,27,1683,2165,28,2165,27,1685,2165,24,2165,28,1687,2165,27,     2181P   3983
2165,29,1689,2165,29,2165,30,1691,2165,30,2165,28,1693,2165,26,     2181P   3984
2165,31,1695,2165,31,2165,20,1697,2165,9,2165,32,1699,2165,32,      2181P   3985
2165,23,1701,2165,33,2165,34,1703,2165,33,2165,32,1705,2165,34,     2181P   3986
2165,31,1707,2165,34,2165,35,1709,2165,35,2165,30,1711,2165,35,     2181P   3987
2165,36,1713,2165,36,2165,29,1715,2165,36,2165,33;                  2181P   3988
504,39,1717,2167,1,2167,2,1719,2167,2,2167,3,1721,2167,4,2167,3,    2183P   3989
1723,2167,1,2167,4,1725,2167,5,2167,6,1727,2167,6,2167,2,1729,      2183P   3990
2167,5,2167,1,1731,2167,3,2167,7,1733,2167,8,2167,7,1735,2167,4,    2183P   3991
2167,8,1737,2167,8,2167,9,1739,2167,9,2167,10,1741,2167,10,2167,    2183P   3992
11,1743,2167,11,2167,12,1745,2167,12,2167,5,1747,2167,13,2167,      2183P   3993
14,1749,2167,14,2167,13,1751,2167,15,2167,16,1753,2167,16,2167,     2183P   3994
15,1755,2167,17,2167,18,1757,2167,18,2167,17,1759,2167,19,2167,     2183P   3995
6,1761,2167,20,2167,19,1763,2167,21,2167,20,1765,2167,22,2167,      2183P   3996
21,1767,2167,7,2167,22,1769,2167,23,2167,24,1771,2167,24,2167,      2183P   3997
23,1773,2167,25,2167,26,1775,2167,26,2167,25,1777,2167,27,2167,     2183P   3998
28,1779,2167,28,2167,27,1781,2167,12,2167,19,1783,2167,9,2167,      2183P   3999
22,1785,2167,11,2167,20,1787,2167,10,2167,21,1789,2167,24,2167,     2183P   4000
14,1791,2167,26,2167,16,1793,2167,28,2167,18;                       2183P   4001
406,1,5HBody8;                                                      2185P   4002
406,1,5HBody9;                                                      2187P   4003
406,1,5HBody7;                                                      2189P   4004
406,1,20HCanal - ressort v4:1;                                      2191P   4005
406,1,5HBody1;                                                      2193P   4006
406,1,26HCanal - top plate bar v2:1;                                2195P   4007
406,1,26HCanal - top plate bar v2:2;                                2197P   4008
406,1,20HCanal - ressort v4:2;                                      2199P   4009
406,1,18HCanal - base v21:1;                                        2201P   4010
406,1,23HCanal - top plate v12:1;                                   2203P   4011
406,1,26HCanal - Middle plate v10:1;                                2205P   4012
406,1,26Helectrodes_to_bioamp_PCB:1;                                2207P   4013
406,1,25Helectrodes_to_bioamp v1:1;                                 2209P   4014
314,62.7450980392157,62.7450980392157,62.7450980392157,13HSteel     2211P   4015
- Satin;                                                            2211P   4016
314,31.3725490196078,48.6274509803922,41.1764705882353,18HOpaque    2213P   4017
(80,124,105);                                                       2213P   4018
S      1G      3D   2214P   4018                                        T      1
